tier,dropped_layer,dropped_name,dropped_city,dropped_state,dropped_address,winner_layer,winner_name,reason,archived_at
T3-cross,Grain Elevators,Perdue AgriBusiness - Lumberton Grain Elevator,Lumberton,North Carolina,1801 Godwin Ave,FSS Grain,"Perdue Agribusiness Grain, Llc",Cross-layer same-address (prio 3 FSS Grain beats prio 4 Grain Elevators),2026-05-13T08:33:19.535206+00:00
T3-cross,Grain Elevators,Agwrx Cooperative,Watertown,South Dakota,811 Burlington Northern Dr,FSS Grain,Agwrx Cooperative,Cross-layer same-address (prio 3 FSS Grain beats prio 4 Grain Elevators),2026-05-13T08:33:19.535206+00:00
T3-cross,Grain Elevators,Southern Rice & Cotton LLC,Harrisburg,Arkansas,408 Cole St,FSS Grain,"Southern Rice & Cotton, Llc",Cross-layer same-address (prio 3 FSS Grain beats prio 4 Grain Elevators),2026-05-13T08:33:19.535206+00:00
T3-cross,Grain Elevators,Farmers Grain Terminal Inc,Greenville,Mississippi,1977 Harbor Front Rd,FSS Grain,"Farmers Grain Terminal, Inc.",Cross-layer same-address (prio 3 FSS Grain beats prio 4 Grain Elevators),2026-05-13T08:33:19.535206+00:00
T3-cross,Grain Elevators,Star of the West,Quincy,Michigan,14 Church St,FSS Grain,Star Of The West Milling Co.,Cross-layer same-address (prio 3 FSS Grain beats prio 4 Grain Elevators),2026-05-13T08:33:19.535206+00:00
T3-cross,Grain Elevators,Riceland Foods Inc,Corning,Arkansas,111 Wooten St,FSS Grain,"Riceland Foods, Inc.",Cross-layer same-address (prio 3 FSS Grain beats prio 4 Grain Elevators),2026-05-13T08:33:19.535206+00:00
T3-cross,Grain Elevators,Tyson Foods Local Grain Services - Kenton,Kenton,Tennessee,201 E Church St,FSS Grain,Tyson Foods Local Grain Services,Cross-layer same-address (prio 3 FSS Grain beats prio 4 Grain Elevators),2026-05-13T08:33:19.535206+00:00
T3-cross,Grain Elevators,United Cooperative,Horicon,Wisconsin,101 Clinton St,FSS Grain,United Cooperative,Cross-layer same-address (prio 3 FSS Grain beats prio 4 Grain Elevators),2026-05-13T08:33:19.535206+00:00
T3-cross,Grain Elevators,Perdue AgriBusiness - Greenville Grain Elevator,Greenville,North Carolina,1623 N Greene St,FSS Grain,"Perdue Agribusiness Grain, Llc",Cross-layer same-address (prio 3 FSS Grain beats prio 4 Grain Elevators),2026-05-13T08:33:19.535206+00:00
T3-cross,Grain Elevators,Perdue AgriBusiness - Kilmarnock Grain Elevator,Kilmarnock,Virginia,1671 Waverly Ave,FSS Grain,"Perdue Agribusiness Grain, Llc",Cross-layer same-address (prio 3 FSS Grain beats prio 4 Grain Elevators),2026-05-13T08:33:19.535206+00:00
T3-cross,Grain Elevators,Consolidated Grain and Barge Co.,Connersville,Indiana,306 E 10th St,FSS Grain,Consolidated Grain & Barge Co.,Cross-layer same-address (prio 3 FSS Grain beats prio 4 Grain Elevators),2026-05-13T08:33:19.535206+00:00
T3-cross,Grain Elevators,Pride AG Resources,Cimarron,Kansas,19502 US Hwy. 56,FSS Grain,Pride Ag Resources,Cross-layer same-address (prio 3 FSS Grain beats prio 4 Grain Elevators),2026-05-13T08:33:19.535206+00:00
T3-cross,Grain Elevators,Cooperative Elevator Co.,Elkton,Michigan,4245 Pigeon Rd,FSS Grain,Cooperative Elevator Co.,Cross-layer same-address (prio 3 FSS Grain beats prio 4 Grain Elevators),2026-05-13T08:33:19.535206+00:00
T3-cross,Grain Elevators,Riceland Foods Inc,Newport,Arkansas,200 Plum St,FSS Grain,"Riceland Foods, Inc.",Cross-layer same-address (prio 3 FSS Grain beats prio 4 Grain Elevators),2026-05-13T08:33:19.535206+00:00
T3-cross,Grain Elevators,United Cooperative,Boscobel,Wisconsin,6250 Borden Rd,FSS Grain,United Cooperative,Cross-layer same-address (prio 3 FSS Grain beats prio 4 Grain Elevators),2026-05-13T08:33:19.535206+00:00
T3-cross,Grain Elevators,Producers Rice Mill Inc,Eudora,Arkansas,340 S Main St,FSS Grain,"Producers Rice Mill, Inc.",Cross-layer same-address (prio 3 FSS Grain beats prio 4 Grain Elevators),2026-05-13T08:33:19.535206+00:00
T3-cross,Grain Elevators,Frontier Cooperative Co,Schuyler,Nebraska,840 W 13th St,FSS Grain,Frontier Cooperative Co.,Cross-layer same-address (prio 3 FSS Grain beats prio 4 Grain Elevators),2026-05-13T08:33:19.535206+00:00
T3-cross,Grain Elevators,Howlett Farms - Lakeville Facility,Livonia,New York,3142 Bronson Hill Rd,FSS Grain,Howlett Farms,Cross-layer same-address (prio 3 FSS Grain beats prio 4 Grain Elevators),2026-05-13T08:33:19.535206+00:00
T3-cross,Grain Elevators,Perdue AgriBusiness - Lakeville Grain Elevator,Livonia,New York,3142 Bronson Hill Rd,FSS Grain,Howlett Farms,Cross-layer same-address (prio 3 FSS Grain beats prio 4 Grain Elevators),2026-05-13T08:33:19.535206+00:00
T3-cross,Grain Elevators,Cotton Center Grain Co,Cotton Center,Texas,2314 FM 179,Nutrien Retail,Cotton Center,Cross-layer same-address (prio 1 Nutrien Retail beats prio 4 Grain Elevators),2026-05-13T08:33:19.535206+00:00
T3-cross,Grain Elevators,Busch Agricultural Resources,West Fargo,North Dakota,1002 Main Ave W,FSS Grain,"Busch Agricultural Resources, Llc",Cross-layer same-address (prio 3 FSS Grain beats prio 4 Grain Elevators),2026-05-13T08:33:19.535206+00:00
T3-cross,Grain Elevators,United Cooperative,Ripon,Wisconsin,713 Stanton St,FSS Grain,United Cooperative,Cross-layer same-address (prio 3 FSS Grain beats prio 4 Grain Elevators),2026-05-13T08:33:19.535206+00:00
T3-cross,Grain Elevators,AgState,Emmetsburg,Iowa,1800 11th St,FSS Grain,Agstate,Cross-layer same-address (prio 3 FSS Grain beats prio 4 Grain Elevators),2026-05-13T08:33:19.535206+00:00
T1-intra,FSS Grain,Ursa Farmers Coop,Warsaw,Illinois,2625 E. 30th St.,FSS Grain,Ursa Farmers Coop,"Same layer (FSS Grain), similar name, same address — kept most-complete",2026-05-13T08:33:19.535206+00:00
T3-cross,Grain Elevators,"The Andersons, Inc.",Delhi,Louisiana,200 Hydro Way,FSS Grain,"The Andersons, Inc.",Cross-layer same-address (prio 3 FSS Grain beats prio 4 Grain Elevators),2026-05-13T08:33:19.535206+00:00
T3-cross,Grain Elevators,Wheeler Bros Grain Co Inc,Watonga,Oklahoma,501 Russworm Dr,FSS Grain,"Wheeler Brothers Grain Co., Inc.",Cross-layer same-address (prio 3 FSS Grain beats prio 4 Grain Elevators),2026-05-13T08:33:19.535206+00:00
T3-cross,Grain Elevators,Alliance Grain Co,Chatsworth,Illinois,33573 E 1300 N Rd,FSS Grain,Alliance Grain Co.,Cross-layer same-address (prio 3 FSS Grain beats prio 4 Grain Elevators),2026-05-13T08:33:19.535206+00:00
T3-cross,Grain Elevators,"Jeffersonville Grain, a Division of Mennel",Jeffersonville,Ohio,12574 State Rte 41,FSS Grain,Mennel Grain – Jeffersonville,Cross-layer same-address (prio 3 FSS Grain beats prio 4 Grain Elevators),2026-05-13T08:33:19.535206+00:00
T3-cross,Grain Elevators,Consolidated Grain & Barge Co.,Homer,Illinois,402 E Coffeen St,FSS Grain,Consolidated Grain & Barge Co.,Cross-layer same-address (prio 3 FSS Grain beats prio 4 Grain Elevators),2026-05-13T08:33:19.535206+00:00
T3-cross,Grain Elevators,Farmers Cooperative Elevator,Wellington,Kansas,9011 N A St,FSS Grain,Farmers Cooperative Elevator,Cross-layer same-address (prio 3 FSS Grain beats prio 4 Grain Elevators),2026-05-13T08:33:19.535206+00:00
T3-cross,Grain Elevators,Conslidated Grain & Barge Co.,Rosedale,Mississippi,271 David Work Dr,FSS Grain,Consolidated Grain & Barge Co.,Cross-layer same-address (prio 3 FSS Grain beats prio 4 Grain Elevators),2026-05-13T08:33:19.535206+00:00
T3-cross,Grain Elevators,Consolidated Grain and Barge Co.,Dwight,Illinois,31051 E 3200 N Rd,FSS Grain,Consolidated Grain & Barge Co.,Cross-layer same-address (prio 3 FSS Grain beats prio 4 Grain Elevators),2026-05-13T08:33:19.535206+00:00
T3-cross,Grain Elevators,Columbia Grain,Pomeroy,Washington,291 Central Ferry Rd,FSS Grain,"Columbia Grain International, Llc",Cross-layer same-address (prio 3 FSS Grain beats prio 4 Grain Elevators),2026-05-13T08:33:19.535206+00:00
T3-cross,Grain Elevators,Perdue AgriBusiness - Parksley Grain Elevator,Parksley,Virginia,19125 Greenbush Rd,FSS Grain,"Perdue Agribusiness Grain, Llc",Cross-layer same-address (prio 3 FSS Grain beats prio 4 Grain Elevators),2026-05-13T08:33:19.535206+00:00
T3-cross,Grain Elevators,Columbia Grain & Ingredients,Lake City,Florida,3830 NW Brown Rd,FSS Grain,"Columbia Grain & Ingredients, Inc.",Cross-layer same-address (prio 3 FSS Grain beats prio 4 Grain Elevators),2026-05-13T08:33:19.535206+00:00
T3-cross,Feed Manufacturers,Allied Cooperative | Feed Mill,West Salem,Wisconsin,165 Mill St S,Grain Elevators,Allied Cooperative,Cross-layer same-address (prio 4 Grain Elevators beats prio 6 Feed Manufacturers),2026-05-13T08:33:19.535206+00:00
T3-cross,Grain Elevators,Skyland Grain Capps Switch,Sunray,Texas,8027 Cemetery Rd,Skyland Grain,Capps Switch,Cross-layer same-address (prio 1 Skyland Grain beats prio 4 Grain Elevators),2026-05-13T08:33:19.535206+00:00
T3-cross,Grain Elevators,Perdue Agribusiness,Seaford,Delaware,300 New St,FSS Grain,"Perdue Agribusiness Grain, Llc",Cross-layer same-address (prio 3 FSS Grain beats prio 4 Grain Elevators),2026-05-13T08:33:19.535206+00:00
T1-intra,FSS Specialty Mills,"Highland Milling, Llc",Bancroft,Idaho,161 2nd St N,FSS Specialty Mills,"Highland Milling, Llc","Same layer (FSS Specialty Mills), similar name, same address — kept most-complete",2026-05-13T08:33:19.535206+00:00
T1-intra,FSS Specialty Mills,"Highland Milling, Llc",Bancroft,Idaho,161 2nd St N,FSS Specialty Mills,"Highland Milling, Llc","Same layer (FSS Specialty Mills), similar name, same address — kept most-complete",2026-05-13T08:33:19.535206+00:00
T1-intra,FSS Specialty Mills,"Highland Milling, Llc",Bancroft,Idaho,161 2nd St N,FSS Specialty Mills,"Highland Milling, Llc","Same layer (FSS Specialty Mills), similar name, same address — kept most-complete",2026-05-13T08:33:19.535206+00:00
T1-intra,FSS Specialty Mills,"Highland Milling, Llc",Bancroft,Idaho,161 2nd St N,FSS Specialty Mills,"Highland Milling, Llc","Same layer (FSS Specialty Mills), similar name, same address — kept most-complete",2026-05-13T08:33:19.535206+00:00
T1-intra,FSS Specialty Mills,"Highland Milling, Llc",Bancroft,Idaho,161 2nd St N,FSS Specialty Mills,"Highland Milling, Llc","Same layer (FSS Specialty Mills), similar name, same address — kept most-complete",2026-05-13T08:33:19.535206+00:00
T3-cross,Grain Elevators,Highland Milling LLC,Bancroft,Idaho,161 2nd St N,FSS Specialty Mills,"Highland Milling, Llc",Cross-layer same-address (prio 3 FSS Specialty Mills beats prio 4 Grain Elevators),2026-05-13T08:33:19.535206+00:00
T3-cross,Grain Elevators,The Andersons,Anselmo,Nebraska,81244 Rd 429,FSS Grain,"The Andersons, Inc.",Cross-layer same-address (prio 3 FSS Grain beats prio 4 Grain Elevators),2026-05-13T08:33:19.535206+00:00
T3-cross,Grain Elevators,Pride Ag Resources,Ensign,Kansas,706 Bent St,FSS Grain,Pride Ag Resources,Cross-layer same-address (prio 3 FSS Grain beats prio 4 Grain Elevators),2026-05-13T08:33:19.535206+00:00
T3-cross,Grain Elevators,Farmers Cooperative,Exeter,Nebraska,134 S Burlington Ave,FSS Grain,Farmers Cooperative,Cross-layer same-address (prio 3 FSS Grain beats prio 4 Grain Elevators),2026-05-13T08:33:19.535206+00:00
T3-cross,Grain Elevators,Pride AG Resources,Ford,Kansas,1001 Prairie St,FSS Grain,Pride Ag Resources,Cross-layer same-address (prio 3 FSS Grain beats prio 4 Grain Elevators),2026-05-13T08:33:19.535206+00:00
T3-cross,Grain Elevators,Consolidated Grain and Barge Co,Owensboro,Kentucky,3150 Rinaldo Rd,FSS Grain,Consolidated Grain & Barge Co.,Cross-layer same-address (prio 3 FSS Grain beats prio 4 Grain Elevators),2026-05-13T08:33:19.535206+00:00
T3-cross,Grain Elevators,Premier Cooperative Inc,Dewey,Illinois,1 Main St,FSS Grain,"Premier Cooperative, Inc.",Cross-layer same-address (prio 3 FSS Grain beats prio 4 Grain Elevators),2026-05-13T08:33:19.535206+00:00
T3-cross,Grain Elevators,Hopkinsville Elevator Co,Hopkinsville,Kentucky,4895 Pembroke Rd,FSS Grain,"Hopkinsville Elevator Co., Inc.",Cross-layer same-address (prio 3 FSS Grain beats prio 4 Grain Elevators),2026-05-13T08:33:19.535206+00:00
T3-cross,Grain Elevators,Attebury Grain LLC,Saginaw,Texas,624 Burlington Rd,FSS Grain,"Attebury Grain, Inc.",Cross-layer same-address (prio 3 FSS Grain beats prio 4 Grain Elevators),2026-05-13T08:33:19.535206+00:00
T3-cross,Grain Elevators,Attebury Grain,Lubbock,Texas,2500 E 37th St,FSS Grain,"Attebury Grain, Inc.",Cross-layer same-address (prio 3 FSS Grain beats prio 4 Grain Elevators),2026-05-13T08:33:19.535206+00:00
T3-cross,Grain Elevators,"Kokomo Grain Co., Inc.",Edinburgh,Indiana,6672 E 650 S,FSS Grain,"Kokomo Grain Co., Inc.",Cross-layer same-address (prio 3 FSS Grain beats prio 4 Grain Elevators),2026-05-13T08:33:19.535206+00:00
T3-cross,Grain Elevators,Consolidated Grain & Barge Co.,Dyersburg,Tennessee,4344 Everett Lake Rd,FSS Grain,Consolidated Grain & Barge Co.,Cross-layer same-address (prio 3 FSS Grain beats prio 4 Grain Elevators),2026-05-13T08:33:19.535206+00:00
T3-cross,Grain Elevators,Consolidated Grain and Barge Co.,Aurora,Indiana,210 George St,FSS Grain,Consolidated Grain & Barge Co.,Cross-layer same-address (prio 3 FSS Grain beats prio 4 Grain Elevators),2026-05-13T08:33:19.535206+00:00
T3-cross,Grain Elevators,Consolidated Grain & Barge Co.,Hull,Illinois,32211 102nd St,FSS Grain,Consolidated Grain & Barge Co.,Cross-layer same-address (prio 3 FSS Grain beats prio 4 Grain Elevators),2026-05-13T08:33:19.535206+00:00
T3-cross,Grain Elevators,Commerce City Grain #2,Denver,Colorado,1451 Cargill Dr,FSS Grain,"Commerce City Grain, Llc",Cross-layer same-address (prio 3 FSS Grain beats prio 4 Grain Elevators),2026-05-13T08:33:19.535206+00:00
T3-cross,Grain Elevators,Farmers Cooperative,Lincoln,Nebraska,940 Calvert St,FSS Grain,Farmers Cooperative,Cross-layer same-address (prio 3 FSS Grain beats prio 4 Grain Elevators),2026-05-13T08:33:19.535206+00:00
T1-intra,FSS Grain,"Bartlett Grain Company, Lp",Council Bluffs,Iowa,400 29th Ave.,FSS Grain,"Bartlett Grain Company, Lp","Same layer (FSS Grain), similar name, same address — kept most-complete",2026-05-13T08:33:19.535206+00:00
T3-cross,Grain Elevators,Consolidated Grain and Barge Co. (CGB),Burlington,Iowa,1477 Meekers Landing Rd,FSS Grain,Consolidated Grain & Barge Co.,Cross-layer same-address (prio 3 FSS Grain beats prio 4 Grain Elevators),2026-05-13T08:33:19.535206+00:00
T3-cross,Grain Elevators,THE ANDERSONS INC,Riverdale,Nebraska,313 Railroad St,FSS Grain,"The Andersons, Inc.",Cross-layer same-address (prio 3 FSS Grain beats prio 4 Grain Elevators),2026-05-13T08:33:19.535206+00:00
T3-cross,Grain Elevators,Perdue AgriBusiness - Pantego Grain Elevator,Pantego,North Carolina,1461 Swindell Rd,FSS Grain,"Perdue Agribusiness Grain, Llc",Cross-layer same-address (prio 3 FSS Grain beats prio 4 Grain Elevators),2026-05-13T08:33:19.535206+00:00
T3-cross,Grain Elevators,Perdue AgriBusiness - Bishop Grain Elevator,Bishopville,Maryland,9924 Bishop Rd,FSS Grain,"Perdue Agribusiness Grain, Llc",Cross-layer same-address (prio 3 FSS Grain beats prio 4 Grain Elevators),2026-05-13T08:33:19.535206+00:00
T3-cross,Grain Elevators,"The Andersons, Inc.",Toledo,Ohio,801 S Reynolds Rd,FSS Grain,"The Andersons, Inc.",Cross-layer same-address (prio 3 FSS Grain beats prio 4 Grain Elevators),2026-05-13T08:33:19.535206+00:00
T3-cross,Grain Elevators,Consolidated Grain and Barge Co.,East Prairie,Missouri,20314 MO-77,FSS Grain,Consolidated Grain &Barge Co.,Cross-layer same-address (prio 3 FSS Grain beats prio 4 Grain Elevators),2026-05-13T08:33:19.535206+00:00
T3-cross,Grain Elevators,Consolidated Grain and Barge Co.,Cincinnati,Ohio,3164 Southside Ave,FSS Grain,Consolidated Grain & Barge Co.,Cross-layer same-address (prio 3 FSS Grain beats prio 4 Grain Elevators),2026-05-13T08:33:19.535206+00:00
T3-cross,Grain Elevators,United Grain Corporation,Vancouver,Washington,1905 NW Harborside Dr,FSS Grain,United Grain Corp.,Cross-layer same-address (prio 3 FSS Grain beats prio 4 Grain Elevators),2026-05-13T08:33:19.535206+00:00
T3-cross,Grain Elevators,Cargill,Lima,Ohio,1545 N Cable Rd,FSS Grain,"Cargill, Incorporated",Cross-layer same-address (prio 3 FSS Grain beats prio 4 Grain Elevators),2026-05-13T08:33:19.535206+00:00
T1-intra,FSS Grain,Hansen-Mueller Co.,Sioux City,Iowa,1321 Lewis Blvd.,FSS Grain,Hansen-Mueller Co.,"Same layer (FSS Grain), similar name, same address — kept most-complete",2026-05-13T08:33:19.535206+00:00
T3-cross,Grain Elevators,Hansen Mueller Co.,Sioux City,Iowa,1321 Lewis Blvd,FSS Grain,Hansen-Mueller Co.,Cross-layer same-address (prio 3 FSS Grain beats prio 4 Grain Elevators),2026-05-13T08:33:19.535206+00:00
T3-cross,Grain Elevators,The Andersons,Galena Park,Texas,1500 S Main St,FSS Grain,"The Andersons, Inc.",Cross-layer same-address (prio 3 FSS Grain beats prio 4 Grain Elevators),2026-05-13T08:33:19.535206+00:00
T3-cross,Grain Elevators,Consolidate Grain & Barge Co.,Mayersville,Mississippi,1500 River Grain Rd,FSS Grain,Consolidated Grain & Barge Co.,Cross-layer same-address (prio 3 FSS Grain beats prio 4 Grain Elevators),2026-05-13T08:33:19.535206+00:00
T3-cross,Grain Elevators,ADM Milling & Elevator Co,Lincoln,Nebraska,540 South St,FSS Grain,Adm Milling Co.,Cross-layer same-address (prio 3 FSS Grain beats prio 4 Grain Elevators),2026-05-13T08:33:19.535206+00:00
T3-cross,Grain Elevators,Fairview Mills - Topeka,Topeka,Kansas,2300 NW Menoken Rd,FSS Grain,Fairview Mills,Cross-layer same-address (prio 3 FSS Grain beats prio 4 Grain Elevators),2026-05-13T08:33:19.535206+00:00
T3-cross,Grain Elevators,Producers Rice Mill Inc,DeWitt,Arkansas,3156 AR-276,FSS Grain,"Producers Rice Mill, Inc.",Cross-layer same-address (prio 3 FSS Grain beats prio 4 Grain Elevators),2026-05-13T08:33:19.535206+00:00
T3-cross,Grain Elevators,Consolidated Grain and Barge Co.,Helena,Arkansas,101 Arkansas St,FSS Grain,Consolidated Grain & Barge Co.,Cross-layer same-address (prio 3 FSS Grain beats prio 4 Grain Elevators),2026-05-13T08:33:19.535206+00:00
T3-cross,Grain Elevators,Producers Rice Mill Inc,Tyronza,Arkansas,2790 Old Hwy 63,FSS Grain,"Producers Rice Mill, Inc.",Cross-layer same-address (prio 3 FSS Grain beats prio 4 Grain Elevators),2026-05-13T08:33:19.535206+00:00
T3-cross,Grain Elevators,Riceland Foods Inc,Knobel,Arkansas,755 Main St,FSS Grain,"Riceland Foods, Inc.",Cross-layer same-address (prio 3 FSS Grain beats prio 4 Grain Elevators),2026-05-13T08:33:19.535206+00:00
T3-cross,Grain Elevators,Consolidated Grain and Barge Co. (CGB),Vicksburg,Mississippi,1716 Levee St,FSS Grain,Consolidated Grain & Barge Co.,Cross-layer same-address (prio 3 FSS Grain beats prio 4 Grain Elevators),2026-05-13T08:33:19.535206+00:00
T3-cross,Grain Elevators,The Andersons (Greenleaf),Greenleaf,Idaho,20888 Van Slyke Rd,FSS Grain,"The Andersons, Inc.",Cross-layer same-address (prio 3 FSS Grain beats prio 4 Grain Elevators),2026-05-13T08:33:19.535206+00:00
T3-cross,Grain Elevators,Heartland Co-op,Dexter,Iowa,622 Marshall St,FSS Grain,Heartland Co-Op,Cross-layer same-address (prio 3 FSS Grain beats prio 4 Grain Elevators),2026-05-13T08:33:19.535206+00:00
T3-cross,Grain Elevators,Temco,Portland,Oregon,800 N River St,FSS Grain,Temco,Cross-layer same-address (prio 3 FSS Grain beats prio 4 Grain Elevators),2026-05-13T08:33:19.535206+00:00
T3-cross,Grain Elevators,Atterbury Grain Inc,Lubbock,Texas,2013 N Ave N,FSS Grain,"Attebury Grain, Inc.",Cross-layer same-address (prio 3 FSS Grain beats prio 4 Grain Elevators),2026-05-13T08:33:19.535206+00:00
T3-cross,Grain Elevators,Consolidated Grain & Barge Co.,Greenville,Mississippi,992 River Grain Rd,FSS Grain,Consolidated Grain & Barge Co.,Cross-layer same-address (prio 3 FSS Grain beats prio 4 Grain Elevators),2026-05-13T08:33:19.535206+00:00
T3-cross,Grain Elevators,Consolidated Grain & Barge Co.,Arkansas City,Arkansas,2724 Bunge Rd,FSS Grain,Consolidated Grain & Barge Co.,Cross-layer same-address (prio 3 FSS Grain beats prio 4 Grain Elevators),2026-05-13T08:33:19.535206+00:00
T3-cross,Grain Elevators,United Cooperative,Rock Springs,Wisconsin,399 Railroad St,FSS Grain,United Cooperative,Cross-layer same-address (prio 3 FSS Grain beats prio 4 Grain Elevators),2026-05-13T08:33:19.535206+00:00
T3-cross,Grain Elevators,"Kokomo Grain Co., Inc.",Kokomo,Indiana,1002 W Morgan St,FSS Grain,"Kokomo Grain Co., Inc.",Cross-layer same-address (prio 3 FSS Grain beats prio 4 Grain Elevators),2026-05-13T08:33:19.535206+00:00
T3-cross,Grain Elevators,West Plains LLC,Brownsville,Texas,9155 RL Ostos Rd,FSS Grain,"West Plains, Llc",Cross-layer same-address (prio 3 FSS Grain beats prio 4 Grain Elevators),2026-05-13T08:33:19.535206+00:00
T3-cross,Grain Elevators,Port Elevator-Brownsville Lc,Brownsville,Texas,9155 RL Ostos Rd,FSS Grain,"West Plains, Llc",Cross-layer same-address (prio 3 FSS Grain beats prio 4 Grain Elevators),2026-05-13T08:33:19.535206+00:00
T3-cross,Grain Elevators,Viterra Grain,Rockwood,Illinois,2130 Little Levee Rd,FSS Grain,"Viterra Usa Grain, Llc",Cross-layer same-address (prio 3 FSS Grain beats prio 4 Grain Elevators),2026-05-13T08:33:19.535206+00:00
T3-cross,Grain Elevators,Consolidated Grain & Barge Co. (CGB),Grand Tower,Illinois,2239 Power Plant Rd,FSS Grain,Consolidated Grain & Barge Co.,Cross-layer same-address (prio 3 FSS Grain beats prio 4 Grain Elevators),2026-05-13T08:33:19.535206+00:00
T3-cross,Grain Elevators,Frontier Cooperative Co,Silver Creek,Nebraska,3221 35th Rd,FSS Grain,Frontier Cooperative Co.,Cross-layer same-address (prio 3 FSS Grain beats prio 4 Grain Elevators),2026-05-13T08:33:19.535206+00:00
T3-cross,Grain Elevators,Heartland Co-Op,Wever,Iowa,2136 Green Bay Rd,FSS Grain,Heartland Co-Op,Cross-layer same-address (prio 3 FSS Grain beats prio 4 Grain Elevators),2026-05-13T08:33:19.535206+00:00
T3-cross,Grain Elevators,Corpus Christi Grain Co.,Corpus Christi,Texas,100 Talbert Ln,FSS Grain,Corpus Christi Grain Co.,Cross-layer same-address (prio 3 FSS Grain beats prio 4 Grain Elevators),2026-05-13T08:33:19.535206+00:00
T3-cross,Grain Elevators,Mennco Grain-Wharton,Wharton,Ohio,110 Railroad St,FSS Grain,Mennel Grain – Wharton,Cross-layer same-address (prio 3 FSS Grain beats prio 4 Grain Elevators),2026-05-13T08:33:19.535206+00:00
T3-cross,Grain Elevators,Premier Cooperative Inc,Mansfield,Illinois,1008 Cass St,FSS Grain,"Premier Cooperative, Inc.",Cross-layer same-address (prio 3 FSS Grain beats prio 4 Grain Elevators),2026-05-13T08:33:19.535206+00:00
T3-cross,Grain Elevators,Lewis Clark Terminal Inc,Lewiston,Idaho,1534 3rd Ave N,CHS Grain,Lewiston – Lewis Clark Terminal,Cross-layer same-address (prio 1 CHS Grain beats prio 4 Grain Elevators),2026-05-13T08:33:19.535206+00:00
T3-cross,Grain Elevators,Horse Heaven Grain LLC,Roosevelt,Washington,60 Railroad Ave,FSS Grain,"Horse Heaven Grain, Llc",Cross-layer same-address (prio 3 FSS Grain beats prio 4 Grain Elevators),2026-05-13T08:33:19.535206+00:00
T3-cross,Grain Elevators,Assumption Cooperative Grain Co,Palmer,Illinois,1011 Railroad St,FSS Grain,Assumption Co-Op Grain Co.,Cross-layer same-address (prio 3 FSS Grain beats prio 4 Grain Elevators),2026-05-13T08:33:19.535206+00:00
T3-cross,Grain Elevators,Columbia Grain,Crystal,North Dakota,8214 138th Ave NE,FSS Grain,"Columbia Grain International,",Cross-layer same-address (prio 3 FSS Grain beats prio 4 Grain Elevators),2026-05-13T08:33:19.535206+00:00
T3-cross,Grain Elevators,Consolidated Grain & Barge Co.,Jennings,Louisiana,485 Beroid St,FSS Grain,Consolidated Grain & Barge Co.,Cross-layer same-address (prio 3 FSS Grain beats prio 4 Grain Elevators),2026-05-13T08:33:19.535206+00:00
T3-cross,Grain Elevators,Windriver Grain,Garden City,Kansas,2810 E US Hwy 50,FSS Grain,"Windriver Grain, Llc",Cross-layer same-address (prio 3 FSS Grain beats prio 4 Grain Elevators),2026-05-13T08:33:19.535206+00:00
T3-cross,Grain Elevators,NEW Cooperative Inc,Moorland,Iowa,1208 Main St,FSS Grain,"New Cooperative, Inc.",Cross-layer same-address (prio 3 FSS Grain beats prio 4 Grain Elevators),2026-05-13T08:33:19.535206+00:00
T3-cross,Grain Elevators,Consolidate Grain and Barge Co.,Friars Point,Mississippi,1500 Port Rd,FSS Grain,Consolidated Grain & Barge Co.,Cross-layer same-address (prio 3 FSS Grain beats prio 4 Grain Elevators),2026-05-13T08:33:19.535206+00:00
T3-cross,Grain Elevators,Columbia Grain,Fairview,Montana,13261 County Rd 354,FSS Grain,"Columbia Grain International, Llc",Cross-layer same-address (prio 3 FSS Grain beats prio 4 Grain Elevators),2026-05-13T08:33:19.535206+00:00
T3-cross,Grain Elevators,Consolidated Grain and Barge Co.,Freeport,Illinois,300 S Hancock Ave,FSS Grain,Consolidated Grain & Barge Co.,Cross-layer same-address (prio 3 FSS Grain beats prio 4 Grain Elevators),2026-05-13T08:33:19.535206+00:00
T3-cross,Grain Elevators,Adm Milling Co,Beech Grove,Indiana,854 Bethel Ave,FSS Flour Mills,Adm Milling Co.,Cross-layer same-address (prio 3 FSS Flour Mills beats prio 4 Grain Elevators),2026-05-13T08:33:19.535206+00:00
T3-cross,Grain Elevators,Assumption Co-Op Grain Co,Assumption,Illinois,104 W North St,FSS Grain,Assumption Co-Op Grain Co.,Cross-layer same-address (prio 3 FSS Grain beats prio 4 Grain Elevators),2026-05-13T08:33:19.535206+00:00
T3-cross,Grain Elevators,Perdue AgriBusiness - Exmore Grain Elevator,Exmore,Virginia,11430 Oakland Dr,FSS Grain,"Perdue Agribusiness Grain, Llc",Cross-layer same-address (prio 3 FSS Grain beats prio 4 Grain Elevators),2026-05-13T08:33:19.535206+00:00
T3-cross,Grain Elevators,Perdue AgriBusiness - Roberts Grain Elevator,Church Hill,Maryland,133 Brierleys Mill Rd,FSS Grain,"Perdue Agribusiness Grain, Llc",Cross-layer same-address (prio 3 FSS Grain beats prio 4 Grain Elevators),2026-05-13T08:33:19.535206+00:00
T3-cross,Grain Elevators,Savage Riverport LLC,Savage,Minnesota,12100 Yosemite Ave,FSS Grain,Savage Riverport,Cross-layer same-address (prio 3 FSS Grain beats prio 4 Grain Elevators),2026-05-13T08:33:19.535206+00:00
T3-cross,Grain Elevators,Perdue AgriBusiness - Tappahannock Grain Elevator,Tappahannock,Virginia,1000 Granary Rd,FSS Grain,"Perdue Agribusiness Grain, Llc",Cross-layer same-address (prio 3 FSS Grain beats prio 4 Grain Elevators),2026-05-13T08:33:19.535206+00:00
T3-cross,Grain Elevators,Arizona Grain Inc,Casa Grande,Arizona,601 E Main Ave,FSS Grain,"Arizona Grain, Inc.",Cross-layer same-address (prio 3 FSS Grain beats prio 4 Grain Elevators),2026-05-13T08:33:19.535206+00:00
T3-cross,Grain Elevators,Perdue AgriBusiness - Linkwood Grain Elevator,Linkwood,Maryland,3827 Vincent Rd,FSS Grain,"Perdue Agribusiness Grain, Llc",Cross-layer same-address (prio 3 FSS Grain beats prio 4 Grain Elevators),2026-05-13T08:33:19.535206+00:00
T3-cross,Grain Elevators,Frontier Cooperative,Syracuse,Nebraska,3176 K Rd,FSS Grain,Frontier Cooperative Co.,Cross-layer same-address (prio 3 FSS Grain beats prio 4 Grain Elevators),2026-05-13T08:33:19.535206+00:00
T3-cross,Grain Elevators,Kalama Export Co LLC,Kalama,Washington,2211 N Hendrickson Dr,FSS Grain,"Kalama Export Company, Llc",Cross-layer same-address (prio 3 FSS Grain beats prio 4 Grain Elevators),2026-05-13T08:33:19.535206+00:00
T3-cross,Grain Elevators,PREMIER COOPERATIVE,Farmer City,Illinois,901 N Plum St,FSS Grain,"Premier Cooperative, Inc.",Cross-layer same-address (prio 3 FSS Grain beats prio 4 Grain Elevators),2026-05-13T08:33:19.535206+00:00
T3-cross,Grain Elevators,Hopkinsville Elevator Co,Hopkinsville,Kentucky,1040 Skyline Dr,FSS Grain,"Hopkinsville Elevator Co., Inc.",Cross-layer same-address (prio 3 FSS Grain beats prio 4 Grain Elevators),2026-05-13T08:33:19.535206+00:00
T3-cross,Grain Elevators,Perdue AgriBusiness - Marietta Grain Elevator,Marietta,Pennsylvania,1609 River Rd,FSS Grain,"Perdue Agribusiness Grain, Llc",Cross-layer same-address (prio 3 FSS Grain beats prio 4 Grain Elevators),2026-05-13T08:33:19.535206+00:00
T3-cross,Grain Elevators,Perdue AgriBusiness - Kinsale Grain Elevator,Kinsale,Virginia,82 Steamboat Landing,FSS Grain,"Perdue Agribusiness Grain, Llc",Cross-layer same-address (prio 3 FSS Grain beats prio 4 Grain Elevators),2026-05-13T08:33:19.535206+00:00
T3-cross,Grain Elevators,Tyson Foods Local Grain Services - Dyer,Dyer,Tennessee,347 S Main St,FSS Grain,Tyson Foods Local Grain Services,Cross-layer same-address (prio 3 FSS Grain beats prio 4 Grain Elevators),2026-05-13T08:33:19.535206+00:00
T3-cross,Grain Elevators,Star of the West Milling Co.,Churchville,New York,35 S Main St,FSS Grain,Star Of The West Milling Co.,Cross-layer same-address (prio 3 FSS Grain beats prio 4 Grain Elevators),2026-05-13T08:33:19.535206+00:00
T3-cross,Grain Elevators,Columbia Grain International,Oakes,North Dakota,10990 Arlen Lee Dr,FSS Grain,"Columbia Grain International, Llc",Cross-layer same-address (prio 3 FSS Grain beats prio 4 Grain Elevators),2026-05-13T08:33:19.535206+00:00
T3-cross,Feed Manufacturers,Ag Processing Aberdeen,Aberdeen,South Dakota,4815 8th Ave NE,FSS Specialty Mills,"Ag Processing, Inc.",Cross-layer same-address (prio 3 FSS Specialty Mills beats prio 6 Feed Manufacturers),2026-05-13T08:33:19.535206+00:00
T3-cross,Feed Manufacturers,"H.R. Wentzel Sons, Inc.",Landisburg,Pennsylvania,5521 Waggoners Gap Rd,FSS Specialty Mills,"H.R. Wentzel Sons, Inc.",Cross-layer same-address (prio 3 FSS Specialty Mills beats prio 6 Feed Manufacturers),2026-05-13T08:33:19.535206+00:00
T1-intra,Feed Stores,Tractor Supply Co.,Alden,New York,13059 Broadway,Feed Stores,Tractor Supply Co.,"Same layer (Feed Stores), similar name, same address — kept most-complete",2026-05-13T08:33:19.535206+00:00
T1-intra,Feed Stores,Atwoods,Nacogdoches,Texas,4001 North St,Feed Stores,Atwoods,"Same layer (Feed Stores), similar name, same address — kept most-complete",2026-05-13T08:33:19.535206+00:00
T1-intra,Feed Stores,Tractor Supply Co.,Mason City,Iowa,4985 4th St SW,Feed Stores,Tractor Supply Co.,"Same layer (Feed Stores), similar name, same address — kept most-complete",2026-05-13T08:33:19.535206+00:00
T1-intra,Feed Stores,Hometown Feed & Seed,Ider,Alabama,10835 AL-75,Feed Stores,Hometown Feed And Seed,"Same layer (Feed Stores), similar name, same address — kept most-complete",2026-05-13T08:33:19.535206+00:00
T1-intra,Feed Stores,Snake River Feed & Grain,Weiser,Idaho,401 W Commercial St,Feed Stores,"Snake River Feed & Grain, LLC","Same layer (Feed Stores), similar name, same address — kept most-complete",2026-05-13T08:33:19.535206+00:00
T1-intra,Pest Control,Prompt Action Bat & Pest Control,Altoona,Wisconsin,827 S Hillcrest Pkwy,Pest Control,Prompt Action Bat & Pest Control,"Same layer (Pest Control), similar name, same address — kept most-complete",2026-05-13T08:33:19.535206+00:00
T1-intra,Pest Control,Five Star Pest Control,Brooklyn,New York,1310 52nd St,Pest Control,Five Star Trapping & Pest Control,"Same layer (Pest Control), similar name, same address — kept most-complete",2026-05-13T08:33:19.535206+00:00
T1-intra,Pest Control,EnviroGuard Solutions Inc,Fredericksburg,Virginia,4536 Plank Rd Suite 100,Pest Control,EnviroGuard Solutions Inc.,"Same layer (Pest Control), similar name, same address — kept most-complete",2026-05-13T08:33:19.535206+00:00
T1-intra,Pest Control,HUB Pest Solutions,Kyle,Texas,1429 Woodlands Dr,Pest Control,HUB Pest Solutions,"Same layer (Pest Control), similar name, same address — kept most-complete",2026-05-13T08:33:19.535206+00:00
T1-intra,Pest Control,TP3 Pest Management,Ashland,Nebraska,1242 Clay St,Pest Control,TP3 Pest Management,"Same layer (Pest Control), similar name, same address — kept most-complete",2026-05-13T08:33:19.535206+00:00
T1-intra,Pest Control,East End Pest Management,Quogue,New York,61 Montauk Hwy,Pest Control,East End Pest Management Inc.,"Same layer (Pest Control), similar name, same address — kept most-complete",2026-05-13T08:33:19.535206+00:00
T1-intra,Pest Control,Eastern pest services,Norfolk,Virginia,1600 Sunset Dr,Pest Control,Eastern pest services llc,"Same layer (Pest Control), similar name, same address — kept most-complete",2026-05-13T08:33:19.535206+00:00
T1-intra,Pest Control,Terminix,Northbrook,Illinois,647 Academy Dr,Pest Control,Terminix,"Same layer (Pest Control), similar name, same address — kept most-complete",2026-05-13T08:33:19.535206+00:00
T1-intra,Pest Control,Charm City Pest Control Solutions LLC,Middle River,Maryland,3601 Edwards Ln,Pest Control,Charm City Pest Control Solutions L.L.C.,"Same layer (Pest Control), similar name, same address — kept most-complete",2026-05-13T08:33:19.535206+00:00
T1-intra,Pest Control,About Time Pest Control,Scottsdale,Arizona,28150 N Alma School Pkwy,Pest Control,About Time Pest & Weed Control,"Same layer (Pest Control), similar name, same address — kept most-complete",2026-05-13T08:33:19.535206+00:00
T1-intra,Pest Control,Nuisance Animal Removal LLC,Chardon,Ohio,12965 Mayfield Rd,Pest Control,Nuisance Animal Removal LLC,"Same layer (Pest Control), similar name, same address — kept most-complete",2026-05-13T08:33:19.535206+00:00
T1-intra,Pest Control,Baker's Entomology & Pesticide Service Inc,Midland,Texas,2405 W Indiana Ave,Pest Control,Baker's Entomology & Pesticide Service Inc.,"Same layer (Pest Control), similar name, same address — kept most-complete",2026-05-13T08:33:19.535206+00:00
T1-intra,Pest Control,Hemi Pest Control,Eagle,Idaho,393 W State St f,Pest Control,HEMI Pest Control,"Same layer (Pest Control), similar name, same address — kept most-complete",2026-05-13T08:33:19.535206+00:00
T1-intra,Pest Control,Rose Pest Solutions,Wintersville,Ohio,251 Airport Road,Pest Control,Rose Pest Solutions Steubenville,"Same layer (Pest Control), similar name, same address — kept most-complete",2026-05-13T08:33:19.535206+00:00
T1-intra,Pest Control,Presto-X Pest Control,Biloxi,Mississippi,14509 Stenum St,Pest Control,Presto-X Pest Control,"Same layer (Pest Control), similar name, same address — kept most-complete",2026-05-13T08:33:19.535206+00:00
T1-intra,Pest Control,Praying Mantis Termite & Pest,Prescott,Arizona,6392 Lear Ln,Pest Control,Praying Mantis Termite & Pest Control,"Same layer (Pest Control), similar name, same address — kept most-complete",2026-05-13T08:33:19.535206+00:00
T1-intra,Pest Control,Twin Termite & Pest Control,North Highlands,California,3720 Madison Ave #100,Pest Control,Twin Termite & Pest Control Auburn,"Same layer (Pest Control), similar name, same address — kept most-complete",2026-05-13T08:33:19.535206+00:00
T1-intra,Pest Control,Peak Pest Management,Catonsville,Maryland,428 Stratford Rd,Pest Control,peak pest management LLC,"Same layer (Pest Control), similar name, same address — kept most-complete",2026-05-13T08:33:19.535206+00:00
T1-intra,Pest Control,Becker Pest Control,Glenshaw,Pennsylvania,108 Iola St,Pest Control,Becker Pest Control Inc,"Same layer (Pest Control), similar name, same address — kept most-complete",2026-05-13T08:33:19.535206+00:00
T1-intra,Pest Control,Riverside Pest Control,Smithfield,Virginia,17210 Commerce Ln,Pest Control,Riverside Pest Control,"Same layer (Pest Control), similar name, same address — kept most-complete",2026-05-13T08:33:19.535206+00:00
T1-intra,Pest Control,Beacon Pest Services,Orlando,Florida,333 S Garland Ave Floor 13,Pest Control,"Beacon Pest Services, LLC","Same layer (Pest Control), similar name, same address — kept most-complete",2026-05-13T08:33:19.535206+00:00
T1-intra,Pest Control,Mosquito Joe of Southeast Charlotte,Fort Mill,South Carolina,2203 Deerfield Dr,Pest Control,Mosquito Joe of Southeast Charlotte,"Same layer (Pest Control), similar name, same address — kept most-complete",2026-05-13T08:33:19.535206+00:00
T1-intra,Pest Control,Mountain Pest Control Inc,Glenwood Springs,Colorado,3758 CO-82,Pest Control,Mountain Pest Control Inc. - Vail,"Same layer (Pest Control), similar name, same address — kept most-complete",2026-05-13T08:33:19.535206+00:00
T1-intra,Pest Control,Mountain Pest Control,Glenwood Springs,Colorado,3758 CO-82,Pest Control,Mountain Pest Control Inc. - Vail,"Same layer (Pest Control), similar name, same address — kept most-complete",2026-05-13T08:33:19.535206+00:00
T1-intra,Pest Control,Integrated Pest Services,Dumont,New Jersey,29 Wilkens Dr,Pest Control,Integrated Pest Services,"Same layer (Pest Control), similar name, same address — kept most-complete",2026-05-13T08:33:19.535206+00:00
T1-intra,Pest Control,Corky's Pest Control,San Marcos,California,150 Vallecitos De Oro,Pest Control,Corky's Pest Control,"Same layer (Pest Control), similar name, same address — kept most-complete",2026-05-13T08:33:19.535206+00:00
T1-intra,Pest Control,Leupitz Pest Control,Salem,Oregon,3760 Brooklake Rd NE,Pest Control,"Leupitz Pest Control, Inc.","Same layer (Pest Control), similar name, same address — kept most-complete",2026-05-13T08:33:19.535206+00:00
T1-intra,Pest Control,Killum Pest Control Scottsdale llc,Scottsdale,Arizona,10657 E Le Marche Dr,Pest Control,Killum Pest Control Scottsdale llc,"Same layer (Pest Control), similar name, same address — kept most-complete",2026-05-13T08:33:19.535206+00:00
T1-intra,Pest Control,Terminix-Wil-Kil,Sun Prairie,Wisconsin,2803 Capitol Dr #3,Pest Control,Terminix-Wil-Kil,"Same layer (Pest Control), similar name, same address — kept most-complete",2026-05-13T08:33:19.535206+00:00
T1-intra,Pest Control,ADRIAN HALE PEST CONTROL,Morristown,Tennessee,5476 St Paul Rd,Pest Control,Adrian Hale Pest Control,"Same layer (Pest Control), similar name, same address — kept most-complete",2026-05-13T08:33:19.535206+00:00
T1-intra,Pest Control,Terminix,Goodlettsville,Tennessee,803 Louisville Hwy,Pest Control,Terminix,"Same layer (Pest Control), similar name, same address — kept most-complete",2026-05-13T08:33:19.535206+00:00
T1-intra,Pest Control,"profishant, Inc",New Bedford,Massachusetts,2834 Acushnet Avenue,Pest Control,"profishant, Inc","Same layer (Pest Control), similar name, same address — kept most-complete",2026-05-13T08:33:19.535206+00:00
T1-intra,Pest Control,East Valley Termite,Livermore,California,2273 Fourth St,Pest Control,East Valley Termite COmpany,"Same layer (Pest Control), similar name, same address — kept most-complete",2026-05-13T08:33:19.535206+00:00
T1-intra,Pest Control,Turtleback Pest & Weed Control,Truth or Consequences,New Mexico,810 Ivy St,Pest Control,Turtleback Pest & Weed Control,"Same layer (Pest Control), similar name, same address — kept most-complete",2026-05-13T08:33:19.535206+00:00
T1-intra,Pest Control,Epling's Pest Control,Hayes,Virginia,3321 George Washington Memorial Hwy,Pest Control,Epling's Pest Control,"Same layer (Pest Control), similar name, same address — kept most-complete",2026-05-13T08:33:19.535206+00:00
T1-intra,Pest Control,Regal Exterminators,Nesconset,New York,200 Smithtown Blvd,Pest Control,Regal Exterminators,"Same layer (Pest Control), similar name, same address — kept most-complete",2026-05-13T08:33:19.535206+00:00
T1-intra,Pest Control,Boro Exterminating Co Inc,Glenolden,Pennsylvania,501 Sharp Ave,Pest Control,Boro Exterminating Co Inc,"Same layer (Pest Control), similar name, same address — kept most-complete",2026-05-13T08:33:19.535206+00:00
T1-intra,Pest Control,Edison Pest Control,Santa Clarita,California,22110 Pamplico Dr,Pest Control,Edison Pest Control,"Same layer (Pest Control), similar name, same address — kept most-complete",2026-05-13T08:33:19.535206+00:00
T1-intra,Pest Control,Stratton Termite & Roofing Solutions,Bellflower,California,9139 Rendalia St,Pest Control,Stratton Termite & Roofing Solutions,"Same layer (Pest Control), similar name, same address — kept most-complete",2026-05-13T08:33:19.535206+00:00
T1-intra,Pest Control,Ram Exterminators LLC,Oregon,Ohio,445 Earlwood Ave,Pest Control,Ram Exterminators LLC,"Same layer (Pest Control), similar name, same address — kept most-complete",2026-05-13T08:33:19.535206+00:00
T1-intra,Pest Control,Action Termite & Pest Control,Toms River,New Jersey,1913 Hooper Ave,Pest Control,Action Termite and Pest Control,"Same layer (Pest Control), similar name, same address — kept most-complete",2026-05-13T08:33:19.535206+00:00
T1-intra,Pest Control,Academy Pest Control,Colorado Springs,Colorado,2446 Gunnison St,Pest Control,Academy Pest Control,"Same layer (Pest Control), similar name, same address — kept most-complete",2026-05-13T08:33:19.535206+00:00
T1-intra,Pest Control,Die Hard Fumigation,Pomona,California,1213 W 2nd St,Pest Control,Die Hard Fumigation Inc,"Same layer (Pest Control), similar name, same address — kept most-complete",2026-05-13T08:33:19.535206+00:00
T1-intra,Pest Control,Bug House Pest Control,Milledgeville,Georgia,1511 N Columbia St,Pest Control,Bug House Pest Control - Milledgeville,"Same layer (Pest Control), similar name, same address — kept most-complete",2026-05-13T08:33:19.535206+00:00
T1-intra,Pest Control,"Bug Free Pest Control, LLC",Fort Wayne,Indiana,1923 Spy Run Ave,Pest Control,"Bug Free Pest Control, LLC","Same layer (Pest Control), similar name, same address — kept most-complete",2026-05-13T08:33:19.535206+00:00
T1-intra,Pest Control,Rooster's pest control,Peculiar,Missouri,735 Harr-Grove Rd,Pest Control,Rooster's Pest Control LLC,"Same layer (Pest Control), similar name, same address — kept most-complete",2026-05-13T08:33:19.535206+00:00
T1-intra,Pest Control,Gold Star Exterminators,Eagle Pass,Texas,2149 Del Rio Blvd Suite 107,Pest Control,Gold Star Exterminators,"Same layer (Pest Control), similar name, same address — kept most-complete",2026-05-13T08:33:19.535206+00:00
T1-intra,Pest Control,A-2-Z Termite & Pest Control,Ocala,Florida,2612 NE 24th St,Pest Control,A-2-Z Termite & Pest Control,"Same layer (Pest Control), similar name, same address — kept most-complete",2026-05-13T08:33:19.535206+00:00
T1-intra,Pest Control,Santa Barbara Pest Control,Santa Barbara,California,719 E Haley St,Pest Control,Santa Barbara Pest Control,"Same layer (Pest Control), similar name, same address — kept most-complete",2026-05-13T08:33:19.535206+00:00
T1-intra,Pest Control,AXON Pest Control,Las Vegas,Nevada,4225 Glorious Linda Ct,Pest Control,Axon Pest Control,"Same layer (Pest Control), similar name, same address — kept most-complete",2026-05-13T08:33:19.535206+00:00
T1-intra,Pest Control,Black Pearl Pest Control,Queen Creek,Arizona,22258 E Pickett Ct,Pest Control,Black Pearl Pest Control,"Same layer (Pest Control), similar name, same address — kept most-complete",2026-05-13T08:33:19.535206+00:00
T1-intra,Pest Control,Hawkeye Exterminators,Des Moines,Iowa,1125 Virginia Ave,Pest Control,Hawkeye Exterminators,"Same layer (Pest Control), similar name, same address — kept most-complete",2026-05-13T08:33:19.535206+00:00
T1-intra,Pest Control,Black Widow Pest Specialists,Naugatuck,Connecticut,108 Curtiss St,Pest Control,Black Widow Pest Specialists,"Same layer (Pest Control), similar name, same address — kept most-complete",2026-05-13T08:33:19.535206+00:00
T1-intra,Pest Control,"Rick Ricker Termite & Pest Control, Inc.",Wesley Chapel,Florida,5807 Argerian Dr #102,Pest Control,Rick Ricker Termite and Pest Control Inc,"Same layer (Pest Control), similar name, same address — kept most-complete",2026-05-13T08:33:19.535206+00:00
T1-intra,Pest Control,Twin Boro Pest Control,Westwood,New Jersey,265 Kinderkamack Rd,Pest Control,Twin Boro Pest Control,"Same layer (Pest Control), similar name, same address — kept most-complete",2026-05-13T08:33:19.535206+00:00
T1-intra,Pest Control,Western Pest Services,Wilmington,Delaware,3202 Concord Pike,Pest Control,Western Pest Services,"Same layer (Pest Control), similar name, same address — kept most-complete",2026-05-13T08:33:19.535206+00:00
T1-intra,FSS Specialty Mills,The Birkett Mills,Penn Yan,New York,1 E Main St,FSS Specialty Mills,The Birkett Mills,"Same layer (FSS Specialty Mills), similar name, same address — kept most-complete",2026-05-13T08:33:19.535206+00:00
T1-intra,FSS Specialty Mills,"Mgp Ingredients, Inc.",Atchison,Kansas,"100 Commercial St., P.O. Box 130",FSS Specialty Mills,"Mgp Ingredients, Inc.","Same layer (FSS Specialty Mills), similar name, same address — kept most-complete",2026-05-13T08:33:19.535206+00:00
T1-intra,FSS Specialty Mills,Manildra Milling Corp.,Hamburg,Iowa,100 George St.,FSS Specialty Mills,Manildra Milling Corp.,"Same layer (FSS Specialty Mills), similar name, same address — kept most-complete",2026-05-13T08:33:19.535206+00:00
T1-intra,FSS Specialty Mills,"Honeyville, Inc.",Ogden,Utah,1040 W. 600 N.,FSS Specialty Mills,"Honeyville, Inc.","Same layer (FSS Specialty Mills), similar name, same address — kept most-complete",2026-05-13T08:33:19.535206+00:00
T1-intra,FSS Specialty Mills,"Honeyville, Inc.",Ogden,Utah,1040 W. 600 N.,FSS Specialty Mills,"Honeyville, Inc.","Same layer (FSS Specialty Mills), similar name, same address — kept most-complete",2026-05-13T08:33:19.535206+00:00
T1-intra,FSS Specialty Mills,"Honeyville, Inc.",Ogden,Utah,1040 W. 600 N.,FSS Specialty Mills,"Honeyville, Inc.","Same layer (FSS Specialty Mills), similar name, same address — kept most-complete",2026-05-13T08:33:19.535206+00:00
T1-intra,FSS Specialty Mills,"Honeyville, Inc.",Ogden,Utah,1040 W. 600 N.,FSS Specialty Mills,"Honeyville, Inc.","Same layer (FSS Specialty Mills), similar name, same address — kept most-complete",2026-05-13T08:33:19.535206+00:00
T1-intra,FSS Specialty Mills,"Honeyville, Inc.",Ogden,Utah,1040 W. 600 N.,FSS Specialty Mills,"Honeyville, Inc.","Same layer (FSS Specialty Mills), similar name, same address — kept most-complete",2026-05-13T08:33:19.535206+00:00
T1-intra,FSS Specialty Mills,"Honeyville, Inc.",Ogden,Utah,1040 W. 600 N.,FSS Specialty Mills,"Honeyville, Inc.","Same layer (FSS Specialty Mills), similar name, same address — kept most-complete",2026-05-13T08:33:19.535206+00:00
T1-intra,FSS Specialty Mills,"Honeyville, Inc.",Ogden,Utah,1040 W. 600 N.,FSS Specialty Mills,"Honeyville, Inc.","Same layer (FSS Specialty Mills), similar name, same address — kept most-complete",2026-05-13T08:33:19.535206+00:00
T1-intra,FSS Specialty Mills,La Crosse Milling Co.,Cochrane,Wisconsin,"105 State Hwy. 35, P.O. Box 86",FSS Specialty Mills,La Crosse Milling Co.,"Same layer (FSS Specialty Mills), similar name, same address — kept most-complete",2026-05-13T08:33:19.535206+00:00
T1-intra,FSS Specialty Mills,Wheat Montana Mill & Bakery,Three Forks,Montana,"10778 Hwy. 287, P.O. Box 1270",FSS Specialty Mills,Wheat Montana Mill & Bakery,"Same layer (FSS Specialty Mills), similar name, same address — kept most-complete",2026-05-13T08:33:19.535206+00:00
T1-intra,FSS Specialty Mills,"Arrowhead Mills, Inc.",Hereford,Texas,"110 S. Lawton, P.O. Box 2059",FSS Specialty Mills,"Arrowhead Mills, Inc.","Same layer (FSS Specialty Mills), similar name, same address — kept most-complete",2026-05-13T08:33:19.535206+00:00
T1-intra,FSS Specialty Mills,"Arrowhead Mills, Inc.",Hereford,Texas,"110 S. Lawton, P.O. Box 2059",FSS Specialty Mills,"Arrowhead Mills, Inc.","Same layer (FSS Specialty Mills), similar name, same address — kept most-complete",2026-05-13T08:33:19.535206+00:00
T1-intra,FSS Specialty Mills,"Arrowhead Mills, Inc.",Hereford,Texas,"110 S. Lawton, P.O. Box 2059",FSS Specialty Mills,"Arrowhead Mills, Inc.","Same layer (FSS Specialty Mills), similar name, same address — kept most-complete",2026-05-13T08:33:19.535206+00:00
T1-intra,FSS Specialty Mills,"Arrowhead Mills, Inc.",Hereford,Texas,"110 S. Lawton, P.O. Box 2059",FSS Specialty Mills,"Arrowhead Mills, Inc.","Same layer (FSS Specialty Mills), similar name, same address — kept most-complete",2026-05-13T08:33:19.535206+00:00
T1-intra,FSS Specialty Mills,"Arrowhead Mills, Inc.",Hereford,Texas,"110 S. Lawton, P.O. Box 2059",FSS Specialty Mills,"Arrowhead Mills, Inc.","Same layer (FSS Specialty Mills), similar name, same address — kept most-complete",2026-05-13T08:33:19.535206+00:00
T1-intra,FSS Specialty Mills,"Arrowhead Mills, Inc.",Hereford,Texas,"110 S. Lawton, P.O. Box 2059",FSS Specialty Mills,"Arrowhead Mills, Inc.","Same layer (FSS Specialty Mills), similar name, same address — kept most-complete",2026-05-13T08:33:19.535206+00:00
T1-intra,FSS Specialty Mills,"Arrowhead Mills, Inc.",Hereford,Texas,"110 S. Lawton, P.O. Box 2059",FSS Specialty Mills,"Arrowhead Mills, Inc.","Same layer (FSS Specialty Mills), similar name, same address — kept most-complete",2026-05-13T08:33:19.535206+00:00
T1-intra,FSS Specialty Mills,"Arrowhead Mills, Inc.",Hereford,Texas,"110 S. Lawton, P.O. Box 2059",FSS Specialty Mills,"Arrowhead Mills, Inc.","Same layer (FSS Specialty Mills), similar name, same address — kept most-complete",2026-05-13T08:33:19.535206+00:00
T1-intra,FSS Specialty Mills,Knappen Milling Co.,Augusta,Michigan,"110 S. Water St., P.O. Box 245",FSS Specialty Mills,Knappen Milling Co.,"Same layer (FSS Specialty Mills), similar name, same address — kept most-complete",2026-05-13T08:33:19.535206+00:00
T1-intra,FSS Specialty Mills,Knappen Milling Co.,Augusta,Michigan,"110 S. Water St., P.O. Box 245",FSS Specialty Mills,Knappen Milling Co.,"Same layer (FSS Specialty Mills), similar name, same address — kept most-complete",2026-05-13T08:33:19.535206+00:00
T1-intra,FSS Specialty Mills,Small Valley Milling,Halifax,Pennsylvania,1188 Mountain House Rd.,FSS Specialty Mills,Small Valley Milling,"Same layer (FSS Specialty Mills), similar name, same address — kept most-complete",2026-05-13T08:33:19.535206+00:00
T1-intra,FSS Specialty Mills,Small Valley Milling,Halifax,Pennsylvania,1188 Mountain House Rd.,FSS Specialty Mills,Small Valley Milling,"Same layer (FSS Specialty Mills), similar name, same address — kept most-complete",2026-05-13T08:33:19.535206+00:00
T1-intra,FSS Specialty Mills,Small Valley Milling,Halifax,Pennsylvania,1188 Mountain House Rd.,FSS Specialty Mills,Small Valley Milling,"Same layer (FSS Specialty Mills), similar name, same address — kept most-complete",2026-05-13T08:33:19.535206+00:00
T1-intra,FSS Specialty Mills,Ardent Mills,Yuba City,California,1200 Putman Ave,FSS Specialty Mills,Ardent Mills,"Same layer (FSS Specialty Mills), similar name, same address — kept most-complete",2026-05-13T08:33:19.535206+00:00
T1-intra,FSS Specialty Mills,"Heartland Mill, Inc.",Marienthal,Kansas,124 N. Hwy. 167,FSS Specialty Mills,"Heartland Mill, Inc.","Same layer (FSS Specialty Mills), similar name, same address — kept most-complete",2026-05-13T08:33:19.535206+00:00
T1-intra,FSS Specialty Mills,"Heartland Mill, Inc.",Marienthal,Kansas,124 N. Hwy. 167,FSS Specialty Mills,"Heartland Mill, Inc.","Same layer (FSS Specialty Mills), similar name, same address — kept most-complete",2026-05-13T08:33:19.535206+00:00
T1-intra,FSS Specialty Mills,"Heartland Mill, Inc.",Marienthal,Kansas,124 N. Hwy. 167,FSS Specialty Mills,"Heartland Mill, Inc.","Same layer (FSS Specialty Mills), similar name, same address — kept most-complete",2026-05-13T08:33:19.535206+00:00
T1-intra,FSS Specialty Mills,"Heartland Mill, Inc.",Marienthal,Kansas,124 N. Hwy. 167,FSS Specialty Mills,"Heartland Mill, Inc.","Same layer (FSS Specialty Mills), similar name, same address — kept most-complete",2026-05-13T08:33:19.535206+00:00
T1-intra,FSS Specialty Mills,"Heartland Mill, Inc.",Marienthal,Kansas,124 N. Hwy. 167,FSS Specialty Mills,"Heartland Mill, Inc.","Same layer (FSS Specialty Mills), similar name, same address — kept most-complete",2026-05-13T08:33:19.535206+00:00
T1-intra,FSS Specialty Mills,"Heartland Mill, Inc.",Marienthal,Kansas,124 N. Hwy. 167,FSS Specialty Mills,"Heartland Mill, Inc.","Same layer (FSS Specialty Mills), similar name, same address — kept most-complete",2026-05-13T08:33:19.535206+00:00
T1-intra,FSS Specialty Mills,"California Cereal Products, Inc.",Oakland,California,1267 14th St.,FSS Specialty Mills,"California Cereal Products, Inc.","Same layer (FSS Specialty Mills), similar name, same address — kept most-complete",2026-05-13T08:33:19.535206+00:00
T1-intra,FSS Specialty Mills,"California Cereal Products, Inc.",Oakland,California,1267 14th St.,FSS Specialty Mills,"California Cereal Products, Inc.","Same layer (FSS Specialty Mills), similar name, same address — kept most-complete",2026-05-13T08:33:19.535206+00:00
T1-intra,FSS Specialty Mills,"California Cereal Products, Inc.",Oakland,California,1267 14th St.,FSS Specialty Mills,"California Cereal Products, Inc.","Same layer (FSS Specialty Mills), similar name, same address — kept most-complete",2026-05-13T08:33:19.535206+00:00
T1-intra,FSS Specialty Mills,Brant Flour Mills Ltd.,Scotland,ON,"14 Brant Mill Rd., P.O. Box 190",FSS Specialty Mills,Brant Flour Mills Ltd.,"Same layer (FSS Specialty Mills), similar name, same address — kept most-complete",2026-05-13T08:33:19.535206+00:00
T1-intra,FSS Specialty Mills,Brant Flour Mills Ltd.,Scotland,ON,"14 Brant Mill Rd., P.O. Box 190",FSS Specialty Mills,Brant Flour Mills Ltd.,"Same layer (FSS Specialty Mills), similar name, same address — kept most-complete",2026-05-13T08:33:19.535206+00:00
T1-intra,FSS Specialty Mills,Bunge Milling,Crete,Nebraska,1405 Norman St.,FSS Specialty Mills,Bunge Milling,"Same layer (FSS Specialty Mills), similar name, same address — kept most-complete",2026-05-13T08:33:19.535206+00:00
T1-intra,FSS Specialty Mills,Montana Gluten Free,Belgrade,Montana,141 Andrea Dr.,FSS Specialty Mills,Montana Gluten Free,"Same layer (FSS Specialty Mills), similar name, same address — kept most-complete",2026-05-13T08:33:19.535206+00:00
T1-intra,FSS Specialty Mills,Montana Gluten Free,Belgrade,Montana,141 Andrea Dr.,FSS Specialty Mills,Montana Gluten Free,"Same layer (FSS Specialty Mills), similar name, same address — kept most-complete",2026-05-13T08:33:19.535206+00:00
T1-intra,FSS Specialty Mills,"Sunwest Milling Co., Inc.",Davis,California,"1550 Drew Ave., Suite 150",FSS Specialty Mills,"Sunwest Milling Co., Inc.","Same layer (FSS Specialty Mills), similar name, same address — kept most-complete",2026-05-13T08:33:19.535206+00:00
T1-intra,FSS Specialty Mills,"Grain Millers, Inc.",Marion,Indiana,1626 S. Joaquin Dr.,FSS Specialty Mills,"Grain Millers, Inc.","Same layer (FSS Specialty Mills), similar name, same address — kept most-complete",2026-05-13T08:33:19.535206+00:00
T1-intra,FSS Specialty Mills,"Grain Millers, Inc.",Marion,Indiana,1626 S. Joaquin Dr.,FSS Specialty Mills,"Grain Millers, Inc.","Same layer (FSS Specialty Mills), similar name, same address — kept most-complete",2026-05-13T08:33:19.535206+00:00
T1-intra,FSS Specialty Mills,Bunge Milling,Atchison,Kansas,16755 274th Rd.,FSS Specialty Mills,Bunge Milling,"Same layer (FSS Specialty Mills), similar name, same address — kept most-complete",2026-05-13T08:33:19.535206+00:00
T1-intra,FSS Specialty Mills,"Cargill, Incorporated",Indianapolis,Indiana,1730 W. Michigan St.,FSS Specialty Mills,"Cargill, Incorporated","Same layer (FSS Specialty Mills), similar name, same address — kept most-complete",2026-05-13T08:33:19.535206+00:00
T1-intra,FSS Specialty Mills,North Dakota Mill & Elevator Association,Grand Forks,North Dakota,1823 Mill Rd.,FSS Specialty Mills,North Dakota Mill & Elevator Association,"Same layer (FSS Specialty Mills), similar name, same address — kept most-complete",2026-05-13T08:33:19.535206+00:00
T1-intra,FSS Specialty Mills,Ardent Mills,Denver,Colorado,1875 Lawrence St.,FSS Specialty Mills,Ardent Mills,"Same layer (FSS Specialty Mills), similar name, same address — kept most-complete",2026-05-13T08:33:19.535206+00:00
T1-intra,FSS Specialty Mills,Ardent Mills,Denver,Colorado,1875 Lawrence St.,FSS Specialty Mills,Ardent Mills,"Same layer (FSS Specialty Mills), similar name, same address — kept most-complete",2026-05-13T08:33:19.535206+00:00
T1-intra,FSS Specialty Mills,Champlain Valley Milling Corp.,Willsboro,New York,19 Myers Way,FSS Specialty Mills,Champlain Valley Milling Corp.,"Same layer (FSS Specialty Mills), similar name, same address — kept most-complete",2026-05-13T08:33:19.535206+00:00
T1-intra,FSS Specialty Mills,Champlain Valley Milling Corp.,Willsboro,New York,19 Myers Way,FSS Specialty Mills,Champlain Valley Milling Corp.,"Same layer (FSS Specialty Mills), similar name, same address — kept most-complete",2026-05-13T08:33:19.535206+00:00
T1-intra,FSS Specialty Mills,Champlain Valley Milling Corp.,Willsboro,New York,19 Myers Way,FSS Specialty Mills,Champlain Valley Milling Corp.,"Same layer (FSS Specialty Mills), similar name, same address — kept most-complete",2026-05-13T08:33:19.535206+00:00
T1-intra,FSS Specialty Mills,Adm Milling Co.,Dodge City,Kansas,"1901 E. Wyatt Earp Blvd., P.O. Box 400",FSS Specialty Mills,Adm Milling Co.,"Same layer (FSS Specialty Mills), similar name, same address — kept most-complete",2026-05-13T08:33:19.535206+00:00
T1-intra,FSS Specialty Mills,Adm Milling Co.,Dodge City,Kansas,"1901 E. Wyatt Earp Blvd., P.O. Box 400",FSS Specialty Mills,Adm Milling Co.,"Same layer (FSS Specialty Mills), similar name, same address — kept most-complete",2026-05-13T08:33:19.535206+00:00
T1-intra,FSS Specialty Mills,Ardent Mills,Hastings,Minnesota,2005 Vermillion St.,FSS Specialty Mills,Ardent Mills,"Same layer (FSS Specialty Mills), similar name, same address — kept most-complete",2026-05-13T08:33:19.535206+00:00
T1-intra,FSS Specialty Mills,Ardent Mills,Hastings,Minnesota,2005 Vermillion St.,FSS Specialty Mills,Ardent Mills,"Same layer (FSS Specialty Mills), similar name, same address — kept most-complete",2026-05-13T08:33:19.535206+00:00
T1-intra,FSS Specialty Mills,Shawnee Milling Co.,Shawnee,Oklahoma,201 S. Broadway,FSS Specialty Mills,Shawnee Milling Co.,"Same layer (FSS Specialty Mills), similar name, same address — kept most-complete",2026-05-13T08:33:19.535206+00:00
T1-intra,FSS Grain,"Riceland Foods, Inc.",Jonesboro,Arkansas,216 N. Gee St.,FSS Grain,"Riceland Foods, Inc.","Same layer (FSS Grain), similar name, same address — kept most-complete",2026-05-13T08:33:19.535206+00:00
T1-intra,FSS Specialty Mills,Homestead Mills,Cook,Minnesota,"221 N. River St., P.O. Box 1115",FSS Specialty Mills,Homestead Mills,"Same layer (FSS Specialty Mills), similar name, same address — kept most-complete",2026-05-13T08:33:19.535206+00:00
T1-intra,FSS Specialty Mills,Homestead Mills,Cook,Minnesota,"221 N. River St., P.O. Box 1115",FSS Specialty Mills,Homestead Mills,"Same layer (FSS Specialty Mills), similar name, same address — kept most-complete",2026-05-13T08:33:19.535206+00:00
T1-intra,FSS Specialty Mills,Homestead Mills,Cook,Minnesota,"221 N. River St., P.O. Box 1115",FSS Specialty Mills,Homestead Mills,"Same layer (FSS Specialty Mills), similar name, same address — kept most-complete",2026-05-13T08:33:19.535206+00:00
T1-intra,FSS Specialty Mills,"Natural Products, Inc.",Grinnell,Iowa,2211 Sixth Ave.,FSS Specialty Mills,"Natural Products, Inc.","Same layer (FSS Specialty Mills), similar name, same address — kept most-complete",2026-05-13T08:33:19.535206+00:00
T1-intra,FSS Specialty Mills,"Natural Products, Inc.",Grinnell,Iowa,2211 Sixth Ave.,FSS Specialty Mills,"Natural Products, Inc.","Same layer (FSS Specialty Mills), similar name, same address — kept most-complete",2026-05-13T08:33:19.535206+00:00
T1-intra,FSS Specialty Mills,Viobin,Monticello,Illinois,226 W. Livingston St.,FSS Specialty Mills,Viobin,"Same layer (FSS Specialty Mills), similar name, same address — kept most-complete",2026-05-13T08:33:19.535206+00:00
T1-intra,FSS Specialty Mills,Viobin,Monticello,Illinois,226 W. Livingston St.,FSS Specialty Mills,Viobin,"Same layer (FSS Specialty Mills), similar name, same address — kept most-complete",2026-05-13T08:33:19.535206+00:00
T1-intra,FSS Specialty Mills,Viobin,Monticello,Illinois,226 W. Livingston St.,FSS Specialty Mills,Viobin,"Same layer (FSS Specialty Mills), similar name, same address — kept most-complete",2026-05-13T08:33:19.535206+00:00
T1-intra,FSS Specialty Mills,"Western Foods, Llc",Stockton,California,2404 Stagecoach Rd.,FSS Specialty Mills,"Western Foods, Llc","Same layer (FSS Specialty Mills), similar name, same address — kept most-complete",2026-05-13T08:33:19.535206+00:00
T1-intra,FSS Specialty Mills,"Western Foods, Llc",Stockton,California,2404 Stagecoach Rd.,FSS Specialty Mills,"Western Foods, Llc","Same layer (FSS Specialty Mills), similar name, same address — kept most-complete",2026-05-13T08:33:19.535206+00:00
T1-intra,FSS Specialty Mills,"Western Foods, Llc",Stockton,California,2404 Stagecoach Rd.,FSS Specialty Mills,"Western Foods, Llc","Same layer (FSS Specialty Mills), similar name, same address — kept most-complete",2026-05-13T08:33:19.535206+00:00
T1-intra,FSS Specialty Mills,"Western Foods, Llc",Stockton,California,2404 Stagecoach Rd.,FSS Specialty Mills,"Western Foods, Llc","Same layer (FSS Specialty Mills), similar name, same address — kept most-complete",2026-05-13T08:33:19.535206+00:00
T1-intra,FSS Specialty Mills,"Western Foods, Llc",Stockton,California,2404 Stagecoach Rd.,FSS Specialty Mills,"Western Foods, Llc","Same layer (FSS Specialty Mills), similar name, same address — kept most-complete",2026-05-13T08:33:19.535206+00:00
T1-intra,FSS Specialty Mills,"Western Foods, Llc",Stockton,California,2404 Stagecoach Rd.,FSS Specialty Mills,"Western Foods, Llc","Same layer (FSS Specialty Mills), similar name, same address — kept most-complete",2026-05-13T08:33:19.535206+00:00
T1-intra,FSS Specialty Mills,Early Morning Harvest,Panora,Iowa,2425 Willow Ave.,FSS Specialty Mills,Early Morning Harvest,"Same layer (FSS Specialty Mills), similar name, same address — kept most-complete",2026-05-13T08:33:19.535206+00:00
T1-intra,FSS Specialty Mills,Early Morning Harvest,Panora,Iowa,2425 Willow Ave.,FSS Specialty Mills,Early Morning Harvest,"Same layer (FSS Specialty Mills), similar name, same address — kept most-complete",2026-05-13T08:33:19.535206+00:00
T1-intra,FSS Specialty Mills,Early Morning Harvest,Panora,Iowa,2425 Willow Ave.,FSS Specialty Mills,Early Morning Harvest,"Same layer (FSS Specialty Mills), similar name, same address — kept most-complete",2026-05-13T08:33:19.535206+00:00
T1-intra,FSS Specialty Mills,Montana Flour & Grain,Fort Benton,Montana,"2500 Chouteau St., P.O. Box 517",FSS Specialty Mills,Montana Flour & Grain,"Same layer (FSS Specialty Mills), similar name, same address — kept most-complete",2026-05-13T08:33:19.535206+00:00
T1-intra,FSS Specialty Mills,Montana Flour & Grain,Fort Benton,Montana,"2500 Chouteau St., P.O. Box 517",FSS Specialty Mills,Montana Flour & Grain,"Same layer (FSS Specialty Mills), similar name, same address — kept most-complete",2026-05-13T08:33:19.535206+00:00
T1-intra,FSS Specialty Mills,Montana Flour & Grain,Fort Benton,Montana,"2500 Chouteau St., P.O. Box 517",FSS Specialty Mills,Montana Flour & Grain,"Same layer (FSS Specialty Mills), similar name, same address — kept most-complete",2026-05-13T08:33:19.535206+00:00
T1-intra,FSS Specialty Mills,Montana Flour & Grain,Fort Benton,Montana,"2500 Chouteau St., P.O. Box 517",FSS Specialty Mills,Montana Flour & Grain,"Same layer (FSS Specialty Mills), similar name, same address — kept most-complete",2026-05-13T08:33:19.535206+00:00
T1-intra,FSS Specialty Mills,Montana Flour & Grain,Fort Benton,Montana,"2500 Chouteau St., P.O. Box 517",FSS Specialty Mills,Montana Flour & Grain,"Same layer (FSS Specialty Mills), similar name, same address — kept most-complete",2026-05-13T08:33:19.535206+00:00
T1-intra,FSS Grain,Archer Daniels Midland Co. (Enid Elevator B),Enid,Oklahoma,2502 N. 16th St.,FSS Grain,Archer Daniels Midland Co. (Enid Elevator A),"Same layer (FSS Grain), similar name, same address — kept most-complete",2026-05-13T08:33:19.535206+00:00
T1-intra,FSS Grain,Archer Daniels Midland Co. (Enid Elevator Y),Enid,Oklahoma,2502 N. 16th St.,FSS Grain,Archer Daniels Midland Co. (Enid Elevator A),"Same layer (FSS Grain), similar name, same address — kept most-complete",2026-05-13T08:33:19.535206+00:00
T1-intra,FSS Grain,Archer Daniels Midland Co. (Enid Elevator Z),Enid,Oklahoma,2502 N. 16th St.,FSS Grain,Archer Daniels Midland Co. (Enid Elevator A),"Same layer (FSS Grain), similar name, same address — kept most-complete",2026-05-13T08:33:19.535206+00:00
T1-intra,FSS Specialty Mills,Bay State Milling Co.,Bolingbrook,Illinois,279 Beaudin Blvd.,FSS Specialty Mills,Bay State Milling Co.,"Same layer (FSS Specialty Mills), similar name, same address — kept most-complete",2026-05-13T08:33:19.535206+00:00
T1-intra,FSS Specialty Mills,Bay State Milling Co.,Bolingbrook,Illinois,279 Beaudin Blvd.,FSS Specialty Mills,Bay State Milling Co.,"Same layer (FSS Specialty Mills), similar name, same address — kept most-complete",2026-05-13T08:33:19.535206+00:00
T1-intra,FSS Specialty Mills,Bay State Milling Co.,Bolingbrook,Illinois,279 Beaudin Blvd.,FSS Specialty Mills,Bay State Milling Co.,"Same layer (FSS Specialty Mills), similar name, same address — kept most-complete",2026-05-13T08:33:19.535206+00:00
T1-intra,FSS Specialty Mills,Bay State Milling Co.,Bolingbrook,Illinois,279 Beaudin Blvd.,FSS Specialty Mills,Bay State Milling Co.,"Same layer (FSS Specialty Mills), similar name, same address — kept most-complete",2026-05-13T08:33:19.535206+00:00
T1-intra,FSS Specialty Mills,Bay State Milling Co.,Bolingbrook,Illinois,279 Beaudin Blvd.,FSS Specialty Mills,Bay State Milling Co.,"Same layer (FSS Specialty Mills), similar name, same address — kept most-complete",2026-05-13T08:33:19.535206+00:00
T1-intra,FSS Specialty Mills,Lifeline Foods,Joseph,Missouri,2811 S. 11th St. St.,FSS Specialty Mills,Lifeline Foods,"Same layer (FSS Specialty Mills), similar name, same address — kept most-complete",2026-05-13T08:33:19.535206+00:00
T1-intra,FSS Specialty Mills,Lifeline Foods,Joseph,Missouri,2811 S. 11th St. St.,FSS Specialty Mills,Lifeline Foods,"Same layer (FSS Specialty Mills), similar name, same address — kept most-complete",2026-05-13T08:33:19.535206+00:00
T1-intra,FSS Specialty Mills,Lifeline Foods,Joseph,Missouri,2811 S. 11th St. St.,FSS Specialty Mills,Lifeline Foods,"Same layer (FSS Specialty Mills), similar name, same address — kept most-complete",2026-05-13T08:33:19.535206+00:00
T1-intra,FSS Specialty Mills,Miller Milling Co.,Fresno,California,2908 S. Maple Ave.,FSS Specialty Mills,Miller Milling Co.,"Same layer (FSS Specialty Mills), similar name, same address — kept most-complete",2026-05-13T08:33:19.535206+00:00
T1-intra,FSS Specialty Mills,"Grain Millers, Inc.",Eugene,Oregon,315 Madison St.,FSS Specialty Mills,"Grain Millers, Inc.","Same layer (FSS Specialty Mills), similar name, same address — kept most-complete",2026-05-13T08:33:19.535206+00:00
T1-intra,FSS Specialty Mills,"Grain Millers, Inc.",Eugene,Oregon,315 Madison St.,FSS Specialty Mills,"Grain Millers, Inc.","Same layer (FSS Specialty Mills), similar name, same address — kept most-complete",2026-05-13T08:33:19.535206+00:00
T1-intra,FSS Specialty Mills,"Grain Millers, Inc.",Eugene,Oregon,315 Madison St.,FSS Specialty Mills,"Grain Millers, Inc.","Same layer (FSS Specialty Mills), similar name, same address — kept most-complete",2026-05-13T08:33:19.535206+00:00
T1-intra,FSS Specialty Mills,"Grain Millers, Inc. (West Coast Operations)",Eugene,Oregon,315 Madison St.,FSS Specialty Mills,"Grain Millers, Inc. (West Coast Operations)","Same layer (FSS Specialty Mills), similar name, same address — kept most-complete",2026-05-13T08:33:19.535206+00:00
T1-intra,FSS Specialty Mills,Mgi Grain,East Grand Forks,Minnesota,316 Fifth Ave. N.E.,FSS Specialty Mills,Mgi Grain,"Same layer (FSS Specialty Mills), similar name, same address — kept most-complete",2026-05-13T08:33:19.535206+00:00
T1-intra,FSS Specialty Mills,Mgi Grain,East Grand Forks,Minnesota,316 Fifth Ave. N.E.,FSS Specialty Mills,Mgi Grain,"Same layer (FSS Specialty Mills), similar name, same address — kept most-complete",2026-05-13T08:33:19.535206+00:00
T1-intra,FSS Specialty Mills,The Mennel Milling Co.,Fostoria,Ohio,320 Findlay St.,FSS Specialty Mills,The Mennel Milling Co.,"Same layer (FSS Specialty Mills), similar name, same address — kept most-complete",2026-05-13T08:33:19.535206+00:00
T3-cross,FSS Specialty Mills,"Farmers Rice Milling Co., Inc.",Lake Charles,Louisiana,3211 Hwy. 397 S.,Farmers Rice,Farmers Rice Milling Co. (Main Mill),Cross-layer same-address (prio 1 Farmers Rice beats prio 3 FSS Specialty Mills),2026-05-13T08:33:19.535206+00:00
T1-intra,FSS Specialty Mills,Giusto’S Specialty Foods & Flour Mills,South San Francisco,California,344 Littlefield Ave.,FSS Specialty Mills,Giusto’S Specialty Foods & Flour Mills,"Same layer (FSS Specialty Mills), similar name, same address — kept most-complete",2026-05-13T08:33:19.535206+00:00
T1-intra,FSS Specialty Mills,Giusto’S Specialty Foods & Flour Mills,South San Francisco,California,344 Littlefield Ave.,FSS Specialty Mills,Giusto’S Specialty Foods & Flour Mills,"Same layer (FSS Specialty Mills), similar name, same address — kept most-complete",2026-05-13T08:33:19.535206+00:00
T1-intra,FSS Specialty Mills,Giusto’S Specialty Foods & Flour Mills,South San Francisco,California,344 Littlefield Ave.,FSS Specialty Mills,Giusto’S Specialty Foods & Flour Mills,"Same layer (FSS Specialty Mills), similar name, same address — kept most-complete",2026-05-13T08:33:19.535206+00:00
T1-intra,FSS Specialty Mills,Pgp International,Woodland,California,"351 Hanson Way, P.O. Box 2060",FSS Specialty Mills,Pgp International,"Same layer (FSS Specialty Mills), similar name, same address — kept most-complete",2026-05-13T08:33:19.535206+00:00
T1-intra,FSS Specialty Mills,Bay State Milling Co.,Woodland,California,360 Hanson Way,FSS Specialty Mills,Bay State Milling Co.,"Same layer (FSS Specialty Mills), similar name, same address — kept most-complete",2026-05-13T08:33:19.535206+00:00
T1-intra,FSS Specialty Mills,Bay State Milling Co.,Woodland,California,360 Hanson Way,FSS Specialty Mills,Bay State Milling Co.,"Same layer (FSS Specialty Mills), similar name, same address — kept most-complete",2026-05-13T08:33:19.535206+00:00
T1-intra,FSS Specialty Mills,Bay State Milling Co.,Woodland,California,360 Hanson Way,FSS Specialty Mills,Bay State Milling Co.,"Same layer (FSS Specialty Mills), similar name, same address — kept most-complete",2026-05-13T08:33:19.535206+00:00
T1-intra,FSS Specialty Mills,Bay State Milling Co.,Woodland,California,360 Hanson Way,FSS Specialty Mills,Bay State Milling Co.,"Same layer (FSS Specialty Mills), similar name, same address — kept most-complete",2026-05-13T08:33:19.535206+00:00
T1-intra,FSS Specialty Mills,Bay State Milling Co.,Woodland,California,360 Hanson Way,FSS Specialty Mills,Bay State Milling Co.,"Same layer (FSS Specialty Mills), similar name, same address — kept most-complete",2026-05-13T08:33:19.535206+00:00
T1-intra,FSS Specialty Mills,Bay State Milling Co.,Woodland,California,360 Hanson Way,FSS Specialty Mills,Bay State Milling Co.,"Same layer (FSS Specialty Mills), similar name, same address — kept most-complete",2026-05-13T08:33:19.535206+00:00
T1-intra,FSS Specialty Mills,Bay State Milling Co.,Woodland,California,360 Hanson Way,FSS Specialty Mills,Bay State Milling Co.,"Same layer (FSS Specialty Mills), similar name, same address — kept most-complete",2026-05-13T08:33:19.535206+00:00
T1-intra,FSS Specialty Mills,Bay State Milling Co.,Woodland,California,360 Hanson Way,FSS Specialty Mills,Bay State Milling Co.,"Same layer (FSS Specialty Mills), similar name, same address — kept most-complete",2026-05-13T08:33:19.535206+00:00
T1-intra,FSS Specialty Mills,Bay State Milling Co.,Woodland,California,360 Hanson Way,FSS Specialty Mills,Bay State Milling Co.,"Same layer (FSS Specialty Mills), similar name, same address — kept most-complete",2026-05-13T08:33:19.535206+00:00
T1-intra,FSS Specialty Mills,Bay State Milling Co.,Platteville,Colorado,"400 Platte St., P.O. Box 1110",FSS Specialty Mills,Bay State Milling Co.,"Same layer (FSS Specialty Mills), similar name, same address — kept most-complete",2026-05-13T08:33:19.535206+00:00
T1-intra,FSS Specialty Mills,Bay State Milling Co.,Platteville,Colorado,"400 Platte St., P.O. Box 1110",FSS Specialty Mills,Bay State Milling Co.,"Same layer (FSS Specialty Mills), similar name, same address — kept most-complete",2026-05-13T08:33:19.535206+00:00
T1-intra,FSS Specialty Mills,Dakotamb,Fargo,North Dakota,4014 15th Ave. N.W.,FSS Specialty Mills,Dakotamb,"Same layer (FSS Specialty Mills), similar name, same address — kept most-complete",2026-05-13T08:33:19.535206+00:00
T1-intra,FSS Specialty Mills,Dakotamb,Fargo,North Dakota,4014 15th Ave. N.W.,FSS Specialty Mills,Dakotamb,"Same layer (FSS Specialty Mills), similar name, same address — kept most-complete",2026-05-13T08:33:19.535206+00:00
T1-intra,FSS Specialty Mills,Dakotamb,Fargo,North Dakota,4014 15th Ave. N.W.,FSS Specialty Mills,Dakotamb,"Same layer (FSS Specialty Mills), similar name, same address — kept most-complete",2026-05-13T08:33:19.535206+00:00
T1-intra,FSS Specialty Mills,Dakotamb,Fargo,North Dakota,4014 15th Ave. N.W.,FSS Specialty Mills,Dakotamb,"Same layer (FSS Specialty Mills), similar name, same address — kept most-complete",2026-05-13T08:33:19.535206+00:00
T1-intra,FSS Specialty Mills,Dakotamb,Fargo,North Dakota,4014 15th Ave. N.W.,FSS Specialty Mills,Dakotamb,"Same layer (FSS Specialty Mills), similar name, same address — kept most-complete",2026-05-13T08:33:19.535206+00:00
T1-intra,FSS Specialty Mills,Dakotamb,Fargo,North Dakota,4014 15th Ave. N.W.,FSS Specialty Mills,Dakotamb,"Same layer (FSS Specialty Mills), similar name, same address — kept most-complete",2026-05-13T08:33:19.535206+00:00
T1-intra,FSS Specialty Mills,"Aurora Mills & Farm, Llc",Linneus,Maine,408 Burton Rd.,FSS Specialty Mills,"Aurora Mills & Farm, Llc","Same layer (FSS Specialty Mills), similar name, same address — kept most-complete",2026-05-13T08:33:19.535206+00:00
T1-intra,FSS Specialty Mills,"Aurora Mills & Farm, Llc",Linneus,Maine,408 Burton Rd.,FSS Specialty Mills,"Aurora Mills & Farm, Llc","Same layer (FSS Specialty Mills), similar name, same address — kept most-complete",2026-05-13T08:33:19.535206+00:00
T1-intra,FSS Specialty Mills,"Aurora Mills & Farm, Llc",Linneus,Maine,408 Burton Rd.,FSS Specialty Mills,"Aurora Mills & Farm, Llc","Same layer (FSS Specialty Mills), similar name, same address — kept most-complete",2026-05-13T08:33:19.535206+00:00
T1-intra,FSS Specialty Mills,Nature'S Legacy,Hudson,Michigan,417 S. Meridian Rd.,FSS Specialty Mills,Nature’S Legacy,"Same layer (FSS Specialty Mills), similar name, same address — kept most-complete",2026-05-13T08:33:19.535206+00:00
T1-intra,FSS Specialty Mills,Nature’S Legacy,Hudson,Michigan,417 S. Meridian Rd.,FSS Specialty Mills,Nature’S Legacy,"Same layer (FSS Specialty Mills), similar name, same address — kept most-complete",2026-05-13T08:33:19.535206+00:00
T1-intra,FSS Specialty Mills,Nature’S Legacy,Hudson,Michigan,417 S. Meridian Rd.,FSS Specialty Mills,Nature’S Legacy,"Same layer (FSS Specialty Mills), similar name, same address — kept most-complete",2026-05-13T08:33:19.535206+00:00
T1-intra,FSS Specialty Mills,Pepsico,Cedar Rapids,Iowa,418 Second St. N.E.,FSS Specialty Mills,Pepsico,"Same layer (FSS Specialty Mills), similar name, same address — kept most-complete",2026-05-13T08:33:19.535206+00:00
T1-intra,FSS Specialty Mills,Pepsico,Cedar Rapids,Iowa,418 Second St. N.E.,FSS Specialty Mills,Pepsico,"Same layer (FSS Specialty Mills), similar name, same address — kept most-complete",2026-05-13T08:33:19.535206+00:00
T1-intra,FSS Specialty Mills,Bay State Milling Co.,Tolleson,Arizona,421 S. 99th Ave.,FSS Specialty Mills,Bay State Milling Co.,"Same layer (FSS Specialty Mills), similar name, same address — kept most-complete",2026-05-13T08:33:19.535206+00:00
T1-intra,FSS Specialty Mills,Bay State Milling Co.,Tolleson,Arizona,421 S. 99th Ave.,FSS Specialty Mills,Bay State Milling Co.,"Same layer (FSS Specialty Mills), similar name, same address — kept most-complete",2026-05-13T08:33:19.535206+00:00
T1-intra,FSS Specialty Mills,"Western Foods, Llc",Woodland,California,"440 N. Pioneer Ave., Suite 200",FSS Specialty Mills,"Western Foods, Llc","Same layer (FSS Specialty Mills), similar name, same address — kept most-complete",2026-05-13T08:33:19.535206+00:00
T1-intra,FSS Specialty Mills,"Western Foods, Llc",Woodland,California,"440 N. Pioneer Ave., Suite 200",FSS Specialty Mills,"Western Foods, Llc","Same layer (FSS Specialty Mills), similar name, same address — kept most-complete",2026-05-13T08:33:19.535206+00:00
T1-intra,FSS Specialty Mills,"Western Foods, Llc",Woodland,California,"440 N. Pioneer Ave., Suite 200",FSS Specialty Mills,"Western Foods, Llc","Same layer (FSS Specialty Mills), similar name, same address — kept most-complete",2026-05-13T08:33:19.535206+00:00
T1-intra,FSS Specialty Mills,"Western Foods, Llc",Woodland,California,"440 N. Pioneer Ave., Suite 200",FSS Specialty Mills,"Western Foods, Llc","Same layer (FSS Specialty Mills), similar name, same address — kept most-complete",2026-05-13T08:33:19.535206+00:00
T1-intra,FSS Specialty Mills,"Western Foods, Llc",Woodland,California,"440 N. Pioneer Ave., Suite 200",FSS Specialty Mills,"Western Foods, Llc","Same layer (FSS Specialty Mills), similar name, same address — kept most-complete",2026-05-13T08:33:19.535206+00:00
T1-intra,FSS Specialty Mills,"Western Foods, Llc",Woodland,California,"440 N. Pioneer Ave., Suite 200",FSS Specialty Mills,"Western Foods, Llc","Same layer (FSS Specialty Mills), similar name, same address — kept most-complete",2026-05-13T08:33:19.535206+00:00
T1-intra,FSS Specialty Mills,Rogers Foods Ltd.,Armstrong,BC,4420 Larkin Cross Rd.,FSS Specialty Mills,Rogers Foods Ltd. (Armstrong),"Same layer (FSS Specialty Mills), similar name, same address — kept most-complete",2026-05-13T08:33:19.535206+00:00
T1-intra,FSS Specialty Mills,Rogers Foods Ltd.,Armstrong,BC,4420 Larkin Cross Rd.,FSS Specialty Mills,Rogers Foods Ltd. (Armstrong),"Same layer (FSS Specialty Mills), similar name, same address — kept most-complete",2026-05-13T08:33:19.535206+00:00
T1-intra,FSS Grain,"Columbia Grain International, Llc",Plentywood,Montana,4458 Hwy. 16 S.,FSS Grain,"Columbia Grain International, Llc","Same layer (FSS Grain), similar name, same address — kept most-complete",2026-05-13T08:33:19.535206+00:00
T1-intra,FSS Specialty Mills,Sunnyland Mills,Fresno,California,4469 E. Annadale Ave.,FSS Specialty Mills,Sunnyland Mills,"Same layer (FSS Specialty Mills), similar name, same address — kept most-complete",2026-05-13T08:33:19.535206+00:00
T1-intra,FSS Specialty Mills,Ardent Mills,Commerce City,Colorado,4545 E. 64th Ave.,FSS Specialty Mills,Ardent Mills,"Same layer (FSS Specialty Mills), similar name, same address — kept most-complete",2026-05-13T08:33:19.535206+00:00
T1-intra,FSS Specialty Mills,"Panhandle Milling, Llc",Dawn,Texas,4805 Farm Rd. 809,FSS Specialty Mills,"Panhandle Milling, Llc","Same layer (FSS Specialty Mills), similar name, same address — kept most-complete",2026-05-13T08:33:19.535206+00:00
T1-intra,FSS Specialty Mills,"Panhandle Milling, Llc",Dawn,Texas,4805 Farm Rd. 809,FSS Specialty Mills,"Panhandle Milling, Llc","Same layer (FSS Specialty Mills), similar name, same address — kept most-complete",2026-05-13T08:33:19.535206+00:00
T1-intra,FSS Specialty Mills,Ardent Mills,Harvey,North Dakota,500 North St. W.,FSS Specialty Mills,Ardent Mills,"Same layer (FSS Specialty Mills), similar name, same address — kept most-complete",2026-05-13T08:33:19.535206+00:00
T1-intra,FSS Specialty Mills,Ardent Mills,Harvey,North Dakota,500 North St. W.,FSS Specialty Mills,Ardent Mills,"Same layer (FSS Specialty Mills), similar name, same address — kept most-complete",2026-05-13T08:33:19.535206+00:00
T1-intra,FSS Specialty Mills,Ardent Mills,Harvey,North Dakota,500 North St. W.,FSS Specialty Mills,Ardent Mills,"Same layer (FSS Specialty Mills), similar name, same address — kept most-complete",2026-05-13T08:33:19.535206+00:00
T1-intra,FSS Specialty Mills,Ardent Mills,Harvey,North Dakota,500 North St. W.,FSS Specialty Mills,Ardent Mills,"Same layer (FSS Specialty Mills), similar name, same address — kept most-complete",2026-05-13T08:33:19.535206+00:00
T1-intra,FSS Specialty Mills,"Didion Milling, Inc.",Cambria,Wisconsin,"501 S. Williams St., P.O. Box 495",FSS Specialty Mills,"Didion Milling, Inc.","Same layer (FSS Specialty Mills), similar name, same address — kept most-complete",2026-05-13T08:33:19.535206+00:00
T1-intra,FSS Specialty Mills,"Western Foods, Llc",Pine Bluff,Arkansas,5215 Industrial Dr. S.,FSS Specialty Mills,"Western Foods, Llc","Same layer (FSS Specialty Mills), similar name, same address — kept most-complete",2026-05-13T08:33:19.535206+00:00
T1-intra,FSS Specialty Mills,"Western Foods, Llc",Pine Bluff,Arkansas,5215 Industrial Dr. S.,FSS Specialty Mills,"Western Foods, Llc","Same layer (FSS Specialty Mills), similar name, same address — kept most-complete",2026-05-13T08:33:19.535206+00:00
T1-intra,FSS Specialty Mills,"Western Foods, Llc",Pine Bluff,Arkansas,5215 Industrial Dr. S.,FSS Specialty Mills,"Western Foods, Llc","Same layer (FSS Specialty Mills), similar name, same address — kept most-complete",2026-05-13T08:33:19.535206+00:00
T1-intra,FSS Specialty Mills,"Western Foods, Llc",Pine Bluff,Arkansas,5215 Industrial Dr. S.,FSS Specialty Mills,"Western Foods, Llc","Same layer (FSS Specialty Mills), similar name, same address — kept most-complete",2026-05-13T08:33:19.535206+00:00
T1-intra,FSS Specialty Mills,"Western Foods, Llc",Pine Bluff,Arkansas,5215 Industrial Dr. S.,FSS Specialty Mills,"Western Foods, Llc","Same layer (FSS Specialty Mills), similar name, same address — kept most-complete",2026-05-13T08:33:19.535206+00:00
T1-intra,FSS Specialty Mills,Lundberg Family Farms,Richvale,California,"5311 Midway, P.O. Box 369",FSS Specialty Mills,Lundberg Family Farms,"Same layer (FSS Specialty Mills), similar name, same address — kept most-complete",2026-05-13T08:33:19.535206+00:00
T1-intra,FSS Specialty Mills,Bay State Milling Co.,Winona,Minnesota,55 Franklin St.,FSS Specialty Mills,Bay State Milling Co.,"Same layer (FSS Specialty Mills), similar name, same address — kept most-complete",2026-05-13T08:33:19.535206+00:00
T1-intra,FSS Specialty Mills,Bay State Milling Co.,Winona,Minnesota,55 Franklin St.,FSS Specialty Mills,Bay State Milling Co.,"Same layer (FSS Specialty Mills), similar name, same address — kept most-complete",2026-05-13T08:33:19.535206+00:00
T1-intra,FSS Specialty Mills,"Snavely'S Mill, Inc.",Mifflinville,Pennsylvania,607 Race St.,FSS Specialty Mills,"Snavely’S Mill, Inc.","Same layer (FSS Specialty Mills), similar name, same address — kept most-complete",2026-05-13T08:33:19.535206+00:00
T1-intra,FSS Specialty Mills,"Snavely’S Mill, Inc.",Mifflinville,Pennsylvania,607 Race St.,FSS Specialty Mills,"Snavely’S Mill, Inc.","Same layer (FSS Specialty Mills), similar name, same address — kept most-complete",2026-05-13T08:33:19.535206+00:00
T1-intra,FSS Specialty Mills,"Cargill, Incorporated",Paris,Illinois,616 Jefferson St.,FSS Specialty Mills,"Cargill, Incorporated","Same layer (FSS Specialty Mills), similar name, same address — kept most-complete",2026-05-13T08:33:19.535206+00:00
T1-intra,FSS Specialty Mills,Nutrasun Foods Ltd.,Regina,SK,6201 E. Primrose Green Dr.,FSS Specialty Mills,Nutrasun Foods Ltd.,"Same layer (FSS Specialty Mills), similar name, same address — kept most-complete",2026-05-13T08:33:19.535206+00:00
T1-intra,FSS Specialty Mills,Clifton Mill Co.,Clifton,Ohio,"75 Water St., P.O. Box 100",FSS Specialty Mills,Clifton Mill Co.,"Same layer (FSS Specialty Mills), similar name, same address — kept most-complete",2026-05-13T08:33:19.535206+00:00
T1-intra,FSS Specialty Mills,Clifton Mill Co.,Clifton,Ohio,"75 Water St., P.O. Box 100",FSS Specialty Mills,Clifton Mill Co.,"Same layer (FSS Specialty Mills), similar name, same address — kept most-complete",2026-05-13T08:33:19.535206+00:00
T1-intra,FSS Specialty Mills,"Lindley Mills, Inc.",Graham,North Carolina,7763 Lindley Mill Rd.,FSS Specialty Mills,"Lindley Mills, Inc.","Same layer (FSS Specialty Mills), similar name, same address — kept most-complete",2026-05-13T08:33:19.535206+00:00
T1-intra,FSS Grain,Farmers Co-Op Association,Alva,Oklahoma,"Fourth and Barnes streets, P.O. Box 603",FSS Grain,Farmers Co-Op Association,"Same layer (FSS Grain), similar name, same address — kept most-complete",2026-05-13T08:33:19.535206+00:00
T1-intra,FSS Grain,"Producers Rice Mill, Inc.",Stuttgart,Arkansas,N Anna St,FSS Grain,"Producers Rice Mill, Inc.","Same layer (FSS Grain), similar name, same address — kept most-complete",2026-05-13T08:33:19.535206+00:00
T1-intra,FSS Specialty Mills,The Birkett Mills,Penn Yan,New York,"One Main St., P.O. Box 440",FSS Specialty Mills,The Birkett Mills,"Same layer (FSS Specialty Mills), similar name, same address — kept most-complete",2026-05-13T08:33:19.535206+00:00
T1-intra,FSS Specialty Mills,Essential Eating Sprouted Flours,Waverly,Pennsylvania,P.O. Box 771,FSS Specialty Mills,Essential Eating Sprouted Flours,"Same layer (FSS Specialty Mills), similar name, same address — kept most-complete",2026-05-13T08:33:19.535206+00:00
T1-intra,FSS Specialty Mills,Essential Eating Sprouted Flours,Waverly,Pennsylvania,P.O. Box 771,FSS Specialty Mills,Essential Eating Sprouted Flours,"Same layer (FSS Specialty Mills), similar name, same address — kept most-complete",2026-05-13T08:33:19.535206+00:00
T1-intra,FSS Grain,"Cargill, Incorporated",Spring Valley,Illinois,"Rte. 89 S., P.O. Box 232",FSS Grain,"Cargill, Incorporated","Same layer (FSS Grain), similar name, same address — kept most-complete",2026-05-13T08:33:19.535206+00:00
T3-cross,Nutrien Locations,Altheimer,Altheimer,Arkansas,15629 N US Highway 79,Nutrien Retail,Altheimer,Cross-layer same-address (prio 1 Nutrien Retail beats prio None Nutrien Locations),2026-05-13T08:33:19.535206+00:00
T3-cross,Nutrien Locations,Barton Ag,Barton,Arkansas,6471 Hwy. 49 West,Nutrien Retail,Barton Ag,Cross-layer same-address (prio 1 Nutrien Retail beats prio None Nutrien Locations),2026-05-13T08:33:19.535206+00:00
T3-cross,Nutrien Locations,Cash AR,Cash,Arkansas,12432 HWY 226,Nutrien Retail,Cash AR,Cross-layer same-address (prio 1 Nutrien Retail beats prio None Nutrien Locations),2026-05-13T08:33:19.535206+00:00
T3-cross,Nutrien Locations,Clarendon AR,Clarendon,Arkansas,10448 Hwy. 79 East,Nutrien Retail,Clarendon AR,Cross-layer same-address (prio 1 Nutrien Retail beats prio None Nutrien Locations),2026-05-13T08:33:19.535206+00:00
T3-cross,Nutrien Locations,Corning AR,Corning,Arkansas,108 Airport Highway 980,Nutrien Retail,Corning AR,Cross-layer same-address (prio 1 Nutrien Retail beats prio None Nutrien Locations),2026-05-13T08:33:19.535206+00:00
T3-cross,Nutrien Locations,Crawfordsville AR,Crawfordsville,Arkansas,7488 Highway 64,Nutrien Retail,Crawfordsville AR,Cross-layer same-address (prio 1 Nutrien Retail beats prio None Nutrien Locations),2026-05-13T08:33:19.535206+00:00
T3-cross,Nutrien Locations,Des Arc,Des Arc,Arkansas,2010 Main Street,Nutrien Retail,Des Arc,Cross-layer same-address (prio 1 Nutrien Retail beats prio None Nutrien Locations),2026-05-13T08:33:19.535206+00:00
T3-cross,Nutrien Locations,Forrest City AR,Forrest City,Arkansas,4889 HWY 70 W,Nutrien Retail,Forrest City AR,Cross-layer same-address (prio 1 Nutrien Retail beats prio None Nutrien Locations),2026-05-13T08:33:19.535206+00:00
T3-cross,Nutrien Locations,Grady,Grady,Arkansas,920 Grady Avenue,Nutrien Retail,Grady,Cross-layer same-address (prio 1 Nutrien Retail beats prio None Nutrien Locations),2026-05-13T08:33:19.535206+00:00
T3-cross,Nutrien Locations,Grady (Pinebelt),Grady,Arkansas,920 Grady Avenue,Nutrien Retail,Grady,Cross-layer same-address (prio 1 Nutrien Retail beats prio None Nutrien Locations),2026-05-13T08:33:19.535206+00:00
T3-cross,Nutrien Locations,Monticello,Grady,Arkansas,920 Grady Avenue,Nutrien Retail,Grady,Cross-layer same-address (prio 1 Nutrien Retail beats prio None Nutrien Locations),2026-05-13T08:33:19.535206+00:00
T3-cross,Nutrien Locations,Hazen,Hazen,Arkansas,927 Highway 70 West,Nutrien Retail,Hazen,Cross-layer same-address (prio 1 Nutrien Retail beats prio None Nutrien Locations),2026-05-13T08:33:19.535206+00:00
T3-cross,Nutrien Locations,Blackfish AR,Heth,Arkansas,134 HWY 149,Nutrien Retail,Blackfish AR,Cross-layer same-address (prio 1 Nutrien Retail beats prio None Nutrien Locations),2026-05-13T08:33:19.535206+00:00
T3-cross,Nutrien Locations,Lake City,Lake City,Arkansas,401 Carter Street,Nutrien Retail,Lake City,Cross-layer same-address (prio 1 Nutrien Retail beats prio None Nutrien Locations),2026-05-13T08:33:19.535206+00:00
T3-cross,Nutrien Locations,LAKE VILLAGE,Lake Village,Arkansas,103 West Parkway,Nutrien Retail,LAKE VILLAGE,Cross-layer same-address (prio 1 Nutrien Retail beats prio None Nutrien Locations),2026-05-13T08:33:19.535206+00:00
T3-cross,Nutrien Locations,Lepanto,Lepanto,Arkansas,40200 Hwy 14 East,Nutrien Retail,Lepanto,Cross-layer same-address (prio 1 Nutrien Retail beats prio None Nutrien Locations),2026-05-13T08:33:19.535206+00:00
T3-cross,Nutrien Locations,Lost Cane,Manila,Arkansas,2096 West State Hwy 158,Nutrien Retail,Lost Cane,Cross-layer same-address (prio 1 Nutrien Retail beats prio None Nutrien Locations),2026-05-13T08:33:19.535206+00:00
T3-cross,Nutrien Locations,Marianna,Marianna,Arkansas,332 Lee County Rd 303,Nutrien Retail,Marianna,Cross-layer same-address (prio 1 Nutrien Retail beats prio None Nutrien Locations),2026-05-13T08:33:19.535206+00:00
T3-cross,Nutrien Locations,Marked Tree,Marked Tree,Arkansas,309 W. 2nd Street,Nutrien Retail,Marked Tree,Cross-layer same-address (prio 1 Nutrien Retail beats prio None Nutrien Locations),2026-05-13T08:33:19.535206+00:00
T3-cross,Nutrien Locations,Marvell,Marvell,Arkansas,24 HWY 318,Nutrien Retail,Marvell,Cross-layer same-address (prio 1 Nutrien Retail beats prio None Nutrien Locations),2026-05-13T08:33:19.535206+00:00
T3-cross,Nutrien Locations,Monette AR,Monette,Arkansas,210 W. Main,Nutrien Retail,Monette AR,Cross-layer same-address (prio 1 Nutrien Retail beats prio None Nutrien Locations),2026-05-13T08:33:19.535206+00:00
T3-cross,Nutrien Locations,Stonewall AR,Paragould,Arkansas,13220 Highway 135 North,Nutrien Retail,Stonewall AR,Cross-layer same-address (prio 1 Nutrien Retail beats prio None Nutrien Locations),2026-05-13T08:33:19.535206+00:00
T3-cross,Nutrien Locations,Three Rivers Aviation,Paragould,Arkansas,4081 Greene 905 Road,Nutrien Retail,Three Rivers Aviation,Cross-layer same-address (prio 1 Nutrien Retail beats prio None Nutrien Locations),2026-05-13T08:33:19.535206+00:00
T3-cross,Nutrien Locations,Portland,Portland,Arkansas,153 Highway 165 S,Nutrien Retail,Portland,Cross-layer same-address (prio 1 Nutrien Retail beats prio None Nutrien Locations),2026-05-13T08:33:19.535206+00:00
T3-cross,Nutrien Locations,Winchester,Winchester,Arkansas,2232 US Hwy 65 & 138,Nutrien Retail,Winchester,Cross-layer same-address (prio 1 Nutrien Retail beats prio None Nutrien Locations),2026-05-13T08:33:19.535206+00:00
T1-intra,Nutrien Retail,Cerro Gordo IL,Cerro Gordo,Illinois,94 E 150 North Rd,Nutrien Retail,Cerro Gordo IL Admin,"Same layer (Nutrien Retail), similar name, same address — kept most-complete",2026-05-13T08:33:19.535206+00:00
T1-intra,Nutrien Terminal,Meredosia Terminal,Meredosia,Illinois,1921 Old Naples Road,Nutrien Terminal,Meredosia Terminal,"Same layer (Nutrien Terminal), similar name, same address — kept most-complete",2026-05-13T08:33:19.535206+00:00
T3-cross,Nutrien Locations,Boyce,Boyce,Louisiana,5012 Hot Wells Road,Nutrien Retail,Boyce,Cross-layer same-address (prio 1 Nutrien Retail beats prio None Nutrien Locations),2026-05-13T08:33:19.535206+00:00
T3-cross,Nutrien Locations,Bunkie,Bunkie,Louisiana,1970 Hwy 29 East,Nutrien Retail,Bunkie,Cross-layer same-address (prio 1 Nutrien Retail beats prio None Nutrien Locations),2026-05-13T08:33:19.535206+00:00
T3-cross,Nutrien Locations,Whiteville LA,Bunkie,Louisiana,6689 Highway 29,Nutrien Retail,Whiteville LA,Cross-layer same-address (prio 1 Nutrien Retail beats prio None Nutrien Locations),2026-05-13T08:33:19.535206+00:00
T3-cross,Nutrien Locations,Dunn,Delhi,Louisiana,11 Highway 609,Nutrien Retail,Dunn,Cross-layer same-address (prio 1 Nutrien Retail beats prio None Nutrien Locations),2026-05-13T08:33:19.535206+00:00
T3-cross,Nutrien Locations,Elton,Elton,Louisiana,31032 Bornsdall Rd.,Nutrien Retail,Elton,Cross-layer same-address (prio 1 Nutrien Retail beats prio None Nutrien Locations),2026-05-13T08:33:19.535206+00:00
T3-cross,Nutrien Locations,Ferriday LA,Ferriday,Louisiana,7123 Highway 84,Nutrien Retail,Ferriday LA,Cross-layer same-address (prio 1 Nutrien Retail beats prio None Nutrien Locations),2026-05-13T08:33:19.535206+00:00
T3-cross,Nutrien Locations,Gilliam LA,Gilliam,Louisiana,12739 Lay Street,Nutrien Retail,Gilliam LA,Cross-layer same-address (prio 1 Nutrien Retail beats prio None Nutrien Locations),2026-05-13T08:33:19.535206+00:00
T3-cross,Nutrien Locations,Hamburg LA,Hamburg,Louisiana,12548 Highway 1,Nutrien Retail,Hamburg LA,Cross-layer same-address (prio 1 Nutrien Retail beats prio None Nutrien Locations),2026-05-13T08:33:19.535206+00:00
T3-cross,Nutrien Locations,Jonesville,Jonesville,Louisiana,1182 Delta Gin Road,Nutrien Retail,Jonesville,Cross-layer same-address (prio 1 Nutrien Retail beats prio None Nutrien Locations),2026-05-13T08:33:19.535206+00:00
T3-cross,Nutrien Locations,Lake Providence,Lake Providence,Louisiana,5400 Hwy 65 N,Nutrien Retail,Lake Providence,Cross-layer same-address (prio 1 Nutrien Retail beats prio None Nutrien Locations),2026-05-13T08:33:19.535206+00:00
T3-cross,Nutrien Locations,Lake Providence Port,Lake Providence,Louisiana,487 Port Road,Nutrien Retail,Lake Providence Port,Cross-layer same-address (prio 1 Nutrien Retail beats prio None Nutrien Locations),2026-05-13T08:33:19.535206+00:00
T3-cross,Nutrien Locations,Monticello,Lake Providence,Louisiana,683 Hwy 577,Nutrien Retail,Monticello,Cross-layer same-address (prio 1 Nutrien Retail beats prio None Nutrien Locations),2026-05-13T08:33:19.535206+00:00
T3-cross,Nutrien Locations,Mer Rouge,Mer Rouge,Louisiana,502 12th Street,Nutrien Retail,Mer Rouge,Cross-layer same-address (prio 1 Nutrien Retail beats prio None Nutrien Locations),2026-05-13T08:33:19.535206+00:00
T3-cross,Nutrien Locations,New Roads,New Roads,Louisiana,8462 Airport Rd,Nutrien Retail,New Roads,Cross-layer same-address (prio 1 Nutrien Retail beats prio None Nutrien Locations),2026-05-13T08:33:19.535206+00:00
T3-cross,Nutrien Locations,Opelousas,Opelousas,Louisiana,3110 West Landry,Nutrien Retail,Opelousas,Cross-layer same-address (prio 1 Nutrien Retail beats prio None Nutrien Locations),2026-05-13T08:33:19.535206+00:00
T3-cross,Nutrien Locations,Pioneer LA,Pioneer,Louisiana,6107 Broadway,Nutrien Retail,Pioneer LA,Cross-layer same-address (prio 1 Nutrien Retail beats prio None Nutrien Locations),2026-05-13T08:33:19.535206+00:00
T3-cross,Nutrien Locations,Rayville,Rayville,Louisiana,11 Gin Rd,Nutrien Retail,Rayville,Cross-layer same-address (prio 1 Nutrien Retail beats prio None Nutrien Locations),2026-05-13T08:33:19.535206+00:00
T3-cross,Nutrien Locations,South Delta,Rayville,Louisiana,11 Gin Rd,Nutrien Retail,Rayville,Cross-layer same-address (prio 1 Nutrien Retail beats prio None Nutrien Locations),2026-05-13T08:33:19.535206+00:00
T3-cross,Nutrien Locations,Tallulah,Tallulah,Louisiana,343 Hwy 80 East,Nutrien Retail,Tallulah,Cross-layer same-address (prio 1 Nutrien Retail beats prio None Nutrien Locations),2026-05-13T08:33:19.535206+00:00
T3-cross,Nutrien Locations,Thibodaux,Thibodaux,Louisiana,805 St Patrick Highway,Nutrien Retail,Thibodaux,Cross-layer same-address (prio 1 Nutrien Retail beats prio None Nutrien Locations),2026-05-13T08:33:19.535206+00:00
T3-cross,Nutrien Locations,Crowville,Winnsboro,Louisiana,888 Highway 577,Nutrien Retail,Crowville,Cross-layer same-address (prio 1 Nutrien Retail beats prio None Nutrien Locations),2026-05-13T08:33:19.535206+00:00
T3-cross,Nutrien Locations,Wisner,Wisner,Louisiana,3082 Hwy 562,Nutrien Retail,Wisner,Cross-layer same-address (prio 1 Nutrien Retail beats prio None Nutrien Locations),2026-05-13T08:33:19.535206+00:00
T3-cross,Nutrien Locations,Anguilla,Anguilla,Mississippi,108 North and Main St,Nutrien Retail,Anguilla,Cross-layer same-address (prio 1 Nutrien Retail beats prio None Nutrien Locations),2026-05-13T08:33:19.535206+00:00
T3-cross,Nutrien Locations,Bolton,Bolton,Mississippi,6800 I-20 Frontage Road,Nutrien Retail,Bolton,Cross-layer same-address (prio 1 Nutrien Retail beats prio None Nutrien Locations),2026-05-13T08:33:19.535206+00:00
T3-cross,Nutrien Locations,Cleveland,Boyle,Mississippi,695 Gaines Hwy,Nutrien Retail,Cleveland,Cross-layer same-address (prio 1 Nutrien Retail beats prio None Nutrien Locations),2026-05-13T08:33:19.535206+00:00
T3-cross,Nutrien Locations,Clarksdale MS,Clarksdale,Mississippi,1703 Desoto,Nutrien Retail,Clarksdale MS,Cross-layer same-address (prio 1 Nutrien Retail beats prio None Nutrien Locations),2026-05-13T08:33:19.535206+00:00
T3-cross,Nutrien Locations,Grenada Air Industrial Park,Grenada,Mississippi,1291 Air Industrial Park Road,Nutrien Retail,Grenada Air Industrial Park,Cross-layer same-address (prio 1 Nutrien Retail beats prio None Nutrien Locations),2026-05-13T08:33:19.535206+00:00
T3-cross,Nutrien Locations,Guntown MS,Guntown,Mississippi,1013 Highway 348,Nutrien Retail,Guntown MS,Cross-layer same-address (prio 1 Nutrien Retail beats prio None Nutrien Locations),2026-05-13T08:33:19.535206+00:00
T3-cross,Nutrien Locations,Hollandale,Hollandale,Mississippi,443 East Ave South,Nutrien Retail,Hollandale,Cross-layer same-address (prio 1 Nutrien Retail beats prio None Nutrien Locations),2026-05-13T08:33:19.535206+00:00
T3-cross,Nutrien Locations,Holly Bluff,Holly Bluff,Mississippi,805 Hwy 16 West,Nutrien Retail,Holly Bluff,Cross-layer same-address (prio 1 Nutrien Retail beats prio None Nutrien Locations),2026-05-13T08:33:19.535206+00:00
T3-cross,Nutrien Locations,Indianola,Indianola,Mississippi,800 Highway 82 West,Nutrien Retail,Indianola,Cross-layer same-address (prio 1 Nutrien Retail beats prio None Nutrien Locations),2026-05-13T08:33:19.535206+00:00
T3-cross,Nutrien Locations,Leland,Leland,Mississippi,1220 Highway 82 East,Nutrien Retail,Leland,Cross-layer same-address (prio 1 Nutrien Retail beats prio None Nutrien Locations),2026-05-13T08:33:19.535206+00:00
T3-cross,Nutrien Locations,Leland Timberland,Leland,Mississippi,166 Seven Oaks Road,Nutrien Retail,Leland Timberland,Cross-layer same-address (prio 1 Nutrien Retail beats prio None Nutrien Locations),2026-05-13T08:33:19.535206+00:00
T3-cross,Nutrien Locations,Macon MS,Macon,Mississippi,4093 Deerbrook Rd,Nutrien Retail,Macon MS,Cross-layer same-address (prio 1 Nutrien Retail beats prio None Nutrien Locations),2026-05-13T08:33:19.535206+00:00
T3-cross,Nutrien Locations,Sidon,Sidon,Mississippi,33780 CR 512,Nutrien Retail,Sidon,Cross-layer same-address (prio 1 Nutrien Retail beats prio None Nutrien Locations),2026-05-13T08:33:19.535206+00:00
T3-cross,Nutrien Locations,Tunica,Tunica,Mississippi,4077 Josephine Road,Nutrien Retail,Tunica,Cross-layer same-address (prio 1 Nutrien Retail beats prio None Nutrien Locations),2026-05-13T08:33:19.535206+00:00
T3-cross,Nutrien Locations,Vicksburg MS,Vicksburg,Mississippi,247 Armory Rd,Nutrien Retail,Vicksburg MS,Cross-layer same-address (prio 1 Nutrien Retail beats prio None Nutrien Locations),2026-05-13T08:33:19.535206+00:00
T3-cross,Nutrien Locations,Dyna-Gro Reserach Winterville,Winterville,Mississippi,737 Blaylock Road,Nutrien Retail,Dyna-Gro Reserach Winterville,Cross-layer same-address (prio 1 Nutrien Retail beats prio None Nutrien Locations),2026-05-13T08:33:19.535206+00:00
T3-cross,Nutrien Locations,Bernie,Bernie,Missouri,1496 State Highway 25,Nutrien Retail,Bernie,Cross-layer same-address (prio 1 Nutrien Retail beats prio None Nutrien Locations),2026-05-13T08:33:19.535206+00:00
T3-cross,Nutrien Locations,Bowling Green - Direct,Bowling Green,Missouri,17410 Pike Rd 291,Nutrien Retail,Bowling Green - Direct,Cross-layer same-address (prio 1 Nutrien Retail beats prio None Nutrien Locations),2026-05-13T08:33:19.535206+00:00
T3-cross,Nutrien Locations,Bowling Green - Full,Bowling Green,Missouri,16083 Business Hwy 61 N,Nutrien Retail,Bowling Green - Full,Cross-layer same-address (prio 1 Nutrien Retail beats prio None Nutrien Locations),2026-05-13T08:33:19.535206+00:00
T3-cross,Nutrien Locations,Clarence MO,Clarence,Missouri,202 South Macon Street,Nutrien Retail,Clarence MO,Cross-layer same-address (prio 1 Nutrien Retail beats prio None Nutrien Locations),2026-05-13T08:33:19.535206+00:00
T3-cross,Nutrien Locations,Cooter,Cooter,Missouri,179 Lynn Circle,Nutrien Retail,Cooter,Cross-layer same-address (prio 1 Nutrien Retail beats prio None Nutrien Locations),2026-05-13T08:33:19.535206+00:00
T3-cross,Nutrien Locations,Queen City,Greentop,Missouri,24701 Hwy 63 N.,Nutrien Retail,Queen City,Cross-layer same-address (prio 1 Nutrien Retail beats prio None Nutrien Locations),2026-05-13T08:33:19.535206+00:00
T3-cross,Nutrien Locations,West Central Illinois,Hannibal,Missouri,6468 Interstate Court,Nutrien Office,West Central Illinois,Cross-layer same-address (prio 1 Nutrien Office beats prio None Nutrien Locations),2026-05-13T08:33:19.535206+00:00
T3-cross,Nutrien Locations,Harrisonville MO,Harrisonville,Missouri,1506 W Mechanic St,Nutrien Retail,Harrisonville MO,Cross-layer same-address (prio 1 Nutrien Retail beats prio None Nutrien Locations),2026-05-13T08:33:19.535206+00:00
T3-cross,Nutrien Locations,Rives,Hornersville,Missouri,22572 State Highway 164,Nutrien Retail,Rives,Cross-layer same-address (prio 1 Nutrien Retail beats prio None Nutrien Locations),2026-05-13T08:33:19.535206+00:00
T3-cross,Nutrien Locations,Hughesville,Hughesville,Missouri,25204 Highway D,Nutrien Retail,Hughesville,Cross-layer same-address (prio 1 Nutrien Retail beats prio None Nutrien Locations),2026-05-13T08:33:19.535206+00:00
T3-cross,Nutrien Locations,"Keytesville, MO (Greenfield)",Keytesville,Missouri,29260 Hwy K,Nutrien Retail,"Keytesville, MO (Greenfield)",Cross-layer same-address (prio 1 Nutrien Retail beats prio None Nutrien Locations),2026-05-13T08:33:19.535206+00:00
T3-cross,Nutrien Locations,Marston Application,Marston,Missouri,500 County Highway 406,Nutrien Terminal,Marston,Cross-layer same-address (prio 1 Nutrien Terminal beats prio None Nutrien Locations),2026-05-13T08:33:19.535206+00:00
T3-cross,Nutrien Locations,Memphis,Memphis,Missouri,Hwy 15,Nutrien Retail,Memphis,Cross-layer same-address (prio 1 Nutrien Retail beats prio None Nutrien Locations),2026-05-13T08:33:19.535206+00:00
T3-cross,Nutrien Locations,Palmyra,Palmyra,Missouri,6825 County Road 338,Nutrien Retail,Palmyra,Cross-layer same-address (prio 1 Nutrien Retail beats prio None Nutrien Locations),2026-05-13T08:33:19.535206+00:00
T3-cross,Nutrien Locations,Paris MO,Paris,Missouri,26411 Monroe Rd. 720,Nutrien Retail,Paris MO,Cross-layer same-address (prio 1 Nutrien Retail beats prio None Nutrien Locations),2026-05-13T08:33:19.535206+00:00
T3-cross,Nutrien Locations,Perry,Perry,Missouri,28262 Mexico Rd,Nutrien Retail,Perry,Cross-layer same-address (prio 1 Nutrien Retail beats prio None Nutrien Locations),2026-05-13T08:33:19.535206+00:00
T3-cross,Nutrien Locations,Mid-South,Portageville,Missouri,1673 US Highway 61 North,Nutrien Office,Mid-South,Cross-layer same-address (prio 1 Nutrien Office beats prio None Nutrien Locations),2026-05-13T08:33:19.535206+00:00
T3-cross,Nutrien Locations,Portageville,Portageville,Missouri,1673 US Highway 61 North,Nutrien Office,Mid-South,Cross-layer same-address (prio 1 Nutrien Office beats prio None Nutrien Locations),2026-05-13T08:33:19.535206+00:00
T3-cross,Nutrien Locations,Farmers Union - Senath,Senath,Missouri,207 State Highway C,Nutrien Retail,Farmers Union - Senath,Cross-layer same-address (prio 1 Nutrien Retail beats prio None Nutrien Locations),2026-05-13T08:33:19.535206+00:00
T3-cross,Nutrien Locations,Senath,Senath,Missouri,500 North Main,Nutrien Retail,Senath,Cross-layer same-address (prio 1 Nutrien Retail beats prio None Nutrien Locations),2026-05-13T08:33:19.535206+00:00
T3-cross,Nutrien Locations,Sikeston,Sikeston,Missouri,18267 Us Highway 61 South,Nutrien Retail,Sikeston,Cross-layer same-address (prio 1 Nutrien Retail beats prio None Nutrien Locations),2026-05-13T08:33:19.535206+00:00
T3-cross,Nutrien Locations,Westboro,Westboro,Missouri,501 S. Adams,Nutrien Retail,Westboro,Cross-layer same-address (prio 1 Nutrien Retail beats prio None Nutrien Locations),2026-05-13T08:33:19.535206+00:00
T3-cross,Nutrien Locations,Charleston,Charleston,Missouri,711 South Highway 105,Nutrien Retail,Charleston,Cross-layer same-address (prio 1 Nutrien Retail beats prio None Nutrien Locations),2026-05-13T08:33:19.535206+00:00
T1-intra,Nutrien Retail,Waka TX,Waka,Texas,11375 Highway 15,Nutrien Retail,Waka TX,"Same layer (Nutrien Retail), similar name, same address — kept most-complete",2026-05-13T08:33:19.535206+00:00
