state,county,1000+ Corn Growers,1000+ Hogs,1000+ Rice Growers,1000+ Wheat Growers,Corn Acres,Farms with Grain Storage,Rice Acres,Wheat Acres
Alabama,BALDWIN,5,0,1,2,0,0,0,0
Alabama,CALHOUN,3,0,0,2,0,0,0,0
Alabama,CHEROKEE,2,1,0,1,0,0,0,0
Alabama,COLBERT,16,0,0,9,0,0,0,0
Alabama,DE KALB,6,1,0,1,0,0,0,0
Alabama,ELMORE,1,0,0,1,0,0,0,0
Alabama,ESCAMBIA,4,0,0,1,0,0,0,0
Alabama,ETOWAH,3,0,0,1,0,0,0,0
Alabama,GENEVA,2,0,0,1,0,0,0,0
Alabama,HALE,1,0,0,1,0,0,0,0
Alabama,JEFFERSON,5,0,1,2,0,0,0,0
Alabama,LAUDERDALE,10,0,0,5,0,0,0,0
Alabama,LAWRENCE,19,0,0,9,0,0,0,0
Alabama,LEE,0,0,0,2,0,0,0,0
Alabama,LIMESTONE,22,0,0,14,0,0,0,0
Alabama,MADISON,26,0,0,18,0,0,0,0
Alabama,MARSHALL,3,0,0,1,0,0,0,0
Alabama,MOBILE,4,0,1,3,0,0,0,0
Alabama,MONTGOMERY,2,0,0,1,0,0,0,0
Alabama,MORGAN,3,0,1,1,0,0,0,0
Alabama,PERRY,0,0,0,1,0,0,0,0
Alabama,TALLADEGA,6,0,0,1,0,0,0,0
Alaska,ANCHORAGE,0,0,0,2,0,0,0,0
Alaska,FAIRBANKS NORTH STAR,0,0,0,1,0,0,0,0
Alaska,KENAI PENINSULA,1,0,0,1,0,0,0,0
Alaska,MATANUSKA SUSITNA,2,0,0,3,0,0,0,0
Alaska,PETERSBURG,0,0,0,1,0,0,0,0
Alaska,SITKA,0,0,0,1,0,0,0,0
Arizona,APACHE,2,0,0,1,0,0,0,0
Arizona,COCHISE,11,0,0,5,0,0,0,0
Arizona,COCONINO,3,0,0,2,0,0,0,0
Arizona,GILA,1,0,0,2,0,0,0,0
Arizona,GRAHAM,2,0,0,0,0,0,0,0
Arizona,LA PAZ,1,0,0,3,0,0,0,0
Arizona,MARICOPA,103,0,0,95,0,0,0,0
Arizona,MOHAVE,4,0,0,5,0,0,0,0
Arizona,NAVAJO,0,1,0,1,0,0,0,0
Arizona,PIMA,8,1,0,12,0,0,0,0
Arizona,PINAL,19,0,0,26,0,0,0,0
Arizona,SANTA CRUZ,0,0,0,2,0,0,0,0
Arizona,YAVAPAI,5,0,0,4,0,0,0,0
Arizona,YUMA,8,0,0,37,0,0,0,0
Arkansas,ARKANSAS,48,0,75,19,0,0,0,0
Arkansas,ASHLEY,36,0,5,4,0,0,0,0
Arkansas,BAXTER,2,0,1,1,0,0,0,0
Arkansas,BENTON,2,1,6,3,0,0,0,0
Arkansas,BOONE,2,0,0,1,0,0,0,0
Arkansas,CHICOT,36,0,16,13,0,0,0,0
Arkansas,CLAY,20,0,47,1,0,0,0,0
Arkansas,CONWAY,4,4,4,2,0,0,0,0
Arkansas,CRAIGHEAD,36,0,90,7,0,0,0,0
Arkansas,CRAWFORD,2,0,0,1,0,0,0,0
Arkansas,CRITTENDEN,14,0,27,27,0,0,0,0
Arkansas,CROSS,18,0,57,9,0,0,0,0
Arkansas,DESHA,32,0,20,5,0,0,0,0
Arkansas,FAULKNER,7,0,6,2,0,0,0,0
Arkansas,GARLAND,2,0,2,2,0,0,0,0
Arkansas,GREENE,25,0,51,2,0,0,0,0
Arkansas,INDEPENDENCE,3,0,8,3,0,0,0,0
Arkansas,JACKSON,26,0,73,18,0,0,0,0
Arkansas,JEFFERSON,32,0,39,4,0,0,0,0
Arkansas,JOHNSON,1,0,0,1,0,0,0,0
Arkansas,LAFAYETTE,11,0,1,6,0,0,0,0
Arkansas,LAWRENCE,9,0,54,2,0,0,0,0
Arkansas,LEE,28,0,20,11,0,0,0,0
Arkansas,LINCOLN,18,0,25,8,0,0,0,0
Arkansas,LITTLE RIVER,4,0,0,2,0,0,0,0
Arkansas,LOGAN,2,0,0,1,0,0,0,0
Arkansas,LONOKE,37,0,66,18,0,0,0,0
Arkansas,MILLER,10,0,6,7,0,0,0,0
Arkansas,MISSISSIPPI,54,0,41,41,0,0,0,0
Arkansas,MONROE,22,0,30,5,0,0,0,0
Arkansas,PHILLIPS,47,0,26,25,0,0,0,0
Arkansas,POINSETT,16,0,86,11,0,0,0,0
Arkansas,POPE,1,3,1,1,0,0,0,0
Arkansas,PRAIRIE,26,0,36,7,0,0,0,0
Arkansas,PULASKI,23,0,27,10,0,0,0,0
Arkansas,RANDOLPH,4,0,37,1,0,0,0,0
Arkansas,SAINT FRANCIS,13,0,18,12,0,0,0,0
Arkansas,SEVIER,1,4,0,1,0,0,0,0
Arkansas,VAN BUREN,1,0,1,1,0,0,0,0
Arkansas,WASHINGTON,8,2,4,3,0,0,0,0
Arkansas,WHITE,4,0,12,2,0,0,0,0
Arkansas,WOODRUFF,23,0,45,15,0,0,0,0
California,ALAMEDA,3,0,0,5,0,0,0,0
California,BUTTE,0,1,31,7,0,0,0,0
California,CALAVERAS,0,0,0,1,0,0,0,0
California,COLUSA,5,0,45,16,0,0,0,0
California,CONTRA COSTA,5,0,2,6,0,0,0,0
California,FRESNO,19,1,0,27,0,0,0,0
California,GLENN,5,0,22,6,0,0,0,0
California,HUMBOLDT,2,0,0,2,0,0,0,0
California,IMPERIAL,5,0,0,22,0,0,0,0
California,KERN,22,0,0,27,0,0,0,0
California,KINGS,25,0,0,25,0,0,0,0
California,LOS ANGELES,23,0,0,32,0,0,0,0
California,MADERA,12,0,0,20,0,0,0,0
California,MARIN,4,0,0,2,0,0,0,0
California,MERCED,30,0,0,32,0,0,0,0
California,MODOC,2,0,0,5,0,0,0,0
California,MONTEREY,1,0,0,7,0,0,0,0
California,NAPA,2,0,0,3,0,0,0,0
California,NEVADA,1,0,2,1,0,0,0,0
California,ORANGE,11,0,0,16,0,0,0,0
California,PLACER,2,0,2,1,0,0,0,0
California,RIVERSIDE,10,0,0,29,0,0,0,0
California,SACRAMENTO,45,0,5,10,0,0,0,0
California,SAN BERNARDINO,6,0,0,4,0,0,0,0
California,SAN DIEGO,19,1,2,19,0,0,0,0
California,SAN FRANCISCO,3,0,2,3,0,0,0,0
California,SAN JOAQUIN,44,0,2,22,0,0,0,0
California,SAN LUIS OBISPO,7,0,0,7,0,0,0,0
California,SAN MATEO,2,0,1,6,0,0,0,0
California,SANTA BARBARA,2,0,0,1,0,0,0,0
California,SANTA CLARA,8,0,0,9,0,0,0,0
California,SANTA CRUZ,2,0,0,1,0,0,0,0
California,SHASTA,1,0,3,4,0,0,0,0
California,SISKIYOU,0,0,0,3,0,0,0,0
California,SOLANO,8,0,0,15,0,0,0,0
California,SONOMA,3,0,1,2,0,0,0,0
California,STANISLAUS,19,2,1,7,0,0,0,0
California,SUTTER,5,0,43,7,0,0,0,0
California,TULARE,54,1,1,35,0,0,0,0
California,VENTURA,3,0,1,3,0,0,0,0
California,YOLO,26,0,34,49,0,0,0,0
California,YUBA,1,0,4,2,0,0,0,0
Colorado,ADAMS,30,1,0,65,0,0,0,0
Colorado,ALAMOSA,1,0,0,3,0,0,0,0
Colorado,ARAPAHOE,29,0,1,51,0,0,0,0
Colorado,BACA,31,0,0,104,0,0,0,0
Colorado,BENT,5,1,0,3,0,0,0,0
Colorado,BOULDER,20,0,0,22,0,0,0,0
Colorado,BROOMFIELD,2,0,0,6,0,0,0,0
Colorado,CHAFFEE,2,0,0,3,0,0,0,0
Colorado,CHEYENNE,17,0,0,61,0,0,0,0
Colorado,CONEJOS,1,0,0,1,0,0,0,0
Colorado,DELTA,7,0,0,1,0,0,0,0
Colorado,DENVER,36,0,3,33,0,0,0,0
Colorado,DOLORES,0,0,0,4,0,0,0,0
Colorado,DOUGLAS,18,0,1,21,0,0,0,0
Colorado,EAGLE,0,0,0,1,0,0,0,0
Colorado,EL PASO,34,0,0,32,0,0,0,0
Colorado,ELBERT,7,0,0,27,0,0,0,0
Colorado,FREMONT,2,0,0,4,0,0,0,0
Colorado,GARFIELD,1,0,0,1,0,0,0,0
Colorado,GUNNISON,2,0,0,3,0,0,0,0
Colorado,HUERFANO,1,0,0,1,0,0,0,0
Colorado,JACKSON,0,0,0,1,0,0,0,0
Colorado,JEFFERSON,24,0,0,25,0,0,0,0
Colorado,KIOWA,14,1,0,48,0,0,0,0
Colorado,KIT CARSON,114,1,0,153,0,0,0,0
Colorado,LA PLATA,0,0,2,2,0,0,0,0
Colorado,LARIMER,34,0,1,40,0,0,0,0
Colorado,LAS ANIMAS,0,0,0,2,0,0,0,0
Colorado,LINCOLN,11,0,0,54,0,0,0,0
Colorado,LOGAN,75,1,0,61,0,0,0,0
Colorado,MESA,3,0,0,4,0,0,0,0
Colorado,MOFFAT,1,0,0,8,0,0,0,0
Colorado,MONTEZUMA,0,0,0,4,0,0,0,0
Colorado,MONTROSE,4,0,0,2,0,0,0,0
Colorado,MORGAN,45,0,0,48,0,0,0,0
Colorado,OTERO,4,0,0,3,0,0,0,0
Colorado,PHILLIPS,108,1,0,68,0,0,0,0
Colorado,PITKIN,0,0,0,1,0,0,0,0
Colorado,PROWERS,14,2,0,78,0,0,0,0
Colorado,PUEBLO,8,0,0,8,0,0,0,0
Colorado,RIO BLANCO,0,0,0,2,0,0,0,0
Colorado,RIO GRANDE,2,0,0,1,0,0,0,0
Colorado,ROUTT,1,0,0,3,0,0,0,0
Colorado,SAGUACHE,2,0,0,2,0,0,0,0
Colorado,SAN MIGUEL,0,0,0,2,0,0,0,0
Colorado,SEDGWICK,43,1,0,30,0,0,0,0
Colorado,SUMMIT,0,0,0,1,0,0,0,0
Colorado,WASHINGTON,34,1,0,85,0,0,0,0
Colorado,WELD,103,0,0,96,0,0,0,0
Colorado,YUMA,175,2,0,86,0,0,0,0
Connecticut,CAPITOL,2,0,0,2,0,0,0,0
Connecticut,FAIRFIELD,6,0,2,1,0,0,0,0
Connecticut,HARTFORD,4,0,0,1,0,0,0,0
Connecticut,MIDDLESEX,0,0,0,1,0,0,0,0
Connecticut,WESTERN CT,0,0,0,1,0,0,0,0
Delaware,KENT,37,0,0,9,0,0,0,0
Delaware,NEW CASTLE,15,0,0,1,0,0,0,0
Delaware,SUSSEX,71,0,0,7,0,0,0,0
Florida,ALACHUA,2,0,0,1,0,0,0,0
Florida,BAY,2,0,0,2,0,0,0,0
Florida,BREVARD,6,0,0,5,0,0,0,0
Florida,BROWARD,7,0,1,3,0,0,0,0
Florida,CHARLOTTE,4,0,0,1,0,0,0,0
Florida,DESOTO,2,0,0,2,0,0,0,0
Florida,DUVAL,3,0,0,3,0,0,0,0
Florida,ESCAMBIA,4,0,1,1,0,0,0,0
Florida,FLAGLER,1,0,0,1,0,0,0,0
Florida,HIGHLANDS,9,0,0,1,0,0,0,0
Florida,HILLSBOROUGH,3,0,1,2,0,0,0,0
Florida,JACKSON,5,0,0,2,0,0,0,0
Florida,JEFFERSON,4,0,0,1,0,0,0,0
Florida,LAKE,5,0,0,1,0,0,0,0
Florida,LEE,14,0,0,1,0,0,0,0
Florida,LEON,2,0,0,1,0,0,0,0
Florida,LEVY,1,0,0,1,0,0,0,0
Florida,MANATEE,3,0,0,1,0,0,0,0
Florida,MARION,3,0,0,2,0,0,0,0
Florida,MIAMI-DADE,11,0,1,1,0,0,0,0
Florida,ORANGE,11,0,0,2,0,0,0,0
Florida,OSCEOLA,1,0,0,1,0,0,0,0
Florida,PALM BEACH,17,0,3,2,0,0,0,0
Florida,PINELLAS,6,0,0,1,0,0,0,0
Florida,POLK,5,0,0,2,0,0,0,0
Florida,SAINT JOHNS,2,0,0,1,0,0,0,0
Florida,SANTA ROSA,5,0,0,3,0,0,0,0
Florida,SARASOTA,9,0,0,2,0,0,0,0
Florida,SEMINOLE,2,0,0,1,0,0,0,0
Florida,SUMTER,5,0,0,1,0,0,0,0
Florida,VOLUSIA,1,0,0,1,0,0,0,0
Florida,WAKULLA,1,0,0,1,0,0,0,0
Florida,WALTON,1,0,1,2,0,0,0,0
Georgia,BLECKLEY,0,0,0,1,0,0,0,0
Georgia,BROOKS,4,1,0,1,0,0,0,0
Georgia,BULLOCH,5,0,0,3,0,0,0,0
Georgia,BURKE,10,0,0,4,0,0,0,0
Georgia,CALHOUN,6,0,0,2,0,0,0,0
Georgia,CARROLL,3,0,0,1,0,0,0,0
Georgia,CHATHAM,3,0,0,5,0,0,0,0
Georgia,CHEROKEE,0,0,0,1,0,0,0,0
Georgia,CLAYTON,0,0,0,1,0,0,0,0
Georgia,COBB,4,0,0,1,0,0,0,0
Georgia,COFFEE,8,2,0,0,0,0,0,0
Georgia,COLQUITT,5,0,0,1,0,0,0,0
Georgia,COLUMBIA,0,0,0,1,0,0,0,0
Georgia,CRAWFORD,0,0,0,1,0,0,0,0
Georgia,CRISP,1,0,0,5,0,0,0,0
Georgia,DAWSON,0,0,0,1,0,0,0,0
Georgia,DEKALB,3,0,0,1,0,0,0,0
Georgia,DOOLY,8,0,0,6,0,0,0,0
Georgia,DOUGHERTY,6,0,0,2,0,0,0,0
Georgia,EARLY,3,0,0,2,0,0,0,0
Georgia,FORSYTH,4,0,0,2,0,0,0,0
Georgia,HART,1,1,0,1,0,0,0,0
Georgia,HOUSTON,1,0,0,1,0,0,0,0
Georgia,JEFFERSON,4,0,0,3,0,0,0,0
Georgia,JOHNSON,0,0,0,1,0,0,0,0
Georgia,JONES,0,0,0,1,0,0,0,0
Georgia,LAURENS,1,0,0,1,0,0,0,0
Georgia,LEE,8,0,1,2,0,0,0,0
Georgia,MACON,3,0,0,3,0,0,0,0
Georgia,MILLER,6,0,0,1,0,0,0,0
Georgia,MORGAN,2,0,0,1,0,0,0,0
Georgia,NEWTON,0,0,0,1,0,0,0,0
Georgia,PEACH,0,0,0,1,0,0,0,0
Georgia,PICKENS,1,0,0,1,0,0,0,0
Georgia,PULASKI,1,0,0,1,0,0,0,0
Georgia,RANDOLPH,4,0,0,1,0,0,0,0
Georgia,RICHMOND,1,0,0,0,0,0,0,0
Georgia,SUMTER,13,0,0,1,0,0,0,0
Georgia,TERRELL,14,0,0,3,0,0,0,0
Georgia,THOMAS,6,0,0,1,0,0,0,0
Georgia,TOOMBS,41,0,0,1,0,0,0,0
Georgia,WALKER,1,0,0,1,0,0,0,0
Georgia,WASHINGTON,1,0,0,1,0,0,0,0
Georgia,WAYNE,2,0,0,1,0,0,0,0
Georgia,WHITE,0,0,0,1,0,0,0,0
Georgia,WORTH,2,0,0,1,0,0,0,0
Hawaii,HONOLULU,5,0,0,3,0,0,0,0
Hawaii,MAUI,2,0,0,3,0,0,0,0
Idaho,ADA,15,1,0,13,0,0,0,0
Idaho,BANNOCK,2,0,0,30,0,0,0,0
Idaho,BEAR LAKE,0,0,0,3,0,0,0,0
Idaho,BENEWAH,0,0,0,14,0,0,0,0
Idaho,BINGHAM,9,0,0,106,0,0,0,0
Idaho,BLAINE,1,0,0,1,0,0,0,0
Idaho,BONNER,0,0,0,3,0,0,0,0
Idaho,BONNEVILLE,8,0,0,35,0,0,0,0
Idaho,BOUNDARY,0,0,0,2,0,0,0,0
Idaho,BUTTE,0,0,0,2,0,0,0,0
Idaho,CAMAS,1,0,0,1,0,0,0,0
Idaho,CANYON,28,0,0,16,0,0,0,0
Idaho,CARIBOU,3,0,0,27,0,0,0,0
Idaho,CASSIA,28,1,0,52,0,0,0,0
Idaho,CLARK,0,0,0,3,0,0,0,0
Idaho,CLEARWATER,0,0,0,4,0,0,0,0
Idaho,CUSTER,1,0,0,2,0,0,0,0
Idaho,ELMORE,13,0,0,11,0,0,0,0
Idaho,FRANKLIN,0,0,0,9,0,0,0,0
Idaho,FREMONT,0,0,0,20,0,0,0,0
Idaho,GOODING,23,0,0,3,0,0,0,0
Idaho,IDAHO,1,0,0,35,0,0,0,0
Idaho,JEFFERSON,3,0,0,33,0,0,0,0
Idaho,JEROME,23,0,0,7,0,0,0,0
Idaho,KOOTENAI,0,0,0,10,0,0,0,0
Idaho,LATAH,4,1,0,54,0,0,0,0
Idaho,LEMHI,0,0,0,1,0,0,0,0
Idaho,LEWIS,1,0,0,36,0,0,0,0
Idaho,LINCOLN,6,0,0,2,0,0,0,0
Idaho,MADISON,3,0,0,29,0,0,0,0
Idaho,MINIDOKA,18,0,0,41,0,0,0,0
Idaho,NEZ PERCE,0,0,0,74,0,0,0,0
Idaho,ONEIDA,1,0,0,7,0,0,0,0
Idaho,OWYHEE,11,0,0,1,0,0,0,0
Idaho,PAYETTE,1,0,0,3,0,0,0,0
Idaho,POWER,8,0,0,79,0,0,0,0
Idaho,TETON,0,0,0,1,0,0,0,0
Idaho,TWIN FALLS,30,0,0,20,0,0,0,0
Idaho,VALLEY,0,0,0,2,0,0,0,0
Illinois,ADAMS,87,26,0,2,0,0,0,0
Illinois,BOND,24,0,0,1,0,0,0,0
Illinois,BOONE,34,3,0,1,0,0,0,0
Illinois,BROWN,15,2,0,0,0,0,0,0
Illinois,BUREAU,90,10,0,1,0,0,0,0
Illinois,CHAMPAIGN,157,5,3,4,0,0,0,0
Illinois,CHRISTIAN,92,7,0,3,0,0,0,0
Illinois,CLAY,25,8,0,3,0,0,0,0
Illinois,CLINTON,45,10,0,5,0,0,0,0
Illinois,COLES,65,7,0,3,0,0,0,0
Illinois,COOK,56,0,0,6,0,0,0,0
Illinois,CRAWFORD,47,1,0,0,0,0,0,0
Illinois,DEKALB,114,0,0,5,0,0,0,0
Illinois,DEWITT,43,0,1,1,0,0,0,0
Illinois,DOUGLAS,71,0,0,3,0,0,0,0
Illinois,DUPAGE,37,0,1,4,0,0,0,0
Illinois,EFFINGHAM,52,19,0,0,0,0,0,0
Illinois,FORD,56,6,0,1,0,0,0,0
Illinois,FRANKLIN,26,5,0,8,0,0,0,0
Illinois,GALLATIN,48,0,0,9,0,0,0,0
Illinois,GREENE,31,4,0,1,0,0,0,0
Illinois,HAMILTON,25,0,0,2,0,0,0,0
Illinois,HANCOCK,85,17,0,1,0,0,0,0
Illinois,HENRY,105,14,0,0,0,0,0,0
Illinois,IROQUOIS,140,10,0,1,0,0,0,0
Illinois,JACKSON,17,0,0,9,0,0,0,0
Illinois,JEFFERSON,17,3,0,3,0,0,0,0
Illinois,JERSEY,34,0,0,1,0,0,0,0
Illinois,JOHNSON,6,0,0,1,0,0,0,0
Illinois,KANE,62,3,0,1,0,0,0,0
Illinois,KANKAKEE,107,1,0,4,0,0,0,0
Illinois,LA SALLE,115,1,0,1,0,0,0,0
Illinois,LAKE,17,0,0,2,0,0,0,0
Illinois,LAWRENCE,35,11,0,2,0,0,0,0
Illinois,LEE,100,7,0,1,0,0,0,0
Illinois,LIVINGSTON,120,26,0,1,0,0,0,0
Illinois,LOGAN,77,12,0,0,0,0,0,0
Illinois,MACON,80,1,0,3,0,0,0,0
Illinois,MACOUPIN,84,9,0,3,0,0,0,0
Illinois,MADISON,57,1,0,6,0,0,0,0
Illinois,MARION,29,0,0,1,0,0,0,0
Illinois,MASSAC,11,0,0,1,0,0,0,0
Illinois,MCDONOUGH,77,9,0,3,0,0,0,0
Illinois,MCHENRY,61,4,0,0,0,0,0,0
Illinois,MCLEAN,174,11,0,1,0,0,0,0
Illinois,MERCER,73,20,0,1,0,0,0,0
Illinois,MONROE,25,2,0,8,0,0,0,0
Illinois,MORGAN,67,4,0,3,0,0,0,0
Illinois,MOULTRIE,41,1,0,1,0,0,0,0
Illinois,OGLE,111,18,0,1,0,0,0,0
Illinois,PEORIA,76,3,0,3,0,0,0,0
Illinois,PERRY,13,0,0,5,0,0,0,0
Illinois,PIATT,66,0,0,2,0,0,0,0
Illinois,POPE,0,0,0,1,0,0,0,0
Illinois,RANDOLPH,30,1,0,10,0,0,0,0
Illinois,RICHLAND,39,8,0,3,0,0,0,0
Illinois,ROCK ISLAND,40,5,0,1,0,0,0,0
Illinois,SAINT CLAIR,52,0,2,3,0,0,0,0
Illinois,SANGAMON,143,4,0,5,0,0,0,0
Illinois,SCHUYLER,16,4,0,1,0,0,0,0
Illinois,SHELBY,60,9,0,2,0,0,0,0
Illinois,STARK,25,3,0,0,0,0,0,0
Illinois,STEPHENSON,82,12,0,0,0,0,0,0
Illinois,TAZEWELL,89,10,0,2,0,0,0,0
Illinois,UNION,9,0,1,1,0,0,0,0
Illinois,VERMILION,109,5,0,2,0,0,0,0
Illinois,WABASH,34,0,0,3,0,0,0,0
Illinois,WASHINGTON,55,12,0,15,0,0,0,0
Illinois,WHITE,62,1,0,9,0,0,0,0
Illinois,WHITESIDE,108,18,0,1,0,0,0,0
Illinois,WILL,89,3,0,3,0,0,0,0
Illinois,WILLIAMSON,6,0,0,0,0,0,0,0
Illinois,WOODFORD,63,16,0,3,0,0,0,0
Indiana,ADAMS,41,25,0,0,0,0,0,0
Indiana,ALLEN,42,7,0,5,0,0,0,0
Indiana,BARTHOLOMEW,40,7,0,1,0,0,0,0
Indiana,BENTON,56,0,0,1,0,0,0,0
Indiana,BOONE,57,3,0,2,0,0,0,0
Indiana,CARROLL,82,35,0,1,0,0,0,0
Indiana,CASS,37,12,0,1,0,0,0,0
Indiana,CLAY,44,0,0,0,0,0,0,0
Indiana,CLINTON,67,17,0,1,0,0,0,0
Indiana,DAVIESS,51,9,0,0,0,0,0,0
Indiana,DECATUR,50,22,0,1,0,0,0,0
Indiana,DEKALB,20,0,0,1,0,0,0,0
Indiana,DELAWARE,40,3,0,1,0,0,0,0
Indiana,DUBOIS,48,9,0,2,0,0,0,0
Indiana,ELKHART,44,22,0,0,0,0,0,0
Indiana,FOUNTAIN,33,2,0,1,0,0,0,0
Indiana,FRANKLIN,20,6,0,1,0,0,0,0
Indiana,GIBSON,52,6,0,5,0,0,0,0
Indiana,HAMILTON,57,0,2,1,0,0,0,0
Indiana,HANCOCK,49,12,0,0,0,0,0,0
Indiana,HENDRICKS,48,4,0,1,0,0,0,0
Indiana,HOWARD,41,3,0,1,0,0,0,0
Indiana,HUNTINGTON,29,8,0,2,0,0,0,0
Indiana,JACKSON,34,9,0,2,0,0,0,0
Indiana,JASPER,96,17,0,3,0,0,0,0
Indiana,JEFFERSON,9,0,0,1,0,0,0,0
Indiana,JOHNSON,35,0,0,1,0,0,0,0
Indiana,KNOX,105,7,0,5,0,0,0,0
Indiana,KOSCIUSKO,62,17,0,2,0,0,0,0
Indiana,LAGRANGE,30,19,0,0,0,0,0,0
Indiana,MADISON,62,0,0,1,0,0,0,0
Indiana,MARION,25,0,0,2,0,0,0,0
Indiana,MARSHALL,53,4,0,1,0,0,0,0
Indiana,MARTIN,7,6,0,0,0,0,0,0
Indiana,MORGAN,37,2,0,3,0,0,0,0
Indiana,ORANGE,13,1,0,1,0,0,0,0
Indiana,PORTER,37,0,0,2,0,0,0,0
Indiana,POSEY,62,3,1,8,0,0,0,0
Indiana,PULASKI,83,7,0,3,0,0,0,0
Indiana,PUTNAM,36,6,0,3,0,0,0,0
Indiana,RANDOLPH,43,26,0,1,0,0,0,0
Indiana,RUSH,55,14,0,3,0,0,0,0
Indiana,SHELBY,55,2,0,1,0,0,0,0
Indiana,SPENCER,26,4,0,0,0,0,0,0
Indiana,ST JOSEPH,57,0,0,4,0,0,0,0
Indiana,STEUBEN,24,2,0,1,0,0,0,0
Indiana,SULLIVAN,50,0,0,3,0,0,0,0
Indiana,VANDERBURGH,45,0,0,5,0,0,0,0
Indiana,VIGO,33,0,0,0,0,0,0,0
Indiana,WABASH,50,24,0,0,0,0,0,0
Indiana,WARREN,35,1,0,1,0,0,0,0
Indiana,WAYNE,32,3,0,1,0,0,0,0
Indiana,WELLS,47,24,0,2,0,0,0,0
Indiana,WHITE,91,27,0,1,0,0,0,0
Indiana,WHITLEY,36,19,0,0,0,0,0,0
Iowa,ALLAMAKEE,42,18,0,0,0,0,0,0
Iowa,APPANOOSE,12,0,0,1,0,0,0,0
Iowa,BENTON,73,15,0,0,0,0,0,0
Iowa,BLACK HAWK,75,46,0,2,0,0,0,0
Iowa,BOONE,79,17,1,0,0,0,0,0
Iowa,BUCHANAN,79,55,0,1,0,0,0,0
Iowa,BUENA VISTA,55,75,0,0,0,0,0,0
Iowa,BUTLER,47,39,0,0,0,0,0,0
Iowa,CALHOUN,51,44,0,0,0,0,0,0
Iowa,CARROLL,80,74,0,0,0,0,0,0
Iowa,CASS,58,7,0,0,0,0,0,0
Iowa,CEDAR,57,40,0,0,0,0,0,0
Iowa,CERRO GORDO,92,18,0,3,0,0,0,0
Iowa,CHEROKEE,55,47,0,0,0,0,0,0
Iowa,CHICKASAW,58,33,0,0,0,0,0,0
Iowa,CLARKE,15,3,0,0,0,0,0,0
Iowa,CLAY,53,33,0,3,0,0,0,0
Iowa,CLAYTON,64,35,0,2,0,0,0,0
Iowa,CLINTON,83,29,0,0,0,0,0,0
Iowa,CRAWFORD,78,48,0,2,0,0,0,0
Iowa,DALLAS,85,5,0,1,0,0,0,0
Iowa,DAVIS,12,8,0,0,0,0,0,0
Iowa,DES MOINES,26,13,0,2,0,0,0,0
Iowa,DICKINSON,35,13,0,2,0,0,0,0
Iowa,DUBUQUE,48,31,0,1,0,0,0,0
Iowa,FAYETTE,67,29,0,0,0,0,0,0
Iowa,FLOYD,51,30,0,0,0,0,0,0
Iowa,FRANKLIN,59,66,0,1,0,0,0,0
Iowa,GREENE,84,36,0,2,0,0,0,0
Iowa,GRUNDY,71,34,0,1,0,0,0,0
Iowa,GUTHRIE,66,27,0,2,0,0,0,0
Iowa,HAMILTON,83,60,0,1,0,0,0,0
Iowa,HARDIN,79,72,0,0,0,0,0,0
Iowa,HARRISON,74,5,0,0,0,0,0,0
Iowa,HOWARD,54,34,0,0,0,0,0,0
Iowa,JOHNSON,60,38,0,3,0,0,0,0
Iowa,JONES,63,19,0,0,0,0,0,0
Iowa,KOSSUTH,119,97,0,0,0,0,0,0
Iowa,LEE,35,16,0,1,0,0,0,0
Iowa,LINN,107,13,0,1,0,0,0,0
Iowa,LOUISA,25,36,0,1,0,0,0,0
Iowa,LYON,70,207,0,0,0,0,0,0
Iowa,MADISON,29,8,0,1,0,0,0,0
Iowa,MAHASKA,57,56,0,0,0,0,0,0
Iowa,MARION,43,6,0,1,0,0,0,0
Iowa,MILLS,36,0,0,1,0,0,0,0
Iowa,MITCHELL,54,34,0,1,0,0,0,0
Iowa,MONONA,70,3,0,1,0,0,0,0
Iowa,MONTGOMERY,36,5,0,1,0,0,0,0
Iowa,MUSCATINE,38,24,0,0,0,0,0,0
Iowa,OBRIEN,68,0,0,1,0,0,0,0
Iowa,OSCEOLA,41,81,0,0,0,0,0,0
Iowa,PLYMOUTH,91,153,0,3,0,0,0,0
Iowa,POCAHONTAS,50,22,0,0,0,0,0,0
Iowa,POLK,140,1,0,4,0,0,0,0
Iowa,POTTAWATTAMIE,126,19,0,1,0,0,0,0
Iowa,SAC,75,45,0,1,0,0,0,0
Iowa,SCOTT,67,10,0,0,0,0,0,0
Iowa,SHELBY,51,23,0,1,0,0,0,0
Iowa,SIOUX,122,286,0,4,0,0,0,0
Iowa,STORY,97,21,0,4,0,0,0,0
Iowa,TAMA,66,31,0,2,0,0,0,0
Iowa,TAYLOR,37,5,0,0,0,0,0,0
Iowa,UNION,23,6,0,0,0,0,0,0
Iowa,WAPELLO,25,12,0,1,0,0,0,0
Iowa,WARREN,38,1,1,1,0,0,0,0
Iowa,WASHINGTON,63,142,0,2,0,0,0,0
Iowa,WAYNE,27,2,0,2,0,0,0,0
Iowa,WOODBURY,106,6,3,5,0,0,0,0
Iowa,WRIGHT,67,21,0,1,0,0,0,0
Kansas,ALLEN,13,0,0,5,0,0,0,0
Kansas,ANDERSON,18,0,0,0,0,0,0,0
Kansas,BARBER,6,0,0,67,0,0,0,0
Kansas,BARTON,35,3,0,103,0,0,0,0
Kansas,BOURBON,9,0,0,5,0,0,0,0
Kansas,BROWN,82,4,0,2,0,0,0,0
Kansas,BUTLER,45,4,0,22,0,0,0,0
Kansas,CHASE,3,0,0,2,0,0,0,0
Kansas,CHAUTAUQUA,2,0,0,2,0,0,0,0
Kansas,CHEROKEE,23,0,0,22,0,0,0,0
Kansas,CHEYENNE,34,0,0,58,0,0,0,0
Kansas,CLARK,3,0,0,30,0,0,0,0
Kansas,CLAY,18,7,0,12,0,0,0,0
Kansas,CLOUD,18,0,0,21,0,0,0,0
Kansas,COFFEY,19,0,0,12,0,0,0,0
Kansas,COMANCHE,0,0,0,34,0,0,0,0
Kansas,COWLEY,8,0,0,35,0,0,0,0
Kansas,CRAWFORD,31,0,0,13,0,0,0,0
Kansas,DECATUR,68,0,0,54,0,0,0,0
Kansas,DICKINSON,6,0,0,43,0,0,0,0
Kansas,DOUGLAS,31,0,0,17,0,0,0,0
Kansas,EDWARDS,36,0,0,42,0,0,0,0
Kansas,ELK,2,0,0,1,0,0,0,0
Kansas,ELLIS,16,0,0,45,0,0,0,0
Kansas,ELLSWORTH,2,0,0,31,0,0,0,0
Kansas,FINNEY,87,0,0,133,0,0,0,0
Kansas,FORD,38,0,0,118,0,0,0,0
Kansas,FRANKLIN,18,3,0,9,0,0,0,0
Kansas,GEARY,9,4,0,4,0,0,0,0
Kansas,GOVE,34,0,0,47,0,0,0,0
Kansas,GRAHAM,15,0,0,23,0,0,0,0
Kansas,GRANT,35,2,0,59,0,0,0,0
Kansas,GRAY,53,1,0,90,0,0,0,0
Kansas,GREELEY,25,1,0,68,0,0,0,0
Kansas,GREENWOOD,3,0,0,1,0,0,0,0
Kansas,HAMILTON,16,0,0,63,0,0,0,0
Kansas,HARPER,5,0,0,121,0,0,0,0
Kansas,HARVEY,35,6,0,36,0,0,0,0
Kansas,HASKELL,60,0,0,46,0,0,0,0
Kansas,HODGEMAN,8,0,0,43,0,0,0,0
Kansas,JACKSON,11,2,0,2,0,0,0,0
Kansas,JEFFERSON,23,0,0,4,0,0,0,0
Kansas,JEWELL,19,0,0,13,0,0,0,0
Kansas,JOHNSON,61,0,1,48,0,0,0,0
Kansas,KEARNY,29,1,0,51,0,0,0,0
Kansas,KINGMAN,12,0,0,106,0,0,0,0
Kansas,KIOWA,11,0,0,28,0,0,0,0
Kansas,LABETTE,17,0,0,17,0,0,0,0
Kansas,LANE,22,0,0,53,0,0,0,0
Kansas,LEAVENWORTH,12,0,0,2,0,0,0,0
Kansas,LINCOLN,3,0,0,47,0,0,0,0
Kansas,LINN,8,0,0,1,0,0,0,0
Kansas,LOGAN,34,0,0,32,0,0,0,0
Kansas,LYON,21,0,0,4,0,0,0,0
Kansas,MARION,21,14,0,30,0,0,0,0
Kansas,MARSHALL,41,3,0,4,0,0,0,0
Kansas,MCPHERSON,16,12,0,72,0,0,0,0
Kansas,MEADE,48,0,0,53,0,0,0,0
Kansas,MIAMI,8,0,0,5,0,0,0,0
Kansas,MITCHELL,16,1,0,44,0,0,0,0
Kansas,MONTGOMERY,24,1,0,16,0,0,0,0
Kansas,MORRIS,6,0,0,9,0,0,0,0
Kansas,MORTON,18,2,0,40,0,0,0,0
Kansas,NEMAHA,43,18,0,1,0,0,0,0
Kansas,NEOSHO,15,0,0,14,0,0,0,0
Kansas,NESS,9,0,0,43,0,0,0,0
Kansas,NORTON,60,1,0,34,0,0,0,0
Kansas,OSAGE,10,0,0,4,0,0,0,0
Kansas,OSBORNE,8,0,0,40,0,0,0,0
Kansas,OTTAWA,3,0,0,33,0,0,0,0
Kansas,PAWNEE,30,0,0,63,0,0,0,0
Kansas,PHILLIPS,43,4,0,37,0,0,0,0
Kansas,POTTAWATOMIE,31,1,0,9,0,0,0,0
Kansas,PRATT,39,2,0,85,0,0,0,0
Kansas,RAWLINS,54,0,0,71,0,0,0,0
Kansas,RENO,21,2,0,105,0,0,0,0
Kansas,REPUBLIC,36,0,0,8,0,0,0,0
Kansas,RICE,16,1,0,74,0,0,0,0
Kansas,RILEY,26,1,0,22,0,0,0,0
Kansas,ROOKS,11,0,0,36,0,0,0,0
Kansas,RUSH,1,1,0,38,0,0,0,0
Kansas,RUSSELL,2,0,0,47,0,0,0,0
Kansas,SALINE,11,0,0,59,0,0,0,0
Kansas,SCOTT,56,2,0,96,0,0,0,0
Kansas,SEDGWICK,73,0,0,148,0,0,0,0
Kansas,SEWARD,20,0,0,30,0,0,0,0
Kansas,SHAWNEE,32,0,0,15,0,0,0,0
Kansas,SHERIDAN,84,0,0,33,0,0,0,0
Kansas,SHERMAN,94,0,0,91,0,0,0,0
Kansas,SMITH,41,0,0,38,0,0,0,0
Kansas,STAFFORD,22,1,0,47,0,0,0,0
Kansas,STANTON,54,1,0,73,0,0,0,0
Kansas,STEVENS,85,1,0,73,0,0,0,0
Kansas,SUMNER,26,0,0,182,0,0,0,0
Kansas,THOMAS,141,0,0,118,0,0,0,0
Kansas,TREGO,15,0,0,29,0,0,0,0
Kansas,WABAUNSEE,8,1,0,2,0,0,0,0
Kansas,WALLACE,50,1,0,34,0,0,0,0
Kansas,WASHINGTON,55,7,0,14,0,0,0,0
Kansas,WICHITA,51,1,0,68,0,0,0,0
Kansas,WILSON,23,0,0,10,0,0,0,0
Kansas,WOODSON,14,0,0,4,0,0,0,0
Kansas,WYANDOTTE,4,0,0,4,0,0,0,0
Kentucky,BALLARD,13,0,0,1,0,0,0,0
Kentucky,BOONE,2,0,0,1,0,0,0,0
Kentucky,BRECKINRIDGE,8,0,0,1,0,0,0,0
Kentucky,BUTLER,7,0,0,1,0,0,0,0
Kentucky,CALDWELL,8,0,0,4,0,0,0,0
Kentucky,CALLOWAY,26,1,0,2,0,0,0,0
Kentucky,CARLISLE,17,2,0,2,0,0,0,0
Kentucky,CASEY,2,0,0,1,0,0,0,0
Kentucky,CHRISTIAN,58,0,0,51,0,0,0,0
Kentucky,CRITTENDEN,7,0,0,1,0,0,0,0
Kentucky,DAVIESS,98,1,0,7,0,0,0,0
Kentucky,FLEMING,3,0,0,1,0,0,0,0
Kentucky,FULTON,14,2,0,3,0,0,0,0
Kentucky,GRAVES,55,4,0,6,0,0,0,0
Kentucky,GREEN,3,0,0,1,0,0,0,0
Kentucky,HICKMAN,20,5,0,6,0,0,0,0
Kentucky,HOPKINS,12,1,0,2,0,0,0,0
Kentucky,JEFFERSON,7,0,0,3,0,0,0,0
Kentucky,JESSAMINE,1,0,0,1,0,0,0,0
Kentucky,LARUE,7,0,0,2,0,0,0,0
Kentucky,LOGAN,31,1,0,19,0,0,0,0
Kentucky,LYON,7,0,0,2,0,0,0,0
Kentucky,MADISON,3,0,0,1,0,0,0,0
Kentucky,MARSHALL,7,2,0,4,0,0,0,0
Kentucky,MCCRACKEN,7,0,0,1,0,0,0,0
Kentucky,MCLEAN,18,0,0,4,0,0,0,0
Kentucky,MONROE,1,0,0,1,0,0,0,0
Kentucky,MUHLENBERG,5,2,0,1,0,0,0,0
Kentucky,NELSON,12,0,0,5,0,0,0,0
Kentucky,PULASKI,3,0,0,1,0,0,0,0
Kentucky,SCOTT,2,0,0,1,0,0,0,0
Kentucky,SIMPSON,15,0,0,13,0,0,0,0
Kentucky,SPENCER,5,0,0,1,0,0,0,0
Kentucky,TODD,38,5,0,21,0,0,0,0
Kentucky,TRIGG,21,0,0,13,0,0,0,0
Kentucky,UNION,90,0,0,3,0,0,0,0
Kentucky,WARREN,16,3,1,8,0,0,0,0
Kentucky,WOODFORD,1,0,0,0,0,0,0,0
Louisiana,ACADIA,1,0,46,4,0,0,0,0
Louisiana,AVOYELLES,8,0,14,2,0,0,0,0
Louisiana,BOSSIER,1,0,2,2,0,0,0,0
Louisiana,CADDO,14,0,4,3,0,0,0,0
Louisiana,CALCASIEU,4,0,10,1,0,0,0,0
Louisiana,CATAHOULA,20,0,10,5,0,0,0,0
Louisiana,CONCORDIA,19,0,17,4,0,0,0,0
Louisiana,EAST BATON ROUGE,6,0,3,1,0,0,0,0
Louisiana,EAST CARROLL,35,0,3,4,0,0,0,0
Louisiana,FRANKLIN,71,0,6,4,0,0,0,0
Louisiana,IBERVILLE,1,0,0,1,0,0,0,0
Louisiana,JEFFERSON,1,0,1,2,0,0,0,0
Louisiana,LA SALLE,2,0,0,1,0,0,0,0
Louisiana,LAFAYETTE,2,0,8,2,0,0,0,0
Louisiana,MADISON,71,0,17,9,0,0,0,0
Louisiana,MOREHOUSE,76,0,35,8,0,0,0,0
Louisiana,NATCHITOCHES,18,0,2,3,0,0,0,0
Louisiana,ORLEANS,5,0,1,1,0,0,0,0
Louisiana,OUACHITA,31,0,14,5,0,0,0,0
Louisiana,POINTE COUPEE,12,0,3,16,0,0,0,0
Louisiana,RAPIDES,7,0,6,1,0,0,0,0
Louisiana,RICHLAND,53,0,18,6,0,0,0,0
Louisiana,SAINT CHARLES,2,0,0,1,0,0,0,0
Louisiana,SAINT LANDRY,8,0,20,2,0,0,0,0
Louisiana,SAINT TAMMANY,2,0,1,1,0,0,0,0
Louisiana,TENSAS,40,0,1,1,0,0,0,0
Louisiana,UNION,1,0,0,1,0,0,0,0
Louisiana,VERMILION,1,0,18,0,0,0,0,0
Louisiana,WEST BATON ROUGE,1,0,1,1,0,0,0,0
Louisiana,WEST CARROLL,33,0,17,13,0,0,0,0
Louisiana,WEST FELICIANA,0,0,0,1,0,0,0,0
Maine,ANDROSCOGGIN,0,0,0,0,0,0,0,0
Maine,CUMBERLAND,3,0,0,1,0,0,0,0
Maryland,ANNE ARUNDEL,4,0,0,1,0,0,0,0
Maryland,BALTIMORE CITY,0,0,0,2,0,0,0,0
Maryland,CAROLINE,18,0,0,1,0,0,0,0
Maryland,CARROLL,25,0,0,3,0,0,0,0
Maryland,CECIL,6,1,0,1,0,0,0,0
Maryland,FREDERICK,15,1,1,1,0,0,0,0
Maryland,HARFORD,16,0,0,3,0,0,0,0
Maryland,HOWARD,0,0,0,2,0,0,0,0
Maryland,KENT,24,1,0,6,0,0,0,0
Maryland,MONTGOMERY,13,0,1,6,0,0,0,0
Maryland,QUEEN ANNES,20,0,0,2,0,0,0,0
Maryland,SAINT MARYS,4,0,0,1,0,0,0,0
Maryland,SOMERSET,4,0,0,1,0,0,0,0
Maryland,TALBOT,20,0,0,2,0,0,0,0
Maryland,WASHINGTON,4,1,0,2,0,0,0,0
Maryland,WICOMICO,15,0,0,2,0,0,0,0
Maryland,WORCESTER,28,0,0,3,0,0,0,0
Massachusetts,ESSEX,1,0,0,1,0,0,0,0
Massachusetts,FRANKLIN,2,0,0,1,0,0,0,0
Massachusetts,MIDDLESEX,6,0,0,5,0,0,0,0
Massachusetts,NORFOLK,4,0,0,1,0,0,0,0
Massachusetts,PLYMOUTH,1,0,0,2,0,0,0,0
Michigan,ALLEGAN,70,25,0,5,0,0,0,0
Michigan,ANTRIM,1,0,0,1,0,0,0,0
Michigan,BARRY,18,0,0,1,0,0,0,0
Michigan,BAY,29,0,0,2,0,0,0,0
Michigan,BERRIEN,43,6,0,1,0,0,0,0
Michigan,BRANCH,50,12,0,2,0,0,0,0
Michigan,CALHOUN,40,2,0,5,0,0,0,0
Michigan,CASS,51,16,0,3,0,0,0,0
Michigan,CLINTON,42,4,0,10,0,0,0,0
Michigan,EATON,29,0,0,6,0,0,0,0
Michigan,GENESEE,22,0,0,1,0,0,0,0
Michigan,GLADWIN,3,0,0,0,0,0,0,0
Michigan,GRATIOT,55,7,0,3,0,0,0,0
Michigan,HILLSDALE,35,4,0,3,0,0,0,0
Michigan,HURON,82,14,0,23,0,0,0,0
Michigan,INGHAM,50,0,0,11,0,0,0,0
Michigan,IONIA,29,10,0,3,0,0,0,0
Michigan,IOSCO,5,0,0,1,0,0,0,0
Michigan,ISABELLA,25,0,0,6,0,0,0,0
Michigan,JACKSON,31,0,0,6,0,0,0,0
Michigan,KALAMAZOO,44,9,0,5,0,0,0,0
Michigan,KENT,40,4,0,1,0,0,0,0
Michigan,LAPEER,20,0,0,1,0,0,0,0
Michigan,LENAWEE,52,1,0,8,0,0,0,0
Michigan,MACOMB,8,0,0,1,0,0,0,0
Michigan,MIDLAND,23,2,0,1,0,0,0,0
Michigan,MISSAUKEE,14,0,0,1,0,0,0,0
Michigan,MONROE,25,0,0,3,0,0,0,0
Michigan,MONTCALM,46,10,0,6,0,0,0,0
Michigan,MUSKEGON,10,4,0,1,0,0,0,0
Michigan,NEWAYGO,14,0,0,0,0,0,0,0
Michigan,OAKLAND,12,0,0,3,0,0,0,0
Michigan,OCEANA,12,8,0,2,0,0,0,0
Michigan,OSCEOLA,3,3,0,1,0,0,0,0
Michigan,OTTAWA,32,20,0,3,0,0,0,0
Michigan,SAGINAW,55,2,0,4,0,0,0,0
Michigan,SAINT CLAIR,12,0,0,4,0,0,0,0
Michigan,SAINT JOSEPH,58,0,0,1,0,0,0,0
Michigan,SANILAC,57,1,0,18,0,0,0,0
Michigan,SHIAWASSEE,24,0,0,7,0,0,0,0
Michigan,TUSCOLA,46,3,0,12,0,0,0,0
Michigan,WASHTENAW,27,0,0,2,0,0,0,0
Michigan,WAYNE,7,0,0,1,0,0,0,0
Minnesota,ANOKA,7,0,0,3,0,0,0,0
Minnesota,BECKER,50,3,0,30,0,0,0,0
Minnesota,BELTRAMI,3,0,1,6,0,0,0,0
Minnesota,BENTON,13,7,0,1,0,0,0,0
Minnesota,BIG STONE,37,5,0,3,0,0,0,0
Minnesota,BLUE EARTH,94,83,0,1,0,0,0,0
Minnesota,BROWN,72,37,0,1,0,0,0,0
Minnesota,CARLTON,0,0,0,1,0,0,0,0
Minnesota,CARVER,34,4,0,2,0,0,0,0
Minnesota,CASS,4,0,0,2,0,0,0,0
Minnesota,CHIPPEWA,73,11,0,2,0,0,0,0
Minnesota,CHISAGO,4,0,0,1,0,0,0,0
Minnesota,CLAY,95,3,0,60,0,0,0,0
Minnesota,CLEARWATER,2,0,2,1,0,0,0,0
Minnesota,COTTONWOOD,66,42,0,1,0,0,0,0
Minnesota,CROW WING,3,0,0,2,0,0,0,0
Minnesota,DAKOTA,76,2,0,13,0,0,0,0
Minnesota,DOUGLAS,25,0,0,7,0,0,0,0
Minnesota,FARIBAULT,77,53,0,2,0,0,0,0
Minnesota,FILLMORE,68,32,0,1,0,0,0,0
Minnesota,FREEBORN,73,34,0,0,0,0,0,0
Minnesota,GOODHUE,64,31,0,2,0,0,0,0
Minnesota,GRANT,70,1,0,20,0,0,0,0
Minnesota,HENNEPIN,78,0,1,22,0,0,0,0
Minnesota,HOUSTON,18,7,0,0,0,0,0,0
Minnesota,HUBBARD,23,0,0,12,0,0,0,0
Minnesota,ISANTI,18,5,0,2,0,0,0,0
Minnesota,ITASCA,0,0,0,2,0,0,0,0
Minnesota,JACKSON,76,45,0,1,0,0,0,0
Minnesota,KANDIYOHI,136,22,0,0,0,0,0,0
Minnesota,KITTSON,7,0,0,100,0,0,0,0
Minnesota,KOOCHICHING,1,0,0,2,0,0,0,0
Minnesota,LAC QUI PARLE,49,38,0,1,0,0,0,0
Minnesota,LAKE OF THE WOODS,2,0,0,9,0,0,0,0
Minnesota,LYON,83,64,0,7,0,0,0,0
Minnesota,MAHNOMEN,11,0,1,6,0,0,0,0
Minnesota,MARSHALL,17,0,0,135,0,0,0,0
Minnesota,MARTIN,118,149,0,5,0,0,0,0
Minnesota,MCLEOD,64,2,0,1,0,0,0,0
Minnesota,MILLE LACS,9,0,0,1,0,0,0,0
Minnesota,MORRISON,39,22,0,1,0,0,0,0
Minnesota,MOWER,88,51,0,2,0,0,0,0
Minnesota,MURRAY,69,46,0,3,0,0,0,0
Minnesota,NICOLLET,64,77,0,2,0,0,0,0
Minnesota,NOBLES,81,96,0,1,0,0,0,0
Minnesota,NORMAN,41,2,0,52,0,0,0,0
Minnesota,OLMSTED,90,6,0,6,0,0,0,0
Minnesota,OTTER TAIL,76,0,0,15,0,0,0,0
Minnesota,PENNINGTON,7,0,0,40,0,0,0,0
Minnesota,PIPESTONE,36,24,0,1,0,0,0,0
Minnesota,POLK,66,1,0,182,0,0,0,0
Minnesota,POPE,50,8,0,2,0,0,0,0
Minnesota,RAMSEY,12,0,0,4,0,0,0,0
Minnesota,RED LAKE,6,0,0,28,0,0,0,0
Minnesota,REDWOOD,95,80,0,3,0,0,0,0
Minnesota,RENVILLE,162,45,0,5,0,0,0,0
Minnesota,RICE,60,25,0,2,0,0,0,0
Minnesota,ROCK,40,88,0,2,0,0,0,0
Minnesota,ROSEAU,7,6,1,56,0,0,0,0
Minnesota,SAINT LOUIS,0,0,0,2,0,0,0,0
Minnesota,SCOTT,30,1,0,3,0,0,0,0
Minnesota,SHERBURNE,26,2,0,1,0,0,0,0
Minnesota,STEARNS,95,11,0,2,0,0,0,0
Minnesota,STEELE,54,24,0,2,0,0,0,0
Minnesota,STEVENS,88,31,0,3,0,0,0,0
Minnesota,SWIFT,72,7,0,2,0,0,0,0
Minnesota,TRAVERSE,56,5,0,16,0,0,0,0
Minnesota,WABASHA,29,9,0,1,0,0,0,0
Minnesota,WADENA,6,0,0,0,0,0,0,0
Minnesota,WASECA,36,41,0,1,0,0,0,0
Minnesota,WASHINGTON,20,0,0,2,0,0,0,0
Minnesota,WATONWAN,43,33,0,0,0,0,0,0
Minnesota,WILKIN,65,0,0,49,0,0,0,0
Minnesota,WINONA,35,3,0,0,0,0,0,0
Minnesota,WRIGHT,40,1,0,2,0,0,0,0
Minnesota,YELLOW MEDICINE,62,28,0,0,0,0,0,0
Mississippi,ADAMS,4,0,5,2,0,0,0,0
Mississippi,BOLIVAR,31,0,30,22,0,0,0,0
Mississippi,CLAIBORNE,3,0,0,2,0,0,0,0
Mississippi,COAHOMA,22,0,5,5,0,0,0,0
Mississippi,COVINGTON,0,0,0,1,0,0,0,0
Mississippi,DESOTO,10,0,4,8,0,0,0,0
Mississippi,HOLMES,19,0,0,1,0,0,0,0
Mississippi,JACKSON,0,0,0,1,0,0,0,0
Mississippi,JEFFERSON DAVIS,0,0,0,1,0,0,0,0
Mississippi,LAUDERDALE,3,0,0,1,0,0,0,0
Mississippi,LEE,3,0,0,3,0,0,0,0
Mississippi,LEFLORE,63,0,4,5,0,0,0,0
Mississippi,LOWNDES,5,1,0,2,0,0,0,0
Mississippi,MARSHALL,4,0,0,2,0,0,0,0
Mississippi,PANOLA,13,0,4,2,0,0,0,0
Mississippi,PONTOTOC,3,0,0,1,0,0,0,0
Mississippi,RANKIN,8,0,0,2,0,0,0,0
Mississippi,SHARKEY,25,0,1,4,0,0,0,0
Mississippi,SMITH,0,0,0,1,0,0,0,0
Mississippi,SUNFLOWER,35,0,8,5,0,0,0,0
Mississippi,TALLAHATCHIE,10,0,2,2,0,0,0,0
Mississippi,TATE,1,0,1,1,0,0,0,0
Mississippi,TISHOMINGO,0,0,0,1,0,0,0,0
Mississippi,TUNICA,21,0,20,9,0,0,0,0
Mississippi,WARREN,10,0,0,1,0,0,0,0
Mississippi,WASHINGTON,69,0,13,7,0,0,0,0
Mississippi,WEBSTER,4,1,0,1,0,0,0,0
Mississippi,YAZOO,44,0,0,4,0,0,0,0
Missouri,ATCHISON,58,0,0,2,0,0,0,0
Missouri,AUDRAIN,38,12,0,4,0,0,0,0
Missouri,BARTON,26,18,0,9,0,0,0,0
Missouri,BATES,36,6,0,6,0,0,0,0
Missouri,BENTON,2,1,0,0,0,0,0,0
Missouri,BOONE,18,1,0,6,0,0,0,0
Missouri,BUCHANAN,20,0,0,1,0,0,0,0
Missouri,BUTLER,15,0,36,1,0,0,0,0
Missouri,CALDWELL,8,1,0,2,0,0,0,0
Missouri,CALLAWAY,21,11,0,8,0,0,0,0
Missouri,CAPE GIRARDEAU,11,0,2,2,0,0,0,0
Missouri,CARROLL,44,1,0,2,0,0,0,0
Missouri,CASS,21,3,0,2,0,0,0,0
Missouri,CHARITON,27,7,0,0,0,0,0,0
Missouri,CHRISTIAN,3,0,0,3,0,0,0,0
Missouri,CLARK,14,4,0,1,0,0,0,0
Missouri,CLAY,18,0,0,2,0,0,0,0
Missouri,COOPER,20,1,1,2,0,0,0,0
Missouri,DADE,9,0,0,5,0,0,0,0
Missouri,DAVIESS,11,14,0,1,0,0,0,0
Missouri,DEKALB,15,0,0,0,0,0,0,0
Missouri,DUNKLIN,25,0,14,6,0,0,0,0
Missouri,FRANKLIN,11,4,0,0,0,0,0,0
Missouri,GREENE,3,0,0,6,0,0,0,0
Missouri,HARRISON,24,2,0,2,0,0,0,0
Missouri,HENRY,9,8,0,2,0,0,0,0
Missouri,HOLT,45,0,0,2,0,0,0,0
Missouri,HOWARD,25,0,0,1,0,0,0,0
Missouri,IRON,0,0,0,1,0,0,0,0
Missouri,JACKSON,31,0,0,17,0,0,0,0
Missouri,JASPER,11,0,0,11,0,0,0,0
Missouri,JEFFERSON,2,0,0,2,0,0,0,0
Missouri,LAWRENCE,8,0,0,2,0,0,0,0
Missouri,LINCOLN,24,2,0,0,0,0,0,0
Missouri,LINN,16,1,0,3,0,0,0,0
Missouri,LIVINGSTON,24,6,0,4,0,0,0,0
Missouri,MARIES,0,5,0,0,0,0,0,0
Missouri,MCDONALD,1,0,0,1,0,0,0,0
Missouri,MISSISSIPPI,40,0,0,23,0,0,0,0
Missouri,MONITEAU,7,0,0,1,0,0,0,0
Missouri,MONROE,29,18,0,1,0,0,0,0
Missouri,MONTGOMERY,14,2,0,2,0,0,0,0
Missouri,NEW MADRID,23,0,19,2,0,0,0,0
Missouri,NEWTON,2,0,0,3,0,0,0,0
Missouri,NODAWAY,53,0,0,1,0,0,0,0
Missouri,OSAGE,5,5,0,0,0,0,0,0
Missouri,PEMISCOT,10,0,27,12,0,0,0,0
Missouri,PLATTE,25,0,0,5,0,0,0,0
Missouri,RALLS,16,3,0,2,0,0,0,0
Missouri,RANDOLPH,7,3,0,1,0,0,0,0
Missouri,RAY,25,0,0,1,0,0,0,0
Missouri,SAINT CHARLES,33,0,0,2,0,0,0,0
Missouri,SAINT CLAIR,6,0,0,1,0,0,0,0
Missouri,SAINT LOUIS,22,0,0,5,0,0,0,0
Missouri,SAINT LOUIS CITY,5,0,0,2,0,0,0,0
Missouri,SAINTE GENEVIEVE,13,0,0,1,0,0,0,0
Missouri,SALINE,65,13,0,2,0,0,0,0
Missouri,SCOTLAND,10,33,0,1,0,0,0,0
Missouri,SCOTT,70,1,18,9,0,0,0,0
Missouri,SHANNON,1,0,0,1,0,0,0,0
Missouri,SHELBY,21,21,0,2,0,0,0,0
Missouri,STODDARD,79,0,30,15,0,0,0,0
Missouri,STONE,3,0,0,7,0,0,0,0
Missouri,TANEY,3,0,0,2,0,0,0,0
Missouri,VERNON,14,8,0,6,0,0,0,0
Missouri,WARREN,8,1,0,2,0,0,0,0
Montana,BEAVERHEAD,0,0,0,11,0,0,0,0
Montana,BIG HORN,4,0,0,30,0,0,0,0
Montana,BLAINE,2,1,0,92,0,0,0,0
Montana,BROADWATER,1,0,0,12,0,0,0,0
Montana,CARBON,1,0,0,5,0,0,0,0
Montana,CARTER,0,0,0,10,0,0,0,0
Montana,CASCADE,1,7,0,146,0,0,0,0
Montana,CHOUTEAU,3,2,0,204,0,0,0,0
Montana,CUSTER,5,0,0,21,0,0,0,0
Montana,DANIELS,1,0,0,77,0,0,0,0
Montana,DAWSON,5,0,0,100,0,0,0,0
Montana,DEER LODGE,1,0,0,1,0,0,0,0
Montana,FALLON,7,0,0,19,0,0,0,0
Montana,FERGUS,0,0,0,69,0,0,0,0
Montana,FLATHEAD,3,3,0,27,0,0,0,0
Montana,GALLATIN,4,0,0,44,0,0,0,0
Montana,GARFIELD,1,0,0,28,0,0,0,0
Montana,GLACIER,3,5,0,50,0,0,0,0
Montana,GOLDEN VALLEY,0,1,0,7,0,0,0,0
Montana,GRANITE,0,0,0,2,0,0,0,0
Montana,HILL,5,4,0,197,0,0,0,0
Montana,JEFFERSON,0,0,0,2,0,0,0,0
Montana,JUDITH BASIN,3,0,0,33,0,0,0,0
Montana,LAKE,0,0,0,9,0,0,0,0
Montana,LEWIS AND CLARK,3,2,0,21,0,0,0,0
Montana,LIBERTY,1,3,0,120,0,0,0,0
Montana,LINCOLN,0,0,0,1,0,0,0,0
Montana,MADISON,1,0,0,6,0,0,0,0
Montana,MCCONE,0,1,0,66,0,0,0,0
Montana,MCKENZIE,1,0,0,1,0,0,0,0
Montana,MEAGHER,1,1,0,8,0,0,0,0
Montana,MISSOULA,5,0,0,16,0,0,0,0
Montana,MUSSELSHELL,1,0,0,13,0,0,0,0
Montana,PARK,0,0,0,3,0,0,0,0
Montana,PETROLEUM,0,0,0,7,0,0,0,0
Montana,PHILLIPS,0,0,0,62,0,0,0,0
Montana,PONDERA,3,4,0,80,0,0,0,0
Montana,POWDER RIVER,0,0,0,4,0,0,0,0
Montana,PRAIRIE,3,0,0,13,0,0,0,0
Montana,RAVALLI,1,0,0,4,0,0,0,0
Montana,RICHLAND,8,0,0,79,0,0,0,0
Montana,ROOSEVELT,3,0,0,112,0,0,0,0
Montana,ROSEBUD,3,0,0,20,0,0,0,0
Montana,SANDERS,0,0,0,2,0,0,0,0
Montana,SHERIDAN,3,0,0,133,0,0,0,0
Montana,SILVER BOW,0,0,0,4,0,0,0,0
Montana,STILLWATER,1,0,0,19,0,0,0,0
Montana,SWEET GRASS,1,0,0,3,0,0,0,0
Montana,TETON,3,2,0,75,0,0,0,0
Montana,TOOLE,0,3,0,105,0,0,0,0
Montana,TREASURE,0,0,0,3,0,0,0,0
Montana,VALLEY,1,0,0,121,0,0,0,0
Montana,WHEATLAND,3,3,0,20,0,0,0,0
Montana,WIBAUX,0,0,0,11,0,0,0,0
Montana,YELLOWSTONE,9,1,0,93,0,0,0,0
Nebraska,ADAMS,144,6,0,8,0,0,0,0
Nebraska,ANTELOPE,113,17,0,0,0,0,0,0
Nebraska,BANNER,12,0,0,16,0,0,0,0
Nebraska,BOONE,76,1,0,0,0,0,0,0
Nebraska,BOX BUTTE,71,0,0,58,0,0,0,0
Nebraska,BROWN,29,2,0,2,0,0,0,0
Nebraska,BUFFALO,146,2,0,6,0,0,0,0
Nebraska,BURT,52,3,0,0,0,0,0,0
Nebraska,BUTLER,71,7,0,0,0,0,0,0
Nebraska,CEDAR,66,18,0,1,0,0,0,0
Nebraska,CHASE,112,1,0,23,0,0,0,0
Nebraska,CHERRY,20,0,0,4,0,0,0,0
Nebraska,CHEYENNE,28,0,0,74,0,0,0,0
Nebraska,CLAY,103,8,0,3,0,0,0,0
Nebraska,COLFAX,44,19,0,1,0,0,0,0
Nebraska,CUSTER,105,1,0,1,0,0,0,0
Nebraska,DAWES,4,0,0,7,0,0,0,0
Nebraska,DAWSON,132,6,0,2,0,0,0,0
Nebraska,DEUEL,17,0,0,23,0,0,0,0
Nebraska,DODGE,74,12,0,2,0,0,0,0
Nebraska,DOUGLAS,102,0,0,15,0,0,0,0
Nebraska,DUNDY,42,0,0,7,0,0,0,0
Nebraska,FILLMORE,110,8,0,1,0,0,0,0
Nebraska,FRANKLIN,47,0,0,3,0,0,0,0
Nebraska,FRONTIER,42,0,0,3,0,0,0,0
Nebraska,FURNAS,80,1,1,14,0,0,0,0
Nebraska,GAGE,76,10,0,4,0,0,0,0
Nebraska,GARDEN,11,0,0,14,0,0,0,0
Nebraska,GOSPER,28,1,0,1,0,0,0,0
Nebraska,GREELEY,38,1,0,2,0,0,0,0
Nebraska,HALL,140,4,0,0,0,0,0,0
Nebraska,HAMILTON,105,2,0,0,0,0,0,0
Nebraska,HARLAN,38,2,0,5,0,0,0,0
Nebraska,HAYES,23,0,0,5,0,0,0,0
Nebraska,HITCHCOCK,29,0,0,17,0,0,0,0
Nebraska,HOLT,93,6,0,1,0,0,0,0
Nebraska,HOWARD,48,1,0,0,0,0,0,0
Nebraska,JEFFERSON,56,3,0,3,0,0,0,0
Nebraska,KEARNEY,95,0,0,0,0,0,0,0
Nebraska,KEITH,99,0,0,25,0,0,0,0
Nebraska,KEYA PAHA,5,0,0,1,0,0,0,0
Nebraska,KIMBALL,13,0,0,40,0,0,0,0
Nebraska,KNOX,27,22,0,0,0,0,0,0
Nebraska,LANCASTER,125,3,0,10,0,0,0,0
Nebraska,LINCOLN,115,0,0,12,0,0,0,0
Nebraska,MADISON,74,12,0,0,0,0,0,0
Nebraska,MERRICK,70,2,0,0,0,0,0,0
Nebraska,MORRILL,29,0,0,6,0,0,0,0
Nebraska,NUCKOLLS,47,0,0,5,0,0,0,0
Nebraska,OGLALA LAKOTA,0,0,0,1,0,0,0,0
Nebraska,OTOE,55,9,0,5,0,0,0,0
Nebraska,PERKINS,106,3,0,24,0,0,0,0
Nebraska,PHELPS,130,1,0,6,0,0,0,0
Nebraska,PIERCE,60,23,0,1,0,0,0,0
Nebraska,PLATTE,120,49,0,4,0,0,0,0
Nebraska,RED WILLOW,79,5,0,24,0,0,0,0
Nebraska,RICHARDSON,37,2,0,1,0,0,0,0
Nebraska,SALINE,51,8,0,1,0,0,0,0
Nebraska,SARPY,29,0,0,7,0,0,0,0
Nebraska,SAUNDERS,69,2,0,0,0,0,0,0
Nebraska,SCOTTS BLUFF,72,3,0,24,0,0,0,0
Nebraska,SEDGWICK,0,0,0,1,0,0,0,0
Nebraska,SEWARD,76,4,0,6,0,0,0,0
Nebraska,SHERIDAN,25,0,0,10,0,0,0,0
Nebraska,THAYER,81,1,0,6,0,0,0,0
Nebraska,WASHINGTON,44,7,0,6,0,0,0,0
Nebraska,WAYNE,43,6,0,1,0,0,0,0
Nebraska,WEBSTER,45,4,0,1,0,0,0,0
Nebraska,YORK,122,10,0,1,0,0,0,0
Nevada,CHURCHILL,0,0,0,4,0,0,0,0
Nevada,CLARK,14,1,0,13,0,0,0,0
Nevada,DOUGLAS,1,0,0,1,0,0,0,0
Nevada,ELKO,1,0,0,4,0,0,0,0
Nevada,HUMBOLDT,0,0,0,4,0,0,0,0
Nevada,LANDER,0,0,0,1,0,0,0,0
Nevada,LYON,2,0,0,3,0,0,0,0
Nevada,NYE,0,0,0,1,0,0,0,0
Nevada,PERSHING,2,0,0,3,0,0,0,0
Nevada,WASHOE,6,0,0,5,0,0,0,0
Nevada,WHITE PINE,0,0,0,2,0,0,0,0
New Hampshire,COOS,2,0,0,1,0,0,0,0
New Hampshire,HILLSBOROUGH,2,1,0,2,0,0,0,0
New Hampshire,MERRIMACK,0,0,0,3,0,0,0,0
New Hampshire,ROCKINGHAM,0,0,0,1,0,0,0,0
New Hampshire,STRAFFORD,0,0,0,0,0,0,0,0
New Jersey,ATLANTIC,0,0,0,1,0,0,0,0
New Jersey,BURLINGTON,3,0,0,1,0,0,0,0
New Jersey,CUMBERLAND,1,0,0,1,0,0,0,0
New Jersey,ESSEX,0,0,0,1,0,0,0,0
New Jersey,MERCER,3,0,0,1,0,0,0,0
New Jersey,MONMOUTH,0,0,0,1,0,0,0,0
New Jersey,SALEM,8,0,0,1,0,0,0,0
New Jersey,UNION,1,0,0,1,0,0,0,0
New Mexico,BERNALILLO,5,0,0,12,0,0,0,0
New Mexico,CHAVES,12,0,0,5,0,0,0,0
New Mexico,CURRY,15,0,0,72,0,0,0,0
New Mexico,DE BACA,0,0,0,1,0,0,0,0
New Mexico,DONA ANA,4,0,0,1,0,0,0,0
New Mexico,LEA,3,0,0,12,0,0,0,0
New Mexico,LINCOLN,0,0,0,1,0,0,0,0
New Mexico,LOS ALAMOS,0,0,0,2,0,0,0,0
New Mexico,LUNA,1,0,0,1,0,0,0,0
New Mexico,OTERO,0,0,0,2,0,0,0,0
New Mexico,QUAY,3,0,0,33,0,0,0,0
New Mexico,RIO ARRIBA,1,0,0,1,0,0,0,0
New Mexico,ROOSEVELT,8,0,0,28,0,0,0,0
New Mexico,SAN JUAN,1,0,0,3,0,0,0,0
New Mexico,SAN MIGUEL,0,0,0,1,0,0,0,0
New Mexico,SANDOVAL,1,0,0,3,0,0,0,0
New Mexico,SANTA FE,8,0,0,8,0,0,0,0
New Mexico,SIERRA,0,0,0,1,0,0,0,0
New Mexico,SOCORRO,2,0,0,1,0,0,0,0
New Mexico,TAOS,1,0,0,2,0,0,0,0
New Mexico,TORRANCE,4,0,0,1,0,0,0,0
New Mexico,UNION,2,0,0,3,0,0,0,0
New Mexico,VALENCIA,2,0,0,1,0,0,0,0
New York,BROOME,6,0,0,1,0,0,0,0
New York,CATTARAUGUS,10,0,0,1,0,0,0,0
New York,CAYUGA,42,0,0,2,0,0,0,0
New York,CHENANGO,3,0,0,1,0,0,0,0
New York,CLINTON,13,0,0,2,0,0,0,0
New York,COLUMBIA,3,0,0,0,0,0,0,0
New York,ERIE,25,0,0,2,0,0,0,0
New York,GENESEE,57,0,0,10,0,0,0,0
New York,JEFFERSON,25,0,0,1,0,0,0,0
New York,KINGS,7,0,1,2,0,0,0,0
New York,LIVINGSTON,47,0,0,3,0,0,0,0
New York,MONROE,31,0,1,5,0,0,0,0
New York,NEW YORK,12,0,0,4,0,0,0,0
New York,NIAGARA,21,0,0,5,0,0,0,0
New York,ONEIDA,21,0,0,1,0,0,0,0
New York,ONONDAGA,28,0,0,3,0,0,0,0
New York,ONTARIO,33,0,0,3,0,0,0,0
New York,ORLEANS,34,0,0,5,0,0,0,0
New York,OSWEGO,3,0,0,2,0,0,0,0
New York,SAINT LAWRENCE,36,0,0,2,0,0,0,0
New York,SENECA,13,4,0,2,0,0,0,0
New York,STEUBEN,24,1,0,5,0,0,0,0
New York,SUFFOLK,5,0,0,2,0,0,0,0
New York,WESTCHESTER,0,0,0,1,0,0,0,0
New York,WYOMING,41,0,0,4,0,0,0,0
North Carolina,ALAMANCE,1,0,0,1,0,0,0,0
North Carolina,ALEXANDER,3,0,0,1,0,0,0,0
North Carolina,BEAUFORT,45,3,0,16,0,0,0,0
North Carolina,BERTIE,8,1,0,1,0,0,0,0
North Carolina,BRUNSWICK,8,7,0,2,0,0,0,0
North Carolina,CABARRUS,2,1,0,2,0,0,0,0
North Carolina,CAMDEN,14,0,0,2,0,0,0,0
North Carolina,CATAWBA,4,0,0,2,0,0,0,0
North Carolina,CHOWAN,5,1,0,2,0,0,0,0
North Carolina,COLUMBUS,32,18,0,1,0,0,0,0
North Carolina,CRAVEN,13,7,0,3,0,0,0,0
North Carolina,CUMBERLAND,13,12,0,2,0,0,0,0
North Carolina,CURRITUCK,7,0,0,2,0,0,0,0
North Carolina,DARE,3,0,0,1,0,0,0,0
North Carolina,DAVIE,4,0,0,2,0,0,0,0
North Carolina,DUPLIN,26,258,0,7,0,0,0,0
North Carolina,EDGECOMBE,9,8,0,2,0,0,0,0
North Carolina,FRANKLIN,2,4,0,1,0,0,0,0
North Carolina,GASTON,0,0,1,1,0,0,0,0
North Carolina,GATES,1,2,0,3,0,0,0,0
North Carolina,GREENE,7,45,0,11,0,0,0,0
North Carolina,GUILFORD,3,1,1,1,0,0,0,0
North Carolina,HALIFAX,5,4,0,2,0,0,0,0
North Carolina,HARNETT,4,13,0,2,0,0,0,0
North Carolina,HENDERSON,3,0,0,2,0,0,0,0
North Carolina,HYDE,14,0,0,2,0,0,0,0
North Carolina,IREDELL,13,0,0,4,0,0,0,0
North Carolina,JOHNSTON,5,25,0,2,0,0,0,0
North Carolina,JONES,5,23,0,4,0,0,0,0
North Carolina,LENOIR,15,46,0,2,0,0,0,0
North Carolina,MARTIN,1,1,0,1,0,0,0,0
North Carolina,MECKLENBURG,4,0,0,6,0,0,0,0
North Carolina,NASH,4,6,0,3,0,0,0,0
North Carolina,NEW HANOVER,0,0,0,2,0,0,0,0
North Carolina,NORTHAMPTON,3,3,0,2,0,0,0,0
North Carolina,ONSLOW,5,31,0,2,0,0,0,0
North Carolina,PAMLICO,10,0,0,1,0,0,0,0
North Carolina,PASQUOTANK,9,0,0,3,0,0,0,0
North Carolina,PERQUIMANS,2,1,0,3,0,0,0,0
North Carolina,PITT,13,38,0,7,0,0,0,0
North Carolina,RANDOLPH,3,3,0,1,0,0,0,0
North Carolina,ROBESON,49,25,0,17,0,0,0,0
North Carolina,ROWAN,6,1,0,5,0,0,0,0
North Carolina,SAMPSON,23,199,0,17,0,0,0,0
North Carolina,SCOTLAND,11,1,0,4,0,0,0,0
North Carolina,STANLY,12,0,0,5,0,0,0,0
North Carolina,SURRY,5,3,0,1,0,0,0,0
North Carolina,TRANSYLVANIA,0,0,0,1,0,0,0,0
North Carolina,TYRRELL,13,1,0,8,0,0,0,0
North Carolina,UNION,12,1,0,21,0,0,0,0
North Carolina,VANCE,0,0,0,1,0,0,0,0
North Carolina,WAKE,13,0,1,6,0,0,0,0
North Carolina,WASHINGTON,13,1,0,4,0,0,0,0
North Carolina,WATAUGA,0,0,0,1,0,0,0,0
North Carolina,WAYNE,14,53,0,10,0,0,0,0
North Carolina,WILKES,7,0,0,2,0,0,0,0
North Carolina,WILSON,18,2,0,13,0,0,0,0
North Carolina,YADKIN,6,1,0,1,0,0,0,0
North Dakota,ADAMS,11,0,0,43,0,0,0,0
North Dakota,BARNES,63,0,0,62,0,0,0,0
North Dakota,BENSON,17,0,0,55,0,0,0,0
North Dakota,BILLINGS,1,0,0,10,0,0,0,0
North Dakota,BOTTINEAU,21,2,0,140,0,0,0,0
North Dakota,BOWMAN,7,1,0,54,0,0,0,0
North Dakota,BURKE,2,0,0,42,0,0,0,0
North Dakota,BURLEIGH,37,0,0,96,0,0,0,0
North Dakota,CASS,216,0,0,168,0,0,0,0
North Dakota,CAVALIER,6,0,0,168,0,0,0,0
North Dakota,CORSON,0,0,0,1,0,0,0,0
North Dakota,DICKEY,85,2,0,23,0,0,0,0
North Dakota,DIVIDE,1,1,0,71,0,0,0,0
North Dakota,DUNN,5,0,0,41,0,0,0,0
North Dakota,EDDY,10,0,0,14,0,0,0,0
North Dakota,EMMONS,40,0,0,26,0,0,0,0
North Dakota,FOSTER,36,0,0,25,0,0,0,0
North Dakota,GOLDEN VALLEY,9,0,1,25,0,0,0,0
North Dakota,GRAND FORKS,73,7,1,136,0,0,0,0
North Dakota,GRANT,21,0,0,43,0,0,0,0
North Dakota,GRIGGS,17,0,0,27,0,0,0,0
North Dakota,HARDING,3,0,0,5,0,0,0,0
North Dakota,HETTINGER,17,0,0,116,0,0,0,0
North Dakota,KIDDER,21,0,0,19,0,0,0,0
North Dakota,KITTSON,0,0,0,3,0,0,0,0
North Dakota,LAMOURE,69,0,0,29,0,0,0,0
North Dakota,LOGAN,18,0,0,13,0,0,0,0
North Dakota,MARSHALL,1,0,0,1,0,0,0,0
North Dakota,MCHENRY,31,0,0,49,0,0,0,0
North Dakota,MCINTOSH,23,0,0,22,0,0,0,0
North Dakota,MCKENZIE,0,0,0,61,0,0,0,0
North Dakota,MCLEAN,32,0,0,148,0,0,0,0
North Dakota,MCPHERSON,5,0,0,1,0,0,0,0
North Dakota,MERCER,3,0,0,15,0,0,0,0
North Dakota,MORTON,27,0,0,92,0,0,0,0
North Dakota,MOUNTRAIL,1,0,0,95,0,0,0,0
North Dakota,NELSON,10,1,0,65,0,0,0,0
North Dakota,OLIVER,7,0,0,17,0,0,0,0
North Dakota,PEMBINA,19,0,0,164,0,0,0,0
North Dakota,PERKINS,3,0,0,7,0,0,0,0
North Dakota,PIERCE,5,0,0,46,0,0,0,0
North Dakota,RAMSEY,27,1,0,120,0,0,0,0
North Dakota,RANSOM,56,3,0,24,0,0,0,0
North Dakota,RENVILLE,8,0,0,65,0,0,0,0
North Dakota,RICHLAND,181,0,0,59,0,0,0,0
North Dakota,ROBERTS,1,0,0,1,0,0,0,0
North Dakota,ROLETTE,4,0,0,43,0,0,0,0
North Dakota,SARGENT,65,0,0,23,0,0,0,0
North Dakota,SHERIDAN,16,0,0,36,0,0,0,0
North Dakota,SIOUX,9,0,0,5,0,0,0,0
North Dakota,SLOPE,5,0,0,42,0,0,0,0
North Dakota,STARK,18,0,0,125,0,0,0,0
North Dakota,STEELE,33,0,0,21,0,0,0,0
North Dakota,STUTSMAN,83,0,0,88,0,0,0,0
North Dakota,TOWNER,12,3,0,84,0,0,0,0
North Dakota,TRAILL,47,0,0,50,0,0,0,0
North Dakota,WALSH,27,0,0,194,0,0,0,0
North Dakota,WARD,22,0,0,250,0,0,0,0
North Dakota,WELLS,47,0,0,81,0,0,0,0
North Dakota,WIBAUX,0,0,0,4,0,0,0,0
North Dakota,WILKIN,1,0,0,1,0,0,0,0
North Dakota,WILLIAMS,5,0,0,168,0,0,0,0
Ohio,ALLEN,35,17,0,3,0,0,0,0
Ohio,ASHLAND,19,4,0,1,0,0,0,0
Ohio,ASHTABULA,10,0,0,0,0,0,0,0
Ohio,AUGLAIZE,23,25,0,3,0,0,0,0
Ohio,BROWN,14,0,0,1,0,0,0,0
Ohio,BUTLER,21,4,0,2,0,0,0,0
Ohio,CLARK,34,3,0,0,0,0,0,0
Ohio,COSHOCTON,12,5,0,0,0,0,0,0
Ohio,CRAWFORD,40,14,0,3,0,0,0,0
Ohio,DEFIANCE,17,1,0,3,0,0,0,0
Ohio,DELAWARE,23,5,0,3,0,0,0,0
Ohio,ERIE,21,0,0,1,0,0,0,0
Ohio,FRANKLIN,27,1,1,6,0,0,0,0
Ohio,FULTON,48,7,0,1,0,0,0,0
Ohio,GREENE,29,4,0,1,0,0,0,0
Ohio,HAMILTON,5,0,0,0,0,0,0,0
Ohio,HANCOCK,29,16,0,0,0,0,0,0
Ohio,HARDIN,31,23,0,1,0,0,0,0
Ohio,HENRY,39,6,0,3,0,0,0,0
Ohio,HURON,42,9,0,4,0,0,0,0
Ohio,JEFFERSON,2,0,0,0,0,0,0,0
Ohio,KNOX,27,7,0,2,0,0,0,0
Ohio,LICKING,42,7,0,3,0,0,0,0
Ohio,LORAIN,22,2,0,2,0,0,0,0
Ohio,LUCAS,19,2,0,1,0,0,0,0
Ohio,MADISON,39,2,0,2,0,0,0,0
Ohio,MAHONING,16,0,0,0,0,0,0,0
Ohio,MARION,38,24,0,2,0,0,0,0
Ohio,MEDINA,9,0,0,2,0,0,0,0
Ohio,MERCER,67,90,0,3,0,0,0,0
Ohio,MIAMI,40,1,0,1,0,0,0,0
Ohio,MONTGOMERY,23,2,0,2,0,0,0,0
Ohio,MORROW,21,3,0,1,0,0,0,0
Ohio,OTTAWA,6,0,0,0,0,0,0,0
Ohio,PAULDING,35,12,0,7,0,0,0,0
Ohio,PICKAWAY,63,0,0,2,0,0,0,0
Ohio,PORTAGE,9,0,0,0,0,0,0,0
Ohio,PREBLE,36,17,0,1,0,0,0,0
Ohio,PUTNAM,30,47,0,1,0,0,0,0
Ohio,RICHLAND,27,16,0,1,0,0,0,0
Ohio,SANDUSKY,27,2,0,0,0,0,0,0
Ohio,SENECA,42,12,0,4,0,0,0,0
Ohio,SHELBY,30,33,0,1,0,0,0,0
Ohio,STARK,17,0,0,1,0,0,0,0
Ohio,SUMMIT,2,0,0,1,0,0,0,0
Ohio,UNION,39,7,0,1,0,0,0,0
Ohio,VAN WERT,37,32,0,2,0,0,0,0
Ohio,WAYNE,29,5,0,5,0,0,0,0
Ohio,WILLIAMS,33,7,0,3,0,0,0,0
Ohio,WOOD,40,2,0,3,0,0,0,0
Ohio,WYANDOT,37,15,0,2,0,0,0,0
Oklahoma,ALFALFA,5,0,0,75,0,0,0,0
Oklahoma,BEAVER,3,3,0,24,0,0,0,0
Oklahoma,BECKHAM,0,0,0,23,0,0,0,0
Oklahoma,BLAINE,1,0,0,72,0,0,0,0
Oklahoma,BRYAN,3,0,0,7,0,0,0,0
Oklahoma,CADDO,3,5,0,58,0,0,0,0
Oklahoma,CANADIAN,2,0,0,55,0,0,0,0
Oklahoma,CARTER,2,0,0,7,0,0,0,0
Oklahoma,CHEROKEE,0,0,0,1,0,0,0,0
Oklahoma,CHOCTAW,2,0,0,2,0,0,0,0
Oklahoma,CIMARRON,17,0,0,52,0,0,0,0
Oklahoma,CLEVELAND,5,0,0,17,0,0,0,0
Oklahoma,COMANCHE,4,0,0,16,0,0,0,0
Oklahoma,COTTON,0,0,0,41,0,0,0,0
Oklahoma,CRAIG,1,0,0,3,0,0,0,0
Oklahoma,CREEK,2,0,0,2,0,0,0,0
Oklahoma,CUSTER,1,1,0,87,0,0,0,0
Oklahoma,DELAWARE,1,0,0,2,0,0,0,0
Oklahoma,DEWEY,1,0,0,28,0,0,0,0
Oklahoma,ELLIS,0,5,0,10,0,0,0,0
Oklahoma,GARFIELD,9,0,0,146,0,0,0,0
Oklahoma,GARVIN,2,0,0,1,0,0,0,0
Oklahoma,GRADY,5,2,0,20,0,0,0,0
Oklahoma,GRANT,7,0,0,108,0,0,0,0
Oklahoma,GREER,0,0,0,19,0,0,0,0
Oklahoma,HARMON,0,0,0,28,0,0,0,0
Oklahoma,HARPER,1,4,0,29,0,0,0,0
Oklahoma,HASKELL,0,0,0,4,0,0,0,0
Oklahoma,HUGHES,1,13,0,3,0,0,0,0
Oklahoma,JACKSON,0,0,0,96,0,0,0,0
Oklahoma,JEFFERSON,1,0,0,17,0,0,0,0
Oklahoma,KAY,11,0,0,80,0,0,0,0
Oklahoma,KINGFISHER,7,1,0,80,0,0,0,0
Oklahoma,KIOWA,2,0,0,96,0,0,0,0
Oklahoma,LE FLORE,1,0,0,3,0,0,0,0
Oklahoma,LOGAN,1,0,0,29,0,0,0,0
Oklahoma,LOVE,0,0,0,3,0,0,0,0
Oklahoma,MAJOR,1,1,0,38,0,0,0,0
Oklahoma,MAYES,2,0,0,3,0,0,0,0
Oklahoma,MCCLAIN,0,0,0,5,0,0,0,0
Oklahoma,MCCURTAIN,4,0,1,3,0,0,0,0
Oklahoma,MCINTOSH,0,0,0,0,0,0,0,0
Oklahoma,MURRAY,1,0,0,2,0,0,0,0
Oklahoma,MUSKOGEE,2,0,0,2,0,0,0,0
Oklahoma,NOBLE,2,0,0,37,0,0,0,0
Oklahoma,NOWATA,0,0,0,1,0,0,0,0
Oklahoma,OKFUSKEE,0,5,0,1,0,0,0,0
Oklahoma,OKLAHOMA,16,0,0,65,0,0,0,0
Oklahoma,OKMULGEE,7,0,0,2,0,0,0,0
Oklahoma,OSAGE,0,0,0,3,0,0,0,0
Oklahoma,OTTAWA,5,0,0,10,0,0,0,0
Oklahoma,PAWNEE,1,0,0,3,0,0,0,0
Oklahoma,PAYNE,6,0,0,10,0,0,0,0
Oklahoma,POTTAWATOMIE,4,1,0,3,0,0,0,0
Oklahoma,ROGER MILLS,1,0,0,12,0,0,0,0
Oklahoma,ROGERS,1,0,0,6,0,0,0,0
Oklahoma,SEQUOYAH,2,0,0,3,0,0,0,0
Oklahoma,STEPHENS,0,0,0,11,0,0,0,0
Oklahoma,TEXAS,46,3,1,78,0,0,0,0
Oklahoma,TILLMAN,9,0,0,66,0,0,0,0
Oklahoma,TULSA,13,0,1,18,0,0,0,0
Oklahoma,WAGONER,4,0,0,9,0,0,0,0
Oklahoma,WASHINGTON,3,0,0,2,0,0,0,0
Oklahoma,WASHITA,1,0,0,59,0,0,0,0
Oklahoma,WOODS,4,0,0,87,0,0,0,0
Oklahoma,WOODWARD,1,2,0,33,0,0,0,0
Oregon,BAKER,0,0,0,4,0,0,0,0
Oregon,BENTON,3,0,0,3,0,0,0,0
Oregon,CLACKAMAS,6,0,0,14,0,0,0,0
Oregon,CLATSOP,1,0,0,1,0,0,0,0
Oregon,COOS,0,0,0,1,0,0,0,0
Oregon,CROOK,0,0,0,2,0,0,0,0
Oregon,CURRY,0,0,0,1,0,0,0,0
Oregon,DESCHUTES,0,0,0,8,0,0,0,0
Oregon,DOUGLAS,0,0,0,0,0,0,0,0
Oregon,GILLIAM,0,0,0,39,0,0,0,0
Oregon,GRANT,1,0,0,1,0,0,0,0
Oregon,HARNEY,0,0,0,2,0,0,0,0
Oregon,HOOD RIVER,0,0,0,1,0,0,0,0
Oregon,JACKSON,1,0,1,2,0,0,0,0
Oregon,JOSEPHINE,0,0,0,1,0,0,0,0
Oregon,KLAMATH,0,0,0,7,0,0,0,0
Oregon,LAKE,0,0,0,2,0,0,0,0
Oregon,LINCOLN,1,0,0,2,0,0,0,0
Oregon,LINN,4,0,0,4,0,0,0,0
Oregon,MALHEUR,10,0,0,4,0,0,0,0
Oregon,MARION,8,0,0,7,0,0,0,0
Oregon,MORROW,12,0,0,72,0,0,0,0
Oregon,MULTNOMAH,7,0,0,16,0,0,0,0
Oregon,POLK,3,0,0,5,0,0,0,0
Oregon,SHERMAN,0,0,0,72,0,0,0,0
Oregon,TILLAMOOK,1,0,0,1,0,0,0,0
Oregon,UMATILLA,28,0,0,163,0,0,0,0
Oregon,UNION,1,0,0,13,0,0,0,0
Oregon,WALLOWA,1,0,0,2,0,0,0,0
Oregon,WASCO,1,0,0,30,0,0,0,0
Oregon,WASHINGTON,4,0,0,16,0,0,0,0
Oregon,WHEELER,0,0,0,1,0,0,0,0
Oregon,YAMHILL,1,0,0,6,0,0,0,0
Pennsylvania,ADAMS,17,4,0,8,0,0,0,0
Pennsylvania,ARMSTRONG,2,0,0,0,0,0,0,0
Pennsylvania,BERKS,18,19,0,3,0,0,0,0
Pennsylvania,BLAIR,11,0,0,0,0,0,0,0
Pennsylvania,BUTLER,11,0,0,0,0,0,0,0
Pennsylvania,CENTRE,6,0,0,2,0,0,0,0
Pennsylvania,CLINTON,6,1,0,0,0,0,0,0
Pennsylvania,CRAWFORD,16,0,0,1,0,0,0,0
Pennsylvania,DAUPHIN,7,5,0,1,0,0,0,0
Pennsylvania,DELAWARE,1,0,0,1,0,0,0,0
Pennsylvania,FRANKLIN,29,14,0,4,0,0,0,0
Pennsylvania,FULTON,1,10,0,1,0,0,0,0
Pennsylvania,HUNTINGDON,7,4,0,1,0,0,0,0
Pennsylvania,INDIANA,6,0,0,0,0,0,0,0
Pennsylvania,JUNIATA,4,5,0,0,0,0,0,0
Pennsylvania,LANCASTER,50,83,0,8,0,0,0,0
Pennsylvania,LEBANON,12,16,0,1,0,0,0,0
Pennsylvania,LEHIGH,9,2,0,1,0,0,0,0
Pennsylvania,LUZERNE,0,0,0,1,0,0,0,0
Pennsylvania,MONTGOMERY,5,0,0,1,0,0,0,0
Pennsylvania,PHILADELPHIA,1,0,0,1,0,0,0,0
Pennsylvania,SCHUYLKILL,11,0,0,1,0,0,0,0
Pennsylvania,YORK,42,6,0,7,0,0,0,0
South Carolina,AIKEN,7,0,0,1,0,0,0,0
South Carolina,ALLENDALE,6,0,0,3,0,0,0,0
South Carolina,CHARLESTON,3,0,0,2,0,0,0,0
South Carolina,CHEROKEE,0,0,0,1,0,0,0,0
South Carolina,CHESTERFIELD,0,0,0,2,0,0,0,0
South Carolina,CLARENDON,28,4,0,7,0,0,0,0
South Carolina,DARLINGTON,12,0,0,2,0,0,0,0
South Carolina,DILLON,10,11,0,10,0,0,0,0
South Carolina,DORCHESTER,4,1,0,1,0,0,0,0
South Carolina,FLORENCE,12,0,0,1,0,0,0,0
South Carolina,GREENVILLE,4,0,0,1,0,0,0,0
South Carolina,LANCASTER,1,0,0,2,0,0,0,0
South Carolina,LEXINGTON,4,0,0,2,0,0,0,0
South Carolina,MARLBORO,6,2,0,2,0,0,0,0
South Carolina,NEWBERRY,6,0,0,1,0,0,0,0
South Carolina,ORANGEBURG,14,2,0,1,0,0,0,0
South Carolina,RICHLAND,8,0,0,2,0,0,0,0
South Carolina,SUMTER,28,0,0,4,0,0,0,0
South Carolina,WILLIAMSBURG,13,1,0,2,0,0,0,0
South Dakota,ADAMS,0,0,0,7,0,0,0,0
South Dakota,AURORA,22,1,0,6,0,0,0,0
South Dakota,BEADLE,80,4,0,24,0,0,0,0
South Dakota,BENNETT,8,0,0,13,0,0,0,0
South Dakota,BROOKINGS,86,13,0,9,0,0,0,0
South Dakota,BROWN,202,2,0,57,0,0,0,0
South Dakota,BRULE,23,9,0,11,0,0,0,0
South Dakota,BUFFALO,10,0,0,3,0,0,0,0
South Dakota,BUTTE,1,0,0,5,0,0,0,0
South Dakota,CAMPBELL,18,1,0,10,0,0,0,0
South Dakota,CHARLES MIX,66,17,0,28,0,0,0,0
South Dakota,CLARK,54,8,0,10,0,0,0,0
South Dakota,CLAY,44,1,0,2,0,0,0,0
South Dakota,CODINGTON,68,6,0,18,0,0,0,0
South Dakota,CORSON,11,0,0,25,0,0,0,0
South Dakota,CUSTER,3,0,0,3,0,0,0,0
South Dakota,DAVISON,57,9,0,6,0,0,0,0
South Dakota,DAY,50,2,0,19,0,0,0,0
South Dakota,DEWEY,16,0,0,30,0,0,0,0
South Dakota,DOUGLAS,24,9,0,3,0,0,0,0
South Dakota,EDMUNDS,69,4,0,39,0,0,0,0
South Dakota,EMMONS,5,0,0,2,0,0,0,0
South Dakota,FALL RIVER,1,0,0,4,0,0,0,0
South Dakota,FAULK,43,4,0,24,0,0,0,0
South Dakota,GRANT,57,5,0,9,0,0,0,0
South Dakota,GREGORY,11,1,0,2,0,0,0,0
South Dakota,HAAKON,10,0,0,28,0,0,0,0
South Dakota,HAMLIN,45,3,0,6,0,0,0,0
South Dakota,HAND,94,2,0,87,0,0,0,0
South Dakota,HANSON,33,6,1,4,0,0,0,0
South Dakota,HARDING,4,0,0,4,0,0,0,0
South Dakota,HUGHES,59,1,0,86,0,0,0,0
South Dakota,HUTCHINSON,49,21,0,1,0,0,0,0
South Dakota,HYDE,27,0,0,42,0,0,0,0
South Dakota,JACKSON,1,0,0,10,0,0,0,0
South Dakota,JERAULD,33,2,0,10,0,0,0,0
South Dakota,JONES,10,0,0,19,0,0,0,0
South Dakota,KINGSBURY,52,2,0,6,0,0,0,0
South Dakota,LAKE,53,13,0,0,0,0,0,0
South Dakota,LAWRENCE,5,0,0,11,0,0,0,0
South Dakota,LINCOLN,56,14,0,7,0,0,0,0
South Dakota,LYMAN,28,0,0,43,0,0,0,0
South Dakota,MARSHALL,54,3,0,15,0,0,0,0
South Dakota,MCCOOK,40,11,0,3,0,0,0,0
South Dakota,MCPHERSON,23,4,0,11,0,0,0,0
South Dakota,MEADE,5,0,0,16,0,0,0,0
South Dakota,MELLETTE,3,1,0,4,0,0,0,0
South Dakota,MINER,34,1,0,6,0,0,0,0
South Dakota,MINNEHAHA,124,12,0,21,0,0,0,0
South Dakota,MOODY,45,5,0,2,0,0,0,0
South Dakota,OGLALA LAKOTA,1,0,0,1,0,0,0,0
South Dakota,PENNINGTON,35,0,0,72,0,0,0,0
South Dakota,PERKINS,7,0,0,31,0,0,0,0
South Dakota,POTTER,72,1,0,76,0,0,0,0
South Dakota,ROBERTS,55,4,0,12,0,0,0,0
South Dakota,SANBORN,21,1,0,4,0,0,0,0
South Dakota,SPINK,137,6,0,50,0,0,0,0
South Dakota,STANLEY,12,0,0,40,0,0,0,0
South Dakota,SULLY,62,2,0,76,0,0,0,0
South Dakota,TODD,3,0,0,2,0,0,0,0
South Dakota,TRIPP,38,4,0,21,0,0,0,0
South Dakota,TURNER,49,9,0,4,0,0,0,0
South Dakota,UNION,48,3,0,3,0,0,0,0
South Dakota,WALWORTH,26,0,0,23,0,0,0,0
South Dakota,ZIEBACH,1,0,0,2,0,0,0,0
Tennessee,BLOUNT,3,0,1,1,0,0,0,0
Tennessee,CARROLL,28,1,0,9,0,0,0,0
Tennessee,CHEATHAM,1,0,0,1,0,0,0,0
Tennessee,CHESTER,2,0,0,1,0,0,0,0
Tennessee,COFFEE,5,0,0,1,0,0,0,0
Tennessee,CROCKETT,14,0,0,7,0,0,0,0
Tennessee,CUMBERLAND,2,0,0,1,0,0,0,0
Tennessee,DAVIDSON,6,0,2,3,0,0,0,0
Tennessee,DYER,21,1,4,11,0,0,0,0
Tennessee,FAYETTE,18,1,1,2,0,0,0,0
Tennessee,FRANKLIN,9,0,0,1,0,0,0,0
Tennessee,GIBSON,57,0,0,37,0,0,0,0
Tennessee,GREENE,3,0,0,1,0,0,0,0
Tennessee,HAMILTON,4,0,0,1,0,0,0,0
Tennessee,HANCOCK,0,0,0,2,0,0,0,0
Tennessee,HAYWOOD,20,0,0,6,0,0,0,0
Tennessee,HENRY,18,12,0,3,0,0,0,0
Tennessee,JEFFERSON,0,0,0,1,0,0,0,0
Tennessee,KNOX,4,0,1,2,0,0,0,0
Tennessee,LAKE,6,0,0,8,0,0,0,0
Tennessee,LAUDERDALE,17,0,0,5,0,0,0,0
Tennessee,LAWRENCE,7,1,0,2,0,0,0,0
Tennessee,LINCOLN,8,0,0,4,0,0,0,0
Tennessee,LOUDON,6,0,0,1,0,0,0,0
Tennessee,MACON,3,0,0,1,0,0,0,0
Tennessee,MADISON,24,0,0,7,0,0,0,0
Tennessee,MAURY,2,0,0,2,0,0,0,0
Tennessee,MCNAIRY,0,0,0,1,0,0,0,0
Tennessee,MONTGOMERY,6,3,0,4,0,0,0,0
Tennessee,OBION,46,3,0,9,0,0,0,0
Tennessee,OVERTON,0,1,0,0,0,0,0,0
Tennessee,ROBERTSON,33,0,0,19,0,0,0,0
Tennessee,SHELBY,31,0,22,22,0,0,0,0
Tennessee,SMITH,2,0,0,3,0,0,0,0
Tennessee,SUMNER,5,0,0,1,0,0,0,0
Tennessee,TIPTON,21,0,0,9,0,0,0,0
Tennessee,WEAKLEY,39,12,0,5,0,0,0,0
Tennessee,WILLIAMSON,3,0,2,6,0,0,0,0
Tennessee,WILSON,2,0,0,2,0,0,0,0
Texas,ANDERSON,1,1,0,1,0,0,0,0
Texas,ANDREWS,0,0,0,1,0,0,0,0
Texas,ARANSAS,0,0,0,2,0,0,0,0
Texas,ARCHER,0,0,0,22,0,0,0,0
Texas,ARMSTRONG,1,0,0,26,0,0,0,0
Texas,ATASCOSA,2,0,0,1,0,0,0,0
Texas,BAILEY,8,0,0,17,0,0,0,0
Texas,BANDERA,0,0,0,1,0,0,0,0
Texas,BASTROP,3,0,0,4,0,0,0,0
Texas,BAYLOR,2,0,0,43,0,0,0,0
Texas,BELL,47,0,0,9,0,0,0,0
Texas,BEXAR,18,0,2,15,0,0,0,0
Texas,BORDEN,1,0,0,1,0,0,0,0
Texas,BOSQUE,4,0,0,3,0,0,0,0
Texas,BOWIE,15,0,1,4,0,0,0,0
Texas,BRAZORIA,11,0,9,1,0,0,0,0
Texas,BRAZOS,13,0,1,9,0,0,0,0
Texas,BRISCOE,0,0,0,15,0,0,0,0
Texas,BROWN,1,0,0,4,0,0,0,0
Texas,BURLESON,2,0,0,1,0,0,0,0
Texas,BURNET,3,0,0,1,0,0,0,0
Texas,CALHOUN,16,0,0,1,0,0,0,0
Texas,CALLAHAN,1,0,0,9,0,0,0,0
Texas,CAMERON,9,0,0,8,0,0,0,0
Texas,CAMP,1,0,0,2,0,0,0,0
Texas,CARSON,15,0,0,53,0,0,0,0
Texas,CASTRO,27,0,0,76,0,0,0,0
Texas,CHILDRESS,1,0,0,18,0,0,0,0
Texas,CLAY,0,0,0,16,0,0,0,0
Texas,COCHRAN,4,0,0,5,0,0,0,0
Texas,COKE,1,0,0,2,0,0,0,0
Texas,COLEMAN,1,0,0,2,0,0,0,0
Texas,COLLIN,20,0,0,44,0,0,0,0
Texas,COLLINGSWORTH,0,0,0,13,0,0,0,0
Texas,COMAL,5,0,0,4,0,0,0,0
Texas,COMANCHE,8,0,0,3,0,0,0,0
Texas,CONCHO,0,0,0,13,0,0,0,0
Texas,COOKE,1,0,0,16,0,0,0,0
Texas,CORYELL,3,0,1,5,0,0,0,0
Texas,COTTLE,0,0,0,16,0,0,0,0
Texas,CROSBY,0,0,0,4,0,0,0,0
Texas,CULBERSON,0,0,0,1,0,0,0,0
Texas,DALLAM,67,1,0,63,0,0,0,0
Texas,DALLAS,40,0,3,51,0,0,0,0
Texas,DAWSON,2,0,0,7,0,0,0,0
Texas,DEAF SMITH,18,0,0,85,0,0,0,0
Texas,DELTA,5,0,0,9,0,0,0,0
Texas,DENTON,18,0,1,36,0,0,0,0
Texas,DICKENS,0,0,0,1,0,0,0,0
Texas,DONLEY,1,0,0,4,0,0,0,0
Texas,EASTLAND,3,0,1,2,0,0,0,0
Texas,EL PASO,0,0,0,1,0,0,0,0
Texas,ELLIS,26,0,1,12,0,0,0,0
Texas,ERATH,1,0,0,1,0,0,0,0
Texas,FANNIN,13,0,0,19,0,0,0,0
Texas,FISHER,0,0,0,13,0,0,0,0
Texas,FLOYD,9,0,0,61,0,0,0,0
Texas,FOARD,0,0,0,15,0,0,0,0
Texas,FORT BEND,17,0,4,6,0,0,0,0
Texas,FREESTONE,0,0,0,1,0,0,0,0
Texas,FRIO,8,0,0,2,0,0,0,0
Texas,GAINES,10,0,0,22,0,0,0,0
Texas,GALVESTON,3,0,0,2,0,0,0,0
Texas,GARZA,0,0,0,1,0,0,0,0
Texas,GILLESPIE,0,0,0,1,0,0,0,0
Texas,GLASSCOCK,0,0,0,3,0,0,0,0
Texas,GOLIAD,3,0,0,1,0,0,0,0
Texas,GONZALES,1,0,0,1,0,0,0,0
Texas,GRAY,6,1,0,30,0,0,0,0
Texas,GRAYSON,15,0,0,29,0,0,0,0
Texas,GREGG,0,0,0,1,0,0,0,0
Texas,GUADALUPE,10,0,0,3,0,0,0,0
Texas,HALE,22,0,0,73,0,0,0,0
Texas,HALL,0,0,0,4,0,0,0,0
Texas,HAMILTON,0,0,0,4,0,0,0,0
Texas,HANSFORD,49,1,0,101,0,0,0,0
Texas,HARDEMAN,0,0,0,35,0,0,0,0
Texas,HARRIS,45,0,8,31,0,0,0,0
Texas,HARTLEY,46,0,0,56,0,0,0,0
Texas,HASKELL,2,0,0,45,0,0,0,0
Texas,HAYS,4,0,0,3,0,0,0,0
Texas,HEMPHILL,1,0,0,4,0,0,0,0
Texas,HENDERSON,1,0,0,2,0,0,0,0
Texas,HIDALGO,21,0,0,6,0,0,0,0
Texas,HILL,46,0,0,18,0,0,0,0
Texas,HOCKLEY,5,0,0,9,0,0,0,0
Texas,HOOD,3,0,0,5,0,0,0,0
Texas,HOPKINS,1,0,0,1,0,0,0,0
Texas,HOUSTON,0,1,0,4,0,0,0,0
Texas,HOWARD,2,0,0,4,0,0,0,0
Texas,HUNT,4,0,0,14,0,0,0,0
Texas,HUTCHINSON,8,0,0,22,0,0,0,0
Texas,JEFFERSON,1,0,3,4,0,0,0,0
Texas,JIM WELLS,11,0,0,6,0,0,0,0
Texas,JOHNSON,6,0,0,15,0,0,0,0
Texas,JONES,1,0,0,53,0,0,0,0
Texas,KARNES,5,0,0,1,0,0,0,0
Texas,KAUFMAN,5,0,0,10,0,0,0,0
Texas,KENT,0,0,0,2,0,0,0,0
Texas,KERR,2,0,0,4,0,0,0,0
Texas,KLEBERG,4,0,0,2,0,0,0,0
Texas,KNOX,0,0,0,53,0,0,0,0
Texas,LA SALLE,0,0,0,2,0,0,0,0
Texas,LAMAR,11,0,0,9,0,0,0,0
Texas,LAMB,23,0,0,27,0,0,0,0
Texas,LEON,0,0,0,1,0,0,0,0
Texas,LIPSCOMB,4,3,0,19,0,0,0,0
Texas,LIVE OAK,4,0,0,1,0,0,0,0
Texas,LLANO,2,0,0,2,0,0,0,0
Texas,LUBBOCK,24,0,0,65,0,0,0,0
Texas,LYNN,1,0,0,3,0,0,0,0
Texas,MARTIN,0,0,0,2,0,0,0,0
Texas,MASON,0,0,0,1,0,0,0,0
Texas,MATAGORDA,30,0,9,1,0,0,0,0
Texas,MCCULLOCH,1,0,0,13,0,0,0,0
Texas,MCLENNAN,54,0,1,19,0,0,0,0
Texas,MEDINA,26,0,0,5,0,0,0,0
Texas,MIDLAND,6,0,0,12,0,0,0,0
Texas,MILAM,13,0,0,2,0,0,0,0
Texas,MILLS,0,0,0,2,0,0,0,0
Texas,MITCHELL,0,0,0,9,0,0,0,0
Texas,MONTAGUE,1,0,0,6,0,0,0,0
Texas,MONTGOMERY,3,0,0,5,0,0,0,0
Texas,MOORE,49,0,0,62,0,0,0,0
Texas,MORRIS,0,0,0,1,0,0,0,0
Texas,MOTLEY,1,0,0,2,0,0,0,0
Texas,NACOGDOCHES,0,0,0,3,0,0,0,0
Texas,NAVARRO,6,0,0,4,0,0,0,0
Texas,NOLAN,0,0,0,5,0,0,0,0
Texas,NUECES,27,0,0,2,0,0,0,0
Texas,OCHILTREE,13,2,0,64,0,0,0,0
Texas,OLDHAM,1,0,0,24,0,0,0,0
Texas,PALO PINTO,0,0,0,1,0,0,0,0
Texas,PARKER,9,0,0,9,0,0,0,0
Texas,PARMER,23,0,0,92,0,0,0,0
Texas,PECOS,0,0,0,1,0,0,0,0
Texas,POTTER,31,0,0,64,0,0,0,0
Texas,RAINS,0,0,0,1,0,0,0,0
Texas,RANDALL,25,0,0,109,0,0,0,0
Texas,REAGAN,0,0,0,4,0,0,0,0
Texas,REAL,0,0,0,1,0,0,0,0
Texas,RED RIVER,4,0,1,4,0,0,0,0
Texas,REFUGIO,4,0,0,1,0,0,0,0
Texas,ROBERTS,2,0,0,4,0,0,0,0
Texas,ROCKWALL,5,0,0,6,0,0,0,0
Texas,RUNNELS,2,0,0,41,0,0,0,0
Texas,RUSK,1,0,0,1,0,0,0,0
Texas,SAN PATRICIO,18,0,0,3,0,0,0,0
Texas,SAN SABA,0,1,0,8,0,0,0,0
Texas,SCURRY,0,0,0,6,0,0,0,0
Texas,SHACKELFORD,0,0,0,6,0,0,0,0
Texas,SHERMAN,36,2,0,51,0,0,0,0
Texas,SMITH,2,0,0,7,0,0,0,0
Texas,STARR,1,0,0,1,0,0,0,0
Texas,STEPHENS,0,0,0,1,0,0,0,0
Texas,STERLING,0,0,0,1,0,0,0,0
Texas,STONEWALL,1,0,0,6,0,0,0,0
Texas,SUTTON,0,0,0,1,0,0,0,0
Texas,SWISHER,6,0,0,54,0,0,0,0
Texas,TARRANT,26,0,3,37,0,0,0,0
Texas,TAYLOR,1,0,0,43,0,0,0,0
Texas,TERRELL,1,0,0,1,0,0,0,0
Texas,TERRY,6,0,0,9,0,0,0,0
Texas,THROCKMORTON,0,0,0,14,0,0,0,0
Texas,TOM GREEN,9,0,0,46,0,0,0,0
Texas,TRAVIS,23,0,1,22,0,0,0,0
Texas,UPSHUR,1,0,0,1,0,0,0,0
Texas,UPTON,1,0,0,2,0,0,0,0
Texas,UVALDE,8,0,0,7,0,0,0,0
Texas,VICTORIA,16,0,0,1,0,0,0,0
Texas,WALLER,5,0,1,1,0,0,0,0
Texas,WHARTON,87,0,33,4,0,0,0,0
Texas,WHEELER,0,0,0,13,0,0,0,0
Texas,WICHITA,4,0,0,47,0,0,0,0
Texas,WILBARGER,0,0,0,49,0,0,0,0
Texas,WILLIAMSON,49,0,1,4,0,0,0,0
Texas,WISE,0,0,0,8,0,0,0,0
Texas,YOAKUM,3,0,0,10,0,0,0,0
Texas,YOUNG,0,0,0,17,0,0,0,0
Texas,ZAVALA,0,0,0,1,0,0,0,0
Utah,BOX ELDER,6,0,0,18,0,0,0,0
Utah,CACHE,5,1,0,18,0,0,0,0
Utah,DAVIS,2,0,0,1,0,0,0,0
Utah,IRON,0,2,0,1,0,0,0,0
Utah,JUAB,2,0,0,2,0,0,0,0
Utah,RICH,0,0,0,2,0,0,0,0
Utah,SALT LAKE,11,0,2,20,0,0,0,0
Utah,SAN JUAN,1,0,0,9,0,0,0,0
Utah,SANPETE,3,0,0,1,0,0,0,0
Utah,SUMMIT,1,0,0,2,0,0,0,0
Utah,TOOELE,0,0,0,1,0,0,0,0
Utah,UINTAH,0,0,0,1,0,0,0,0
Utah,UTAH,5,0,0,16,0,0,0,0
Utah,WASHINGTON,1,0,0,2,0,0,0,0
Utah,WAYNE,0,0,0,1,0,0,0,0
Utah,WEBER,4,0,0,3,0,0,0,0
Vermont,ADDISON,22,0,0,1,0,0,0,0
Virginia,ACCOMACK,13,0,0,3,0,0,0,0
Virginia,ALBEMARLE,2,0,0,1,0,0,0,0
Virginia,ALEXANDRIA CITY,2,0,0,2,0,0,0,0
Virginia,ARLINGTON,1,0,0,1,0,0,0,0
Virginia,AUGUSTA,4,0,0,1,0,0,0,0
Virginia,CAROLINE,7,0,0,4,0,0,0,0
Virginia,CHARLES CITY,4,0,0,1,0,0,0,0
Virginia,CHESAPEAKE CITY,3,0,0,1,0,0,0,0
Virginia,CHESTERFIELD,0,0,0,1,0,0,0,0
Virginia,CULPEPER,3,0,0,0,0,0,0,0
Virginia,ESSEX,10,0,0,3,0,0,0,0
Virginia,FAIRFAX,10,0,0,12,0,0,0,0
Virginia,FAIRFAX CITY,1,0,0,1,0,0,0,0
Virginia,FAUQUIER,9,0,0,4,0,0,0,0
Virginia,FREDERICK,2,0,0,1,0,0,0,0
Virginia,GOOCHLAND,4,0,0,2,0,0,0,0
Virginia,HANOVER,10,0,0,6,0,0,0,0
Virginia,HOPEWELL CITY,0,0,0,0,0,0,0,0
Virginia,ISLE OF WIGHT,4,3,0,1,0,0,0,0
Virginia,KING AND QUEEN,4,0,0,4,0,0,0,0
Virginia,KING WILLIAM,4,0,0,2,0,0,0,0
Virginia,LOUDOUN,5,0,0,3,0,0,0,0
Virginia,LUNENBURG,0,0,0,1,0,0,0,0
Virginia,MIDDLESEX,3,0,0,1,0,0,0,0
Virginia,NORTHAMPTON,3,0,0,1,0,0,0,0
Virginia,NORTHUMBERLAND,6,0,1,2,0,0,0,0
Virginia,NOTTOWAY,0,0,0,1,0,0,0,0
Virginia,ORANGE,4,0,0,1,0,0,0,0
Virginia,PAGE,1,0,0,0,0,0,0,0
Virginia,PORTSMOUTH CITY,0,0,0,1,0,0,0,0
Virginia,POWHATAN,1,0,0,1,0,0,0,0
Virginia,PRINCE WILLIAM,7,0,0,5,0,0,0,0
Virginia,ROANOKE,0,0,0,0,0,0,0,0
Virginia,ROCKINGHAM,14,0,0,1,0,0,0,0
Virginia,STAUNTON CITY,0,0,0,0,0,0,0,0
Virginia,SUFFOLK CITY,4,0,0,1,0,0,0,0
Virginia,VIRGINIA BEACH CITY,12,0,0,3,0,0,0,0
Virginia,WESTMORELAND,5,0,0,1,0,0,0,0
Virginia,YORK,1,0,0,1,0,0,0,0
Washington,ADAMS,8,0,0,146,0,0,0,0
Washington,ASOTIN,0,0,0,29,0,0,0,0
Washington,BENTON,14,0,0,67,0,0,0,0
Washington,CHELAN,1,0,0,5,0,0,0,0
Washington,CLALLAM,1,0,0,4,0,0,0,0
Washington,CLARK,4,0,0,11,0,0,0,0
Washington,COLUMBIA,0,0,0,48,0,0,0,0
Washington,COWLITZ,0,0,0,1,0,0,0,0
Washington,DOUGLAS,3,0,0,76,0,0,0,0
Washington,FERRY,0,0,0,1,0,0,0,0
Washington,FRANKLIN,22,0,0,62,0,0,0,0
Washington,GARFIELD,1,0,0,49,0,0,0,0
Washington,GRANT,51,1,0,127,0,0,0,0
Washington,GRAYS HARBOR,0,0,0,1,0,0,0,0
Washington,ISLAND,1,0,0,1,0,0,0,0
Washington,JEFFERSON,2,0,0,4,0,0,0,0
Washington,KING,18,0,0,58,0,0,0,0
Washington,KITSAP,0,0,0,4,0,0,0,0
Washington,KITTITAS,2,0,0,1,0,0,0,0
Washington,KLICKITAT,1,0,0,26,0,0,0,0
Washington,LEWIS,1,0,0,1,0,0,0,0
Washington,LINCOLN,1,0,0,202,0,0,0,0
Washington,MASON,0,0,0,1,0,0,0,0
Washington,OKANOGAN,1,0,0,8,0,0,0,0
Washington,PIERCE,0,0,0,11,0,0,0,0
Washington,SAN JUAN,1,0,0,2,0,0,0,0
Washington,SKAGIT,3,0,0,3,0,0,0,0
Washington,SKAMANIA,0,0,0,1,0,0,0,0
Washington,SNOHOMISH,4,0,0,20,0,0,0,0
Washington,SPOKANE,2,0,0,142,0,0,0,0
Washington,STEVENS,0,0,0,8,0,0,0,0
Washington,THURSTON,3,0,0,5,0,0,0,0
Washington,WALLA WALLA,8,0,0,146,0,0,0,0
Washington,WHATCOM,6,0,0,2,0,0,0,0
Washington,WHITMAN,6,0,0,246,0,0,0,0
Washington,YAKIMA,26,0,0,26,0,0,0,0
West Virginia,JEFFERSON,7,0,0,1,0,0,0,0
West Virginia,MONONGALIA,0,0,0,1,0,0,0,0
West Virginia,RALEIGH,2,0,0,1,0,0,0,0
West Virginia,UPSHUR,0,0,0,0,0,0,0,0
Wisconsin,ADAMS,12,0,0,0,0,0,0,0
Wisconsin,BARRON,37,0,0,2,0,0,0,0
Wisconsin,BROWN,41,0,0,8,0,0,0,0
Wisconsin,CALUMET,23,0,0,1,0,0,0,0
Wisconsin,CHIPPEWA,47,1,0,1,0,0,0,0
Wisconsin,CLARK,36,0,0,1,0,0,0,0
Wisconsin,DANE,124,3,0,4,0,0,0,0
Wisconsin,DODGE,66,4,0,1,0,0,0,0
Wisconsin,DOOR,17,0,0,7,0,0,0,0
Wisconsin,FOND DU LAC,47,0,0,2,0,0,0,0
Wisconsin,GRANT,55,12,0,1,0,0,0,0
Wisconsin,GREEN,41,0,0,2,0,0,0,0
Wisconsin,IOWA,15,0,0,0,0,0,0,0
Wisconsin,JEFFERSON,39,0,0,0,0,0,0,0
Wisconsin,JUNEAU,20,0,0,0,0,0,0,0
Wisconsin,KENOSHA,15,0,0,1,0,0,0,0
Wisconsin,KEWAUNEE,19,2,0,7,0,0,0,0
Wisconsin,LA CROSSE,16,0,0,1,0,0,0,0
Wisconsin,LAFAYETTE,57,5,0,1,0,0,0,0
Wisconsin,MANITOWOC,25,0,0,2,0,0,0,0
Wisconsin,MARATHON,50,0,0,5,0,0,0,0
Wisconsin,MONROE,16,0,0,1,0,0,0,0
Wisconsin,ONEIDA,2,0,0,3,0,0,0,0
Wisconsin,OUTAGAMIE,48,0,0,3,0,0,0,0
Wisconsin,OZAUKEE,9,0,0,1,0,0,0,0
Wisconsin,PEPIN,5,0,0,1,0,0,0,0
Wisconsin,PIERCE,56,0,0,1,0,0,0,0
Wisconsin,RACINE,28,2,0,2,0,0,0,0
Wisconsin,RICHLAND,14,2,0,3,0,0,0,0
Wisconsin,ROCK,99,11,0,2,0,0,0,0
Wisconsin,SHAWANO,19,0,0,2,0,0,0,0
Wisconsin,SHEBOYGAN,28,0,0,1,0,0,0,0
Wisconsin,VILAS,0,0,0,1,0,0,0,0
Wisconsin,WASHBURN,6,0,0,1,0,0,0,0
Wisconsin,WASHINGTON,21,0,0,0,0,0,0,0
Wisconsin,WAUKESHA,18,0,0,3,0,0,0,0
Wisconsin,WAUPACA,27,0,0,0,0,0,0,0
Wisconsin,WAUSHARA,20,0,0,0,0,0,0,0
Wisconsin,WINNEBAGO,21,0,0,5,0,0,0,0
Wisconsin,WOOD,11,0,0,1,0,0,0,0
Wyoming,ALBANY,2,0,0,2,0,0,0,0
Wyoming,BANNER,1,0,0,3,0,0,0,0
Wyoming,CAMPBELL,2,0,0,12,0,0,0,0
Wyoming,CONVERSE,3,0,0,4,0,0,0,0
Wyoming,CROOK,0,0,0,6,0,0,0,0
Wyoming,FREMONT,0,0,0,1,0,0,0,0
Wyoming,GOSHEN,10,0,0,8,0,0,0,0
Wyoming,HOT SPRINGS,0,0,0,1,0,0,0,0
Wyoming,JOHNSON,1,0,0,2,0,0,0,0
Wyoming,LARAMIE,22,2,0,47,0,0,0,0
Wyoming,LINCOLN,0,0,0,2,0,0,0,0
Wyoming,NATRONA,4,0,0,3,0,0,0,0
Wyoming,NIOBRARA,2,0,0,1,0,0,0,0
Wyoming,PARK,5,0,0,2,0,0,0,0
Wyoming,PLATTE,4,1,0,14,0,0,0,0
Wyoming,SHERIDAN,3,0,0,7,0,0,0,0
Wyoming,SWEETWATER,1,0,0,1,0,0,0,0
Wyoming,TETON,2,0,0,1,0,0,0,0
Wyoming,UINTA,0,0,0,1,0,0,0,0
Wyoming,WASHAKIE,2,0,0,1,0,0,0,0
MONTANA,HILL,0,0,0,0,7300,353,0,562878
MONTANA,CHOUTEAU,0,0,0,0,2474,446,0,545429
WASHINGTON,WHITMAN,0,0,0,0,165,224,0,498473
MONTANA,ROOSEVELT,0,0,0,0,0,250,0,377178
WASHINGTON,LINCOLN,0,0,0,0,0,98,0,367986
NORTH DAKOTA,WARD,0,0,0,0,25641,466,0,339927
MONTANA,VALLEY,0,0,0,0,966,299,0,339378
NORTH DAKOTA,WILLIAMS,0,0,0,0,9391,370,0,324129
MONTANA,SHERIDAN,0,0,0,0,0,315,0,323297
KANSAS,SUMNER,0,0,0,0,58131,268,0,311573
NORTH DAKOTA,CAVALIER,0,0,0,0,4412,389,0,298199
MONTANA,TOOLE,0,0,0,0,730,227,0,296170
WASHINGTON,ADAMS,0,0,0,0,5415,97,0,289048
MINNESOTA,POLK,0,0,0,0,90389,521,0,278518
MONTANA,LIBERTY,0,0,0,0,0,176,0,265544
NORTH DAKOTA,BOTTINEAU,0,0,0,0,26892,342,0,260505
MONTANA,DANIELS,0,0,0,0,0,151,0,242996
NORTH DAKOTA,HETTINGER,0,0,0,0,23331,187,0,238483
OREGON,UMATILLA,0,0,0,0,9946,110,0,234999
NORTH DAKOTA,MCLEAN,0,0,0,0,94064,420,0,234423
MONTANA,MCCONE,0,0,0,0,4272,273,0,223419
WASHINGTON,WALLA WALLA,0,0,0,0,6317,49,0,219473
OKLAHOMA,GARFIELD,0,0,0,0,13118,226,0,218645
MINNESOTA,MARSHALL,0,0,0,0,28255,459,0,217709
NORTH DAKOTA,MOUNTRAIL,0,0,0,0,5375,278,0,216611
OKLAHOMA,GRANT,0,0,0,0,11763,196,0,208432
KANSAS,RENO,0,0,0,0,53831,245,0,203644
NORTH DAKOTA,PEMBINA,0,0,0,0,21674,254,0,202574
NORTH DAKOTA,MCKENZIE,0,0,0,0,7815,250,0,200958
KANSAS,MCPHERSON,0,0,0,0,73476,290,0,196112
NORTH DAKOTA,STARK,0,0,0,0,40844,306,0,195329
MONTANA,DAWSON,0,0,0,0,6167,206,0,183354
OKLAHOMA,ALFALFA,0,0,0,0,1226,166,0,182296
MONTANA,FERGUS,0,0,0,0,1500,247,0,180669
MONTANA,BLAINE,0,0,0,0,0,190,0,179434
COLORADO,KIT CARSON,0,0,0,0,190363,168,0,177458
KANSAS,HARPER,0,0,0,0,0,110,0,174901
NORTH DAKOTA,WALSH,0,0,0,0,35737,349,0,171238
MONTANA,PONDERA,0,0,0,0,420,254,0,170703
MINNESOTA,KITTSON,0,0,0,0,13946,183,0,170257
COLORADO,WASHINGTON,0,0,0,0,102358,241,0,168440
NORTH DAKOTA,DIVIDE,0,0,0,0,4192,235,0,167722
WASHINGTON,DOUGLAS,0,0,0,0,611,98,0,165951
NORTH DAKOTA,RENVILLE,0,0,0,0,11216,216,0,160905
NORTH DAKOTA,TOWNER,0,0,0,0,8920,278,0,160039
WASHINGTON,SPOKANE,0,0,0,0,0,141,0,156625
KANSAS,FINNEY,0,0,0,0,94545,135,0,156178
NORTH DAKOTA,MORTON,0,0,0,0,46154,385,0,155379
NORTH DAKOTA,RAMSEY,0,0,0,0,29111,272,0,153851
KANSAS,SEDGWICK,0,0,0,0,51814,180,0,153570
MONTANA,TETON,0,0,0,0,2020,295,0,153203
WASHINGTON,GRANT,0,0,0,0,37418,144,0,145861
OKLAHOMA,KAY,0,0,0,0,8704,150,0,142189
NORTH DAKOTA,WELLS,0,0,0,0,93055,229,0,142142
KANSAS,FORD,0,0,0,0,42195,111,0,141680
KANSAS,PRATT,0,0,0,0,64058,127,0,141320
COLORADO,KIOWA,0,0,0,0,20676,103,0,140288
MONTANA,RICHLAND,0,0,0,0,6637,230,0,139693
NORTH DAKOTA,SLOPE,0,0,0,0,11036,102,0,137110
IDAHO,BINGHAM,0,0,0,0,2386,208,0,136688
NORTH DAKOTA,ADAMS,0,0,0,0,35591,156,0,136048
COLORADO,CHEYENNE,0,0,0,0,64104,104,0,135636
KANSAS,GREELEY,0,0,0,0,52040,65,0,135282
MONTANA,PHILLIPS,0,0,0,0,0,192,0,132684
SOUTH DAKOTA,SULLY,0,0,0,0,107445,115,0,132368
OREGON,MORROW,0,0,0,0,20904,76,0,130775
OKLAHOMA,BLAINE,0,0,0,0,274,173,0,130387
NORTH DAKOTA,BENSON,0,0,0,0,39588,273,0,129826
NEBRASKA,CHEYENNE,0,0,0,0,43317,190,0,129033
COLORADO,LINCOLN,0,0,0,0,16821,115,0,128941
KANSAS,BARTON,0,0,0,0,27577,121,0,127691
COLORADO,ADAMS,0,0,0,0,21643,120,0,123597
KANSAS,KINGMAN,0,0,0,0,11616,186,0,122739
OKLAHOMA,KINGFISHER,0,0,0,0,842,249,0,121978
NORTH DAKOTA,NELSON,0,0,0,0,20897,178,0,121446
NORTH DAKOTA,GRAND FORKS,0,0,0,0,92225,354,0,121216
KANSAS,WICHITA,0,0,0,0,85629,72,0,118838
KANSAS,THOMAS,0,0,0,0,155168,137,0,118753
KANSAS,STAFFORD,0,0,0,0,54368,103,0,116727
WASHINGTON,BENTON,0,0,0,0,23954,40,0,115993
KANSAS,RICE,0,0,0,0,35758,103,0,115263
KANSAS,HAMILTON,0,0,0,0,20349,70,0,113545
MONTANA,GLACIER,0,0,0,0,0,123,0,112399
KANSAS,BARBER,0,0,0,0,7068,77,0,109795
NORTH DAKOTA,PIERCE,0,0,0,0,25309,246,0,107845
KANSAS,GOVE,0,0,0,0,77109,100,0,106834
KANSAS,CHEYENNE,0,0,0,0,48372,111,0,106039
KANSAS,SHERMAN,0,0,0,0,128566,98,0,105764
NORTH DAKOTA,BURKE,0,0,0,0,2134,216,0,105452
NORTH DAKOTA,MCHENRY,0,0,0,0,55266,310,0,104876
KANSAS,MARION,0,0,0,0,62097,215,0,104840
NORTH DAKOTA,DUNN,0,0,0,0,14545,239,0,103724
KANSAS,NESS,0,0,0,0,17892,91,0,103302
IDAHO,POWER,0,0,0,0,5423,105,0,102492
WASHINGTON,COLUMBIA,0,0,0,0,0,15,0,101793
OKLAHOMA,TEXAS,0,0,0,0,79748,105,0,101313
MONTANA,CASCADE,0,0,0,0,1656,190,0,101206
MINNESOTA,NORMAN,0,0,0,0,88569,314,0,101089
NORTH DAKOTA,ROLETTE,0,0,0,0,3971,210,0,100832
KANSAS,PAWNEE,0,0,0,0,48051,58,0,99584
NORTH DAKOTA,STUTSMAN,0,0,0,0,145178,408,0,99376
OREGON,SHERMAN,0,0,0,0,0,54,0,98884
KANSAS,KEARNY,0,0,0,0,47131,71,0,98170
OKLAHOMA,WOODS,0,0,0,0,0,105,0,97960
KANSAS,DICKINSON,0,0,0,0,18865,172,0,97403
KANSAS,GRAY,0,0,0,0,68791,84,0,97367
OKLAHOMA,CUSTER,0,0,0,0,1955,186,0,96399
KANSAS,HODGEMAN,0,0,0,0,20219,95,0,96284
KANSAS,MITCHELL,0,0,0,0,32434,129,0,95702
SOUTH DAKOTA,POTTER,0,0,0,0,94958,115,0,95038
IDAHO,NEZ PERCE,0,0,0,0,0,63,0,94155
OKLAHOMA,CANADIAN,0,0,0,0,685,174,0,94008
COLORADO,YUMA,0,0,0,0,180245,220,0,93656
COLORADO,LOGAN,0,0,0,0,64447,211,0,93396
WASHINGTON,FRANKLIN,0,0,0,0,12339,91,0,91494
KANSAS,LANE,0,0,0,0,11997,60,0,90763
NORTH DAKOTA,GRANT,0,0,0,0,58469,233,0,90736
SOUTH DAKOTA,STANLEY,0,0,0,0,5032,59,0,90668
NORTH DAKOTA,CASS,0,0,0,0,238249,487,0,90533
KANSAS,RAWLINS,0,0,0,0,54337,131,0,90396
MINNESOTA,ROSEAU,0,0,0,0,12134,341,0,89637
IDAHO,LATAH,0,0,0,0,0,63,0,89496
KANSAS,ROOKS,0,0,0,0,28952,85,0,88839
KANSAS,ELLIS,0,0,0,0,9579,121,0,88472
NORTH DAKOTA,BOWMAN,0,0,0,0,17828,149,0,88230
KANSAS,STANTON,0,0,0,0,59681,54,0,88050
MONTANA,GARFIELD,0,0,0,0,2867,142,0,87132
KANSAS,HARVEY,0,0,0,0,80655,159,0,86662
NEBRASKA,KIMBALL,0,0,0,0,25124,123,0,86119
KANSAS,SCOTT,0,0,0,0,54527,67,0,85613
OKLAHOMA,MAJOR,0,0,0,0,4449,138,0,85040
NORTH DAKOTA,TRAILL,0,0,0,0,91437,236,0,84651
MONTANA,BIG HORN,0,0,0,0,3401,85,0,83342
KANSAS,SALINE,0,0,0,0,7971,115,0,83309
KANSAS,SMITH,0,0,0,0,88210,137,0,83112
OKLAHOMA,WASHITA,0,0,0,0,1100,196,0,82948
NORTH DAKOTA,SHERIDAN,0,0,0,0,27271,161,0,81892
OKLAHOMA,KIOWA,0,0,0,0,2793,147,0,81107
WASHINGTON,KLICKITAT,0,0,0,0,0,41,0,80905
KANSAS,MEADE,0,0,0,0,81745,75,0,80042
COLORADO,PHILLIPS,0,0,0,0,107389,98,0,79137
KANSAS,COWLEY,0,0,0,0,29292,124,0,78561
COLORADO,WELD,0,0,0,0,68270,338,0,78551
NORTH DAKOTA,BARNES,0,0,0,0,116488,359,0,78055
KANSAS,LOGAN,0,0,0,0,63269,62,0,77675
KANSAS,DECATUR,0,0,0,0,63342,88,0,76865
IDAHO,LEWIS,0,0,0,0,0,30,0,76391
OREGON,GILLIAM,0,0,0,0,0,44,0,76199
OKLAHOMA,JACKSON,0,0,0,0,0,132,0,76065
OKLAHOMA,TILLMAN,0,0,0,0,3726,101,0,75750
OKLAHOMA,CIMARRON,0,0,0,0,17129,67,0,75530
SOUTH DAKOTA,LYMAN,0,0,0,0,59458,160,0,74535
SOUTH DAKOTA,HUGHES,0,0,0,0,43287,89,0,74398
KANSAS,RUSH,0,0,0,0,8693,96,0,73680
WASHINGTON,GARFIELD,0,0,0,0,0,62,0,72788
KANSAS,EDWARDS,0,0,0,0,62521,47,0,72001
OREGON,WASCO,0,0,0,0,0,47,0,71121
KANSAS,TREGO,0,0,0,0,13701,92,0,70815
KANSAS,RUSSELL,0,0,0,0,7453,64,0,70152
COLORADO,BACA,0,0,0,0,48039,142,0,70031
KANSAS,WALLACE,0,0,0,0,97609,74,0,69597
WYOMING,LARAMIE,0,0,0,0,9179,152,0,69364
OKLAHOMA,COTTON,0,0,0,0,0,123,0,69108
COLORADO,PROWERS,0,0,0,0,11337,90,0,68798
MICHIGAN,HURON,0,0,0,0,77984,175,0,68342
IDAHO,CASSIA,0,0,0,0,1843,132,0,68041
KANSAS,OSBORNE,0,0,0,0,24902,95,0,67481
NORTH DAKOTA,KIDDER,0,0,0,0,46571,233,0,66729
MINNESOTA,CLAY,0,0,0,0,144928,331,0,65878
KANSAS,STEVENS,0,0,0,0,106588,29,0,65196
KANSAS,JEWELL,0,0,0,0,63481,150,0,63988
SOUTH DAKOTA,HAAKON,0,0,0,0,30234,112,0,63294
OKLAHOMA,NOBLE,0,0,0,0,10323,114,0,62916
NEBRASKA,BOX BUTTE,0,0,0,0,95156,149,0,62604
KENTUCKY,CHRISTIAN,0,0,0,0,80301,156,0,61598
NEBRASKA,PERKINS,0,0,0,0,161476,151,0,61022
NORTH DAKOTA,EMMONS,0,0,0,0,121961,254,0,60794
MONTANA,YELLOWSTONE,0,0,0,0,2861,168,0,60318
KANSAS,GRANT,0,0,0,0,37201,49,0,59699
IDAHO,IDAHO,0,0,0,0,0,75,0,59237
SOUTH DAKOTA,CORSON,0,0,0,0,34836,131,0,58667
NORTH DAKOTA,GOLDEN VALLEY,0,0,0,0,10069,118,0,58320
OKLAHOMA,BEAVER,0,0,0,0,2655,81,0,58156
KANSAS,OTTAWA,0,0,0,0,26000,106,0,58078
OKLAHOMA,CADDO,0,0,0,0,4583,153,0,57572
TEXAS,HILL,0,0,0,0,56080,50,0,57141
MONTANA,GALLATIN,0,0,0,0,1427,176,0,57127
MINNESOTA,PENNINGTON,0,0,0,0,7016,160,0,57079
KENTUCKY,LOGAN,0,0,0,0,61553,113,0,56278
NORTH DAKOTA,GRIGGS,0,0,0,0,28106,162,0,55579
MINNESOTA,RED LAKE,0,0,0,0,13891,123,0,55005
KANSAS,PHILLIPS,0,0,0,0,69323,94,0,54745
KANSAS,SHERIDAN,0,0,0,0,102064,150,0,54662
TEXAS,HANSFORD,0,0,0,0,57089,23,0,54227
MICHIGAN,SANILAC,0,0,0,0,95172,357,0,54210
KANSAS,COMANCHE,0,0,0,0,2456,54,0,54111
MONTANA,JUDITH BASIN,0,0,0,0,0,116,0,53692
MINNESOTA,WILKIN,0,0,0,0,108649,228,0,53565
KANSAS,CHEROKEE,0,0,0,0,51363,124,0,53089
NORTH DAKOTA,BURLEIGH,0,0,0,0,54742,269,0,53022
IDAHO,BONNEVILLE,0,0,0,0,1064,157,0,52438
KANSAS,CLARK,0,0,0,0,1556,49,0,52309
NORTH DAKOTA,RICHLAND,0,0,0,0,224172,419,0,51405
KANSAS,ELLSWORTH,0,0,0,0,1844,72,0,51403
NEBRASKA,DEUEL,0,0,0,0,33259,75,0,51303
ILLINOIS,WASHINGTON,0,0,0,0,111069,316,0,51044
NORTH DAKOTA,MCINTOSH,0,0,0,0,45220,183,0,50828
OKLAHOMA,DEWEY,0,0,0,0,0,132,0,50173
NORTH CAROLINA,UNION,0,0,0,0,30804,103,0,49835
KANSAS,CLOUD,0,0,0,0,37708,88,0,48892
TENNESSEE,GIBSON,0,0,0,0,71094,89,0,48721
SOUTH DAKOTA,PERKINS,0,0,0,0,11913,187,0,48513
KANSAS,LINCOLN,0,0,0,0,2166,97,0,48508
TEXAS,WILBARGER,0,0,0,0,678,40,0,48230
KANSAS,GRAHAM,0,0,0,0,39892,74,0,47478
KANSAS,LABETTE,0,0,0,0,37282,99,0,47156
NORTH DAKOTA,FOSTER,0,0,0,0,48794,145,0,46919
TEXAS,JONES,0,0,0,0,0,59,0,46899
TEXAS,DEAF SMITH,0,0,0,0,18504,32,0,46447
KANSAS,NORTON,0,0,0,0,63396,89,0,45796
NEW MEXICO,CURRY,0,0,0,0,891,29,0,45759
IDAHO,MADISON,0,0,0,0,0,140,0,45667
TEXAS,OCHILTREE,0,0,0,0,23500,57,0,44687
KANSAS,MORTON,0,0,0,0,29379,32,0,44180
KANSAS,CLAY,0,0,0,0,45765,107,0,44093
NORTH DAKOTA,STEELE,0,0,0,0,62185,179,0,43977
TEXAS,HASKELL,0,0,0,0,0,65,0,43745
IDAHO,CARIBOU,0,0,0,0,0,111,0,43544
KANSAS,BUTLER,0,0,0,0,71739,149,0,43326
KANSAS,HASKELL,0,0,0,0,84993,59,0,43326
ARIZONA,YUMA,0,0,0,0,0,2,0,42968
KANSAS,MONTGOMERY,0,0,0,0,32280,70,0,42593
CALIFORNIA,IMPERIAL,0,0,0,0,1136,19,0,42559
KANSAS,WILSON,0,0,0,0,45725,91,0,41959
KANSAS,KIOWA,0,0,0,0,20348,56,0,41934
NORTH DAKOTA,MERCER,0,0,0,0,16027,175,0,41774
SOUTH DAKOTA,WALWORTH,0,0,0,0,67429,105,0,41388
TEXAS,KNOX,0,0,0,0,0,71,0,41369
NORTH DAKOTA,OLIVER,0,0,0,0,18968,138,0,39974
TEXAS,SHERMAN,0,0,0,0,92815,20,0,39357
SOUTH DAKOTA,PENNINGTON,0,0,0,0,7642,95,0,39318
KANSAS,CRAWFORD,0,0,0,0,46213,112,0,39129
IDAHO,CANYON,0,0,0,0,23758,143,0,38781
NEBRASKA,BANNER,0,0,0,0,21705,74,0,38673
SOUTH DAKOTA,EDMUNDS,0,0,0,0,182048,186,0,37742
IDAHO,FREMONT,0,0,0,0,0,131,0,37174
SOUTH DAKOTA,ZIEBACH,0,0,0,0,12790,52,0,37027
NEBRASKA,RED WILLOW,0,0,0,0,65517,110,0,36886
MISSOURI,MISSISSIPPI,0,0,0,0,51432,80,980,36851
UTAH,BOX ELDER,0,0,0,0,7120,223,0,36780
TEXAS,GRAYSON,0,0,0,0,12274,59,0,36702
OKLAHOMA,HARPER,0,0,0,0,0,94,0,36419
NORTH DAKOTA,LA MOURE,0,1,0,0,135186,293,0,36363
NORTH DAKOTA,EDDY,0,0,0,0,33510,129,0,35952
IDAHO,MINIDOKA,0,0,0,0,9019,114,0,35897
SOUTH DAKOTA,HARDING,0,0,0,0,11596,82,0,35731
TEXAS,DALLAM,0,0,0,0,78188,57,0,35643
SOUTH DAKOTA,SPINK,0,0,0,0,229217,309,0,35395
KANSAS,SEWARD,0,0,0,0,65289,46,0,35361
KENTUCKY,TODD,0,0,0,0,48242,126,0,35336
NEBRASKA,HITCHCOCK,0,0,0,0,28014,111,0,34958
OKLAHOMA,GRADY,0,0,0,0,3063,123,0,34943
TENNESSEE,ROBERTSON,0,0,0,0,43372,95,0,34744
COLORADO,SEDGWICK,0,0,0,0,45562,63,0,34371
TEXAS,MCLENNAN,0,0,0,0,45873,111,0,34065
TEXAS,HARDEMAN,0,0,0,0,0,32,0,33956
OKLAHOMA,COMANCHE,0,0,0,0,0,84,0,33908
NORTH DAKOTA,LOGAN,0,0,0,0,40697,164,0,33350
SOUTH DAKOTA,TRIPP,0,0,0,0,59761,276,0,33191
SOUTH DAKOTA,HAND,0,0,0,0,184807,204,0,33122
SOUTH DAKOTA,CAMPBELL,0,0,0,0,61187,110,0,32808
SOUTH DAKOTA,CHARLES MIX,0,0,0,0,142260,312,0,32677
ILLINOIS,RANDOLPH,0,0,0,0,57110,272,0,32351
TEXAS,HARTLEY,0,0,0,0,68758,20,0,32305
MINNESOTA,MAHNOMEN,0,0,0,0,42747,121,0,32220
SOUTH DAKOTA,HYDE,0,0,0,0,42912,100,0,31776
TEXAS,WICHITA,0,0,0,0,1822,64,0,31767
IDAHO,ONEIDA,0,0,0,0,0,96,0,31703
MICHIGAN,TUSCOLA,0,0,0,0,82146,247,0,31590
IDAHO,BENEWAH,0,0,0,0,0,25,0,31436
TEXAS,RUNNELS,0,0,0,0,558,60,0,31271
SOUTH DAKOTA,JONES,0,0,0,0,26757,75,0,31172
NEBRASKA,CHASE,0,0,0,0,140977,112,0,31124
MISSOURI,BARTON,0,0,0,0,58202,201,0,30982
TEXAS,PARMER,0,0,0,0,5570,24,0,30861
COLORADO,MORGAN,0,0,0,0,48801,175,0,30855
TEXAS,COOKE,0,0,0,0,948,91,0,30792
ALABAMA,LIMESTONE,0,0,0,0,27890,57,0,30519
TEXAS,SWISHER,0,0,0,0,6854,13,0,30364
TEXAS,LAMAR,0,0,0,0,16944,50,0,30311
MONTANA,GOLDEN VALLEY,0,0,0,0,0,43,0,30042
OKLAHOMA,GREER,0,0,0,0,0,94,0,29713
KANSAS,NEOSHO,0,0,0,0,34726,107,0,29617
TEXAS,ELLIS,0,0,0,0,34337,25,0,29231
TEXAS,TAYLOR,0,0,0,0,0,30,0,29203
OKLAHOMA,WOODWARD,0,0,0,0,0,89,0,28635
NEBRASKA,GARDEN,0,0,0,0,27026,61,0,28339
TEXAS,DENTON,0,0,0,0,2228,64,0,28180
NORTH CAROLINA,ROBESON,0,0,0,0,53036,122,0,28165
TEXAS,HALE,0,0,0,0,16895,14,0,28145
UTAH,SAN JUAN,0,0,0,0,0,32,0,28120
ILLINOIS,CLINTON,0,0,0,0,103471,383,0,28082
TEXAS,CARSON,0,0,0,0,41430,23,0,28018
TEXAS,FANNIN,0,0,0,0,19569,66,0,27358
TEXAS,BAYLOR,0,0,0,0,0,67,0,27188
NEBRASKA,FURNAS,0,0,0,0,123652,99,0,27057
IDAHO,BANNOCK,0,0,0,0,0,94,0,26897
MONTANA,FALLON,0,0,0,0,2475,84,0,26773
KENTUCKY,SIMPSON,0,0,0,0,36034,54,0,26767
NORTH DAKOTA,RANSOM,0,0,0,0,60266,156,0,26619
COLORADO,ELBERT,0,0,0,0,7343,45,0,26572
OKLAHOMA,LOGAN,0,0,0,0,0,74,0,26522
MONTANA,STILLWATER,0,0,0,0,800,97,0,26317
TEXAS,CASTRO,0,0,0,0,13793,24,0,26279
OKLAHOMA,BECKHAM,0,0,0,0,60,108,0,26235
OHIO,PUTNAM,0,0,0,0,83381,461,0,26201
SOUTH DAKOTA,JACKSON,0,0,0,0,8390,83,0,26103
SOUTH DAKOTA,MCPHERSON,0,0,0,0,75588,150,0,26005
NORTH DAKOTA,BILLINGS,0,0,0,0,3638,81,0,25899
SOUTH DAKOTA,BRULE,0,0,0,0,77417,155,0,25804
TENNESSEE,WEAKLEY,0,0,0,0,61094,117,0,25753
ILLINOIS,PERRY,0,0,0,0,40640,146,0,25720
MISSOURI,JASPER,0,0,0,0,19726,109,0,25322
MONTANA,CARTER,0,0,0,0,1106,103,0,25272
ILLINOIS,MONROE,0,0,0,0,46832,173,0,24995
SOUTH DAKOTA,DAY,0,0,0,0,94935,197,0,24770
MONTANA,ROSEBUD,0,0,0,0,1830,85,0,24735
MONTANA,WIBAUX,0,0,0,0,1971,62,0,24565
IDAHO,JEFFERSON,0,0,0,0,1801,156,0,24511
OREGON,MALHEUR,0,0,0,0,13248,126,0,24488
PENNSYLVANIA,LANCASTER,0,0,0,0,95549,1254,0,24101
MONTANA,BROADWATER,0,0,0,0,180,81,0,24086
NEBRASKA,SHERIDAN,0,0,0,0,28073,109,0,23980
WASHINGTON,YAKIMA,0,0,0,0,15764,45,0,23961
ARIZONA,PINAL,0,0,0,0,0,5,0,23602
TEXAS,MOORE,0,0,0,0,23824,8,0,23552
MINNESOTA,BECKER,0,0,0,0,72931,273,0,23468
KANSAS,WASHINGTON,0,0,0,0,80372,167,0,23158
TEXAS,THROCKMORTON,0,0,0,0,0,36,0,22700
TENNESSEE,DYER,0,0,0,0,44784,45,0,22698
KENTUCKY,GRAVES,0,0,0,0,61862,150,0,22315
NEBRASKA,DUNDY,0,0,0,0,53542,109,0,22295
ILLINOIS,ST CLAIR,0,1,0,0,101640,300,0,22154
TEXAS,HUNT,0,0,0,0,10153,54,0,21960
OHIO,HANCOCK,0,0,0,0,68720,157,0,21915
KANSAS,REPUBLIC,0,0,0,0,86499,183,0,21856
WASHINGTON,ASOTIN,0,0,0,0,0,39,0,21701
TEXAS,YOUNG,0,0,0,0,0,43,0,21604
MISSOURI,PEMISCOT,0,0,0,0,21288,59,32709,21391
DELAWARE,SUSSEX,0,0,0,0,95409,91,0,21118
TEXAS,RANDALL,0,0,0,0,3370,26,0,21099
KENTUCKY,WARREN,0,0,0,0,38895,106,0,21013
TEXAS,FLOYD,0,0,0,0,5747,6,0,21009
OHIO,HENRY,0,0,0,0,81311,188,0,20850
SOUTH DAKOTA,MEADE,0,0,0,0,6146,188,0,20544
ALABAMA,MADISON,0,0,0,0,29766,56,0,20503
SOUTH DAKOTA,DEWEY,0,0,0,0,20146,95,0,20318
ILLINOIS,JACKSON,0,0,0,0,48360,151,0,20158
MINNESOTA,OTTER TAIL,0,0,0,0,173119,874,0,20131
NEW MEXICO,ROOSEVELT,0,0,0,0,1750,25,0,20039
NORTH DAKOTA,SIOUX,0,0,0,0,17658,69,0,20023
TEXAS,TOM GREEN,0,0,0,0,4968,27,0,19904
MONTANA,PETROLEUM,0,0,0,0,960,29,0,19857
IDAHO,TWIN FALLS,0,0,0,0,15650,151,0,19625
TENNESSEE,CROCKETT,0,0,0,0,21552,18,0,19606
KANSAS,MORRIS,0,0,0,0,19268,88,0,19456
NEBRASKA,MORRILL,0,0,0,0,67127,128,0,19385
TEXAS,CLAY,0,0,0,0,0,62,0,19305
OHIO,SENECA,0,0,0,0,65707,322,0,19048
MONTANA,WHEATLAND,0,0,0,0,0,41,0,19036
MISSOURI,VERNON,0,0,0,0,63611,175,0,18827
MISSOURI,SCOTT,0,0,0,0,57684,130,2284,18619
OKLAHOMA,ROGER MILLS,0,0,0,0,900,90,0,18604
ILLINOIS,MADISON,0,0,0,0,97245,309,0,18489
NEBRASKA,DAWES,0,0,0,0,8516,85,0,18476
SOUTH DAKOTA,FAULK,0,0,0,0,134813,157,0,18397
TEXAS,FALLS,0,0,0,0,55919,95,0,18359
NEBRASKA,FRONTIER,0,0,0,0,99906,98,0,18292
KENTUCKY,CARLISLE,0,0,0,0,29632,52,0,18205
MICHIGAN,LENAWEE,0,0,0,0,86432,189,0,18168
MARYLAND,KENT,0,0,0,0,38642,68,0,18111
INDIANA,ALLEN,0,0,0,0,103967,305,0,17987
MISSOURI,DADE,0,0,0,0,16548,56,0,17928
SOUTH DAKOTA,JERAULD,0,0,0,0,70224,70,0,17898
OREGON,UNION,0,0,0,0,700,52,0,17788
TEXAS,COLEMAN,0,0,0,0,0,107,0,17787
TEXAS,FISHER,0,0,0,0,0,12,0,17783
ALABAMA,LAWRENCE,0,0,0,0,33298,43,0,17767
DELAWARE,KENT,0,0,0,0,67544,78,0,17737
NEBRASKA,HAYES,0,0,0,0,44450,70,0,17537
MICHIGAN,MONTCALM,0,0,0,0,62851,169,0,17486
MISSOURI,STODDARD,0,0,0,0,70462,182,24421,17469
PENNSYLVANIA,YORK,0,0,0,0,64129,307,0,17425
INDIANA,POSEY,0,0,0,0,93270,198,0,17119
ILLINOIS,JEFFERSON,0,0,0,0,41559,136,0,17015
MICHIGAN,GRATIOT,0,0,0,0,87321,153,0,16848
TENNESSEE,HAYWOOD,0,0,0,0,23429,35,0,16824
TEXAS,BELL,0,0,0,0,69171,79,0,16783
MARYLAND,QUEEN ANNES,0,0,0,0,53815,71,0,16768
TEXAS,GRAY,0,0,0,0,6473,13,0,16739
TENNESSEE,OBION,0,0,0,0,71194,83,0,16735
OHIO,HURON,0,0,0,0,57818,247,0,16640
TEXAS,COLLIN,0,0,0,0,13149,45,0,16535
MARYLAND,DORCHESTER,0,0,0,0,25853,27,0,16388
OHIO,WOOD,0,0,0,0,73685,164,0,16106
NEBRASKA,KEITH,0,0,0,0,85563,111,0,16072
MICHIGAN,SAGINAW,0,0,0,0,83923,250,0,15955
CALIFORNIA,YOLO,0,0,0,0,2486,15,10571,15932
WISCONSIN,MANITOWOC,0,0,0,0,32261,159,0,15918
IDAHO,BOUNDARY,0,0,0,0,0,45,0,15905
WISCONSIN,FOND DU LAC,0,0,0,0,77484,280,0,15818
MARYLAND,CAROLINE,0,0,0,0,33855,73,0,15765
PENNSYLVANIA,FRANKLIN,0,0,0,0,49276,322,0,15759
TEXAS,COKE,0,0,0,0,0,13,0,15701
OHIO,PAULDING,0,0,0,0,45346,151,0,15697
KANSAS,WOODSON,0,0,0,0,28954,75,0,15580
OKLAHOMA,ELLIS,0,0,0,0,1412,83,0,15519
TEXAS,GAINES,0,0,0,0,13541,35,0,15501
NORTH CAROLINA,DUPLIN,0,0,0,0,43727,86,0,15453
INDIANA,GIBSON,0,0,0,0,102106,225,0,15299
TEXAS,ARCHER,0,0,0,0,3420,50,0,15206
MICHIGAN,CLINTON,0,0,0,0,56418,207,0,15194
SOUTH CAROLINA,CLARENDON,0,0,0,0,39515,69,0,15162
WISCONSIN,SHEBOYGAN,0,0,0,0,38829,167,0,15083
IDAHO,OWYHEE,0,0,0,0,15508,90,0,14926
TENNESSEE,MONTGOMERY,0,0,0,0,24910,36,0,14893
MICHIGAN,INGHAM,0,0,0,0,58475,119,0,14876
TEXAS,JOHNSON,0,0,0,0,24159,44,0,14873
WISCONSIN,DODGE,0,0,0,0,122274,383,0,14769
MICHIGAN,EATON,0,0,0,0,47402,131,0,14755
ARIZONA,MARICOPA,0,0,0,0,322,36,0,14666
ARKANSAS,JEFFERSON,0,0,0,0,38779,50,64128,14612
MISSOURI,AUDRAIN,0,0,0,0,88271,427,0,14475
OREGON,KLAMATH,0,0,0,0,0,42,0,14416
CALIFORNIA,FRESNO,0,0,0,0,900,15,0,14368
KENTUCKY,HICKMAN,0,0,0,0,35049,56,0,14167
MISSOURI,DUNKLIN,0,0,0,0,24767,48,21420,14144
OHIO,AUGLAIZE,0,0,0,0,76230,350,0,14056
MARYLAND,TALBOT,0,0,0,0,28914,21,0,14038
SOUTH DAKOTA,BENNETT,0,0,0,0,18291,83,0,14020
NORTH CAROLINA,SAMPSON,0,0,0,0,32793,130,0,13962
OKLAHOMA,OTTAWA,0,0,0,0,6695,35,0,13915
ARKANSAS,PHILLIPS,0,0,0,0,43867,56,18793,13875
KANSAS,COFFEY,0,0,0,0,27781,120,0,13857
TEXAS,CONCHO,0,0,0,0,0,27,0,13801
ILLINOIS,CLAY,0,0,0,0,63792,169,0,13797
MICHIGAN,IONIA,0,0,0,0,63164,204,0,13730
ARKANSAS,MISSISSIPPI,0,0,0,0,21590,56,47763,13675
TEXAS,OLDHAM,0,0,0,0,0,5,0,13534
SOUTH DAKOTA,CODINGTON,0,0,0,0,55224,208,0,13527
NORTH CAROLINA,WAYNE,0,0,0,0,19629,97,0,13465
OKLAHOMA,HARMON,0,0,0,0,0,74,0,13456
KANSAS,ALLEN,0,0,0,0,36421,114,0,13448
MISSOURI,CAPE GIRARDEAU,0,0,0,0,31053,181,0,13357
MICHIGAN,MONROE,0,0,0,0,55838,137,0,13280
NORTH CAROLINA,PERQUIMANS,0,0,0,0,12042,53,0,13250
TEXAS,CORYELL,0,0,0,0,6018,75,0,13163
KENTUCKY,TRIGG,0,0,0,0,15623,42,0,13158
NEBRASKA,HARLAN,0,0,0,0,87134,104,0,13095
TEXAS,BAILEY,0,0,0,0,3138,4,0,12953
TENNESSEE,TIPTON,0,0,0,0,30222,55,0,12930
TEXAS,ARMSTRONG,0,0,0,0,0,20,0,12926
TEXAS,HUTCHINSON,0,0,0,0,18100,13,0,12897
SOUTH DAKOTA,MINER,0,0,0,0,81472,143,0,12789
MONTANA,FLATHEAD,0,0,0,0,42,90,0,12776
MONTANA,MUSSELSHELL,0,0,0,0,0,45,0,12724
UTAH,CACHE,0,0,0,0,2360,151,0,12626
SOUTH CAROLINA,DILLON,0,0,0,0,25931,36,0,12576
MONTANA,LEWIS AND CLARK,0,0,0,0,0,47,0,12525
ILLINOIS,FRANKLIN,0,0,0,0,32821,130,0,12403
SOUTH DAKOTA,BROWN,0,0,0,0,273340,311,0,12350
TEXAS,NOLAN,0,0,0,0,0,15,0,12348
NEW YORK,LIVINGSTON,0,0,0,0,40547,100,0,12275
MISSOURI,BATES,0,0,0,0,55382,176,0,12225
OKLAHOMA,WASHINGTON,0,0,0,0,0,19,0,12201
TEXAS,DELTA,0,0,0,0,6159,14,0,12184
WYOMING,GOSHEN,0,0,0,0,19022,166,0,12183
ARKANSAS,JACKSON,0,0,0,0,20118,61,79804,12175
MICHIGAN,BAY,0,0,0,0,48963,125,0,12141
IDAHO,ELMORE,0,0,0,0,7377,33,0,12138
ILLINOIS,MARION,0,0,0,0,74430,157,0,12109
TEXAS,MCCULLOCH,0,0,0,0,0,44,0,12070
INDIANA,KNOX,0,0,0,0,116132,198,0,12058
WISCONSIN,KEWAUNEE,0,0,0,0,31346,159,0,12043
ALABAMA,COLBERT,0,0,0,0,17370,23,0,11975
IDAHO,FRANKLIN,0,0,0,0,929,112,0,11914
KANSAS,LYON,0,0,0,0,30245,175,0,11845
TEXAS,WILLIAMSON,0,0,0,0,70274,48,0,11810
COLORADO,DOLORES,0,0,0,0,0,15,0,11804
OHIO,HARDIN,0,0,0,0,81903,206,0,11801
OREGON,BAKER,0,0,0,0,469,34,0,11787
ILLINOIS,HAMILTON,0,0,0,0,62816,138,0,11759
TEXAS,LIPSCOMB,0,0,0,0,1085,16,0,11730
OKLAHOMA,WAGONER,0,0,0,0,3810,31,0,11706
PENNSYLVANIA,CUMBERLAND,0,8,0,0,33283,280,0,11672
TEXAS,TERRY,0,0,0,0,1003,9,0,11604
KENTUCKY,CALDWELL,0,0,0,0,26905,51,0,11535
ILLINOIS,FAYETTE,0,3,0,0,101614,216,0,11451
OHIO,MERCER,0,0,0,0,101258,501,0,11420
OHIO,DARKE,0,74,0,0,140854,541,0,11403
MICHIGAN,SHIAWASSEE,0,0,0,0,44710,214,0,11250
NORTH DAKOTA,SARGENT,0,0,0,0,97960,205,0,11229
TENNESSEE,CARROLL,0,0,0,0,32330,44,0,11180
MINNESOTA,LAKE OF THE WOODS,0,0,0,0,1125,48,0,11175
MARYLAND,FREDERICK,0,0,0,0,31752,102,0,11147
WISCONSIN,BROWN,0,0,0,0,28841,134,0,11133
KANSAS,BOURBON,0,0,0,0,13658,97,0,11113
SOUTH DAKOTA,OGLALA LAKOTA,0,0,0,0,3839,22,0,11109
VIRGINIA,ACCOMACK,0,0,0,0,22155,24,0,11071
NORTH CAROLINA,BEAUFORT,0,0,0,0,38829,69,0,11030
OHIO,CRAWFORD,0,0,0,0,73816,206,0,11007
KENTUCKY,CALLOWAY,0,0,0,0,34428,85,0,10998
TENNESSEE,MADISON,0,0,0,0,20197,40,0,10952
ARKANSAS,CRITTENDEN,0,0,0,0,22336,58,28360,10907
NORTH CAROLINA,JOHNSTON,0,0,0,0,8935,153,0,10874
ILLINOIS,LAWRENCE,0,0,0,0,77951,105,0,10850
OHIO,WYANDOT,0,0,0,0,66496,118,0,10810
NEW MEXICO,QUAY,0,0,0,0,0,36,0,10788
OHIO,VAN WERT,0,0,0,0,67448,264,0,10763
KANSAS,CHASE,0,0,0,0,12432,36,0,10728
WISCONSIN,DANE,0,0,0,0,151011,424,0,10633
MICHIGAN,ISABELLA,0,0,0,0,33417,130,0,10615
OHIO,FAYETTE,0,2,0,0,77261,169,0,10579
WASHINGTON,OKANOGAN,0,0,0,0,165,37,0,10557
NEBRASKA,WEBSTER,0,0,0,0,97812,126,0,10521
ARKANSAS,MONROE,0,0,0,0,26952,62,32351,10518
WISCONSIN,CALUMET,0,0,0,0,26674,136,0,10503
ARKANSAS,LEE,0,0,0,0,41012,32,16034,10425
SOUTH DAKOTA,GREGORY,0,0,0,0,36321,202,0,10245
MONTANA,CUSTER,0,0,0,0,1396,93,0,10232
KENTUCKY,BALLARD,0,0,0,0,25175,64,0,10206
WISCONSIN,DOOR,0,0,0,0,15857,148,0,10201
MISSOURI,COOPER,0,0,0,0,47292,188,0,10138
OHIO,UNION,0,0,0,0,51562,210,0,10115
MISSOURI,HENRY,0,0,0,0,31841,156,0,10071
MICHIGAN,WASHTENAW,0,0,0,0,36687,171,0,9952
MINNESOTA,BELTRAMI,0,0,0,0,1975,89,0,9873
MONTANA,TREASURE,0,0,0,0,2210,41,0,9873
OHIO,PICKAWAY,0,0,0,0,96521,210,0,9829
NORTH CAROLINA,PITT,0,0,0,0,19906,49,0,9758
NORTH CAROLINA,NORTHAMPTON,0,0,0,0,13217,58,0,9724
TENNESSEE,HENRY,0,0,0,0,33871,114,0,9718
SOUTH DAKOTA,GRANT,0,0,0,0,97269,198,0,9671
PENNSYLVANIA,ADAMS,0,0,0,0,28584,154,0,9667
MISSOURI,PERRY,0,0,0,0,23231,179,0,9638
NORTH CAROLINA,BERTIE,0,0,0,0,13663,55,0,9602
SOUTH DAKOTA,BUFFALO,0,0,0,0,11598,39,0,9590
KANSAS,MARSHALL,0,0,0,0,113430,202,0,9585
SOUTH DAKOTA,AURORA,0,0,0,0,88847,194,0,9519
OHIO,SHELBY,0,0,0,0,70057,320,0,9508
MONTANA,LAKE,0,0,0,0,1789,101,0,9506
TEXAS,MONTAGUE,0,0,0,0,0,9,0,9474
NEW JERSEY,SALEM,0,0,0,0,16141,62,0,9465
TEXAS,BRISCOE,0,0,0,0,0,8,0,9443
TENNESSEE,LAUDERDALE,0,0,0,0,19175,36,0,9419
SOUTH DAKOTA,MELLETTE,0,0,0,0,4506,71,0,9400
NORTH CAROLINA,GREENE,0,0,0,0,14550,34,0,9399
OHIO,WAYNE,0,0,0,0,60714,432,0,9347
OHIO,WILLIAMS,0,0,0,0,65712,144,0,9316
OHIO,ALLEN,0,0,0,0,64776,211,0,9252
NORTH CAROLINA,WILSON,0,0,0,0,8938,26,0,9224
SOUTH CAROLINA,LEE,0,0,0,0,23332,50,0,9220
TEXAS,LAMB,0,0,0,0,9737,4,0,9212
NORTH CAROLINA,TYRRELL,0,0,0,0,21279,30,0,9212
OREGON,WASHINGTON,0,0,0,0,170,78,0,9204
OKLAHOMA,JEFFERSON,0,0,0,0,0,49,0,9190
TEXAS,CROSBY,0,0,0,0,2316,4,0,9141
COLORADO,LARIMER,0,0,0,0,4847,58,0,9071
ILLINOIS,MACOUPIN,0,0,0,0,166531,393,0,9035
IDAHO,BUTTE,0,0,0,0,982,71,0,9017
NEBRASKA,LINCOLN,0,0,0,0,194742,209,0,8949
WYOMING,PLATTE,0,0,0,0,8307,53,0,8948
PENNSYLVANIA,BERKS,0,0,0,0,45159,464,0,8937
MARYLAND,WASHINGTON,0,0,0,0,17619,145,0,8884
ILLINOIS,RICHLAND,0,0,0,0,76798,161,0,8871
MICHIGAN,HILLSDALE,0,0,0,0,83192,175,0,8842
UTAH,UTAH,0,0,0,0,1377,137,0,8833
MISSOURI,NEW MADRID,0,0,0,0,38568,124,15767,8711
ILLINOIS,WAYNE,0,8,0,0,99126,230,0,8636
ARKANSAS,CROSS,0,0,0,0,22382,85,54042,8617
OREGON,MARION,0,0,0,0,165,105,0,8576
SOUTH CAROLINA,SUMTER,0,0,0,0,30094,35,0,8560
TENNESSEE,LAWRENCE,0,0,0,0,31070,87,0,8549
DELAWARE,NEW CASTLE,0,0,0,0,24832,26,0,8537
NORTH CAROLINA,IREDELL,0,0,0,0,8221,88,0,8514
OHIO,SANDUSKY,0,0,0,0,46201,169,0,8511
OKLAHOMA,STEPHENS,0,0,0,0,0,50,0,8491
NEBRASKA,GOSPER,0,0,0,0,64280,103,0,8486
OREGON,WALLOWA,0,0,0,0,0,58,0,8474
NORTH DAKOTA,DICKEY,0,0,0,0,127464,202,0,8438
MICHIGAN,ST CLAIR,0,0,0,0,27634,186,0,8388
OHIO,FULTON,0,0,0,0,82250,198,0,8374
IDAHO,JEROME,0,0,0,0,4715,84,0,8373
CALIFORNIA,TULARE,0,0,0,0,1492,26,0,8340
NORTH CAROLINA,STANLY,0,0,0,0,14830,43,0,8315
NEW YORK,ONTARIO,0,0,0,0,28073,172,0,8271
SOUTH DAKOTA,BEADLE,0,0,0,0,157658,290,0,8269
VIRGINIA,SOUTHAMPTON,0,4,0,0,15773,93,0,8265
OHIO,RICHLAND,0,0,0,0,41059,253,0,8189
IDAHO,KOOTENAI,0,0,0,0,0,37,0,8183
NEW YORK,GENESEE,0,0,0,0,31416,99,0,8168
NORTH CAROLINA,MARTIN,0,0,0,0,5197,56,0,8167
TEXAS,DAWSON,0,0,0,0,0,1,0,8139
NORTH CAROLINA,ROWAN,0,0,0,0,10010,97,0,8128
MISSOURI,LAWRENCE,0,0,0,0,8392,96,0,8013
MINNESOTA,GRANT,0,0,0,0,133860,196,0,7963
ILLINOIS,CRAWFORD,0,0,0,0,90933,139,0,7914
NORTH CAROLINA,PASQUOTANK,0,0,0,0,22383,29,0,7896
TENNESSEE,SUMNER,0,0,0,0,9423,61,0,7870
OHIO,FAIRFIELD,0,16,0,0,59643,241,0,7866
KANSAS,GREENWOOD,0,0,0,0,16711,89,0,7859
MINNESOTA,STEVENS,0,0,0,0,126102,223,0,7848
IDAHO,TETON,0,0,0,0,0,70,0,7822
NEW YORK,CAYUGA,0,0,0,0,30933,202,0,7756
NEW YORK,MONROE,0,0,0,0,19036,60,0,7755
WISCONSIN,WINNEBAGO,0,0,0,0,36112,135,0,7725
OKLAHOMA,CRAIG,0,0,0,0,3051,58,0,7716
TEXAS,COCHRAN,0,0,0,0,2470,3,0,7682
MARYLAND,SOMERSET,0,0,0,0,15573,35,0,7682
OHIO,MADISON,0,0,0,0,77844,257,0,7645
KENTUCKY,CRITTENDEN,0,0,0,0,23485,56,0,7636
TEXAS,UVALDE,0,0,0,0,10963,56,0,7615
KANSAS,ANDERSON,0,0,0,0,43258,155,0,7614
NORTH CAROLINA,HYDE,0,0,0,0,32760,34,0,7601
NORTH CAROLINA,PERSON,0,0,0,0,4947,30,0,7583
MARYLAND,CECIL,0,0,0,0,19647,41,0,7578
NORTH CAROLINA,COLUMBUS,0,0,0,0,26125,105,0,7559
OHIO,MORROW,0,0,0,0,36152,169,0,7556
VIRGINIA,ESSEX,0,0,0,0,16851,23,0,7507
PENNSYLVANIA,CHESTER,0,3,0,0,25713,135,0,7506
MISSOURI,PETTIS,0,30,0,0,54993,280,0,7489
NEBRASKA,NUCKOLLS,0,0,0,0,125089,200,0,7469
ALABAMA,LAUDERDALE,0,0,0,0,24190,59,0,7468
TEXAS,BEXAR,0,0,0,0,4856,40,0,7400
KENTUCKY,FULTON,0,0,0,0,24340,29,0,7359
IDAHO,CAMAS,0,0,0,0,0,18,0,7314
CALIFORNIA,SAN JOAQUIN,0,0,0,0,14503,10,8561,7307
MISSISSIPPI,HOLMES,0,0,0,0,30990,26,0,7283
IDAHO,CLARK,0,0,0,0,0,13,0,7257
ILLINOIS,MONTGOMERY,0,15,0,0,148535,388,0,7234
VIRGINIA,NORTHUMBERLAND,0,0,0,0,16846,28,0,7230
INDIANA,LA PORTE,0,4,0,0,130189,189,0,7202
SOUTH CAROLINA,MARLBORO,0,0,0,0,11000,42,0,7145
NORTH CAROLINA,LENOIR,0,0,0,0,26042,47,0,7109
OHIO,ERIE,0,0,0,0,23665,78,0,7103
TEXAS,FOARD,0,0,0,0,0,14,0,7075
VIRGINIA,NORTHAMPTON,0,0,0,0,4877,5,0,7071
IDAHO,GOODING,0,0,0,0,14883,41,0,7047
SOUTH DAKOTA,TODD,0,0,0,0,6617,61,0,7031
IDAHO,BEAR LAKE,0,0,0,0,117,54,0,7024
KENTUCKY,MCLEAN,0,0,0,0,33277,87,0,6986
OREGON,LINN,0,0,0,0,0,50,0,6971
GEORGIA,JEFFERSON,0,0,0,0,11816,56,0,6965
OKLAHOMA,MUSKOGEE,0,0,0,0,4942,54,0,6958
MONTANA,PRAIRIE,0,0,0,0,441,73,0,6953
IDAHO,PAYETTE,0,0,0,0,5428,42,0,6945
NORTH CAROLINA,HARNETT,0,0,0,0,7768,59,0,6944
INDIANA,DE KALB,0,0,0,0,48701,102,0,6908
SOUTH DAKOTA,DAVISON,0,0,0,0,63783,144,0,6898
IDAHO,WASHINGTON,0,0,0,0,2666,50,0,6857
ILLINOIS,BOND,0,0,0,0,54182,178,0,6836
NEW YORK,STEUBEN,0,0,0,0,34087,201,0,6825
MISSISSIPPI,TALLAHATCHIE,0,0,0,0,34727,42,2629,6799
VIRGINIA,SUSSEX,0,1,0,0,7759,30,0,6727
OHIO,ROSS,0,0,0,0,58401,145,0,6721
WISCONSIN,RACINE,0,0,0,0,31327,98,0,6706
OREGON,POLK,0,0,0,0,0,52,0,6695
KENTUCKY,MARSHALL,0,0,0,0,11743,32,0,6670
WISCONSIN,OUTAGAMIE,0,0,0,0,61934,235,0,6639
ILLINOIS,EFFINGHAM,0,0,0,0,102148,404,0,6620
MISSISSIPPI,COAHOMA,0,0,0,0,26433,39,1359,6595
NORTH CAROLINA,CAMDEN,0,0,0,0,19707,16,0,6574
ILLINOIS,PULASKI,0,0,0,0,19358,39,0,6567
NORTH CAROLINA,EDGECOMBE,0,0,0,0,10293,32,0,6537
MISSOURI,ST CLAIR,0,0,0,0,13641,64,0,6497
ARKANSAS,LINCOLN,0,0,0,0,21005,41,21480,6452
GEORGIA,MONROE,0,0,0,0,7,3,0,6441
TEXAS,MEDINA,0,0,0,0,10056,96,0,6424
COLORADO,ARAPAHOE,0,0,0,0,680,37,0,6409
WISCONSIN,COLUMBIA,0,3,0,0,109266,292,0,6405
ILLINOIS,WHITE,0,0,0,0,81827,135,0,6389
SOUTH DAKOTA,CLARK,0,0,0,0,104564,234,0,6379
CALIFORNIA,COLUSA,0,0,0,0,338,19,36907,6353
NEW YORK,ORLEANS,0,0,0,0,39354,74,0,6334
INDIANA,JAY,0,44,0,0,69376,226,0,6327
KENTUCKY,UNION,0,0,0,0,84836,94,0,6322
SOUTH CAROLINA,CHESTERFIELD,0,0,0,0,7169,35,0,6314
MICHIGAN,ALLEGAN,0,0,0,0,59232,171,0,6308
TEXAS,FRIO,0,0,0,0,8665,25,0,6304
MISSOURI,SALINE,0,0,0,0,154674,217,0,6303
OHIO,ASHLAND,0,0,0,0,36478,225,0,6292
NORTH CAROLINA,FRANKLIN,0,0,0,0,2848,48,0,6287
MISSOURI,BUTLER,0,0,0,0,26865,112,49849,6275
KANSAS,GEARY,0,0,0,0,14832,36,0,6237
VIRGINIA,PITTSYLVANIA,0,1,0,0,3709,125,0,6224
INDIANA,ADAMS,0,0,0,0,67065,318,0,6223
TEXAS,HOCKLEY,0,0,0,0,7061,9,0,6204
MISSISSIPPI,YAZOO,0,0,0,0,31333,34,0,6182
OKLAHOMA,GARVIN,0,0,0,0,3157,48,0,6171
OHIO,DEFIANCE,0,0,0,0,52277,155,0,6150
PENNSYLVANIA,LEBANON,0,0,0,0,25443,218,0,6090
OKLAHOMA,OSAGE,0,0,0,0,0,50,0,6087
MICHIGAN,JACKSON,0,0,0,0,57318,139,0,6073
OHIO,COLUMBIANA,0,2,0,0,27424,128,0,6071
IDAHO,ADA,0,0,0,0,3130,61,0,6061
KANSAS,FRANKLIN,0,0,0,0,29717,125,0,6059
ARKANSAS,POINSETT,0,0,0,0,29699,126,91311,6056
ILLINOIS,DE KALB,0,30,0,0,199660,367,0,6054
ILLINOIS,JASPER,0,18,0,0,83871,280,0,6052
MISSOURI,CALLAWAY,0,0,0,0,19603,152,0,6024
WASHINGTON,STEVENS,0,0,0,0,0,97,0,6006
MISSISSIPPI,PANOLA,0,0,0,0,4083,31,6174,6000
MISSOURI,MONTGOMERY,0,0,0,0,38834,210,0,5997
SOUTH DAKOTA,DEUEL,0,2,0,0,58448,193,0,5938
ARIZONA,LAPAZ,0,0,0,0,0,2,0,5937
KANSAS,CHAUTAUQUA,0,0,0,0,8991,27,0,5901
KANSAS,OSAGE,0,0,0,0,30511,120,0,5890
CALIFORNIA,RIVERSIDE,0,0,0,0,0,29,0,5878
MISSISSIPPI,SUNFLOWER,0,0,0,0,41570,53,10681,5823
MINNESOTA,DOUGLAS,0,0,0,0,73291,343,0,5821
GEORGIA,LEE,0,0,0,0,10725,20,0,5807
PENNSYLVANIA,PERRY,0,17,0,0,16541,171,0,5804
OHIO,LOGAN,0,4,0,0,67887,195,0,5758
MISSOURI,LINN,0,0,0,0,29940,208,0,5751
ILLINOIS,LIVINGSTON,0,0,0,0,282327,492,0,5732
SOUTH DAKOTA,KINGSBURY,0,0,0,0,111811,224,0,5730
TEXAS,MILAM,0,0,0,0,29961,43,0,5730
WISCONSIN,GREEN,0,0,0,0,80926,335,0,5712
GEORGIA,DOOLY,0,0,0,0,4247,16,0,5705
MISSOURI,BARRY,0,0,0,0,7801,42,0,5658
NORTH CAROLINA,CLEVELAND,0,0,0,0,7381,59,0,5654
OHIO,PREBLE,0,0,0,0,79889,302,0,5632
MICHIGAN,ARENAC,0,0,0,0,17944,57,0,5615
VIRGINIA,CAROLINE,0,0,0,0,13092,23,0,5615
TENNESSEE,FRANKLIN,0,0,0,0,19012,71,0,5598
TEXAS,WHEELER,0,0,0,0,0,32,0,5586
OHIO,OTTAWA,0,0,0,0,19369,72,0,5551
NORTH CAROLINA,CURRITUCK,0,0,0,0,11353,10,0,5544
OHIO,MARION,0,0,0,0,61042,148,0,5543
TENNESSEE,COFFEE,0,0,0,0,17849,77,0,5483
COLORADO,MONTEZUMA,0,0,0,0,1594,16,0,5462
SOUTH CAROLINA,DARLINGTON,0,0,0,0,20672,63,0,5444
KENTUCKY,NELSON,0,0,0,0,21394,126,0,5423
GEORGIA,RANDOLPH,0,0,0,0,11311,18,0,5415
KANSAS,POTTAWATOMIE,0,0,0,0,38105,117,0,5406
TEXAS,MITCHELL,0,0,0,0,0,13,0,5399
CALIFORNIA,KERN,0,0,0,0,0,27,0,5396
MONTANA,BEAVERHEAD,0,0,0,0,0,42,0,5377
TENNESSEE,LINCOLN,0,0,0,0,21571,48,0,5367
SOUTH DAKOTA,HUTCHINSON,0,0,0,0,170984,384,0,5362
KENTUCKY,DAVIESS,0,0,0,0,87262,135,0,5355
SOUTH CAROLINA,HORRY,0,7,0,0,17713,79,0,5355
INDIANA,RIPLEY,0,7,0,0,48660,258,0,5353
TENNESSEE,LAKE,0,0,0,0,7517,16,0,5328
INDIANA,CLARK,0,0,0,0,18736,71,0,5310
MISSOURI,CALDWELL,0,0,0,0,22200,105,0,5301
TEXAS,YOAKUM,0,0,0,0,4281,13,0,5295
ILLINOIS,PIKE,0,16,0,0,137851,232,0,5294
COLORADO,BENT,0,0,0,0,5444,34,0,5293
NEW YORK,WYOMING,0,0,0,0,19251,65,0,5283
SOUTH CAROLINA,NEWBERRY,0,0,0,0,1000,32,0,5274
TEXAS,NAVARRO,0,0,0,0,17223,15,0,5272
VIRGINIA,ISLE OF WIGHT,0,0,0,0,11153,41,0,5245
MARYLAND,CARROLL,0,0,0,0,25065,110,0,5235
SOUTH DAKOTA,MARSHALL,0,0,0,0,93253,160,0,5212
GEORGIA,COLQUITT,0,0,0,0,5505,43,0,5206
SOUTH CAROLINA,FLORENCE,0,0,0,0,14174,52,0,5203
NEBRASKA,GAGE,0,0,0,0,199861,387,0,5197
MISSOURI,BOONE,0,0,0,0,23606,110,0,5195
MARYLAND,WORCESTER,0,0,0,0,30033,34,0,5190
TEXAS,BORDEN,0,0,0,0,0,0,0,5187
IDAHO,LINCOLN,0,0,0,0,1406,67,0,5186
KENTUCKY,MCCRACKEN,0,0,0,0,12068,34,0,5175
INDIANA,WHITLEY,0,0,0,0,58165,131,0,5174
INDIANA,BARTHOLOMEW,0,0,0,0,47986,190,0,5152
NEW YORK,ONONDAGA,0,0,0,0,19608,92,0,5139
NEVADA,HUMBOLDT,0,0,0,0,410,29,0,5128
MISSOURI,MARION,0,10,0,0,51464,184,0,5116
COLORADO,MOFFAT,0,0,0,0,0,21,0,5109
MICHIGAN,LAPEER,0,0,0,0,35584,127,0,5091
WISCONSIN,SAUK,0,4,0,0,76306,290,0,5089
ILLINOIS,OGLE,0,0,0,0,193302,339,0,5086
OHIO,LICKING,0,0,0,0,46096,180,0,5056
MISSOURI,NEWTON,0,0,0,0,3595,67,0,5049
ARIZONA,PIMA,0,0,0,0,0,13,0,5028
NEBRASKA,SCOTTS BLUFF,0,0,0,0,84109,161,0,5024
MICHIGAN,OGEMAW,0,0,0,0,11678,43,0,5021
INDIANA,DECATUR,0,0,0,0,65656,259,0,5007
NEW YORK,YATES,0,0,0,0,16114,260,0,5004
CALIFORNIA,SOLANO,0,0,0,0,1462,10,0,4970
INDIANA,CARROLL,0,0,0,0,87486,183,0,4961
KENTUCKY,WEBSTER,0,0,0,0,53603,77,0,4957
OHIO,LORAIN,0,0,0,0,18324,131,0,4954
INDIANA,HUNTINGTON,0,0,0,0,81455,154,0,4919
MICHIGAN,LIVINGSTON,0,0,0,0,21451,50,0,4919
TEXAS,CALLAHAN,0,0,0,0,0,37,0,4917
OKLAHOMA,MCCLAIN,0,0,0,0,3167,40,0,4908
VIRGINIA,HANOVER,0,0,0,0,12366,44,0,4892
WISCONSIN,WASHINGTON,0,0,0,0,26273,149,0,4886
INDIANA,HENRY,0,4,0,0,65585,156,0,4873
VIRGINIA,ROCKINGHAM,0,0,0,0,19120,225,0,4868
KANSAS,MIAMI,0,0,0,0,23397,100,0,4860
VIRGINIA,WESTMORELAND,0,0,0,0,8553,28,0,4850
ILLINOIS,GALLATIN,0,0,0,0,71086,76,0,4821
ARKANSAS,SAINT FRANCIS,0,0,0,0,33329,61,29190,4816
MISSOURI,LINCOLN,0,0,0,0,33842,230,0,4788
NORTH CAROLINA,RANDOLPH,0,0,0,0,7865,121,0,4769
OHIO,CLINTON,0,6,0,0,68880,228,0,4766
MISSOURI,MONROE,0,0,0,0,48083,242,0,4751
ILLINOIS,WOODFORD,0,0,0,0,117559,162,0,4745
PENNSYLVANIA,SCHUYLKILL,0,0,0,0,23746,166,0,4729
WISCONSIN,OCONTO,0,0,0,0,37882,124,0,4718
WISCONSIN,JEFFERSON,0,0,0,0,65014,156,0,4693
MARYLAND,MONTGOMERY,0,0,0,0,13585,19,0,4681
MICHIGAN,NEWAYGO,0,0,0,0,19478,76,0,4679
TEXAS,ROBERTS,0,0,0,0,1871,4,0,4673
NORTH CAROLINA,GUILFORD,0,0,0,0,3712,93,0,4657
OHIO,HIGHLAND,0,6,0,0,41102,265,0,4647
TEXAS,NUECES,0,0,0,0,57870,9,0,4646
MONTANA,MEAGHER,0,0,0,0,0,23,0,4629
OHIO,STARK,0,0,0,0,26418,214,0,4616
VIRGINIA,HALIFAX,0,6,0,0,3820,38,0,4596
PENNSYLVANIA,NORTHUMBERLAND,0,4,0,0,30430,182,0,4594
NORTH CAROLINA,YADKIN,0,0,0,0,12049,52,0,4567
PENNSYLVANIA,DAUPHIN,0,0,0,0,19509,151,0,4562
OKLAHOMA,PAYNE,0,0,0,0,401,58,0,4559
OHIO,DELAWARE,0,0,0,0,29900,128,0,4557
NORTH CAROLINA,HALIFAX,0,0,0,0,9206,54,0,4517
INDIANA,KOSCIUSKO,0,0,0,0,112181,245,0,4506
MONTANA,CARBON,0,0,0,0,5561,118,0,4500
NORTH CAROLINA,GATES,0,0,0,0,6815,31,0,4496
NORTH CAROLINA,PENDER,0,25,0,0,10910,22,15,4493
KENTUCKY,BOYLE,0,0,0,0,8058,34,0,4489
WISCONSIN,ROCK,0,0,0,0,119270,277,0,4473
VIRGINIA,KING WILLIAM,0,0,0,0,10416,18,0,4467
INDIANA,SHELBY,0,0,0,0,92250,217,0,4461
TENNESSEE,FAYETTE,0,0,0,0,18421,44,0,4455
OHIO,GREENE,0,0,0,0,50907,114,0,4448
ILLINOIS,SHELBY,0,0,0,0,145904,393,0,4446
NORTH CAROLINA,ANSON,0,6,0,0,6234,29,0,4433
VIRGINIA,SUFFOLK CITY,0,0,0,0,8987,48,0,4421
MONTANA,MADISON,0,0,0,0,0,57,0,4419
VIRGINIA,RICHMOND,0,0,0,0,9289,14,0,4416
ARKANSAS,WOODRUFF,0,0,0,0,17732,60,50193,4415
INDIANA,WARRICK,0,1,0,0,45187,98,0,4373
WISCONSIN,MARATHON,0,0,0,0,83973,395,0,4348
MICHIGAN,ST JOSEPH,0,7,0,0,101202,193,0,4345
ILLINOIS,VERMILION,0,0,0,0,203798,267,0,4314
GEORGIA,IRWIN,0,0,0,0,8175,52,0,4310
TEXAS,TARRANT,0,0,0,0,0,10,0,4292
NEW YORK,SENECA,0,0,0,0,23144,160,0,4285
KENTUCKY,MARION,0,1,0,0,16911,125,0,4274
ILLINOIS,IROQUOIS,0,0,0,0,302965,436,0,4267
MISSISSIPPI,BOLIVAR,0,0,0,0,18321,114,26502,4253
TEXAS,COTTLE,0,0,0,0,0,13,0,4245
MISSOURI,PIKE,0,6,0,0,48439,234,0,4245
MONTANA,PARK,0,0,0,0,0,60,0,4240
TENNESSEE,SHELBY,0,0,0,0,5484,8,0,4211
NEBRASKA,THAYER,0,0,0,0,129924,212,0,4190
MICHIGAN,MASON,0,4,0,0,15056,51,0,4177
GEORGIA,TERRELL,0,0,0,0,22664,20,0,4175
OKLAHOMA,BRYAN,0,0,0,0,2394,50,0,4173
OKLAHOMA,SEQUOYAH,0,0,0,0,4950,27,0,4171
CALIFORNIA,KINGS,0,0,0,0,280,5,0,4152
NEW YORK,NIAGARA,0,0,0,0,22185,97,0,4151
KANSAS,LINN,0,0,0,0,18969,100,0,4134
TENNESSEE,MAURY,0,0,0,0,9922,71,0,4133
ILLINOIS,LA SALLE,0,0,0,0,289573,548,0,4131
CALIFORNIA,MERCED,0,0,0,0,3654,8,291,4112
WISCONSIN,SHAWANO,0,0,0,0,47021,208,0,4111
INDIANA,WABASH,0,0,0,0,69510,194,0,4110
OHIO,LUCAS,0,0,0,0,27286,48,0,4103
OKLAHOMA,PAWNEE,0,0,0,0,0,36,0,4079
GEORGIA,HART,0,0,0,0,5952,20,0,4050
ARKANSAS,DESHA,0,0,0,0,31856,27,21219,4045
TEXAS,LUBBOCK,0,0,0,0,4010,17,0,4045
WISCONSIN,CLARK,0,0,0,0,72540,462,0,4044
ARKANSAS,CRAWFORD,0,0,0,0,807,9,0,4043
MICHIGAN,BARRY,0,0,0,0,27102,97,0,4011
GEORGIA,EMANUEL,0,0,0,0,1385,47,0,4000
TEXAS,ZAVALA,0,0,0,0,1967,29,0,3978
ILLINOIS,CLARK,0,10,0,0,92073,159,0,3966
KANSAS,DOUGLAS,0,0,0,0,44407,54,0,3962
OHIO,CLARK,0,0,0,0,62886,153,0,3952
INDIANA,DUBOIS,0,0,0,0,45711,215,0,3941
KENTUCKY,LARUE,0,0,0,0,20639,76,0,3940
ILLINOIS,ADAMS,0,0,0,0,141411,389,0,3923
NORTH CAROLINA,CUMBERLAND,0,0,0,0,7285,46,0,3923
PENNSYLVANIA,LEHIGH,0,0,0,0,16781,70,0,3918
TENNESSEE,SMITH,0,0,0,0,9017,21,0,3913
NEW JERSEY,GLOUCESTER,0,0,0,0,5072,18,0,3909
ILLINOIS,STEPHENSON,0,0,0,0,146523,390,0,3909
OHIO,CHAMPAIGN,0,11,0,0,85513,183,0,3897
MISSISSIPPI,LEFLORE,0,0,0,0,50764,46,5188,3893
MISSOURI,CARROLL,0,0,0,0,84748,189,0,3887
UTAH,MILLARD,0,2,0,0,1732,131,0,3870
ILLINOIS,MCHENRY,0,0,0,0,76322,155,0,3832
SOUTH CAROLINA,RICHLAND,0,0,0,0,15644,29,0,3821
NORTH CAROLINA,WASHINGTON,0,0,0,0,20791,39,0,3805
KENTUCKY,HOPKINS,0,0,0,0,51980,87,0,3771
MINNESOTA,TRAVERSE,0,0,0,0,115605,206,0,3762
WISCONSIN,BARRON,0,0,0,0,62649,285,0,3757
NEBRASKA,JEFFERSON,0,0,0,0,104305,224,0,3740
ILLINOIS,MASSAC,0,0,0,0,29970,102,0,3739
NEW JERSEY,CUMBERLAND,0,0,0,0,4580,22,0,3738
PENNSYLVANIA,BEDFORD,0,5,0,0,22713,189,0,3735
MARYLAND,CHARLES,0,0,0,0,3808,28,0,3727
MISSISSIPPI,WASHINGTON,0,0,0,0,58341,60,5538,3709
INDIANA,MONTGOMERY,0,2,0,0,99700,206,0,3692
VIRGINIA,DINWIDDIE,0,0,0,0,5964,26,0,3683
SOUTH CAROLINA,CHEROKEE,0,0,0,0,600,9,0,3670
INDIANA,RUSH,0,0,0,0,80925,266,0,3663
INDIANA,WELLS,0,0,0,0,79152,228,0,3659
MISSOURI,JOHNSON,0,1,0,0,45551,220,0,3647
NORTH CAROLINA,LINCOLN,0,0,0,0,961,50,0,3640
KENTUCKY,MERCER,0,0,0,0,7344,27,0,3638
SOUTH DAKOTA,ROBERTS,0,0,0,0,137992,296,0,3626
INDIANA,MIAMI,0,23,0,0,78507,141,0,3610
MICHIGAN,CALHOUN,0,0,0,0,61116,186,0,3604
ILLINOIS,EDWARDS,0,4,0,0,41560,98,0,3596
SOUTH CAROLINA,ORANGEBURG,0,0,0,0,34228,131,0,3592
INDIANA,PARKE,0,0,0,0,54803,109,0,3584
KENTUCKY,HENDERSON,0,0,0,0,66878,81,0,3573
SOUTH CAROLINA,KERSHAW,0,0,0,0,878,17,0,3572
INDIANA,WHITE,0,0,0,0,138793,200,0,3569
MISSOURI,LAFAYETTE,0,9,0,0,86283,299,0,3567
MISSOURI,ST CHARLES,0,7,0,0,40396,145,0,3561
MISSISSIPPI,QUITMAN,0,0,0,0,8980,32,5771,3560
MICHIGAN,OCEANA,0,0,0,0,17975,63,0,3558
MISSOURI,RANDOLPH,0,0,0,0,24387,109,0,3550
WYOMING,CROOK,0,0,0,0,0,93,0,3547
SOUTH DAKOTA,HAMLIN,0,0,0,0,74465,161,0,3540
OREGON,YAMHILL,0,0,0,0,14,67,0,3540
MICHIGAN,GENESEE,0,0,0,0,32647,102,0,3526
TEXAS,COMANCHE,0,0,0,0,0,34,0,3517
ILLINOIS,TAZEWELL,0,0,0,0,152402,213,0,3510
MICHIGAN,KENT,0,0,0,0,30101,122,0,3504
MICHIGAN,PRESQUE ISLE,0,0,0,0,5648,66,0,3503
NORTH CAROLINA,ROCKINGHAM,0,0,0,0,2594,71,0,3499
INDIANA,PUTNAM,0,0,0,0,58904,144,0,3491
WISCONSIN,KENOSHA,0,0,0,0,22185,80,0,3490
TEXAS,SCURRY,0,0,0,0,0,3,0,3487
OHIO,BUTLER,0,0,0,0,18231,133,0,3475
SOUTH DAKOTA,DOUGLAS,0,0,0,0,60603,219,0,3474
GEORGIA,BULLOCH,0,0,0,0,3649,71,0,3466
CALIFORNIA,SUTTER,0,0,0,0,412,13,47149,3464
WISCONSIN,WALWORTH,0,3,0,0,64506,180,0,3459
PENNSYLVANIA,BUTLER,0,0,0,0,22176,210,0,3455
WISCONSIN,GREEN LAKE,0,0,0,0,37922,155,0,3444
PENNSYLVANIA,COLUMBIA,0,6,0,0,19103,157,0,3425
VIRGINIA,MECKLENBURG,0,0,0,0,1881,58,0,3420
MARYLAND,HARFORD,0,0,0,0,13943,53,0,3405
KANSAS,RILEY,0,0,0,0,17264,65,0,3403
MINNESOTA,CLEARWATER,0,0,0,0,3368,83,0,3402
OHIO,ASHTABULA,0,0,0,0,17877,174,0,3391
LOUISIANA,OUACHITA,0,0,0,0,9366,7,0,3381
KANSAS,ELK,0,0,0,0,5620,34,0,3367
OKLAHOMA,OKLAHOMA,0,0,0,0,889,34,0,3366
NORTH CAROLINA,CABARRUS,0,0,0,0,8251,33,0,3356
TENNESSEE,BEDFORD,0,0,0,0,4846,52,0,3355
TEXAS,EASTLAND,0,0,0,0,0,22,0,3355
OHIO,KNOX,0,0,0,0,45347,228,0,3347
INDIANA,VANDERBURGH,0,0,0,0,21976,108,0,3341
VIRGINIA,FRANKLIN,0,0,0,0,6179,55,0,3316
NORTH CAROLINA,WARREN,0,5,0,0,1875,26,0,3313
NORTH CAROLINA,BLADEN,0,51,0,0,18477,42,0,3310
MISSOURI,BOLLINGER,0,0,0,0,6441,81,0,3306
GEORGIA,LAURENS,0,0,0,0,7693,85,0,3289
TEXAS,GUADALUPE,0,0,0,0,17436,36,0,3281
NEBRASKA,SAUNDERS,0,0,0,0,203775,432,0,3276
NEBRASKA,ADAMS,0,0,0,0,160350,216,0,3271
ALABAMA,MORGAN,0,0,0,0,6412,29,0,3266
GEORGIA,LAMAR,0,0,0,0,0,4,0,3262
MICHIGAN,MIDLAND,0,0,0,0,13537,62,0,3251
ARKANSAS,MILLER,0,0,0,0,10663,9,14232,3225
TEXAS,JACK,0,0,0,0,0,17,0,3220
ILLINOIS,WABASH,0,0,0,0,50002,81,0,3214
WISCONSIN,GRANT,0,0,0,0,133321,831,0,3211
OREGON,JEFFERSON,0,0,0,0,0,48,0,3210
MONTANA,POWDER RIVER,0,0,0,0,0,81,0,3209
MARYLAND,ST MARYS,0,0,0,0,7707,114,0,3195
MICHIGAN,OTTAWA,0,0,0,0,34566,124,0,3192
MINNESOTA,POPE,0,0,0,0,102075,293,0,3192
ARIZONA,MOHAVE,0,0,0,0,0,4,0,3182
NORTH CAROLINA,SCOTLAND,0,0,0,0,6014,17,0,3174
INDIANA,CASS,0,0,0,0,106201,143,0,3169
MISSOURI,CHARITON,0,0,0,0,61221,234,0,3158
ILLINOIS,JERSEY,0,0,0,0,55363,177,0,3149
KENTUCKY,MUHLENBERG,0,0,0,0,14214,60,0,3141
ILLINOIS,WILL,0,0,0,0,99539,177,0,3140
NEW YORK,ONEIDA,0,0,0,0,28395,129,0,3133
TEXAS,ERATH,0,0,0,0,744,29,0,3123
VIRGINIA,FAUQUIER,0,0,0,0,5386,49,0,3116
NEBRASKA,KEARNEY,0,0,0,0,153929,188,0,3105
NORTH CAROLINA,WAKE,0,0,0,0,1973,51,0,3095
NEW YORK,WAYNE,0,2,0,0,23046,129,0,3089
ILLINOIS,MASON,0,1,0,0,120475,169,0,3085
OHIO,TRUMBULL,0,0,0,0,22418,177,0,3084
ALABAMA,DE KALB,0,0,0,0,13730,65,0,3067
INDIANA,HARRISON,0,0,0,0,27613,136,0,3067
MISSOURI,KNOX,0,11,0,0,36636,202,0,3059
KENTUCKY,PULASKI,0,0,0,0,7784,89,0,3054
MINNESOTA,RENVILLE,0,0,0,0,271325,519,0,3050
KENTUCKY,HARDIN,0,5,0,0,22548,155,0,3029
GEORGIA,SUMTER,0,0,0,0,11208,31,0,3029
MISSOURI,MORGAN,0,22,0,0,7061,145,0,3011
MISSOURI,HOWARD,0,0,0,0,34204,110,0,2964
MINNESOTA,KANDIYOHI,0,0,0,0,194117,354,0,2963
OHIO,TUSCARAWAS,0,2,0,0,20105,110,0,2963
PENNSYLVANIA,LAWRENCE,0,0,0,0,17100,104,0,2961
ALABAMA,MARSHALL,0,0,0,0,7832,29,0,2959
OKLAHOMA,NOWATA,0,0,0,0,1058,20,0,2954
PENNSYLVANIA,JUNIATA,0,0,0,0,17444,167,0,2952
NORTH CAROLINA,CRAVEN,0,0,0,0,15745,19,0,2948
PENNSYLVANIA,HUNTINGDON,0,0,0,0,16046,90,0,2926
KENTUCKY,BRECKINRIDGE,0,0,0,0,22911,164,0,2923
NEW MEXICO,UNION,0,0,0,0,10900,19,0,2913
VIRGINIA,AUGUSTA,0,0,0,0,15862,108,0,2902
ILLINOIS,WINNEBAGO,0,1,0,0,70291,178,0,2902
SOUTH CAROLINA,DORCHESTER,0,0,0,0,11470,66,0,2901
LOUISIANA,POINTE COUPEE,0,0,0,0,6855,23,0,2901
NORTH CAROLINA,SURRY,0,0,0,0,9546,41,0,2901
VIRGINIA,VIRGINIA BEACH CITY,0,0,0,0,4728,7,0,2896
GEORGIA,BURKE,0,0,0,0,19292,43,0,2887
NEBRASKA,FRANKLIN,0,0,0,0,75222,126,0,2887
IDAHO,CLEARWATER,0,0,0,0,0,11,0,2882
MISSOURI,STE GENEVIEVE,0,1,0,0,16809,79,0,2873
TEXAS,MOTLEY,0,0,0,0,0,3,0,2869
MISSOURI,MONITEAU,0,0,0,0,10769,157,0,2868
IDAHO,GEM,0,0,0,0,3254,64,0,2866
GEORGIA,ELBERT,0,0,0,0,0,17,0,2865
MARYLAND,PRINCE GEORGES,0,0,0,0,3713,19,0,2858
CALIFORNIA,SISKIYOU,0,0,0,0,0,43,0,2857
OHIO,MIAMI,0,0,0,0,62425,186,0,2855
SOUTH DAKOTA,BON HOMME,0,2,0,0,83563,304,0,2845
MICHIGAN,MUSKEGON,0,0,0,0,12066,40,0,2843
ILLINOIS,UNION,0,0,0,0,12634,62,0,2838
MISSISSIPPI,DE SOTO,0,0,0,0,7804,15,700,2833
MICHIGAN,MACOMB,0,0,0,0,12834,63,0,2815
INDIANA,FRANKLIN,0,0,0,0,37063,227,0,2801
ILLINOIS,CHRISTIAN,0,0,0,0,163114,242,0,2789
OHIO,MEDINA,0,0,0,0,21519,106,0,2772
INDIANA,JOHNSON,0,0,0,0,53103,104,0,2766
PENNSYLVANIA,UNION,0,11,0,0,11514,180,0,2760
WISCONSIN,WOOD,0,0,0,0,33513,156,0,2754
NEBRASKA,CUSTER,0,0,0,0,250520,364,0,2750
WISCONSIN,OZAUKEE,0,0,0,0,7814,86,5,2745
ARKANSAS,LOGAN,0,0,0,0,3335,7,1050,2738
INDIANA,RANDOLPH,0,0,0,0,102999,277,0,2731
INDIANA,BOONE,0,0,0,0,89850,182,0,2725
VIRGINIA,CHARLES CITY,0,0,0,0,7664,15,0,2722
PENNSYLVANIA,SOMERSET,0,4,0,0,25855,230,0,2713
TEXAS,PALO PINTO,0,0,0,0,0,12,0,2712
MINNESOTA,TODD,0,1,0,0,57958,634,0,2712
CALIFORNIA,MODOC,0,0,0,0,0,15,0,2711
GEORGIA,DECATUR,0,0,0,0,15141,25,0,2703
UTAH,JUAB,0,0,0,0,0,39,0,2702
MICHIGAN,MECOSTA,0,5,0,0,22197,97,0,2697
WISCONSIN,LANGLADE,0,0,0,0,4964,87,0,2684
ILLINOIS,MACON,0,0,0,0,122179,196,0,2682
NORTH CAROLINA,CHOWAN,0,0,0,0,5897,24,0,2671
OREGON,LANE,0,0,0,0,0,24,0,2664
ARKANSAS,LITTLE RIVER,0,0,0,0,6543,17,0,2652
COLORADO,BOULDER,0,0,0,0,1849,28,0,2646
MISSOURI,LIVINGSTON,0,0,0,0,38185,151,0,2645
WASHINGTON,SKAGIT,0,0,0,0,34,23,0,2642
NORTH CAROLINA,JONES,0,0,0,0,10529,30,0,2639
ILLINOIS,MORGAN,0,0,0,0,111460,231,0,2633
SOUTH CAROLINA,BAMBERG,0,0,0,0,8776,43,0,2630
OKLAHOMA,TULSA,0,0,0,0,0,5,0,2614
KENTUCKY,WASHINGTON,0,0,0,0,5859,36,0,2596
SOUTH CAROLINA,ANDERSON,0,0,0,0,2231,48,0,2591
SOUTH DAKOTA,BROOKINGS,0,0,0,0,109129,272,0,2587
WISCONSIN,WAUPACA,0,0,0,0,46812,173,0,2586
MARYLAND,BALTIMORE,0,0,0,0,16549,45,0,2570
MARYLAND,CALVERT,0,0,0,0,5087,32,0,2568
MINNESOTA,STEARNS,0,0,0,0,183737,1598,0,2568
NORTH CAROLINA,NASH,0,0,0,0,4448,45,0,2560
MICHIGAN,BRANCH,0,0,0,0,89128,216,0,2549
ILLINOIS,WILLIAMSON,0,0,0,0,16591,58,0,2546
TEXAS,HAMILTON,0,0,0,0,0,53,0,2545
SOUTH DAKOTA,FALL RIVER,0,0,0,0,3297,49,0,2540
OHIO,MAHONING,0,0,0,0,13475,89,0,2538
TEXAS,DONLEY,0,0,0,0,2009,8,0,2533
INDIANA,ST. JOSEPH,0,4,0,0,71437,172,0,2510
ILLINOIS,BUREAU,0,0,0,0,229049,440,0,2507
ILLINOIS,CHAMPAIGN,0,0,0,0,261772,390,0,2507
ILLINOIS,CARROLL,0,10,0,0,136803,281,0,2505
NEW YORK,JEFFERSON,0,0,0,0,11647,85,0,2502
GEORGIA,CALHOUN,0,0,0,0,18255,20,0,2500
MINNESOTA,BIG STONE,0,0,0,0,89282,193,0,2492
INDIANA,JACKSON,0,0,0,0,52833,197,0,2488
ALABAMA,DALLAS,0,0,0,0,4559,27,0,2480
OKLAHOMA,LEFLORE,0,3,0,0,960,22,0,2468
LOUISIANA,AVOYELLES,0,0,0,0,20813,41,14004,2455
OHIO,PORTAGE,0,0,0,0,14228,116,0,2453
NEW YORK,CHAUTAUQUA,0,0,0,0,13223,57,0,2446
ARKANSAS,CRAIGHEAD,0,0,0,0,33955,110,38632,2446
MISSOURI,RAY,0,0,0,0,40488,90,0,2444
KENTUCKY,LIVINGSTON,0,0,0,0,20618,46,0,2422
INDIANA,JENNINGS,0,2,0,0,23617,97,0,2421
ARKANSAS,LAFAYETTE,0,0,0,0,11729,35,2613,2411
TEXAS,KAUFMAN,0,0,0,0,0,28,0,2404
INDIANA,HANCOCK,0,0,0,0,70086,163,0,2401
PENNSYLVANIA,CENTRE,0,0,0,0,18205,167,0,2389
PENNSYLVANIA,CAMBRIA,0,0,0,0,9074,131,0,2379
MISSOURI,CASS,0,0,0,0,35290,151,0,2361
SOUTH CAROLINA,WILLIAMSBURG,0,0,0,0,16175,86,0,2337
GEORGIA,TELFAIR,0,0,0,0,694,41,0,2335
MISSOURI,FRANKLIN,0,0,0,0,21525,220,0,2334
MISSISSIPPI,MARSHALL,0,0,0,0,6347,14,0,2331
NEBRASKA,HOLT,0,0,0,0,198361,367,0,2329
MISSISSIPPI,SHARKEY,0,0,0,0,28929,25,0,2315
OKLAHOMA,MAYES,0,0,0,0,656,59,0,2295
PENNSYLVANIA,BUCKS,0,0,0,0,9553,80,0,2294
GEORGIA,CRISP,0,0,0,0,2528,20,0,2290
ARKANSAS,PRAIRIE,0,0,0,0,21697,39,51570,2287
TEXAS,MIDLAND,0,0,0,0,3694,4,0,2285
PENNSYLVANIA,NORTHAMPTON,0,0,0,0,17730,103,0,2278
TEXAS,BOSQUE,0,0,0,0,490,40,0,2277
VIRGINIA,MIDDLESEX,0,0,0,0,4892,11,0,2277
SOUTH CAROLINA,MARION,0,0,0,0,7088,33,0,2273
GEORGIA,JOHNSON,0,0,0,0,2957,26,0,2271
SOUTH CAROLINA,OCONEE,0,0,0,0,1310,20,0,2265
PENNSYLVANIA,SNYDER,0,21,0,0,15581,156,0,2262
KENTUCKY,SHELBY,0,0,0,0,22205,89,0,2258
MINNESOTA,KANABEC,0,1,0,0,12558,103,0,2243
NEW MEXICO,DONA ANA,0,0,0,0,1315,9,0,2240
ARKANSAS,LONOKE,0,0,0,0,50761,73,91875,2237
MICHIGAN,KALAMAZOO,0,0,0,0,48036,118,0,2235
SOUTH CAROLINA,LANCASTER,0,0,0,0,2301,13,0,2225
TENNESSEE,WARREN,0,0,0,0,10046,56,0,2224
NORTH CAROLINA,ONSLOW,0,0,0,0,5480,34,0,2220
NORTH CAROLINA,MOORE,0,1,0,0,3157,31,0,2203
MISSOURI,GREENE,0,0,0,0,1322,23,0,2202
ILLINOIS,KANE,0,0,0,0,67315,135,0,2200
WISCONSIN,MARINETTE,0,0,0,0,26308,77,0,2199
KANSAS,NEMAHA,0,0,0,0,109959,330,0,2196
TEXAS,RED RIVER,0,0,0,0,0,24,0,2196
INDIANA,BENTON,0,0,0,0,105246,160,0,2193
LOUISIANA,RAPIDES,0,0,0,0,10516,27,11969,2190
MISSOURI,MACON,0,3,0,0,33448,193,0,2182
TEXAS,REAGAN,0,0,0,0,0,4,0,2180
OHIO,MONTGOMERY,0,0,0,0,39369,80,0,2178
OREGON,BENTON,0,0,0,0,0,19,0,2171
NORTH CAROLINA,CATAWBA,0,0,0,0,4739,39,0,2162
NEBRASKA,CHERRY,0,0,0,0,25721,55,0,2162
VIRGINIA,ORANGE,0,0,0,0,9554,21,0,2162
GEORGIA,SCREVEN,0,0,0,0,9629,52,0,2160
TENNESSEE,HENDERSON,0,0,0,0,6035,68,0,2159
NEW MEXICO,LEA,0,0,0,0,0,6,0,2151
NORTH CAROLINA,HOKE,0,10,0,0,4336,17,0,2147
WYOMING,CAMPBELL,0,0,0,0,0,67,0,2146
PENNSYLVANIA,FULTON,0,0,0,0,8561,59,0,2144
MARYLAND,WICOMICO,0,0,0,0,16692,23,0,2142
INDIANA,JEFFERSON,0,0,0,0,12440,81,0,2137
TENNESSEE,RUTHERFORD,0,0,0,0,6782,47,0,2121
LOUISIANA,CADDO,0,0,0,0,11723,17,0,2120
TENNESSEE,MACON,0,0,0,0,4821,43,0,2118
ALABAMA,BALDWIN,0,0,0,0,5593,67,0,2117
KANSAS,JACKSON,0,0,0,0,30446,99,0,2114
NEW JERSEY,BURLINGTON,0,0,0,0,5336,55,0,2112
MISSOURI,WARREN,0,0,0,0,16250,102,0,2109
TENNESSEE,BENTON,0,0,0,0,4539,30,0,2101
NEBRASKA,RICHARDSON,0,0,0,0,111417,309,0,2100
WYOMING,NIOBRARA,0,0,0,0,1064,23,0,2092
ALABAMA,JACKSON,0,0,0,0,28838,76,0,2086
KENTUCKY,BARREN,0,0,0,0,16870,103,0,2083
ALABAMA,CHEROKEE,0,0,0,0,6289,35,0,2072
PENNSYLVANIA,ARMSTRONG,0,0,0,0,13489,138,0,2066
MISSOURI,JEFFERSON,0,0,0,0,5858,50,0,2065
KANSAS,BROWN,0,0,0,0,127026,136,0,2061
OHIO,COSHOCTON,0,0,0,0,26012,148,0,2061
SOUTH CAROLINA,ALLENDALE,0,0,0,0,5840,13,0,2058
INDIANA,WAYNE,0,0,0,0,52783,209,0,2056
MISSOURI,OSAGE,0,0,0,0,11904,138,0,2052
MISSOURI,DAVIESS,0,0,0,0,38031,174,0,2039
MINNESOTA,YELLOW MEDICINE,0,0,0,0,156080,376,0,2038
VIRGINIA,CHESAPEAKE CITY,0,0,0,0,6599,19,0,2037
PENNSYLVANIA,BLAIR,0,0,0,0,17905,68,0,2034
OKLAHOMA,DELAWARE,0,0,0,0,1968,21,0,2022
INDIANA,ELKHART,0,0,0,0,70234,335,0,2022
NORTH CAROLINA,DAVIE,0,0,0,0,9461,16,0,2018
NEW JERSEY,HUNTERDON,0,0,0,0,6478,63,0,2011
ILLINOIS,ALEXANDER,0,0,0,0,4354,30,0,2009
PENNSYLVANIA,LYCOMING,0,3,0,0,15932,164,0,1999
VIRGINIA,CHARLOTTE,0,2,0,0,2376,35,0,1998
NORTH CAROLINA,VANCE,0,0,0,0,196,29,0,1997
MINNESOTA,LINCOLN,0,16,0,0,74109,270,0,1977
NEW YORK,TOMPKINS,0,1,0,0,5829,49,0,1977
WISCONSIN,LAFAYETTE,0,0,0,0,101652,393,0,1973
INDIANA,PIKE,0,3,0,0,25703,76,0,1971
GEORGIA,APPLING,0,0,0,0,2660,64,0,1970
NORTH CAROLINA,DAVIDSON,0,0,0,0,3912,129,0,1970
ILLINOIS,GREENE,0,0,0,0,104136,248,0,1968
CALIFORNIA,SACRAMENTO,0,0,0,0,1215,15,3409,1966
TEXAS,CHILDRESS,0,0,0,0,0,16,0,1960
NEW YORK,SCHUYLER,0,0,0,0,5396,33,0,1960
PENNSYLVANIA,MERCER,0,0,0,0,26749,206,0,1949
WISCONSIN,VERNON,0,0,0,0,57581,312,0,1948
ILLINOIS,KANKAKEE,0,0,0,0,165914,296,0,1939
ILLINOIS,HANCOCK,0,0,0,0,155643,324,0,1936
TEXAS,COLLINGSWORTH,0,0,0,0,0,16,0,1931
VIRGINIA,GOOCHLAND,0,0,0,0,3914,11,0,1931
OKLAHOMA,CREEK,0,0,0,0,244,17,0,1928
TEXAS,WISE,0,0,0,0,12,37,0,1924
MINNESOTA,SWIFT,0,0,0,0,157921,296,0,1921
OHIO,FRANKLIN,0,0,0,0,11727,48,0,1914
INDIANA,TIPPECANOE,0,7,0,0,97291,152,0,1901
TEXAS,SHACKELFORD,0,0,0,0,0,21,0,1898
INDIANA,NOBLE,0,10,0,0,59602,170,0,1893
MISSISSIPPI,ISSAQUENA,0,0,0,0,16905,14,0,1888
ARKANSAS,CHICOT,0,0,0,0,27670,51,17749,1880
MISSOURI,SHELBY,0,0,0,0,44672,246,0,1878
ALABAMA,MONROE,0,0,0,0,2159,24,0,1870
CALIFORNIA,GLENN,0,0,0,0,3414,86,35154,1864
MISSOURI,RALLS,0,0,0,0,40796,126,0,1858
MISSOURI,GASCONADE,0,0,0,0,4196,109,0,1850
SOUTH DAKOTA,TURNER,0,0,0,0,158942,346,0,1841
CALIFORNIA,MADERA,0,0,0,0,0,2,0,1835
MICHIGAN,ALPENA,0,0,0,0,5845,68,0,1832
TENNESSEE,MARION,0,0,0,0,6386,16,0,1817
PENNSYLVANIA,POTTER,0,0,0,0,2060,40,0,1817
MISSOURI,SCOTLAND,0,0,0,0,37408,186,0,1813
TEXAS,WILSON,0,0,0,0,3223,24,0,1809
NEBRASKA,BUFFALO,0,0,0,0,213954,352,0,1806
VIRGINIA,PRINCE GEORGE,0,0,0,0,4459,22,0,1797
NEBRASKA,JOHNSON,0,2,0,0,25213,154,0,1796
SOUTH DAKOTA,BUTTE,0,0,0,0,2321,89,0,1795
MISSOURI,CEDAR,0,0,0,0,5475,25,0,1790
WISCONSIN,RICHLAND,0,0,0,0,37546,142,0,1786
ILLINOIS,PIATT,0,0,0,0,111295,134,0,1785
NEBRASKA,LANCASTER,0,0,0,0,149209,273,0,1775
KENTUCKY,MEADE,0,0,0,0,17732,90,0,1775
WEST VIRGINIA,JEFFERSON,0,0,0,0,11002,44,0,1772
MINNESOTA,MORRISON,0,0,0,0,74544,636,0,1764
INDIANA,FAYETTE,0,0,0,0,36872,93,0,1763
GEORGIA,WASHINGTON,0,0,0,0,4153,21,0,1760
GEORGIA,MORGAN,0,0,0,0,1358,7,0,1753
INDIANA,ORANGE,0,0,0,0,23408,51,0,1753
NORTH CAROLINA,HERTFORD,0,4,0,0,6734,18,0,1741
WISCONSIN,CHIPPEWA,0,0,0,0,76231,299,0,1731
MISSISSIPPI,RANKIN,0,0,0,0,2283,20,0,1730
PENNSYLVANIA,ERIE,0,0,0,0,17205,120,0,1725
INDIANA,MARSHALL,0,0,0,0,88904,214,0,1723
VIRGINIA,KING GEORGE,0,0,0,0,1382,9,0,1721
NEBRASKA,KNOX,0,0,0,0,104396,415,0,1711
WISCONSIN,IOWA,0,0,0,0,71969,270,0,1707
ARKANSAS,GREENE,0,0,0,0,29124,111,55699,1695
ALABAMA,CALHOUN,0,0,0,0,2029,14,0,1693
NORTH CAROLINA,ALAMANCE,0,0,0,0,1856,61,0,1692
SOUTH DAKOTA,YANKTON,0,7,0,0,73798,298,0,1690
VIRGINIA,AMELIA,0,0,0,0,4277,50,0,1684
INDIANA,HOWARD,0,0,0,0,62864,133,0,1681
MISSOURI,POLK,0,0,0,0,1732,58,0,1681
OHIO,HOLMES,0,2,0,0,21694,320,0,1679
PENNSYLVANIA,WESTMORELAND,0,0,0,0,15324,188,0,1678
VIRGINIA,CULPEPER,0,0,0,0,5620,33,0,1673
TEXAS,GLASSCOCK,0,0,0,0,382,2,0,1672
MISSISSIPPI,WARREN,0,0,0,0,4250,4,0,1668
MISSOURI,BENTON,0,0,0,0,10917,82,0,1666
MINNESOTA,WRIGHT,0,0,0,0,68316,502,0,1653
GEORGIA,BROOKS,0,0,0,0,4869,46,0,1652
COLORADO,SAGUACHE,0,0,0,0,0,50,0,1646
COLORADO,MESA,0,0,0,0,1003,84,0,1639
TEXAS,LYNN,0,0,0,0,2555,1,0,1638
ALABAMA,CULLMAN,0,0,0,0,3768,53,0,1637
NEBRASKA,FILLMORE,0,0,0,0,187696,255,0,1634
SOUTH DAKOTA,LAKE,0,0,0,0,72929,207,0,1634
INDIANA,LAGRANGE,0,0,0,0,48739,489,0,1633
LOUISIANA,FRANKLIN,0,0,0,0,63870,15,409,1632
TENNESSEE,CHESTER,0,0,0,0,5570,20,0,1630
INDIANA,DELAWARE,0,0,0,0,58524,145,0,1628
OHIO,ADAMS,0,1,0,0,16210,125,0,1627
INDIANA,MADISON,0,0,0,0,79625,178,0,1626
MAINE,AROOSTOOK,0,0,0,0,1984,100,0,1618
OKLAHOMA,HUGHES,0,0,0,0,474,29,0,1616
MISSISSIPPI,HUMPHREYS,0,0,0,0,23518,28,0,1611
WYOMING,PARK,0,0,0,0,8136,104,0,1606
ALABAMA,BARBOUR,0,0,0,0,2485,48,0,1595
WISCONSIN,WAUKESHA,0,0,0,0,18031,77,0,1580
ILLINOIS,SANGAMON,0,0,0,0,222397,243,0,1578
OKLAHOMA,CLEVELAND,0,0,0,0,0,23,0,1577
ALABAMA,ELMORE,0,0,0,0,3817,10,0,1570
LOUISIANA,NATCHITOCHES,0,0,0,0,15492,16,0,1565
INDIANA,NEWTON,0,5,0,0,82748,103,0,1559
INDIANA,JASPER,0,0,0,0,144248,168,0,1555
VIRGINIA,KING AND QUEEN,0,0,0,0,12284,11,0,1552
GEORGIA,WEBSTER,0,0,0,0,8003,10,0,1552
ARKANSAS,CONWAY,0,0,0,0,2349,17,0,1551
WISCONSIN,JUNEAU,0,0,0,0,35912,84,0,1550
ILLINOIS,FORD,0,0,0,0,121820,178,0,1539
KANSAS,SHAWNEE,0,0,0,0,29492,37,0,1534
INDIANA,STEUBEN,0,0,0,0,33726,56,0,1520
MARYLAND,HOWARD,0,0,0,0,5364,15,0,1516
TEXAS,HALL,0,0,0,0,0,2,0,1502
GEORGIA,PULASKI,0,0,0,0,845,3,0,1500
GEORGIA,MADISON,0,0,0,0,19,11,0,1498
NORTH CAROLINA,CASWELL,0,0,0,0,505,32,0,1496
ARKANSAS,LAWRENCE,0,0,0,0,7284,99,76825,1493
MISSISSIPPI,TUNICA,0,0,0,0,10192,26,22288,1490
KENTUCKY,LINCOLN,0,0,0,0,8275,99,0,1488
SOUTH CAROLINA,SPARTANBURG,0,0,0,0,1080,20,0,1487
WISCONSIN,WAUSHARA,0,0,0,0,32577,84,0,1482
TEXAS,MASON,0,0,0,0,0,9,0,1476
MICHIGAN,GRAND TRAVERSE,0,4,0,0,4631,46,0,1466
MISSOURI,NODAWAY,0,0,0,0,95029,380,0,1459
GEORGIA,PUTNAM,0,0,0,0,1029,3,0,1453
NORTH CAROLINA,ALEXANDER,0,0,0,0,1583,17,0,1446
MARYLAND,ANNE ARUNDEL,0,0,0,0,5405,19,0,1446
INDIANA,DAVIESS,0,0,0,0,73869,286,0,1442
MISSOURI,PUTNAM,0,14,0,0,17454,79,0,1423
WISCONSIN,BAYFIELD,0,0,0,0,2361,38,0,1422
KANSAS,LEAVENWORTH,0,0,0,0,19400,97,0,1420
SOUTH DAKOTA,HANSON,0,0,0,0,78514,177,0,1413
MISSOURI,LEWIS,0,1,0,0,67460,166,0,1410
ILLINOIS,BOONE,0,0,0,0,58957,97,0,1396
LOUISIANA,SAINT LANDRY,0,0,0,0,7269,61,25294,1396
NEBRASKA,SALINE,0,0,0,0,123245,269,0,1386
OREGON,DESCHUTES,0,0,0,0,0,2,0,1383
ILLINOIS,LEE,0,0,0,0,203808,309,0,1382
INDIANA,CLINTON,0,0,0,0,96556,195,0,1381
NEBRASKA,PHELPS,0,0,0,0,151263,183,0,1379
NEW YORK,MADISON,0,0,0,0,17514,88,0,1378
NORTH CAROLINA,FORSYTH,0,0,0,0,1677,28,0,1376
ARKANSAS,ARKANSAS,0,0,0,0,60131,85,85528,1374
GEORGIA,EARLY,0,0,0,0,7705,68,0,1370
OKLAHOMA,CHOCTAW,0,0,0,0,0,21,0,1366
GEORGIA,THOMAS,0,0,0,0,5471,47,0,1365
LOUISIANA,BEAUREGARD,0,0,0,0,455,14,577,1363
MINNESOTA,LYON,0,0,0,0,180786,455,0,1363
VIRGINIA,LOUDOUN,0,0,0,0,4032,26,0,1359
TEXAS,HEMPHILL,0,0,0,0,0,17,0,1358
ARKANSAS,FRANKLIN,0,0,0,0,0,6,0,1350
ARKANSAS,HEMPSTEAD,0,3,0,0,105,3,0,1350
ARKANSAS,YELL,0,2,0,0,5666,12,0,1346
PENNSYLVANIA,TIOGA,0,7,0,0,12255,75,0,1345
NEW MEXICO,EDDY,0,0,0,0,0,5,0,1341
PENNSYLVANIA,INDIANA,0,0,0,0,22085,193,0,1328
OKLAHOMA,ROGERS,0,0,0,0,348,50,0,1328
INDIANA,WASHINGTON,0,3,0,0,44784,168,0,1327
ILLINOIS,CUMBERLAND,0,7,0,0,53996,173,0,1324
COLORADO,RIO GRANDE,0,0,0,0,0,84,0,1323
TEXAS,ATASCOSA,0,0,0,0,1931,31,0,1319
IOWA,DAVIS,0,0,0,0,37265,217,0,1319
MINNESOTA,SIBLEY,0,19,0,0,177256,497,0,1312
MISSISSIPPI,LEE,0,0,0,0,2877,20,0,1310
SOUTH DAKOTA,MCCOOK,0,0,0,0,115264,241,0,1309
MINNESOTA,KOOCHICHING,0,0,0,0,440,38,0,1308
VIRGINIA,WYTHE,0,0,0,0,5215,24,0,1305
TEXAS,REEVES,0,0,0,0,0,5,0,1303
NORTH CAROLINA,LEE,0,0,0,0,2103,19,0,1300
VIRGINIA,NEW KENT,0,0,0,0,4663,10,0,1300
MISSISSIPPI,NOXUBEE,0,2,0,0,37704,108,0,1300
VIRGINIA,MADISON,0,0,0,0,6929,32,0,1296
VIRGINIA,CAMPBELL,0,0,0,0,572,45,0,1293
MISSOURI,ADAIR,0,0,0,0,14241,122,0,1291
VIRGINIA,SURRY,0,2,0,0,7701,31,0,1287
NEBRASKA,PIERCE,0,0,0,0,96696,330,0,1282
VIRGINIA,SHENANDOAH,0,0,0,0,11069,70,0,1280
KENTUCKY,GRAYSON,0,0,0,0,13589,69,0,1273
PENNSYLVANIA,MIFFLIN,0,6,0,0,10706,129,0,1273
MISSISSIPPI,TATE,0,0,0,0,6334,24,540,1270
PENNSYLVANIA,BRADFORD,0,3,0,0,20573,88,0,1256
OREGON,CLACKAMAS,0,0,0,0,0,46,0,1252
MISSOURI,SULLIVAN,0,7,0,0,14942,108,0,1246
KENTUCKY,GREEN,0,0,0,0,17238,78,0,1238
MINNESOTA,WADENA,0,0,0,0,19535,134,0,1230
INDIANA,FULTON,0,7,0,0,80967,176,0,1226
ILLINOIS,MENARD,0,1,0,0,63442,96,0,1222
ILLINOIS,FULTON,0,6,0,0,132062,279,0,1212
MICHIGAN,BERRIEN,0,0,0,0,44894,132,0,1206
NEVADA,PERSHING,0,0,0,0,0,4,0,1201
TEXAS,COLORADO,0,0,0,0,13511,16,30094,1200
ARKANSAS,POPE,0,0,0,0,0,1,2890,1200
ILLINOIS,KENDALL,0,0,0,0,62600,130,0,1199
MICHIGAN,GLADWIN,0,0,0,0,5825,71,0,1197
NORTH CAROLINA,CHATHAM,0,0,0,0,3228,34,0,1188
TEXAS,SAN PATRICIO,0,0,0,0,32196,15,0,1180
PENNSYLVANIA,JEFFERSON,0,0,0,0,9073,117,0,1171
NEBRASKA,DAWSON,0,0,0,0,202341,265,0,1170
GEORGIA,MACON,0,0,0,0,7485,19,0,1170
OKLAHOMA,MARSHALL,0,0,0,0,0,17,0,1170
TEXAS,DICKENS,0,0,0,0,0,4,0,1169
MINNESOTA,CHIPPEWA,0,0,0,0,163441,265,0,1164
TEXAS,STONEWALL,0,0,0,0,0,18,0,1164
OHIO,WARREN,0,0,0,0,21201,72,0,1164
KANSAS,JOHNSON,0,0,0,0,3955,41,0,1163
MICHIGAN,CASS,0,0,0,0,65349,183,0,1162
GEORGIA,TURNER,0,0,0,0,4615,17,0,1160
VIRGINIA,BRUNSWICK,0,1,0,0,212,33,0,1157
SOUTH DAKOTA,MINNEHAHA,0,0,0,0,104774,389,0,1156
MISSOURI,CLARK,0,0,0,0,48349,147,0,1155
ILLINOIS,EDGAR,0,1,0,0,143723,268,0,1155
ILLINOIS,LOGAN,0,0,0,0,182336,246,0,1155
VIRGINIA,BEDFORD,0,0,0,0,1475,26,0,1153
KANSAS,WABAUNSEE,0,0,0,0,19608,51,0,1152
ILLINOIS,CALHOUN,0,2,0,0,17685,76,0,1151
WISCONSIN,CRAWFORD,0,1,0,0,27904,188,0,1150
WASHINGTON,LEWIS,0,0,0,0,0,25,0,1142
NEW MEXICO,CHAVES,0,0,0,0,0,5,0,1133
ARKANSAS,INDEPENDENCE,0,0,0,0,8316,26,7709,1132
ILLINOIS,PEORIA,0,0,0,0,113807,227,0,1130
KENTUCKY,ADAIR,0,0,0,0,7195,60,0,1126
COLORADO,ALAMOSA,0,0,0,0,0,49,0,1123
WISCONSIN,MARQUETTE,0,0,0,0,29837,53,0,1121
TENNESSEE,WHITE,0,0,0,0,4237,35,0,1120
INDIANA,GRANT,0,6,0,0,59822,131,0,1115
UTAH,SANPETE,0,0,0,0,0,57,0,1112
IOWA,LYON,0,0,0,0,142164,519,0,1102
TEXAS,BROWN,0,0,0,0,0,59,0,1095
MISSOURI,BUCHANAN,0,0,0,0,36671,133,0,1094
OKLAHOMA,POTTAWATOMIE,0,0,0,0,1620,29,0,1094
VIRGINIA,NOTTOWAY,0,0,0,0,2367,27,0,1090
NEW YORK,ERIE,0,0,0,0,13477,69,0,1082
KENTUCKY,MONROE,0,0,0,0,7305,48,0,1072
OHIO,CARROLL,0,0,0,0,11658,118,0,1070
COLORADO,LA PLATA,0,0,0,0,0,43,0,1070
TEXAS,POTTER,0,0,0,0,0,12,0,1062
MICHIGAN,OTSEGO,0,0,0,0,1437,31,0,1061
INDIANA,PULASKI,0,0,0,0,114040,172,0,1059
INDIANA,TIPTON,0,9,0,0,80458,116,0,1059
CALIFORNIA,LASSEN,0,0,0,0,32,21,0,1056
ILLINOIS,MCLEAN,0,0,0,0,278245,396,0,1051
OHIO,PERRY,0,3,0,0,12908,53,0,1051
NEW YORK,ALLEGANY,0,0,0,0,7173,65,0,1045
VIRGINIA,MONTGOMERY,0,0,0,0,894,11,0,1044
MISSOURI,MERCER,0,7,0,0,23500,61,0,1037
TENNESSEE,BLEDSOE,0,0,0,0,3454,31,0,1029
MISSOURI,COLE,0,0,0,0,4031,106,0,1026
ALABAMA,MARENGO,0,0,0,0,2937,6,0,1026
MISSISSIPPI,MONROE,0,0,0,0,13962,32,0,1025
MINNESOTA,LE SUEUR,0,26,0,0,75924,355,0,1017
LOUISIANA,MADISON,0,0,0,0,36033,21,3294,1017
MINNESOTA,STEELE,0,0,0,0,118042,304,0,1017
VIRGINIA,LANCASTER,0,0,0,0,2552,5,0,1015
TEXAS,CALDWELL,0,0,0,0,8396,21,0,1010
ILLINOIS,JOHNSON,0,0,0,0,5812,53,0,1010
GEORGIA,TAYLOR,0,0,0,0,549,9,0,1010
MISSOURI,MILLER,0,25,0,0,3758,52,0,1000
INDIANA,HAMILTON,0,0,0,0,50897,83,0,997
ILLINOIS,SALINE,0,10,0,0,39272,105,0,997
NEW YORK,CORTLAND,0,0,0,0,3176,20,0,995
INDIANA,PORTER,0,0,0,0,46226,120,0,995
NEBRASKA,PLATTE,0,0,0,0,186132,446,0,991
TENNESSEE,MCMINN,0,0,0,0,4130,24,0,990
MINNESOTA,MCLEOD,0,0,0,0,113705,419,0,984
OKLAHOMA,LINCOLN,0,0,0,0,0,41,0,981
GEORGIA,COOK,0,0,0,0,5191,24,0,975
PENNSYLVANIA,LUZERNE,0,0,0,0,8563,65,0,974
OHIO,WASHINGTON,0,0,0,0,11992,133,0,973
MINNESOTA,LAC QUI PARLE,0,0,0,0,165302,379,0,970
MICHIGAN,ALCONA,0,0,0,0,2206,18,0,969
KENTUCKY,WOODFORD,0,0,0,0,3017,26,0,969
OHIO,BROWN,0,0,0,0,16025,194,0,962
TENNESSEE,MONROE,0,0,0,0,3474,22,0,962
NORTH CAROLINA,BRUNSWICK,0,0,0,0,9166,21,0,960
WASHINGTON,KITTITAS,0,0,0,0,0,36,0,955
MISSOURI,GENTRY,0,9,0,0,32895,149,0,952
ARKANSAS,BENTON,0,0,0,0,0,10,0,950
INDIANA,BLACKFORD,0,5,0,0,26291,61,0,947
GEORGIA,TATTNALL,0,1,0,0,3055,52,0,946
MISSOURI,DALLAS,0,1,0,0,2259,27,0,944
ILLINOIS,KNOX,0,17,0,0,184472,258,0,943
NEBRASKA,NEMAHA,0,0,0,0,90984,190,0,942
TEXAS,BURLESON,0,0,0,0,11693,17,0,941
TENNESSEE,CANNON,0,0,0,0,4979,31,0,940
MICHIGAN,OSCEOLA,0,0,0,0,8028,52,0,939
PENNSYLVANIA,CLARION,0,0,0,0,11379,112,0,937
MINNESOTA,GOODHUE,0,0,0,0,182876,481,0,931
MINNESOTA,BROWN,0,0,0,0,131214,494,0,930
SOUTH CAROLINA,ABBEVILLE,0,0,0,0,93,16,0,925
NEBRASKA,BUTLER,0,0,0,0,153414,303,0,923
MINNESOTA,COTTONWOOD,0,0,0,0,181404,390,0,922
KENTUCKY,WAYNE,0,0,0,0,6436,42,0,910
MICHIGAN,KALKASKA,0,0,0,0,303,4,0,908
ALABAMA,MONTGOMERY,0,0,0,0,690,22,0,908
ILLINOIS,HENRY,0,0,0,0,215672,550,0,906
FLORIDA,SUWANNEE,0,0,0,0,6012,26,0,900
KANSAS,ATCHISON,0,0,0,0,56759,119,0,872
VIRGINIA,FLUVANNA,0,0,0,0,1268,15,0,865
MISSISSIPPI,MADISON,0,0,0,0,12390,37,0,865
KENTUCKY,TAYLOR,0,0,0,0,9820,101,0,864
LOUISIANA,TENSAS,0,0,0,0,50791,13,2486,862
ILLINOIS,MOULTRIE,0,0,0,0,88026,130,0,857
NORTH CAROLINA,WILKES,0,0,0,0,4736,31,0,851
GEORGIA,TREUTLEN,0,0,0,0,784,10,0,850
OREGON,MULTNOMAH,0,0,0,0,5,4,0,845
NORTH CAROLINA,BURKE,0,0,0,0,1076,9,0,844
KENTUCKY,HART,0,0,0,0,5447,56,0,840
WYOMING,SHERIDAN,0,0,0,0,0,57,0,837
KENTUCKY,HARRISON,0,0,0,0,3793,76,0,827
MISSISSIPPI,CARROLL,0,0,0,0,10370,12,0,819
ALABAMA,TUSCALOOSA,0,0,0,0,2980,22,0,818
NEBRASKA,HALL,0,0,0,0,165847,245,0,813
OREGON,JACKSON,0,0,0,0,44,14,0,812
VIRGINIA,GREENSVILLE,0,1,0,0,2101,16,0,811
ARKANSAS,DREW,0,0,0,0,6836,21,5945,810
GEORGIA,WORTH,0,0,0,0,5915,71,0,810
NEBRASKA,OTOE,0,0,0,0,136581,293,0,807
ILLINOIS,SCHUYLER,0,0,0,0,57937,91,0,807
ILLINOIS,WHITESIDE,0,0,0,0,203342,442,0,807
OKLAHOMA,COAL,0,1,0,0,0,10,0,805
INDIANA,MARTIN,0,0,0,0,13468,55,0,804
SOUTH DAKOTA,SANBORN,0,0,0,0,54878,113,0,798
IOWA,CEDAR,0,0,0,0,177417,410,0,796
WISCONSIN,PORTAGE,0,0,0,0,42661,165,0,796
KENTUCKY,GARRARD,0,0,0,0,4109,19,0,795
MISSOURI,DE KALB,0,0,0,0,36012,151,0,794
ARKANSAS,WHITE,0,0,0,0,6810,33,7949,793
PENNSYLVANIA,MONTGOMERY,0,0,0,0,4468,37,0,791
KENTUCKY,EDMONSON,0,0,0,0,7588,50,0,789
OHIO,HARRISON,0,1,0,0,3491,46,0,780
TEXAS,WHARTON,0,0,0,0,85111,33,62277,779
NORTH CAROLINA,CALDWELL,0,0,0,0,929,25,0,777
COLORADO,CONEJOS,0,0,0,0,0,77,0,777
MICHIGAN,OAKLAND,0,0,0,0,2190,29,0,768
MICHIGAN,VAN BUREN,0,1,0,0,33815,101,0,761
NEBRASKA,MERRICK,0,0,0,0,84007,183,0,757
IOWA,VAN BUREN,0,14,0,0,46337,175,0,757
MISSOURI,ST LOUIS,0,0,0,0,2833,15,0,753
INDIANA,CRAWFORD,0,4,0,0,7238,22,0,752
ALABAMA,FRANKLIN,0,0,0,0,5921,14,0,750
MICHIGAN,CLARE,0,0,0,0,3369,43,0,747
KENTUCKY,HENRY,0,0,0,0,5684,42,0,746
TENNESSEE,DICKSON,0,0,0,0,1368,31,0,743
LOUISIANA,CALDWELL,0,0,0,0,5493,4,0,741
COLORADO,SAN MIGUEL,0,0,0,0,0,2,0,741
KENTUCKY,SCOTT,0,0,0,0,2731,32,0,741
MISSISSIPPI,ADAMS,0,0,0,0,945,4,0,740
GEORGIA,FRANKLIN,0,0,0,0,753,8,0,740
NEBRASKA,POLK,0,7,0,0,100538,239,0,737
KENTUCKY,BOURBON,0,0,0,0,7271,60,0,732
KENTUCKY,RUSSELL,0,0,0,0,6563,49,0,725
ALABAMA,MOBILE,0,0,0,0,128,19,0,720
UTAH,UINTAH,0,0,0,0,5191,58,0,720
MISSOURI,CLAY,0,0,0,0,15698,45,0,717
IOWA,LEE,0,0,0,0,66345,278,0,716
TEXAS,SAN SABA,0,0,0,0,0,26,0,713
ILLINOIS,DOUGLAS,0,0,0,0,97790,261,0,710
MISSISSIPPI,PONTOTOC,0,0,0,0,2689,25,0,710
MINNESOTA,CASS,0,0,0,0,2436,36,0,705
ILLINOIS,CASS,0,5,0,0,68190,127,0,704
NEBRASKA,PAWNEE,0,0,0,0,58184,157,0,704
NEBRASKA,SIOUX,0,0,0,0,11134,66,0,703
ILLINOIS,COLES,0,0,0,0,87465,195,0,699
WYOMING,BIG HORN,0,0,0,0,4732,120,0,697
PENNSYLVANIA,CLINTON,0,0,0,0,5915,45,0,697
IOWA,KEOKUK,0,35,0,0,84228,381,0,697
INDIANA,LAKE,0,0,0,0,52554,83,0,696
ILLINOIS,BROWN,0,0,0,0,31403,83,0,689
OHIO,MUSKINGUM,0,2,0,0,24342,111,0,688
MISSISSIPPI,CLAY,0,4,0,0,7983,11,0,686
MISSOURI,JACKSON,0,0,0,0,14586,60,0,686
MISSISSIPPI,LOWNDES,0,0,0,0,10119,29,0,685
INDIANA,VIGO,0,0,0,0,38140,85,0,685
ARKANSAS,CLAY,0,0,0,0,20433,119,61707,681
MINNESOTA,ISANTI,0,0,0,0,24352,151,0,680
TEXAS,LAMPASAS,0,1,0,0,0,21,0,675
SOUTH CAROLINA,YORK,0,1,0,0,310,20,0,671
ALABAMA,MARION,0,0,0,0,4021,12,0,669
ILLINOIS,JO DAVIESS,0,1,0,0,95562,292,0,668
INDIANA,SPENCER,0,0,0,0,52700,170,0,667
PENNSYLVANIA,CRAWFORD,0,0,0,0,29957,197,0,664
OKLAHOMA,CARTER,0,0,0,0,0,14,0,660
ALABAMA,CONECUH,0,0,0,0,2248,16,0,660
NEW YORK,ST LAWRENCE,0,0,0,0,15354,49,0,660
UTAH,WEBER,0,0,0,0,245,29,0,656
LOUISIANA,MOREHOUSE,0,0,0,0,52762,28,24999,654
IOWA,CRAWFORD,0,0,0,0,209076,461,0,653
WISCONSIN,ADAMS,0,0,0,0,17314,53,0,649
MINNESOTA,DAKOTA,0,0,0,0,87720,266,0,646
ILLINOIS,GRUNDY,0,0,0,0,90285,239,0,642
ALABAMA,GENEVA,0,0,0,0,8030,41,0,641
OHIO,SCIOTO,0,0,0,0,7452,70,0,639
MISSISSIPPI,BENTON,0,0,0,0,3348,14,0,630
ILLINOIS,HENDERSON,0,7,0,0,85696,137,0,629
MINNESOTA,NICOLLET,0,0,0,0,126724,434,0,629
TENNESSEE,WAYNE,0,1,0,0,2718,21,0,625
TENNESSEE,GRUNDY,0,0,0,0,1240,10,0,624
INDIANA,VERMILLION,0,1,0,0,40785,63,0,623
PENNSYLVANIA,MONTOUR,0,0,0,0,5731,77,0,620
MINNESOTA,FILLMORE,0,0,0,0,182006,456,0,619
MISSISSIPPI,JONES,0,0,0,0,0,14,0,615
KENTUCKY,METCALFE,0,0,0,0,8459,53,0,614
KENTUCKY,FAYETTE,0,0,0,0,1754,20,0,605
INDIANA,MORGAN,0,0,0,0,49546,85,0,605
FLORIDA,COLUMBIA,0,0,0,0,2079,17,0,600
VERMONT,ADDISON,0,0,0,0,1963,31,0,598
WISCONSIN,PIERCE,0,0,0,0,62968,398,0,589
NEBRASKA,CLAY,0,0,0,0,168223,168,0,586
INDIANA,HENDRICKS,0,0,0,0,49628,158,0,585
VIRGINIA,GLOUCESTER,0,0,0,0,5281,15,0,584
NEW JERSEY,MONMOUTH,0,0,0,0,2539,32,0,584
TEXAS,KARNES,0,0,0,0,0,14,0,583
NEBRASKA,DODGE,0,0,0,0,156081,352,0,582
ARKANSAS,FAULKNER,0,0,0,0,950,9,2592,580
VIRGINIA,LUNENBURG,0,0,0,0,1163,24,0,580
KENTUCKY,ALLEN,0,1,0,0,3586,39,0,579
OHIO,PIKE,0,1,0,0,9247,49,0,576
IOWA,DECATUR,0,6,0,0,34014,136,0,572
VIRGINIA,APPOMATTOX,0,0,0,0,1132,30,0,571
NEW YORK,CATTARAUGUS,0,0,0,0,9681,58,0,571
MINNESOTA,WATONWAN,0,0,0,0,135115,246,0,571
GEORGIA,BERRIEN,0,1,0,0,4779,70,0,566
MISSISSIPPI,CALHOUN,0,0,0,0,12357,33,0,566
INDIANA,STARKE,0,2,0,0,39443,65,0,561
NEBRASKA,CASS,0,2,0,0,124027,212,0,560
KENTUCKY,CUMBERLAND,0,0,0,0,1616,11,0,560
NORTH CAROLINA,ORANGE,0,0,0,0,2752,26,0,560
TEXAS,LAVACA,0,0,0,0,3391,22,5318,558
TEXAS,GARZA,0,0,0,0,0,1,0,556
NEW YORK,SUFFOLK,0,0,0,0,1384,21,0,553
GEORGIA,TOOMBS,0,0,0,0,3106,28,0,552
NEW JERSEY,WARREN,0,0,0,0,13688,58,0,550
KENTUCKY,MASON,0,0,0,0,6377,80,0,549
GEORGIA,WALKER,0,0,0,0,4779,19,0,543
SOUTH CAROLINA,AIKEN,0,0,0,0,4057,58,0,539
NEW JERSEY,SOMERSET,0,0,0,0,854,21,0,538
MINNESOTA,CARVER,0,0,0,0,60960,317,0,537
WISCONSIN,BUFFALO,0,0,0,0,67906,235,0,534
TENNESSEE,WASHINGTON,0,0,0,0,2114,33,0,532
VIRGINIA,PRINCE EDWARD,0,2,0,0,338,15,0,531
CALIFORNIA,BUTTE,0,0,0,0,1594,42,69496,529
MISSOURI,HARRISON,0,0,0,0,58248,139,0,528
OKLAHOMA,PONTOTOC,0,0,0,0,0,20,0,525
LOUISIANA,CATAHOULA,0,0,0,0,34552,11,3671,522
MONTANA,SWEET GRASS,0,0,0,0,0,48,0,522
GEORGIA,HOUSTON,0,0,0,0,0,11,0,520
VIRGINIA,POWHATAN,0,0,0,0,2556,6,0,518
UTAH,SALT LAKE,0,0,0,0,8,16,0,517
TEXAS,STEPHENS,0,0,0,0,435,12,0,516
VIRGINIA,BOTETOURT,0,0,0,0,1593,22,0,515
MINNESOTA,NOBLES,0,0,0,0,167428,487,0,515
MINNESOTA,MEEKER,0,1,0,0,114219,394,0,513
NORTH CAROLINA,GRANVILLE,0,0,0,0,2049,24,0,512
MISSISSIPPI,GEORGE,0,0,0,0,1116,10,0,510
NEBRASKA,MADISON,0,0,0,0,125508,289,0,510
INDIANA,CLAY,0,0,0,0,69701,138,0,509
NEW JERSEY,MERCER,0,0,0,0,1899,20,0,508
KENTUCKY,OHIO,0,0,0,0,23039,59,0,506
MINNESOTA,REDWOOD,0,0,0,0,257104,591,0,506
GEORGIA,TIFT,0,0,0,0,2797,28,0,505
GEORGIA,LONG,0,0,0,0,1034,9,0,504
NEBRASKA,WAYNE,0,0,0,0,109790,270,0,502
INDIANA,UNION,0,2,0,0,28140,95,0,494
COLORADO,DOUGLAS,0,0,0,0,0,13,0,493
TEXAS,GILLESPIE,0,0,0,0,258,71,0,492
KENTUCKY,LEWIS,0,0,0,0,2621,16,0,492
MISSISSIPPI,CHICKASAW,0,4,0,0,9577,18,0,490
TENNESSEE,LOUDON,0,0,0,0,2590,20,0,490
IOWA,SCOTT,0,0,0,0,99379,340,0,488
NORTH CAROLINA,GASTON,0,0,0,0,859,13,0,487
MINNESOTA,PIPESTONE,0,0,0,0,85909,259,0,486
ALABAMA,MACON,0,0,0,0,2238,10,0,481
GEORGIA,RICHMOND,0,0,0,0,716,7,0,480
NEBRASKA,LOUP,0,0,0,0,5887,32,0,478
GEORGIA,WILCOX,0,0,0,0,775,32,0,476
MINNESOTA,CROW WING,0,0,0,0,7339,62,0,474
VIRGINIA,CLARKE,0,0,0,0,1254,23,0,473
TENNESSEE,HAMBLEN,0,0,0,0,2829,25,0,473
COLORADO,OTERO,0,0,0,0,3908,103,0,470
IOWA,LUCAS,0,3,0,0,22577,113,0,467
GEORGIA,PEACH,0,0,0,0,1130,11,0,467
WISCONSIN,TAYLOR,0,0,0,0,29157,125,0,465
GEORGIA,OGLETHORPE,0,2,0,0,0,5,0,462
NEW YORK,COLUMBIA,0,0,0,0,7316,33,0,461
NEBRASKA,HAMILTON,0,0,0,0,179484,274,0,460
NEBRASKA,DIXON,0,12,0,0,97739,267,0,459
INDIANA,PERRY,0,3,0,0,9903,52,0,458
NEW YORK,LEWIS,0,0,0,0,5929,46,0,456
WISCONSIN,POLK,0,0,0,0,53295,224,0,456
WEST VIRGINIA,BERKELEY,0,0,0,0,2936,54,0,455
MISSOURI,CLINTON,0,1,0,0,40483,68,0,455
SOUTH CAROLINA,BARNWELL,0,0,0,0,2651,31,0,452
UTAH,DAVIS,0,0,0,0,0,24,0,452
INDIANA,FOUNTAIN,0,0,0,0,80210,120,0,448
WISCONSIN,ST CROIX,0,0,0,0,75875,338,0,448
MISSOURI,PLATTE,0,0,0,0,35701,54,0,447
NEBRASKA,BOYD,0,0,0,0,20326,113,0,445
ILLINOIS,STARK,0,0,0,0,79330,145,0,444
SOUTH CAROLINA,SALUDA,0,0,0,0,1432,16,0,443
ALABAMA,ESCAMBIA,0,0,0,0,6812,20,0,441
MISSOURI,ANDREW,0,0,0,0,41237,202,0,439
VIRGINIA,PATRICK,0,0,0,0,445,18,0,437
MINNESOTA,MILLE LACS,0,0,0,0,14937,148,0,435
MISSOURI,ST FRANCOIS,0,0,0,0,1141,30,0,435
OHIO,GEAUGA,0,0,0,0,2855,137,0,431
NEBRASKA,SEWARD,0,0,0,0,149255,269,0,429
IOWA,JEFFERSON,0,14,0,0,65423,206,0,424
TENNESSEE,HARDEMAN,0,0,0,0,4299,37,0,420
GEORGIA,MITCHELL,0,0,0,0,10921,45,0,420
MONTANA,RAVALLI,0,0,0,0,438,54,0,420
FLORIDA,SANTA ROSA,0,0,0,0,2890,27,0,420
NEBRASKA,VALLEY,0,0,0,0,57375,143,0,418
MISSOURI,GRUNDY,0,5,0,0,34675,99,0,416
PENNSYLVANIA,FAYETTE,0,0,0,0,7361,71,0,414
INDIANA,OWEN,0,0,0,0,13625,69,0,413
IOWA,CLINTON,0,0,0,0,167452,604,0,412
SOUTH CAROLINA,EDGEFIELD,0,0,0,0,593,9,0,410
ALABAMA,BLOUNT,0,0,0,0,2670,14,0,408
WISCONSIN,RUSK,0,0,0,0,16607,92,0,406
VIRGINIA,FREDERICK,0,0,0,0,3333,26,0,399
KENTUCKY,BUTLER,0,0,0,0,19788,39,0,396
MICHIGAN,MANISTEE,0,0,0,0,4360,20,0,396
INDIANA,MARION,0,0,0,0,3357,13,0,396
VIRGINIA,SPOTSYLVANIA,0,0,0,0,1718,26,0,395
INDIANA,DEARBORN,0,0,0,0,3953,43,0,392
INDIANA,SULLIVAN,0,0,0,0,69940,111,0,390
WEST VIRGINIA,MASON,0,0,0,0,2925,69,0,385
MISSOURI,HOLT,0,0,0,0,86745,146,0,383
NEBRASKA,ANTELOPE,0,0,0,0,199071,379,0,382
MISSOURI,MARIES,0,0,0,0,2167,68,0,382
VIRGINIA,ROCKBRIDGE,0,0,0,0,3136,17,0,382
UTAH,IRON,0,0,0,0,0,40,0,381
IOWA,WINNESHIEK,0,32,0,0,151822,567,0,380
MICHIGAN,WAYNE,0,0,0,0,854,10,0,379
MICHIGAN,MONTMORENCY,0,0,0,0,1733,19,0,377
MINNESOTA,MOWER,0,0,0,0,174442,455,0,376
TEXAS,TRAVIS,0,0,0,0,18968,24,0,375
WISCONSIN,TREMPEALEAU,0,1,0,0,76784,278,0,374
CALIFORNIA,STANISLAUS,0,0,0,0,315,48,0,373
GEORGIA,GILMER,0,0,0,0,541,2,0,372
NEW YORK,HERKIMER,0,0,0,0,6133,46,0,372
TENNESSEE,WILSON,0,0,0,0,1261,33,0,369
MINNESOTA,RICE,0,0,0,0,96895,338,0,368
MISSOURI,HOWELL,0,0,0,0,0,20,0,365
NEW MEXICO,SIERRA,0,0,0,0,0,1,0,360
IOWA,MILLS,0,0,0,0,87930,220,0,356
GEORGIA,POLK,0,0,0,0,3100,10,0,354
MINNESOTA,PINE,0,0,0,0,12696,173,0,349
INDIANA,GREENE,0,3,0,0,56187,129,0,348
UTAH,SEVIER,0,0,0,0,341,31,0,348
CALIFORNIA,SONOMA,0,0,0,0,0,28,0,347
MICHIGAN,ANTRIM,0,0,0,0,1090,31,0,341
MISSOURI,CHRISTIAN,0,0,0,0,719,9,0,340
GEORGIA,WALTON,0,0,0,0,387,15,0,338
SOUTH DAKOTA,CLAY,0,0,0,0,76888,195,0,337
MISSOURI,CRAWFORD,0,0,0,0,490,24,0,336
WISCONSIN,LINCOLN,0,0,0,0,8577,49,0,333
WASHINGTON,WHATCOM,0,0,0,0,0,18,0,332
VIRGINIA,CUMBERLAND,0,0,0,0,809,17,0,330
KENTUCKY,GALLATIN,0,0,0,0,678,5,0,328
MISSISSIPPI,ATTALA,0,0,0,0,2041,9,0,325
SOUTH CAROLINA,CHESTER,0,0,0,0,0,10,0,320
GEORGIA,HENRY,0,0,0,0,0,10,0,320
WASHINGTON,SNOHOMISH,0,0,0,0,0,20,0,320
OHIO,CLERMONT,0,0,0,0,15075,73,0,318
OHIO,MORGAN,0,1,0,0,4918,71,0,316
MINNESOTA,HUBBARD,0,0,0,0,12273,67,0,314
IOWA,JONES,0,0,0,0,146826,484,0,312
MINNESOTA,HOUSTON,0,0,0,0,52132,250,0,309
TENNESSEE,BRADLEY,0,0,0,0,1246,16,0,306
NEBRASKA,COLFAX,0,0,0,0,95407,261,0,299
OREGON,COLUMBIA,0,0,0,0,0,2,0,294
IOWA,DUBUQUE,0,0,0,0,154083,664,0,294
MINNESOTA,MURRAY,0,0,0,0,144562,388,0,286
ILLINOIS,LAKE,0,0,0,0,8135,39,0,285
KENTUCKY,NICHOLAS,0,0,0,0,2462,33,0,285
GEORGIA,BRYAN,0,0,0,0,352,2,0,282
WISCONSIN,EAU CLAIRE,0,0,0,0,39424,190,0,280
VIRGINIA,CHESTERFIELD,0,0,0,0,372,13,0,279
MISSOURI,WEBSTER,0,0,0,0,1996,70,0,279
ILLINOIS,ROCK ISLAND,0,0,0,0,60274,196,0,278
IOWA,WAYNE,0,0,0,0,70422,160,0,276
IOWA,PAGE,0,4,0,0,107245,375,0,274
IOWA,WASHINGTON,0,0,0,0,115431,451,0,265
VIRGINIA,WARREN,0,0,0,0,223,10,0,264
IOWA,JOHNSON,0,0,0,0,98578,567,0,260
VERMONT,CHITTENDEN,0,0,0,0,878,11,0,258
WISCONSIN,DUNN,0,3,0,0,96715,304,0,256
IOWA,DES MOINES,0,0,0,0,57309,183,0,252
MINNESOTA,JACKSON,0,0,0,0,176899,407,0,250
PENNSYLVANIA,CARBON,0,0,0,0,2244,34,0,248
NEBRASKA,DOUGLAS,0,0,0,0,20254,79,0,247
MISSOURI,WORTH,0,6,0,0,12937,73,0,247
IDAHO,BONNER,0,0,0,0,0,12,0,242
MICHIGAN,IOSCO,0,0,0,0,2070,28,0,242
MONTANA,MINERAL,0,0,0,0,0,3,0,242
TENNESSEE,BLOUNT,0,0,0,0,837,37,0,240
IOWA,WARREN,0,0,0,0,80150,213,0,239
MINNESOTA,WASHINGTON,0,0,0,0,12821,140,0,237
KENTUCKY,CASEY,0,0,0,0,8839,69,0,235
OKLAHOMA,MURRAY,0,0,0,0,0,10,0,232
MONTANA,SANDERS,0,0,0,0,0,24,0,230
MICHIGAN,DELTA,0,0,0,0,1098,40,0,228
IOWA,GUTHRIE,0,0,0,0,96155,238,0,228
ILLINOIS,MARSHALL,0,0,0,0,96079,152,0,228
TEXAS,CHAMBERS,0,0,0,0,0,20,24067,227
SOUTH CAROLINA,CHARLESTON,0,0,0,0,565,10,0,225
IOWA,PLYMOUTH,0,0,0,0,224190,639,0,224
GEORGIA,GLASCOCK,0,0,0,0,0,6,0,220
MISSISSIPPI,HINDS,0,0,0,0,13937,14,0,220
NORTH CAROLINA,MONTGOMERY,0,1,0,0,2645,21,0,220
WISCONSIN,MILWAUKEE,0,0,0,0,979,4,0,215
OHIO,HOCKING,0,1,0,0,2242,14,0,211
MINNESOTA,WINONA,0,0,0,0,89443,329,0,210
NEW YORK,OTSEGO,0,0,0,0,11298,71,0,208
ILLINOIS,PUTNAM,0,2,0,0,20004,44,0,207
MINNESOTA,BENTON,0,0,0,0,36233,338,0,206
TEXAS,PARKER,0,0,0,0,153,42,0,206
MISSOURI,TEXAS,0,0,0,0,0,21,0,206
ALABAMA,HENRY,0,0,0,0,2486,48,0,205
ARKANSAS,WASHINGTON,0,0,0,0,509,4,0,200
TEXAS,EL PASO,0,0,0,0,0,8,0,198
PENNSYLVANIA,BEAVER,0,0,0,0,4410,64,0,195
UTAH,EMERY,0,0,0,0,0,56,0,195
IOWA,MONONA,0,0,0,0,182646,234,0,192
WISCONSIN,LA CROSSE,0,0,0,0,29107,153,0,190
OREGON,CROOK,0,0,0,0,0,3,0,189
COLORADO,DELTA,0,0,0,0,2503,59,0,189
MICHIGAN,CHIPPEWA,0,0,0,0,79,61,0,188
ILLINOIS,WARREN,0,10,0,0,128975,193,0,181
NEW YORK,DUTCHESS,0,0,0,0,2936,40,0,180
TENNESSEE,RHEA,0,0,0,0,3430,14,0,180
WISCONSIN,WASHBURN,0,0,0,0,10174,55,0,179
WISCONSIN,MONROE,0,0,0,0,45036,264,0,178
SOUTH CAROLINA,LAURENS,0,0,0,0,0,27,0,174
OHIO,JACKSON,0,0,0,0,1395,43,0,172
OKLAHOMA,MCINTOSH,0,0,0,0,0,27,0,171
NEBRASKA,NANCE,0,4,0,0,45556,134,0,171
GEORGIA,COFFEE,0,0,0,0,7038,80,0,170
NEW YORK,GREENE,0,0,0,0,0,11,0,169
OKLAHOMA,ADAIR,0,0,0,0,0,6,0,168
CALIFORNIA,NAPA,0,0,0,0,0,0,0,168
KENTUCKY,OWEN,0,0,0,0,549,17,0,167
NEBRASKA,STANTON,0,5,0,0,79307,249,0,164
TENNESSEE,HAMILTON,0,0,0,0,332,8,0,156
LOUISIANA,EAST BATON ROUGE,0,0,0,0,172,4,0,155
OHIO,SUMMIT,0,0,0,0,939,15,0,154
OHIO,GUERNSEY,0,1,0,0,3380,56,0,152
ILLINOIS,MERCER,0,0,0,0,114380,240,0,151
WEST VIRGINIA,PRESTON,0,0,0,0,2560,82,0,151
KENTUCKY,BULLITT,0,0,0,0,746,37,0,150
OHIO,NOBLE,0,0,0,0,462,17,0,150
FLORIDA,OSCEOLA,0,0,0,0,0,0,0,150
KENTUCKY,BATH,0,0,0,0,1612,42,0,149
WEST VIRGINIA,MORGAN,0,0,0,0,152,12,0,148
INDIANA,MONROE,0,0,0,0,4529,32,0,146
WISCONSIN,BURNETT,0,0,0,0,12577,59,0,144
IOWA,HENRY,0,29,0,0,80905,211,0,144
VIRGINIA,PAGE,0,0,0,0,3313,74,0,142
NEBRASKA,WASHINGTON,0,0,0,0,83459,302,0,142
MINNESOTA,CHISAGO,0,0,0,0,19816,180,0,141
SOUTH CAROLINA,PICKENS,0,0,0,0,570,4,0,141
MISSOURI,LACLEDE,0,1,0,0,1505,34,0,134
IOWA,APPANOOSE,0,0,0,0,25081,141,0,133
VIRGINIA,HENRY,0,0,0,0,40,10,0,133
WEST VIRGINIA,MONROE,0,0,0,0,521,48,0,133
TENNESSEE,CARTER,0,0,0,0,380,10,0,131
OHIO,MEIGS,0,0,0,0,1555,45,0,131
MINNESOTA,SCOTT,0,0,0,0,37043,243,0,131
GEORGIA,HABERSHAM,0,0,0,0,274,9,0,130
KENTUCKY,MONTGOMERY,0,0,0,0,1521,32,0,130
TENNESSEE,SULLIVAN,0,0,0,0,491,8,0,130
MISSOURI,SCHUYLER,0,10,0,0,10798,71,0,128
IOWA,BUENA VISTA,0,0,0,0,151125,435,0,126
IOWA,WOODBURY,0,0,0,0,204882,450,0,125
NEW YORK,TIOGA,0,0,0,0,7447,27,0,124
WYOMING,TETON,0,0,0,0,0,1,0,120
IOWA,LINN,0,0,0,0,153610,492,0,118
ILLINOIS,SCOTT,0,2,0,0,40648,103,0,118
ALABAMA,ETOWAH,0,0,0,0,4261,9,0,117
MINNESOTA,HENNEPIN,0,0,0,0,4368,119,0,113
WEST VIRGINIA,HAMPSHIRE,0,0,0,0,1358,30,0,110
MINNESOTA,WABASHA,0,0,0,0,76700,355,0,110
TENNESSEE,JACKSON,0,0,0,0,392,8,0,109
GEORGIA,MCDUFFIE,0,0,0,0,78,2,0,108
NORTH CAROLINA,STOKES,0,0,0,0,1104,23,0,108
MINNESOTA,BLUE EARTH,0,0,0,0,219446,454,0,102
GEORGIA,MARION,0,0,0,0,792,4,0,101
NEW JERSEY,ATLANTIC,0,0,0,0,633,3,0,100
GEORGIA,JASPER,0,0,0,0,760,6,0,100
MINNESOTA,WASECA,0,0,0,0,120236,341,0,100
IOWA,CHICKASAW,0,0,0,0,143125,436,0,93
IOWA,BUCHANAN,0,0,0,0,214218,539,0,92
KENTUCKY,BRACKEN,0,0,0,0,732,25,0,90
NEW YORK,MONTGOMERY,0,0,0,0,8599,74,0,90
OKLAHOMA,ATOKA,0,0,0,0,0,22,0,88
PENNSYLVANIA,MONROE,0,0,0,0,1734,36,0,87
SOUTH CAROLINA,BERKELEY,0,0,0,0,2155,55,0,86
MICHIGAN,LEELANAU,0,0,0,0,3166,26,0,86
TENNESSEE,MCNAIRY,0,0,0,0,4735,65,0,84
MINNESOTA,OLMSTED,0,0,0,0,121676,257,0,84
MICHIGAN,CHARLEVOIX,0,0,0,0,2095,24,0,80
PENNSYLVANIA,ALLEGHENY,0,0,0,0,273,34,0,78
NORTH CAROLINA,CHEROKEE,0,0,0,0,542,5,0,75
COLORADO,PUEBLO,0,0,0,0,2259,68,0,74
IOWA,SAC,0,0,0,0,162314,430,0,71
PENNSYLVANIA,WASHINGTON,0,0,0,0,4410,67,0,71
PENNSYLVANIA,WYOMING,0,0,0,0,4115,30,0,71
ARIZONA,APACHE,0,0,0,0,10,3,0,69
TENNESSEE,GREENE,0,0,0,0,3631,58,0,66
WASHINGTON,SAN JUAN,0,0,0,0,0,9,0,64
MINNESOTA,ST. LOUIS,0,0,0,0,0,50,0,64
NEBRASKA,CEDAR,0,0,0,0,179816,478,0,60
WASHINGTON,CHELAN,0,0,0,0,0,1,0,60
NEW YORK,ORANGE,0,0,0,0,2570,20,0,60
ALABAMA,PICKENS,0,1,0,0,7218,5,0,60
NEW YORK,FRANKLIN,0,0,0,0,7760,45,0,58
IOWA,IOWA,0,20,0,0,132116,375,0,57
MICHIGAN,HOUGHTON,0,0,0,0,0,15,0,55
IOWA,FAYETTE,0,0,0,0,188887,522,0,54
CALIFORNIA,LAKE,0,0,0,0,0,6,0,54
IOWA,CASS,0,0,0,0,112549,301,0,45
NEW MEXICO,OTERO,0,0,0,0,0,0,0,45
TENNESSEE,CLAIBORNE,0,0,0,0,205,29,0,44
OREGON,HARNEY,0,0,0,0,0,17,0,42
COLORADO,LAS ANIMAS,0,0,0,0,0,23,0,41
IOWA,HOWARD,0,0,0,0,137990,354,0,40
IOWA,FLOYD,0,0,0,0,154551,394,0,39
NEW MEXICO,VALENCIA,0,0,0,0,0,6,0,31
MAINE,PENOBSCOT,0,0,0,0,0,30,0,30
NEW MEXICO,CATRON,0,0,0,0,0,2,0,24
MICHIGAN,EMMET,0,0,0,0,722,32,0,24
INDIANA,FLOYD,0,0,0,0,2648,25,0,24
CALIFORNIA,HUMBOLDT,0,0,0,0,0,7,0,24
CONNECTICUT,NEW HAVEN,0,0,0,0,112,3,0,24
GEORGIA,PIKE,0,0,0,0,0,11,0,23
IOWA,WORTH,0,11,0,0,72740,249,0,22
MICHIGAN,BARAGA,0,0,0,0,0,16,0,20
IOWA,BREMER,0,43,0,0,125856,431,0,18
ALABAMA,CHILTON,0,0,0,0,624,12,0,17
MASSACHUSETTS,WORCESTER,0,0,0,0,350,11,0,17
CONNECTICUT,TOLLAND,0,0,0,0,105,11,0,13
MASSACHUSETTS,BRISTOL,0,0,0,0,62,9,0,10
WASHINGTON,KING,0,0,0,0,4,15,0,7
PENNSYLVANIA,WARREN,0,0,0,0,3117,27,0,7
PENNSYLVANIA,CAMERON,0,0,0,0,280,4,0,5
MASSACHUSETTS,MIDDLESEX,0,0,0,0,305,0,0,3
NORTH CAROLINA,PAMLICO,0,0,0,0,15142,18,24,0
FLORIDA,COLLIER,0,0,0,0,296,0,300,0
TEXAS,AUSTIN,0,0,0,0,2424,7,318,0
LOUISIANA,RED RIVER,0,0,0,0,5870,8,1000,0
LOUISIANA,LAFAYETTE,0,0,0,0,0,4,1376,0
LOUISIANA,CAMERON,0,0,0,0,0,5,1827,0
CALIFORNIA,PLACER,0,0,0,0,0,11,3214,0
TEXAS,JACKSON,0,0,0,0,58170,45,3342,0
ARKANSAS,PERRY,0,0,0,0,0,3,3450,0
ARKANSAS,PULASKI,0,0,0,0,2500,17,3473,0
ARKANSAS,ASHLEY,0,0,0,0,27222,9,4276,0
MISSOURI,RIPLEY,0,0,0,0,1339,13,4641,0
LOUISIANA,SAINT MARTIN,0,0,0,0,0,6,4758,0
LOUISIANA,CALCASIEU,0,0,0,0,0,23,5654,0
TEXAS,VICTORIA,0,0,0,0,29258,11,6391,0
TEXAS,WALLER,0,0,0,0,1654,26,6703,0
LOUISIANA,CONCORDIA,0,0,0,0,12642,24,6732,0
TEXAS,LIBERTY,0,0,0,0,0,8,7350,0
LOUISIANA,RICHLAND,0,0,0,0,42310,26,8553,0
TEXAS,FORT BEND,0,0,0,0,16290,19,9016,0
TEXAS,JEFFERSON,0,0,0,0,0,14,9128,0
TEXAS,BRAZORIA,0,0,0,0,11269,30,13833,0
TEXAS,MATAGORDA,0,0,0,0,29170,16,13853,0
FLORIDA,PALM BEACH,0,0,0,0,0,12,19937,0
LOUISIANA,ALLEN,0,0,0,0,0,25,22372,0
ARKANSAS,RANDOLPH,0,0,0,0,3037,40,31300,0
LOUISIANA,EVANGELINE,0,0,0,0,326,39,44570,0
CALIFORNIA,YUBA,0,0,0,0,0,10,47311,0
LOUISIANA,VERMILION,0,0,0,0,0,50,62780,0
LOUISIANA,JEFFERSON DAVIS,0,0,0,0,6,62,85028,0
LOUISIANA,ACADIA,0,0,0,0,0,85,98991,0
CALIFORNIA,MENDOCINO,0,0,0,0,3,13,0,0
CALIFORNIA,EL DORADO,0,0,0,0,3,7,0,0
CONNECTICUT,FAIRFIELD,0,0,0,0,3,0,0,0
FLORIDA,BREVARD,0,0,0,0,3,0,0,0
MAINE,WALDO,0,0,0,0,3,3,0,0
NEW MEXICO,MCKINLEY,0,0,0,0,3,6,0,0
TENNESSEE,UNICOI,0,0,0,0,3,0,0,0
TEXAS,CASS,0,0,0,0,3,11,0,0
VERMONT,WINDHAM,0,0,0,0,3,4,0,0
WEST VIRGINIA,TAYLOR,0,0,0,0,3,5,0,0
WEST VIRGINIA,RALEIGH,0,0,0,0,3,2,0,0
GEORGIA,FAYETTE,0,0,0,0,4,0,0,0
NEW YORK,WESTCHESTER,0,0,0,0,4,0,0,0
TEXAS,NEWTON,0,0,0,0,4,0,0,0
ARIZONA,NAVAJO,0,0,0,0,5,18,0,0
OREGON,JOSEPHINE,0,0,0,0,5,3,0,0
UTAH,WASATCH,0,0,0,0,5,4,0,0
WASHINGTON,KITSAP,0,0,0,0,5,4,0,0
WEST VIRGINIA,DODDRIDGE,0,0,0,0,5,1,0,0
WEST VIRGINIA,KANAWHA,0,0,0,0,5,5,0,0
CALIFORNIA,SANTA CRUZ,0,0,0,0,6,3,0,0
FLORIDA,ORANGE,0,0,0,0,6,0,0,0
MAINE,KNOX,0,0,0,0,6,0,0,0
NORTH CAROLINA,SWAIN,0,0,0,0,6,5,0,0
TEXAS,HARDIN,0,0,0,0,6,2,0,0
WEST VIRGINIA,LINCOLN,0,0,0,0,6,1,0,0
WASHINGTON,THURSTON,0,0,0,0,7,11,0,0
GEORGIA,FORSYTH,0,0,0,0,8,1,0,0
KENTUCKY,OWSLEY,0,0,0,0,9,7,0,0
MISSOURI,DOUGLAS,0,0,0,0,9,12,0,0
RHODE ISLAND,PROVIDENCE,0,0,0,0,9,7,0,0
CALIFORNIA,SAN BERNARDINO,0,0,0,0,10,26,0,0
MAINE,WASHINGTON,0,0,0,0,10,5,0,0
TEXAS,SAN AUGUSTINE,0,0,0,0,10,0,0,0
CALIFORNIA,SAN BENITO,0,0,0,0,11,6,0,0
WEST VIRGINIA,SUMMERS,0,0,0,0,11,8,0,0
FLORIDA,WAKULLA,0,0,0,0,12,6,0,0
MISSISSIPPI,LINCOLN,0,0,0,0,12,6,0,0
WASHINGTON,PIERCE,0,0,0,0,12,9,0,0
FLORIDA,MARION,0,0,0,0,13,18,0,0
NEW HAMPSHIRE,ROCKINGHAM,0,0,0,0,13,2,0,0
TENNESSEE,SCOTT,0,0,0,0,13,9,0,0
ALABAMA,CHOCTAW,0,0,0,0,14,5,0,0
GEORGIA,FULTON,0,0,0,0,14,2,0,0
TEXAS,POLK,0,0,0,0,14,4,0,0
UTAH,TOOELE,0,0,0,0,14,31,0,0
WEST VIRGINIA,MERCER,0,0,0,0,14,6,0,0
MISSISSIPPI,LAUDERDALE,0,0,0,0,15,5,0,0
NEW MEXICO,SANDOVAL,0,0,0,0,15,1,0,0
TEXAS,TYLER,0,0,0,0,16,2,0,0
TEXAS,DUVAL,0,0,0,0,18,5,0,0
WEST VIRGINIA,MARION,0,0,0,0,18,10,0,0
WEST VIRGINIA,NICHOLAS,0,0,0,0,18,4,0,0
VIRGINIA,DICKENSON,0,0,0,0,19,3,0,0
ALABAMA,JEFFERSON,0,0,0,0,20,2,0,0
GEORGIA,GLYNN,0,0,0,0,20,4,0,0
SOUTH CAROLINA,GREENWOOD,0,0,0,0,20,6,0,0
WEST VIRGINIA,FAYETTE,0,0,0,0,20,4,0,0
GEORGIA,FANNIN,0,0,0,0,21,9,0,0
KENTUCKY,LAWRENCE,0,0,0,0,21,2,0,0
NORTH CAROLINA,AVERY,0,0,0,0,21,1,0,0
NORTH CAROLINA,WATAUGA,0,0,0,0,21,13,0,0
NEW MEXICO,SAN MIGUEL,0,0,0,0,23,4,0,0
NEW MEXICO,SANTA FE,0,0,0,0,23,4,0,0
GEORGIA,PICKENS,0,0,0,0,24,3,0,0
GEORGIA,CAMDEN,0,0,0,0,24,1,0,0
GEORGIA,CHARLTON,0,0,0,0,24,2,0,0
NORTH CAROLINA,TRANSYLVANIA,0,0,0,0,25,10,0,0
TEXAS,JASPER,0,0,0,0,26,9,0,0
TENNESSEE,HANCOCK,0,0,0,0,27,8,0,0
TEXAS,SMITH,0,0,0,0,27,33,0,0
WEST VIRGINIA,CABELL,0,0,0,0,28,10,0,0
WISCONSIN,FLORENCE,0,0,0,0,28,4,0,0
COLORADO,EL PASO,0,0,0,0,30,16,0,0
FLORIDA,UNION,0,0,0,0,30,5,0,0
GEORGIA,PAULDING,0,0,0,0,30,0,0,0
MISSOURI,WRIGHT,0,0,0,0,30,19,0,0
NEW MEXICO,RIO ARRIBA,0,0,0,0,31,21,0,0
WEST VIRGINIA,BRAXTON,0,0,0,0,31,9,0,0
NEW HAMPSHIRE,STRAFFORD,0,0,0,0,32,7,0,0
NORTH CAROLINA,YANCEY,0,0,0,0,33,4,0,0
CALIFORNIA,SAN DIEGO,0,0,0,0,35,7,0,0
KENTUCKY,LEE,0,0,0,0,35,5,0,0
TENNESSEE,SEQUATCHIE,0,0,0,0,39,15,0,0
WEST VIRGINIA,WETZEL,0,0,0,0,39,5,0,0
NORTH CAROLINA,MCDOWELL,0,0,0,0,41,4,0,0
FLORIDA,MONROE,0,0,0,0,42,0,0,0
GEORGIA,WHITE,0,0,0,0,43,9,0,0
NORTH CAROLINA,MITCHELL,0,0,0,0,44,5,0,0
UTAH,CARBON,0,0,0,0,48,13,0,0
FLORIDA,MIAMI-DADE,0,0,0,0,49,9,0,0
TEXAS,MONTGOMERY,0,0,0,0,50,13,0,0
WEST VIRGINIA,WIRT,0,0,0,0,50,11,0,0
MAINE,YORK,0,0,0,0,51,12,0,0
VIRGINIA,BATH,0,0,0,0,52,4,0,0
KENTUCKY,MENIFEE,0,0,0,0,57,10,0,0
FLORIDA,HILLSBOROUGH,0,0,0,0,59,17,0,0
NEW MEXICO,BERNALILLO,0,0,0,0,60,9,0,0
WYOMING,JOHNSON,0,0,0,0,60,22,0,0
MISSISSIPPI,WILKINSON,0,0,0,0,61,3,0,0
WEST VIRGINIA,POCAHONTAS,0,0,0,0,61,15,0,0
WEST VIRGINIA,CALHOUN,0,0,0,0,62,4,0,0
MISSISSIPPI,JASPER,0,0,0,0,66,5,0,0
TEXAS,ANGELINA,0,0,0,0,67,0,0,0
KENTUCKY,BOYD,0,0,0,0,69,11,0,0
CALIFORNIA,SAN MATEO,0,0,0,0,70,2,0,0
FLORIDA,CITRUS,0,0,0,0,73,1,0,0
KENTUCKY,WOLFE,0,0,0,0,74,15,0,0
NORTH CAROLINA,JACKSON,0,0,0,0,78,7,0,0
WEST VIRGINIA,TYLER,0,0,0,0,78,12,0,0
ALABAMA,CHAMBERS,0,0,0,0,79,8,0,0
TEXAS,BURNET,0,0,0,0,80,9,0,0
KENTUCKY,JOHNSON,0,0,0,0,84,12,0,0
GEORGIA,MCINTOSH,0,0,0,0,86,1,0,0
TENNESSEE,DAVIDSON,0,0,0,0,88,2,0,0
VIRGINIA,RUSSELL,0,0,0,0,88,33,0,0
CALIFORNIA,SHASTA,0,0,0,0,89,14,0,0
ALABAMA,SAINT CLAIR,0,0,0,0,90,8,0,0
CONNECTICUT,NEW LONDON,0,0,0,0,91,9,0,0
WEST VIRGINIA,PUTNAM,0,0,0,0,92,10,0,0
NORTH CAROLINA,MACON,0,0,0,0,97,6,0,0
VIRGINIA,FLOYD,0,0,0,0,103,6,0,0
NORTH CAROLINA,MADISON,0,0,0,0,104,7,0,0
WEST VIRGINIA,BROOKE,0,0,0,0,106,7,0,0
CALIFORNIA,SANTA CLARA,0,0,0,0,107,2,0,0
TENNESSEE,ROANE,0,0,0,0,107,8,0,0
GEORGIA,NEWTON,0,0,0,0,110,11,0,0
KENTUCKY,ELLIOTT,0,0,0,0,112,14,0,0
KENTUCKY,MAGOFFIN,0,0,0,0,112,10,0,0
ALABAMA,CLAY,0,0,0,0,113,8,0,0
ALABAMA,RANDOLPH,0,0,0,0,115,7,0,0
TEXAS,LLANO,0,0,0,0,123,7,0,0
MISSOURI,DENT,0,0,0,0,125,21,0,0
NEW JERSEY,OCEAN,0,0,0,0,125,3,0,0
NEW MEXICO,GRANT,0,0,0,0,126,2,0,0
FLORIDA,CALHOUN,0,0,0,0,129,3,0,0
WEST VIRGINIA,WAYNE,0,0,0,0,131,13,0,0
ALABAMA,CLARKE,0,0,0,0,138,10,0,0
FLORIDA,BAKER,0,0,0,0,139,2,0,0
WEST VIRGINIA,MARSHALL,0,0,0,0,139,9,0,0
COLORADO,CROWLEY,0,0,0,0,143,36,0,0
MAINE,KENNEBEC,0,0,0,0,147,8,0,0
VIRGINIA,GILES,0,0,0,0,150,4,0,0
KENTUCKY,ROBERTSON,0,0,0,0,152,10,0,0
NEW HAMPSHIRE,CHESHIRE,0,0,0,0,152,5,0,0
MISSISSIPPI,JEFFERSON DAVIS,0,0,0,0,154,3,0,0
WEST VIRGINIA,BARBOUR,0,0,0,0,154,12,0,0
WEST VIRGINIA,TUCKER,0,0,0,0,157,9,0,0
TEXAS,CULBERSON,0,0,0,0,160,2,0,0
ALABAMA,BIBB,0,0,0,0,168,1,0,0
KENTUCKY,MORGAN,0,0,0,0,170,12,0,0
TEXAS,LEON,0,0,0,0,172,13,0,0
RHODE ISLAND,WASHINGTON,0,0,0,0,176,11,0,0
TEXAS,SAN JACINTO,0,0,0,0,180,13,0,0
TENNESSEE,SEVIER,0,0,0,0,182,10,0,0
ALABAMA,LEE,0,0,0,0,184,15,0,0
VIRGINIA,CRAIG,0,0,0,0,185,12,0,0
NEW JERSEY,CAMDEN,0,0,0,0,186,5,0,0
TENNESSEE,VAN BUREN,0,0,0,0,189,12,0,0
GEORGIA,BANKS,0,0,0,0,194,8,0,0
NEW JERSEY,CAPE MAY,0,0,0,0,194,7,0,0
NEW JERSEY,MORRIS,0,0,0,0,198,15,0,0
KENTUCKY,GRANT,0,0,0,0,202,25,0,0
KENTUCKY,KNOX,0,0,0,0,204,9,0,0
PENNSYLVANIA,FOREST,0,0,0,0,204,6,0,0
NORTH CAROLINA,ALLEGHANY,0,0,0,0,205,1,0,0
TENNESSEE,CAMPBELL,0,0,0,0,206,11,0,0
TENNESSEE,PICKETT,0,0,0,0,212,15,0,0
WEST VIRGINIA,UPSHUR,0,0,0,0,216,6,0,0
OHIO,LAKE,0,0,0,0,218,12,0,0
TENNESSEE,UNION,0,0,0,0,219,5,0,0
NEW YORK,SCHENECTADY,0,0,0,0,222,2,0,0
MISSOURI,STONE,0,0,0,0,224,6,0,0
NEW HAMPSHIRE,CARROLL,0,0,0,0,229,1,0,0
KENTUCKY,CLAY,0,0,0,0,230,7,0,0
MISSOURI,WAYNE,0,0,0,0,230,17,0,0
GEORGIA,CHEROKEE,0,0,0,0,232,4,0,0
FLORIDA,GADSDEN,0,0,0,0,234,10,0,0
MINNESOTA,CARLTON,0,0,0,0,245,22,0,0
PENNSYLVANIA,MCKEAN,0,0,0,0,247,13,0,0
MISSOURI,MADISON,0,1,0,0,251,18,0,0
KENTUCKY,BREATHITT,0,0,0,0,253,10,0,0
GEORGIA,DAWSON,0,0,0,0,257,5,0,0
GEORGIA,LUMPKIN,0,0,0,0,259,2,0,0
VIRGINIA,SCOTT,0,0,0,0,259,29,0,0
GEORGIA,BRANTLEY,0,0,0,0,260,18,0,0
KENTUCKY,PIKE,0,0,0,0,260,2,0,0
FLORIDA,HAMILTON,0,0,0,0,261,13,0,0
WEST VIRGINIA,OHIO,0,0,0,0,263,6,0,0
KENTUCKY,FRANKLIN,0,0,0,0,264,18,0,0
VERMONT,WASHINGTON,0,0,0,0,265,10,0,0
MASSACHUSETTS,PLYMOUTH,0,0,0,0,266,9,0,0
GEORGIA,ECHOLS,0,0,0,0,268,4,0,0
KENTUCKY,JEFFERSON,0,0,0,0,275,9,0,0
WEST VIRGINIA,PLEASANTS,0,0,0,0,278,3,0,0
FLORIDA,DE SOTO,0,0,0,0,285,0,0,0
KENTUCKY,WHITLEY,0,0,0,0,285,17,0,0
MICHIGAN,ALGER,0,0,0,0,290,6,0,0
VIRGINIA,SMYTH,0,0,0,0,291,20,0,0
KENTUCKY,KENTON,0,0,0,0,298,12,0,0
MISSOURI,MCDONALD,0,0,0,0,300,17,0,0
GEORGIA,DADE,0,0,0,0,305,1,0,0
KENTUCKY,ANDERSON,0,0,0,0,310,12,0,0
MICHIGAN,LAKE,0,0,0,0,322,9,0,0
LOUISIANA,LA SALLE,0,0,0,0,328,0,0,0
UTAH,WASHINGTON,0,0,0,0,329,15,0,0
ALABAMA,SHELBY,0,0,0,0,338,7,0,0
TEXAS,LEE,0,0,0,0,348,27,0,0
KENTUCKY,CAMPBELL,0,0,0,0,357,16,0,0
VIRGINIA,BLAND,0,0,0,0,369,6,0,0
MAINE,FRANKLIN,0,0,0,0,370,8,0,0
NORTH CAROLINA,ASHE,0,0,0,0,375,13,0,0
GEORGIA,MERIWETHER,0,0,0,0,378,5,0,0
TENNESSEE,STEWART,0,0,0,0,378,17,0,0
MAINE,CUMBERLAND,0,0,0,0,381,3,0,0
KENTUCKY,CARROLL,0,0,0,0,383,17,0,0
MASSACHUSETTS,HAMPDEN,0,0,0,0,385,16,0,0
GEORGIA,UNION,0,0,0,0,387,11,0,0
KENTUCKY,ROWAN,0,0,0,0,390,12,0,0
PENNSYLVANIA,WAYNE,0,0,0,0,399,21,0,0
NORTH CAROLINA,DURHAM,0,0,0,0,405,6,0,0
FLORIDA,WASHINGTON,0,0,0,0,411,15,0,0
KENTUCKY,ESTILL,0,0,0,0,411,22,0,0
CALIFORNIA,MONTEREY,0,0,0,0,427,23,0,0
FLORIDA,OKALOOSA,0,0,0,0,428,8,0,0
MICHIGAN,DICKINSON,0,0,0,0,434,19,0,0
MASSACHUSETTS,BERKSHIRE,0,0,0,0,435,17,0,0
VIRGINIA,PRINCE WILLIAM,0,0,0,0,447,17,0,0
MISSISSIPPI,LEAKE,0,0,0,0,460,7,0,0
WEST VIRGINIA,WOOD,0,0,0,0,460,34,0,0
VIRGINIA,WASHINGTON,0,0,0,0,470,32,0,0
MARYLAND,ALLEGANY,0,0,0,0,474,16,0,0
NEW HAMPSHIRE,MERRIMACK,0,0,0,0,476,5,0,0
WEST VIRGINIA,JACKSON,0,0,0,0,477,20,0,0
VIRGINIA,LEE,0,0,0,0,480,36,0,0
NEW YORK,ALBANY,0,0,0,0,482,27,0,0
KENTUCKY,LAUREL,0,0,0,0,489,33,0,0
MISSISSIPPI,PERRY,0,0,0,0,495,4,0,0
MICHIGAN,OSCODA,0,0,0,0,505,24,0,0
MISSISSIPPI,STONE,0,0,0,0,510,3,0,0
TEXAS,DE WITT,0,0,0,0,516,12,0,0
MISSISSIPPI,COVINGTON,0,0,0,0,526,14,0,0
NORTH CAROLINA,NEW HANOVER,0,0,0,0,529,3,0,0
KENTUCKY,CARTER,0,0,0,0,532,20,0,0
TENNESSEE,HAWKINS,0,0,0,0,536,27,0,0
FLORIDA,JEFFERSON,0,0,0,0,538,13,0,0
TENNESSEE,OVERTON,0,0,0,0,543,33,0,0
OHIO,LAWRENCE,0,0,0,0,546,24,0,0
PENNSYLVANIA,GREENE,0,0,0,0,551,14,0,0
MISSISSIPPI,PEARL RIVER,0,0,0,0,558,23,0,0
MASSACHUSETTS,FRANKLIN,0,0,0,0,566,14,0,0
OKLAHOMA,OKMULGEE,0,0,0,0,573,35,0,0
ALABAMA,WALKER,0,0,0,0,585,13,0,0
TENNESSEE,COCKE,0,0,0,0,587,9,0,0
MISSISSIPPI,WALTHALL,0,0,0,0,588,6,0,0
NORTH CAROLINA,BUNCOMBE,0,0,0,0,602,11,0,0
GEORGIA,WHITFIELD,0,0,0,0,613,5,0,0
GEORGIA,SCHLEY,0,0,0,0,625,3,0,0
KENTUCKY,PENDLETON,0,0,0,0,628,15,0,0
TENNESSEE,JOHNSON,0,0,0,0,630,11,0,0
UTAH,BEAVER,0,15,0,0,631,10,0,0
WYOMING,NATRONA,0,0,0,0,638,23,0,0
PENNSYLVANIA,ELK,0,0,0,0,641,38,0,0
NORTH CAROLINA,RUTHERFORD,0,0,0,0,642,14,0,0
ALABAMA,HALE,0,0,0,0,659,12,0,0
NEW YORK,FULTON,0,0,0,0,679,5,0,0
GEORGIA,LOWNDES,0,0,0,0,693,33,0,0
TENNESSEE,MORGAN,0,0,0,0,699,9,0,0
FLORIDA,PINELLAS,0,0,0,0,705,0,0,0
TENNESSEE,TROUSDALE,0,0,0,0,706,19,0,0
VERMONT,GRAND ISLE,0,0,0,0,716,6,0,0
FLORIDA,WALTON,0,0,0,0,718,24,0,0
NEW MEXICO,TORRANCE,0,0,0,0,720,15,0,0
WEST VIRGINIA,RANDOLPH,0,0,0,0,729,21,0,0
TENNESSEE,CUMBERLAND,0,0,0,0,731,31,0,0
GEORGIA,HALL,0,0,0,0,738,5,0,0
CONNECTICUT,WINDHAM,0,0,0,0,741,7,0,0
MISSISSIPPI,GREENE,0,0,0,0,741,7,0,0
SOUTH CAROLINA,GREENVILLE,0,0,0,0,750,15,0,0
MISSOURI,CAMDEN,0,3,0,0,772,9,0,0
TENNESSEE,LEWIS,0,0,0,0,772,6,0,0
GEORGIA,CLINCH,0,0,0,0,773,5,0,0
NORTH CAROLINA,HAYWOOD,0,0,0,0,782,14,0,0
WISCONSIN,ONEIDA,0,0,0,0,789,9,0,0
MISSISSIPPI,SIMPSON,0,0,0,0,800,13,0,0
VERMONT,RUTLAND,0,0,0,0,818,17,0,0
MAINE,SOMERSET,0,0,0,0,819,9,0,0
WEST VIRGINIA,GRANT,0,0,0,0,861,16,0,0
NEW YORK,ULSTER,0,0,0,0,866,20,0,0
MISSISSIPPI,NEWTON,0,0,0,0,877,6,0,0
OHIO,VINTON,0,0,0,0,877,16,0,0
GEORGIA,EFFINGHAM,0,0,0,0,883,21,0,0
WEST VIRGINIA,GREENBRIER,0,0,0,0,885,31,0,0
ALABAMA,CLEBURNE,0,0,0,0,897,19,0,0
TEXAS,SCHLEICHER,0,0,0,0,900,14,0,0
MINNESOTA,AITKIN,0,0,0,0,905,45,0,0
NEBRASKA,BLAINE,0,0,0,0,918,18,0,0
MISSISSIPPI,YALOBUSHA,0,0,0,0,954,12,0,0
SOUTH CAROLINA,JASPER,0,0,0,0,968,6,0,0
VIRGINIA,ALBEMARLE,0,0,0,0,968,12,0,0
TENNESSEE,MEIGS,0,0,0,0,984,10,0,0
WISCONSIN,PRICE,0,0,0,0,987,20,0,0
ALABAMA,RUSSELL,0,0,0,0,992,20,0,0
GEORGIA,CANDLER,0,2,0,0,1001,21,0,0
OHIO,MONROE,0,0,0,0,1014,40,0,0
SOUTH CAROLINA,BEAUFORT,0,0,0,0,1031,12,0,0
FLORIDA,LEVY,0,0,0,0,1050,13,0,0
HAWAII,HONOLULU,0,0,0,0,1058,0,0,0
TENNESSEE,PUTNAM,0,0,0,0,1059,16,0,0
SOUTH CAROLINA,GEORGETOWN,0,0,0,0,1063,13,0,0
TENNESSEE,FENTRESS,0,0,0,0,1073,16,0,0
MISSISSIPPI,LAFAYETTE,0,0,0,0,1077,8,0,0
GEORGIA,MONTGOMERY,0,0,0,0,1085,36,0,0
LOUISIANA,TANGIPAHOA,0,0,0,0,1103,6,0,0
MICHIGAN,BENZIE,0,0,0,0,1103,14,0,0
NEVADA,CHURCHILL,0,0,0,0,1122,15,0,0
WEST VIRGINIA,MINERAL,0,0,0,0,1129,19,0,0
TENNESSEE,GRAINGER,0,0,0,0,1134,27,0,0
TEXAS,KLEBERG,0,0,0,0,1140,5,0,0
TENNESSEE,CHEATHAM,0,0,0,0,1147,9,0,0
PENNSYLVANIA,SUSQUEHANNA,0,0,0,0,1149,32,0,0
WISCONSIN,FOREST,0,0,0,0,1158,13,0,0
ALABAMA,DALE,0,0,0,0,1165,34,0,0
MASSACHUSETTS,HAMPSHIRE,0,1,0,0,1172,11,0,0
GEORGIA,DODGE,0,0,0,0,1217,41,0,0
TEXAS,BOWIE,0,0,0,0,1220,28,0,0
FLORIDA,LEON,0,0,0,0,1234,11,0,0
VIRGINIA,NELSON,0,0,0,0,1247,8,0,0
MISSOURI,PULASKI,0,6,0,0,1252,10,0,0
MISSISSIPPI,UNION,0,0,0,0,1263,23,0,0
ALABAMA,FAYETTE,0,0,0,0,1273,10,0,0
GEORGIA,JENKINS,0,0,0,0,1273,15,0,0
GEORGIA,BLECKLEY,0,0,0,0,1276,22,0,0
MISSISSIPPI,ITAWAMBA,0,0,0,0,1285,14,0,0
MISSISSIPPI,TIPPAH,0,0,0,0,1296,41,0,0
GEORGIA,BACON,0,0,0,0,1310,22,0,0
ALABAMA,AUTAUGA,0,0,0,0,1319,26,0,0
GEORGIA,BARTOW,0,0,0,0,1367,6,0,0
KENTUCKY,CLINTON,0,0,0,0,1383,17,0,0
VIRGINIA,BUCKINGHAM,0,6,0,0,1399,23,0,0
VIRGINIA,STAFFORD,0,0,0,0,1420,11,0,0
NEW JERSEY,MIDDLESEX,0,0,0,0,1428,20,0,0
GEORGIA,WARE,0,0,0,0,1446,38,0,0
ALABAMA,CRENSHAW,0,0,0,0,1455,30,0,0
ALABAMA,WILCOX,0,0,0,0,1470,7,0,0
MINNESOTA,ITASCA,0,0,0,0,1483,43,0,0
ARKANSAS,JOHNSON,0,0,0,0,1522,3,0,0
ILLINOIS,HARDIN,0,0,0,0,1536,8,0,0
KENTUCKY,ROCKCASTLE,0,0,0,0,1542,38,0,0
KENTUCKY,BOONE,0,0,0,0,1543,32,0,0
FLORIDA,HOLMES,0,0,0,0,1567,30,0,0
FLORIDA,ST. JOHNS,0,0,0,0,1575,2,0,0
GEORGIA,STEWART,0,0,0,0,1576,2,0,0
INDIANA,OHIO,0,0,0,0,1581,8,0,0
NORTH CAROLINA,HENDERSON,0,0,0,0,1608,9,0,0
MISSISSIPPI,JEFFERSON,0,0,0,0,1620,3,0,0
GEORGIA,MURRAY,0,0,0,0,1630,17,0,0
ALABAMA,WINSTON,0,0,0,0,1645,4,0,0
FLORIDA,GILCHRIST,0,0,0,0,1656,5,0,0
PENNSYLVANIA,SULLIVAN,0,0,0,0,1678,17,0,0
KENTUCKY,POWELL,0,0,0,0,1709,8,0,0
VIRGINIA,HENRICO,0,0,0,0,1709,9,0,0
WISCONSIN,ASHLAND,0,0,0,0,1796,21,0,0
MISSISSIPPI,WAYNE,0,0,0,0,1836,7,0,0
INDIANA,BROWN,0,0,0,0,1848,6,0,0
LOUISIANA,EAST FELICIANA,0,0,0,0,1849,7,0,0
KENTUCKY,MADISON,0,0,0,0,1881,44,0,0
LOUISIANA,GRANT,0,0,0,0,1901,7,0,0
KENTUCKY,OLDHAM,0,0,0,0,1919,24,0,0
WEST VIRGINIA,PENDLETON,0,0,0,0,1923,28,0,0
TEXAS,DALLAS,0,0,0,0,1926,5,0,0
OHIO,JEFFERSON,0,0,0,0,1937,47,0,0
GEORGIA,CLAY,0,1,0,0,2025,12,0,0
MISSISSIPPI,WEBSTER,0,0,0,0,2075,9,0,0
GEORGIA,BEN HILL,0,0,0,0,2095,17,0,0
GEORGIA,TWIGGS,0,0,0,0,2133,13,0,0
PENNSYLVANIA,LACKAWANNA,0,0,0,0,2145,12,0,0
KENTUCKY,CLARK,0,0,0,0,2149,23,0,0
WYOMING,FREMONT,0,0,0,0,2149,142,0,0
UTAH,DUCHESNE,0,0,0,0,2182,79,0,0
ARKANSAS,SEBASTIAN,0,0,0,0,2183,3,0,0
GEORGIA,EVANS,0,0,0,0,2184,21,0,0
TENNESSEE,PERRY,0,0,0,0,2186,10,0,0
ALABAMA,BULLOCK,0,0,0,0,2188,17,0,0
GEORGIA,CARROLL,0,0,0,0,2213,4,0,0
WYOMING,WASHAKIE,0,0,0,0,2213,39,0,0
TENNESSEE,HARDIN,0,0,0,0,2232,74,0,0
MISSISSIPPI,MONTGOMERY,0,1,0,0,2244,23,0,0
OHIO,HAMILTON,0,0,0,0,2285,10,0,0
CONNECTICUT,HARTFORD,0,0,0,0,2291,19,0,0
GEORGIA,CHATTOOGA,0,0,0,0,2295,9,0,0
NEW YORK,DELAWARE,0,0,0,0,2308,24,0,0
KENTUCKY,GREENUP,0,0,0,0,2369,22,0,0
TENNESSEE,CLAY,0,0,0,0,2371,24,0,0
KENTUCKY,TRIMBLE,0,0,0,0,2372,26,0,0
TENNESSEE,POLK,0,0,0,0,2372,20,0,0
MAINE,OXFORD,0,0,0,0,2380,3,0,0
LOUISIANA,SAINT TAMMANY,0,0,0,0,2400,2,0,0
KENTUCKY,JESSAMINE,0,0,0,0,2425,26,0,0
GEORGIA,JEFF DAVIS,0,0,0,0,2454,32,0,0
GEORGIA,GORDON,0,0,0,0,2549,24,0,0
FLORIDA,ESCAMBIA,0,0,0,0,2597,19,0,0
NORTH CAROLINA,RICHMOND,0,7,0,0,2653,13,0,0
TEXAS,GOLIAD,0,0,0,0,2735,16,0,0
ALABAMA,COFFEE,0,0,0,0,2763,91,0,0
ALABAMA,COVINGTON,0,0,0,0,2795,26,0,0
TENNESSEE,HUMPHREYS,0,0,0,0,2808,36,0,0
VIRGINIA,GRAYSON,0,0,0,0,2860,6,0,0
TENNESSEE,JEFFERSON,0,0,0,0,2910,29,0,0
TENNESSEE,DE KALB,0,0,0,0,2927,17,0,0
GEORGIA,ATKINSON,0,0,0,0,2997,35,0,0
MISSISSIPPI,GRENADA,0,0,0,0,3311,3,0,0
NEW YORK,RENSSELAER,0,0,0,0,3340,34,0,0
KENTUCKY,SPENCER,0,0,0,0,3432,32,0,0
MISSISSIPPI,CLARKE,0,0,0,0,3463,5,0,0
ALABAMA,TALLAPOOSA,0,0,0,0,3504,6,0,0
SOUTH CAROLINA,LEXINGTON,0,0,0,0,3520,46,0,0
MISSISSIPPI,ALCORN,0,0,0,0,3574,23,0,0
KENTUCKY,FLEMING,0,0,0,0,3600,74,0,0
NEW YORK,SCHOHARIE,0,0,0,0,3640,28,0,0
GEORGIA,LANIER,0,0,0,0,3662,9,0,0
OHIO,ATHENS,0,0,0,0,3731,29,0,0
MINNESOTA,ANOKA,0,0,0,0,3750,51,0,0
GEORGIA,GRADY,0,0,0,0,3860,69,0,0
TENNESSEE,HICKMAN,0,0,0,0,3884,37,0,0
LOUISIANA,WASHINGTON,0,0,0,0,3919,8,0,0
TENNESSEE,DECATUR,0,0,0,0,3954,21,0,0
ALABAMA,PIKE,0,0,0,0,3968,38,0,0
ILLINOIS,POPE,0,0,0,0,3998,45,0,0
OHIO,GALLIA,0,0,0,0,4012,45,0,0
MISSOURI,HICKORY,0,0,0,0,4180,21,0,0
MISSISSIPPI,PRENTISS,0,0,0,0,4218,22,0,0
ARIZONA,GRAHAM,0,0,0,0,4238,7,0,0
ALABAMA,HOUSTON,0,0,0,0,4249,58,0,0
PENNSYLVANIA,CLEARFIELD,0,1,0,0,4328,92,0,0
WISCONSIN,SAWYER,0,0,0,0,4344,17,0,0
KENTUCKY,LYON,0,0,0,0,4355,17,0,0
FLORIDA,ALACHUA,0,0,0,0,4371,21,0,0
TEXAS,GONZALES,0,0,0,0,4461,15,0,0
COLORADO,MONTROSE,0,0,0,0,4587,135,0,0
VIRGINIA,LOUISA,0,0,0,0,4607,35,0,0
SOUTH CAROLINA,COLLETON,0,0,0,0,4626,60,0,0
NEW YORK,BROOME,0,0,0,0,4723,6,0,0
NEW YORK,OSWEGO,0,0,0,0,4733,36,0,0
WEST VIRGINIA,HARDY,0,0,0,0,4778,44,0,0
NEW JERSEY,SUSSEX,0,0,0,0,4788,22,0,0
PENNSYLVANIA,VENANGO,0,0,0,0,4814,77,0,0
TENNESSEE,MARSHALL,0,0,0,0,4962,42,0,0
NEW YORK,SARATOGA,0,0,0,0,5032,28,0,0
GEORGIA,WAYNE,0,0,0,0,5241,32,0,0
KENTUCKY,HANCOCK,0,0,0,0,5341,22,0,0
TENNESSEE,WILLIAMSON,0,0,0,0,5349,36,0,0
TEXAS,REFUGIO,0,0,0,0,5487,4,0,0
TEXAS,FAYETTE,0,0,0,0,5535,39,0,0
NEBRASKA,LOGAN,0,0,0,0,5541,31,0,0
VERMONT,FRANKLIN,0,0,0,0,5904,34,0,0
ALABAMA,TALLADEGA,0,0,0,0,5988,23,0,0
MICHIGAN,WEXFORD,0,0,0,0,6137,26,0,0
NEW YORK,CHEMUNG,0,0,0,0,6157,23,0,0
NEBRASKA,ARTHUR,0,3,0,0,6158,23,0,0
TEXAS,STARR,0,0,0,0,6199,8,0,0
TEXAS,BEE,0,0,0,0,6315,7,0,0
SOUTH CAROLINA,HAMPTON,0,0,0,0,6674,40,0,0
GEORGIA,FLOYD,0,0,0,0,6774,12,0,0
FLORIDA,LEE,0,0,0,0,6936,0,0,0
MICHIGAN,MENOMINEE,0,0,0,0,7008,57,0,0
ALABAMA,LOWNDES,0,0,0,0,7331,13,0,0
FLORIDA,JACKSON,0,0,0,0,7383,76,0,0
FLORIDA,MADISON,0,0,0,0,7630,32,0,0
FLORIDA,LAFAYETTE,0,0,0,0,7736,7,0,0
INDIANA,SWITZERLAND,0,0,0,0,7809,20,0,0
GEORGIA,PIERCE,0,0,0,0,7985,43,0,0
ALABAMA,PERRY,0,0,0,0,8143,19,0,0
SOUTH CAROLINA,CALHOUN,0,0,0,0,8456,58,0,0
NEW YORK,CHENANGO,0,0,0,0,8638,42,0,0
TEXAS,ROBERTSON,0,0,0,0,8712,28,0,0
NEW YORK,WASHINGTON,0,0,0,0,8835,36,0,0
GEORGIA,SEMINOLE,0,0,0,0,8903,23,0,0
TENNESSEE,GILES,0,0,0,0,8926,56,0,0
MARYLAND,GARRETT,0,0,0,0,9034,116,0,0
GEORGIA,BAKER,0,0,0,0,9596,26,0,0
TEXAS,CALHOUN,0,0,0,0,10237,20,0,0
NEBRASKA,GARFIELD,0,0,0,0,10402,54,0,0
TEXAS,JIM WELLS,0,0,0,0,10883,11,0,0
MICHIGAN,MISSAUKEE,0,0,0,0,10928,17,0,0
INDIANA,SCOTT,0,1,0,0,10950,37,0,0
TEXAS,WILLACY,0,0,0,0,13096,4,0,0
INDIANA,LAWRENCE,0,0,0,0,13900,79,0,0
NEW YORK,CLINTON,0,0,0,0,14675,20,0,0
GEORGIA,MILLER,0,0,0,0,18235,36,0,0
IOWA,CLARKE,0,0,0,0,20573,142,0,0
LOUISIANA,WEST CARROLL,0,0,0,0,21244,16,0,0
TEXAS,CAMERON,0,0,0,0,21976,6,0,0
NEBRASKA,SARPY,0,0,0,0,22647,103,0,0
NEBRASKA,KEYA PAHA,0,0,0,0,23828,41,0,0
MINNESOTA,SHERBURNE,0,0,0,0,24604,103,0,0
WISCONSIN,PEPIN,0,0,0,0,24979,154,0,0
IOWA,MONROE,0,1,0,0,26825,112,0,0
NEBRASKA,ROCK,0,0,0,0,28952,48,0,0
KANSAS,JEFFERSON,0,0,0,0,29445,89,0,0
NEBRASKA,WHEELER,0,1,0,0,30132,60,0,0
NEBRASKA,BROWN,0,0,0,0,32722,49,0,0
LOUISIANA,EAST CARROLL,0,0,0,0,33697,54,0,0
NEBRASKA,GREELEY,0,0,0,0,34944,151,0,0
ARIZONA,COCHISE,0,0,0,0,36873,40,0,0
TEXAS,HIDALGO,0,0,0,0,41750,28,0,0
WISCONSIN,JACKSON,0,2,0,0,41931,137,0,0
IOWA,WAPELLO,0,0,0,0,50269,167,0,0
IOWA,UNION,0,0,0,0,50727,146,0,0
IOWA,RINGGOLD,0,7,0,0,54021,189,0,0
KANSAS,DONIPHAN,0,0,0,0,65595,115,0,0
IOWA,MARION,0,0,0,0,66273,269,0,0
NEBRASKA,HOWARD,0,0,0,0,68569,255,0,0
NEBRASKA,SHERMAN,0,0,0,0,69469,146,0,0
NEBRASKA,THURSTON,0,0,0,0,71248,182,0,0
NEBRASKA,DAKOTA,0,4,0,0,72378,83,0,0
IOWA,DICKINSON,0,0,0,0,72439,166,0,0
IOWA,ADAMS,0,10,0,0,73758,184,0,0
IOWA,ALLAMAKEE,0,0,0,0,74774,311,0,0
IOWA,LOUISA,0,0,0,0,75419,205,0,0
IOWA,POLK,0,0,0,0,78694,165,0,0
SOUTH DAKOTA,MOODY,0,0,0,0,79094,193,0,0
SOUTH DAKOTA,UNION,0,0,0,0,79623,264,0,0
INDIANA,WARREN,0,0,0,0,80436,100,0,0
ILLINOIS,DE WITT,0,0,0,0,81171,103,0,0
IOWA,MADISON,0,0,0,0,82636,206,0,0
IOWA,MUSCATINE,0,0,0,0,83060,317,0,0
IOWA,TAYLOR,0,0,0,0,86765,232,0,0
IOWA,MONTGOMERY,0,0,0,0,90834,247,0,0
IOWA,OSCEOLA,0,0,0,0,94562,279,0,0
IOWA,IDA,0,5,0,0,95044,258,0,0
SOUTH DAKOTA,LINCOLN,0,0,0,0,95605,329,0,0
IOWA,JACKSON,0,17,0,0,96313,497,0,0
IOWA,WINNEBAGO,0,19,0,0,98218,261,0,0
NEBRASKA,BURT,0,0,0,0,100913,281,0,0
IOWA,EMMET,0,21,0,0,106370,207,0,0
IOWA,AUDUBON,0,35,0,0,107453,260,0,0
IOWA,ADAIR,0,8,0,0,108464,271,0,0
IOWA,POWESHIEK,0,12,0,0,110602,355,0,0
IOWA,FREMONT,0,1,0,0,113140,239,0,0
ILLINOIS,MCDONOUGH,0,0,0,0,113241,254,0,0
IOWA,HUMBOLDT,0,21,0,0,114995,208,0,0
IOWA,MAHASKA,0,0,0,0,119512,403,0,0
MISSOURI,ATCHISON,0,0,0,0,119566,196,0,0
MINNESOTA,ROCK,0,0,0,0,120530,314,0,0
IOWA,O BRIEN,0,140,0,0,125386,422,0,0
IOWA,CLAY,0,0,0,0,131212,268,0,0
IOWA,MITCHELL,0,0,0,0,138026,388,0,0
MINNESOTA,DODGE,0,19,0,0,140265,202,0,0
IOWA,DALLAS,0,0,0,0,140462,216,0,0
IOWA,CHEROKEE,0,0,0,0,141171,410,0,0
IOWA,BLACK HAWK,0,0,0,0,146157,410,0,0
IOWA,STORY,0,0,0,0,146968,342,0,0
IOWA,CALHOUN,0,0,0,0,147003,344,0,0
IOWA,TAMA,0,0,0,0,147293,407,0,0
NEBRASKA,CUMING,0,28,0,0,149842,400,0,0
IOWA,CLAYTON,0,0,0,0,151306,505,0,0
IOWA,GREENE,0,0,0,0,154730,253,0,0
IOWA,MARSHALL,0,25,0,0,157154,297,0,0
IOWA,POCAHONTAS,0,0,0,0,157368,385,0,0
IOWA,SHELBY,0,0,0,0,158855,536,0,0
IOWA,GRUNDY,0,0,0,0,158977,314,0,0
IOWA,BUTLER,0,0,0,0,160681,440,0,0
MINNESOTA,FREEBORN,0,0,0,0,162436,437,0,0
NEBRASKA,BOONE,0,0,0,0,162715,328,0,0
IOWA,CARROLL,0,0,0,0,169396,497,0,0
IOWA,BOONE,0,0,0,0,169444,290,0,0
IOWA,HARRISON,0,0,0,0,171847,372,0,0
IOWA,BENTON,0,0,0,0,172486,547,0,0
IOWA,WEBSTER,0,32,0,0,174658,327,0,0
MINNESOTA,FARIBAULT,0,0,0,0,177166,406,0,0
IOWA,CERRO GORDO,0,0,0,0,179629,282,0,0
IOWA,FRANKLIN,0,0,0,0,180379,365,0,0
IOWA,HANCOCK,0,53,0,0,182117,415,0,0
IOWA,HARDIN,0,0,0,0,183709,324,0,0
IOWA,PALO ALTO,0,67,0,0,189656,357,0,0
IOWA,WRIGHT,0,0,0,0,191291,295,0,0
IOWA,DELAWARE,0,106,0,0,194234,744,0,0
IOWA,JASPER,0,36,0,0,195659,430,0,0
NEBRASKA,YORK,0,0,0,0,199819,293,0,0
IOWA,HAMILTON,0,0,0,0,202123,269,0,0
IOWA,SIOUX,0,0,0,0,221894,560,0,0
MINNESOTA,MARTIN,0,0,0,0,223294,493,0,0
IOWA,POTTAWATTAMIE,0,0,0,0,255306,615,0,0
IOWA,KOSSUTH,0,0,0,0,304340,722,0,0
WYOMING,LINCOLN,0,0,0,0,0,83,0,0
TEXAS,MILLS,0,0,0,0,0,53,0,0
WYOMING,CONVERSE,0,0,0,0,0,50,0,0
IDAHO,LEMHI,0,0,0,0,0,39,0,0
COLORADO,COSTILLA,0,0,0,0,0,34,0,0
SOUTH DAKOTA,CUSTER,0,0,0,0,0,33,0,0
OHIO,BELMONT,0,0,0,0,0,31,0,0
IDAHO,BLAINE,0,0,0,0,0,30,0,0
OKLAHOMA,LOVE,0,0,0,0,0,30,0,0
CALIFORNIA,TEHAMA,0,0,0,0,0,29,0,0
WYOMING,WESTON,0,0,0,0,0,28,0,0
OKLAHOMA,PITTSBURG,0,0,0,0,0,26,0,0
MONTANA,MISSOULA,0,0,0,0,0,24,0,0
TEXAS,BASTROP,0,0,0,0,0,24,0,0
WYOMING,HOT SPRINGS,0,0,0,0,0,24,0,0
TEXAS,KENDALL,0,0,0,0,0,23,0,0
UTAH,WAYNE,0,0,0,0,0,23,0,0
VIRGINIA,PULASKI,0,0,0,0,0,23,0,0
CALIFORNIA,SAN LUIS OBISPO,0,0,0,0,0,22,0,0
COLORADO,GARFIELD,0,0,0,0,0,22,0,0
TEXAS,KERR,0,0,0,0,0,22,0,0
GEORGIA,WHEELER,0,0,0,0,0,21,0,0
IDAHO,CUSTER,0,0,0,0,0,21,0,0
TEXAS,HOUSTON,0,0,0,0,0,21,0,0
TEXAS,HARRIS,0,0,0,0,0,21,0,0
ALASKA,FAIRBANKS NORTH STAR,0,0,0,0,0,20,0,0
MONTANA,JEFFERSON,0,0,0,0,0,20,0,0
OKLAHOMA,JOHNSTON,0,0,0,0,0,20,0,0
TEXAS,HENDERSON,0,0,0,0,0,20,0,0
UTAH,RICH,0,0,0,0,0,20,0,0
ALABAMA,WASHINGTON,0,0,0,0,0,19,0,0
MISSOURI,OREGON,0,0,0,0,0,19,0,0
SOUTH DAKOTA,LAWRENCE,0,0,0,0,0,19,0,0
TEXAS,WASHINGTON,0,0,0,0,0,19,0,0
MICHIGAN,CHEBOYGAN,0,0,0,0,0,18,0,0
OKLAHOMA,OKFUSKEE,0,0,0,0,0,18,0,0
TENNESSEE,HOUSTON,0,0,0,0,0,18,0,0
TEXAS,WOOD,0,0,0,0,0,18,0,0
UTAH,MORGAN,0,0,0,0,0,18,0,0
MISSISSIPPI,WINSTON,0,0,0,0,0,17,0,0
MONTANA,POWELL,0,0,0,0,0,17,0,0
NEW MEXICO,TAOS,0,0,0,0,0,17,0,0
TEXAS,LIMESTONE,0,0,0,0,0,17,0,0
WEST VIRGINIA,MONONGALIA,0,0,0,0,0,17,0,0
CONNECTICUT,LITCHFIELD,0,0,0,0,0,16,0,0
NEVADA,ELKO,0,0,0,0,0,16,0,0
TEXAS,EDWARDS,0,0,0,0,0,16,0,0
GEORGIA,COWETA,0,0,0,0,0,15,0,0
ILLINOIS,COOK,0,0,0,0,0,15,0,0
MICHIGAN,ONTONAGON,0,0,0,0,0,15,0,0
NEVADA,LYON,0,0,0,0,0,15,0,0
OKLAHOMA,HASKELL,0,0,0,0,0,15,0,0
OKLAHOMA,PUSHMATAHA,0,0,0,0,0,15,0,0
WASHINGTON,CLARK,0,0,0,0,0,15,0,0
CALIFORNIA,LOS ANGELES,0,0,0,0,0,14,0,0
IDAHO,VALLEY,0,0,0,0,0,14,0,0
OKLAHOMA,MCCURTAIN,0,0,0,0,0,14,0,0
TEXAS,HOPKINS,0,0,0,0,0,14,0,0
TEXAS,GRIMES,0,0,0,0,0,14,0,0
TEXAS,VAL VERDE,0,0,0,0,0,14,0,0
TEXAS,GALVESTON,0,0,0,0,0,14,0,0
WYOMING,SWEETWATER,0,0,0,0,0,14,0,0
MONTANA,GRANITE,0,0,0,0,0,13,0,0
TEXAS,UPSHUR,0,0,0,0,0,13,0,0
TEXAS,FREESTONE,0,0,0,0,0,13,0,0
WISCONSIN,DOUGLAS,0,0,0,0,0,13,0,0
ALABAMA,SUMTER,0,1,0,0,0,12,0,0
ARKANSAS,CARROLL,0,0,0,0,0,12,0,0
GEORGIA,OCONEE,0,0,0,0,0,12,0,0
TEXAS,HOOD,0,0,0,0,0,12,0,0
TEXAS,BRAZOS,0,0,0,0,0,12,0,0
TEXAS,KIMBLE,0,0,0,0,0,12,0,0
ALABAMA,LAMAR,0,0,0,0,0,11,0,0
CALIFORNIA,NEVADA,0,0,0,0,0,11,0,0
MISSISSIPPI,JACKSON,0,0,0,0,0,11,0,0
MISSOURI,PHELPS,0,0,0,0,0,11,0,0
NEBRASKA,MCPHERSON,0,0,0,0,0,11,0,0
NEBRASKA,THOMAS,0,3,0,0,0,11,0,0
NEW MEXICO,SAN JUAN,0,0,0,0,0,11,0,0
NEW YORK,ESSEX,0,0,0,0,0,11,0,0
OKLAHOMA,LATIMER,0,3,0,0,0,11,0,0
TEXAS,ANDERSON,0,0,0,0,0,11,0,0
VIRGINIA,CARROLL,0,0,0,0,0,11,0,0
VIRGINIA,TAZEWELL,0,0,0,0,0,11,0,0
WEST VIRGINIA,RITCHIE,0,0,0,0,0,11,0,0
WYOMING,CARBON,0,0,0,0,0,11,0,0
ARIZONA,YAVAPAI,0,0,0,0,0,10,0,0
COLORADO,ROUTT,0,0,0,0,0,10,0,0
FLORIDA,PASCO,0,0,0,0,0,10,0,0
KENTUCKY,JACKSON,0,0,0,0,0,10,0,0
MISSISSIPPI,KEMPER,0,0,0,0,0,10,0,0
NEW MEXICO,HIDALGO,0,0,0,0,0,10,0,0
NORTH CAROLINA,CARTERET,0,0,0,0,0,10,0,0
OKLAHOMA,SEMINOLE,0,3,0,0,0,10,0,0
OREGON,DOUGLAS,0,0,0,0,0,10,0,0
TEXAS,HARRISON,0,0,0,0,0,10,0,0
TEXAS,PANOLA,0,0,0,0,0,10,0,0
TEXAS,MENARD,0,0,0,0,0,10,0,0
ARKANSAS,CLEBURNE,0,0,0,0,0,9,0,0
FLORIDA,LAKE,0,0,0,0,0,9,0,0
FLORIDA,DIXIE,0,0,0,0,0,9,0,0
FLORIDA,OKEECHOBEE,0,0,0,0,0,9,0,0
GEORGIA,JACKSON,0,0,0,0,0,9,0,0
MAINE,LINCOLN,0,0,0,0,0,9,0,0
MICHIGAN,ROSCOMMON,0,0,0,0,0,9,0,0
MICHIGAN,MARQUETTE,0,0,0,0,0,9,0,0
MISSISSIPPI,TISHOMINGO,0,0,0,0,0,9,0,0
MISSISSIPPI,MARION,0,0,0,0,0,9,0,0
NEVADA,EUREKA,0,0,0,0,0,9,0,0
NEVADA,CLARK,0,0,0,0,0,9,0,0
TEXAS,TITUS,0,0,0,0,0,9,0,0
TEXAS,BANDERA,0,0,0,0,0,9,0,0
TEXAS,BLANCO,0,0,0,0,0,9,0,0
TEXAS,HAYS,0,0,0,0,0,9,0,0
TEXAS,LA SALLE,0,0,0,0,0,9,0,0
WASHINGTON,GRAYS HARBOR,0,0,0,0,0,9,0,0
COLORADO,RIO BLANCO,0,0,0,0,0,8,0,0
GEORGIA,RABUN,0,0,0,0,0,8,0,0
MAINE,HANCOCK,0,0,0,0,0,8,0,0
MICHIGAN,GOGEBIC,0,0,0,0,0,8,0,0
MISSISSIPPI,SCOTT,0,0,0,0,0,8,0,0
MISSISSIPPI,PIKE,0,0,0,0,0,8,0,0
MISSOURI,OZARK,0,0,0,0,0,8,0,0
NEVADA,LINCOLN,0,0,0,0,0,8,0,0
OREGON,LAKE,0,0,0,0,0,8,0,0
TENNESSEE,ANDERSON,0,0,0,0,0,8,0,0
TEXAS,WALKER,0,1,0,0,0,8,0,0
UTAH,PIUTE,0,0,0,0,0,8,0,0
VERMONT,ORANGE,0,0,0,0,0,8,0,0
WASHINGTON,FERRY,0,0,0,0,0,8,0,0
WASHINGTON,PEND OREILLE,0,0,0,0,0,8,0,0
ARIZONA,GREENLEE,0,0,0,0,0,7,0,0
ARKANSAS,IZARD,0,1,0,0,0,7,0,0
ARKANSAS,VAN BUREN,0,0,0,0,0,7,0,0
CALIFORNIA,MARIN,0,0,0,0,0,7,0,0
CALIFORNIA,VENTURA,0,0,0,0,0,7,0,0
COLORADO,GUNNISON,0,0,0,0,0,7,0,0
GEORGIA,BIBB,0,0,0,0,0,7,0,0
KENTUCKY,PERRY,0,0,0,0,0,7,0,0
LOUISIANA,IBERVILLE,0,0,0,0,0,7,0,0
MAINE,ANDROSCOGGIN,0,0,0,0,0,7,0,0
MASSACHUSETTS,ESSEX,0,0,0,0,0,7,0,0
MICHIGAN,IRON,0,0,0,0,0,7,0,0
MICHIGAN,MACKINAC,0,0,0,0,0,7,0,0
MICHIGAN,SCHOOLCRAFT,0,0,0,0,0,7,0,0
MISSISSIPPI,SMITH,0,0,0,0,0,7,0,0
MISSISSIPPI,AMITE,0,0,0,0,0,7,0,0
MISSISSIPPI,CLAIBORNE,0,0,0,0,0,7,0,0
MISSISSIPPI,FRANKLIN,0,0,0,0,0,7,0,0
NEW YORK,SULLIVAN,0,0,0,0,0,7,0,0
NORTH CAROLINA,MECKLENBURG,0,0,0,0,0,7,0,0
NORTH CAROLINA,CLAY,0,0,0,0,0,7,0,0
NORTH CAROLINA,POLK,0,0,0,0,0,7,0,0
RHODE ISLAND,KENT,0,0,0,0,0,7,0,0
TEXAS,ROCKWALL,0,0,0,0,0,7,0,0
TEXAS,DIMMIT,0,0,0,0,0,7,0,0
TEXAS,MCMULLEN,0,0,0,0,0,7,0,0
TEXAS,PECOS,0,0,0,0,0,7,0,0
UTAH,SUMMIT,0,0,0,0,0,7,0,0
VERMONT,LAMOILLE,0,0,0,0,0,7,0,0
WASHINGTON,CLALLAM,0,0,0,0,0,7,0,0
WEST VIRGINIA,HARRISON,0,0,0,0,0,7,0,0
WEST VIRGINIA,ROANE,0,0,0,0,0,7,0,0
WYOMING,ALBANY,0,0,0,0,0,7,0,0
WYOMING,UINTA,0,0,0,0,0,7,0,0
ARKANSAS,CLARK,0,0,0,0,0,6,0,0
CALIFORNIA,PLUMAS,0,0,0,0,0,6,0,0
COLORADO,ARCHULETA,0,0,0,0,0,6,0,0
COLORADO,OURAY,0,0,0,0,0,6,0,0
FLORIDA,POLK,0,0,0,0,0,6,0,0
FLORIDA,SUMTER,0,0,0,0,0,6,0,0
FLORIDA,VOLUSIA,0,0,0,0,0,6,0,0
GEORGIA,LINCOLN,0,0,0,0,0,6,0,0
GEORGIA,SPALDING,0,0,0,0,0,6,0,0
MISSOURI,WASHINGTON,0,0,0,0,0,6,0,0
MISSOURI,IRON,0,0,0,0,0,6,0,0
NEW HAMPSHIRE,HILLSBOROUGH,0,0,0,0,0,6,0,0
NEW MEXICO,COLFAX,0,0,0,0,0,6,0,0
OREGON,GRANT,0,0,0,0,0,6,0,0
TEXAS,CROCKETT,0,0,0,0,0,6,0,0
TEXAS,COMAL,0,0,0,0,0,6,0,0
VERMONT,CALEDONIA,0,0,0,0,0,6,0,0
VERMONT,WINDSOR,0,0,0,0,0,6,0,0
VIRGINIA,GREENE,0,0,0,0,0,6,0,0
VIRGINIA,RAPPAHANNOCK,0,0,0,0,0,6,0,0
WEST VIRGINIA,HANCOCK,0,0,0,0,0,6,0,0
ALABAMA,BUTLER,0,0,0,0,0,5,0,0
ARKANSAS,SEVIER,0,0,0,0,0,5,0,0
COLORADO,BROOMFIELD,0,0,0,0,0,5,0,0
COLORADO,FREMONT,0,0,0,0,0,5,0,0
COLORADO,HUERFANO,0,0,0,0,0,5,0,0
CONNECTICUT,MIDDLESEX,0,0,0,0,0,5,0,0
GEORGIA,WARREN,0,0,0,0,0,5,0,0
GEORGIA,DOUGLAS,0,0,0,0,0,5,0,0
GEORGIA,HEARD,0,0,0,0,0,5,0,0
GEORGIA,UPSON,0,0,0,0,0,5,0,0
IDAHO,ADAMS,0,0,0,0,0,5,0,0
IDAHO,BOISE,0,0,0,0,0,5,0,0
ILLINOIS,DU PAGE,0,0,0,0,0,5,0,0
KANSAS,WYANDOTTE,0,0,0,0,0,5,0,0
LOUISIANA,BOSSIER,0,0,0,0,0,5,0,0
MAINE,PISCATAQUIS,0,0,0,0,0,5,0,0
MICHIGAN,CRAWFORD,0,0,0,0,0,5,0,0
MISSISSIPPI,CHOCTAW,0,1,0,0,0,5,0,0
MISSISSIPPI,LAWRENCE,0,0,0,0,0,5,0,0
MISSOURI,CARTER,0,0,0,0,0,5,0,0
MISSOURI,REYNOLDS,0,0,0,0,0,5,0,0
NEW HAMPSHIRE,GRAFTON,0,0,0,0,0,5,0,0
NEW HAMPSHIRE,SULLIVAN,0,0,0,0,0,5,0,0
TENNESSEE,MOORE,0,0,0,0,0,5,0,0
TENNESSEE,KNOX,0,0,0,0,0,5,0,0
TEXAS,MARION,0,0,0,0,0,5,0,0
TEXAS,NACOGDOCHES,0,0,0,0,0,5,0,0
TEXAS,RUSK,0,0,0,0,0,5,0,0
TEXAS,SHELBY,0,0,0,0,0,5,0,0
TEXAS,VAN ZANDT,0,0,0,0,0,5,0,0
TEXAS,TRINITY,0,0,0,0,0,5,0,0
TEXAS,SUTTON,0,0,0,0,0,5,0,0
TEXAS,UPTON,0,0,0,0,0,5,0,0
TEXAS,ZAPATA,0,0,0,0,0,5,0,0
UTAH,GRAND,0,0,0,0,0,5,0,0
VIRGINIA,MATHEWS,0,0,0,0,0,5,0,0
VIRGINIA,HIGHLAND,0,0,0,0,0,5,0,0
WISCONSIN,VILAS,0,0,0,0,0,5,0,0
ALABAMA,COOSA,0,0,0,0,0,4,0,0
ALASKA,ANCHORAGE,0,0,0,0,0,4,0,0
ARKANSAS,HOWARD,0,4,0,0,0,4,0,0
CALIFORNIA,ALAMEDA,0,0,0,0,0,4,0,0
CALIFORNIA,DEL NORTE,0,0,0,0,0,4,0,0
CALIFORNIA,MARIPOSA,0,0,0,0,0,4,0,0
GEORGIA,BUTTS,0,0,0,0,0,4,0,0
GEORGIA,STEPHENS,0,0,0,0,0,4,0,0
GEORGIA,CATOOSA,0,0,0,0,0,4,0,0
GEORGIA,DOUGHERTY,0,0,0,0,0,4,0,0
GEORGIA,HARALSON,0,0,0,0,0,4,0,0
KENTUCKY,FLOYD,0,0,0,0,0,4,0,0
KENTUCKY,MCCREARY,0,0,0,0,0,4,0,0
LOUISIANA,IBERIA,0,0,0,0,0,4,0,0
MISSISSIPPI,NESHOBA,0,0,0,0,0,4,0,0
MISSISSIPPI,LAMAR,0,0,0,0,0,4,0,0
MONTANA,DEER LODGE,0,0,0,0,0,4,0,0
MONTANA,LINCOLN,0,0,0,0,0,4,0,0
NEVADA,LANDER,0,0,0,0,0,4,0,0
NEVADA,DOUGLAS,0,0,0,0,0,4,0,0
NEW MEXICO,LUNA,0,0,0,0,0,4,0,0
NEW MEXICO,SOCORRO,0,0,0,0,0,4,0,0
NEW YORK,WARREN,0,0,0,0,0,4,0,0
OKLAHOMA,CHEROKEE,0,0,0,0,0,4,0,0
TEXAS,MORRIS,0,0,0,0,0,4,0,0
TEXAS,RAINS,0,0,0,0,0,4,0,0
TEXAS,MADISON,0,1,0,0,0,4,0,0
TEXAS,IRION,0,0,0,0,0,4,0,0
TEXAS,REAL,0,0,0,0,0,4,0,0
TEXAS,KENT,0,0,0,0,0,4,0,0
TEXAS,BROOKS,0,0,0,0,0,4,0,0
TEXAS,HOWARD,0,0,0,0,0,4,0,0
TEXAS,ORANGE,0,0,0,0,0,4,0,0
VERMONT,ORLEANS,0,0,0,0,0,4,0,0
VIRGINIA,WISE,0,0,0,0,0,4,0,0
WASHINGTON,COWLITZ,0,0,0,0,0,4,0,0
WEST VIRGINIA,WYOMING,0,0,0,0,0,4,0,0
ARIZONA,COCONINO,0,0,0,0,0,3,0,0
ARKANSAS,BAXTER,0,0,0,0,0,3,0,0
CALIFORNIA,SANTA BARBARA,0,0,0,0,0,3,0,0
COLORADO,CHAFFEE,0,0,0,0,0,3,0,0
COLORADO,CUSTER,0,0,0,0,0,3,0,0
FLORIDA,BRADFORD,0,0,0,0,0,3,0,0
FLORIDA,CLAY,0,0,0,0,0,3,0,0
FLORIDA,PUTNAM,0,0,0,0,0,3,0,0
FLORIDA,DUVAL,0,0,0,0,0,3,0,0
GEORGIA,BALDWIN,0,0,0,0,0,3,0,0
GEORGIA,GREENE,0,0,0,0,0,3,0,0
GEORGIA,CLARKE,0,0,0,0,0,3,0,0
GEORGIA,GWINNETT,0,0,0,0,0,3,0,0
GEORGIA,WILKES,0,0,0,0,0,3,0,0
MISSISSIPPI,OKTIBBEHA,0,2,0,0,0,3,0,0
MISSISSIPPI,FORREST,0,0,0,0,0,3,0,0
MISSOURI,SHANNON,0,0,0,0,0,3,0,0
NEBRASKA,HOOKER,0,0,0,0,0,3,0,0
NEVADA,ESMERALDA,0,0,0,0,0,3,0,0
NEW HAMPSHIRE,BELKNAP,0,0,0,0,0,3,0,0
NEW HAMPSHIRE,COOS,0,0,0,0,0,3,0,0
NEW MEXICO,CIBOLA,0,0,0,0,0,3,0,0
OREGON,CLATSOP,0,0,0,0,0,3,0,0
TEXAS,CHEROKEE,0,0,0,0,0,3,0,0
TEXAS,KING,0,0,0,0,0,3,0,0
TEXAS,MARTIN,0,0,0,0,0,3,0,0
UTAH,DAGGETT,0,0,0,0,0,3,0,0
VERMONT,BENNINGTON,0,0,0,0,0,3,0,0
VERMONT,ESSEX,0,0,0,0,0,3,0,0
WASHINGTON,ISLAND,0,0,0,0,0,3,0,0
WASHINGTON,PACIFIC,0,0,0,0,0,3,0,0
WEST VIRGINIA,LEWIS,0,0,0,0,0,3,0,0
WISCONSIN,IRON,0,0,0,0,0,3,0,0
ALABAMA,GREENE,0,0,0,0,0,2,0,0
ALASKA,KENAI PENINSULA,0,0,0,0,0,2,0,0
ARIZONA,SANTA CRUZ,0,0,0,0,0,2,0,0
ARKANSAS,FULTON,0,0,0,0,0,2,0,0
ARKANSAS,STONE,0,0,0,0,0,2,0,0
ARKANSAS,COLUMBIA,0,0,0,0,0,2,0,0
ARKANSAS,UNION,0,0,0,0,0,2,0,0
CALIFORNIA,CONTRA COSTA,0,0,0,0,0,2,0,0
CALIFORNIA,AMADOR,0,0,0,0,0,2,0,0
CALIFORNIA,CALAVERAS,0,0,0,0,0,2,0,0
CALIFORNIA,INYO,0,0,0,0,0,2,0,0
COLORADO,CLEAR CREEK,0,0,0,0,0,2,0,0
COLORADO,GRAND,0,0,0,0,0,2,0,0
COLORADO,PITKIN,0,0,0,0,0,2,0,0
FLORIDA,FLAGLER,0,0,0,0,0,2,0,0
FLORIDA,NASSAU,0,0,0,0,0,2,0,0
FLORIDA,BAY,0,0,0,0,0,2,0,0
FLORIDA,BROWARD,0,0,0,0,0,2,0,0
GEORGIA,CRAWFORD,0,0,0,0,0,2,0,0
GEORGIA,WILKINSON,0,0,0,0,0,2,0,0
GEORGIA,BARROW,0,0,0,0,0,2,0,0
GEORGIA,CHATHAM,0,0,0,0,0,2,0,0
GEORGIA,QUITMAN,0,0,0,0,0,2,0,0
GEORGIA,TROUP,0,0,0,0,0,2,0,0
KENTUCKY,BELL,0,0,0,0,0,2,0,0
LOUISIANA,WEST FELICIANA,0,0,0,0,0,2,0,0
LOUISIANA,LINCOLN,0,0,0,0,0,2,0,0
LOUISIANA,ASSUMPTION,0,0,0,0,0,2,0,0
LOUISIANA,ASCENSION,0,0,0,0,0,2,0,0
LOUISIANA,LAFOURCHE,0,0,0,0,0,2,0,0
MASSACHUSETTS,BARNSTABLE,0,0,0,0,0,2,0,0
MICHIGAN,LUCE,0,0,0,0,0,2,0,0
MISSISSIPPI,HANCOCK,0,0,0,0,0,2,0,0
MISSISSIPPI,COPIAH,0,0,0,0,0,2,0,0
MISSOURI,TANEY,0,0,0,0,0,2,0,0
NEBRASKA,GRANT,0,0,0,0,0,2,0,0
NEVADA,WHITE PINE,0,0,0,0,0,2,0,0
NEW MEXICO,DE BACA,0,0,0,0,0,2,0,0
NEW MEXICO,HARDING,0,0,0,0,0,2,0,0
NEW YORK,NASSAU,0,0,0,0,0,2,0,0
OREGON,HOOD RIVER,0,0,0,0,0,2,0,0
OREGON,TILLAMOOK,0,0,0,0,0,2,0,0
OREGON,WHEELER,0,0,0,0,0,2,0,0
OREGON,COOS,0,0,0,0,0,2,0,0
RHODE ISLAND,NEWPORT,0,0,0,0,0,2,0,0
SOUTH CAROLINA,FAIRFIELD,0,0,0,0,0,2,0,0
SOUTH CAROLINA,UNION,0,0,0,0,0,2,0,0
TEXAS,SOMERVELL,0,0,0,0,0,2,0,0
TEXAS,CAMP,0,0,0,0,0,2,0,0
TEXAS,FRANKLIN,0,0,0,0,0,2,0,0
TEXAS,STERLING,0,0,0,0,0,2,0,0
TEXAS,LIVE OAK,0,0,0,0,0,2,0,0
TEXAS,WEBB,0,0,0,0,0,2,0,0
TEXAS,BREWSTER,0,0,0,0,0,2,0,0
TEXAS,ECTOR,0,0,0,0,0,2,0,0
TEXAS,PRESIDIO,0,0,0,0,0,2,0,0
UTAH,GARFIELD,0,0,0,0,0,2,0,0
UTAH,KANE,0,0,0,0,0,2,0,0
VIRGINIA,AMHERST,0,0,0,0,0,2,0,0
VIRGINIA,ROANOKE,0,0,0,0,0,2,0,0
WASHINGTON,MASON,0,0,0,0,0,2,0,0
WEST VIRGINIA,GILMER,0,0,0,0,0,2,0,0
WYOMING,SUBLETTE,0,0,0,0,0,2,0,0
ARKANSAS,GARLAND,0,0,0,0,0,1,0,0
ARKANSAS,SHARP,0,0,0,0,0,1,0,0
ARKANSAS,BOONE,0,0,0,0,0,1,0,0
ARKANSAS,MADISON,0,0,0,0,0,1,0,0
ARKANSAS,BRADLEY,0,0,0,0,0,1,0,0
ARKANSAS,CLEVELAND,0,0,0,0,0,1,0,0
ARKANSAS,NEVADA,0,0,0,0,0,1,0,0
ARKANSAS,POLK,0,1,0,0,0,1,0,0
CALIFORNIA,MONO,0,0,0,0,0,1,0,0
CALIFORNIA,TUOLUMNE,0,0,0,0,0,1,0,0
COLORADO,DENVER,0,0,0,0,0,1,0,0
COLORADO,JEFFERSON,0,0,0,0,0,1,0,0
COLORADO,JACKSON,0,0,0,0,0,1,0,0
COLORADO,PARK,0,0,0,0,0,1,0,0
COLORADO,SUMMIT,0,0,0,0,0,1,0,0
FLORIDA,HERNANDO,0,0,0,0,0,1,0,0
FLORIDA,HARDEE,0,0,0,0,0,1,0,0
FLORIDA,HENDRY,0,0,0,0,0,1,0,0
FLORIDA,HIGHLANDS,0,0,0,0,0,1,0,0
FLORIDA,MARTIN,0,0,0,0,0,1,0,0
FLORIDA,SARASOTA,0,0,0,0,0,1,0,0
GEORGIA,JONES,0,0,0,0,0,1,0,0
GEORGIA,TALIAFERRO,0,0,0,0,0,1,0,0
GEORGIA,COLUMBIA,0,0,0,0,0,1,0,0
GEORGIA,LIBERTY,0,0,0,0,0,1,0,0
KENTUCKY,HARLAN,0,0,0,0,0,1,0,0
LOUISIANA,WEST BATON ROUGE,0,0,0,0,0,1,0,0
LOUISIANA,LIVINGSTON,0,0,0,0,0,1,0,0
LOUISIANA,CLAIBORNE,0,0,0,0,0,1,0,0
LOUISIANA,UNION,0,0,0,0,0,1,0,0
LOUISIANA,DE SOTO,0,0,0,0,0,1,0,0
LOUISIANA,SAINT MARY,0,0,0,0,0,1,0,0
LOUISIANA,SAINT JAMES,0,0,0,0,0,1,0,0
MAINE,SAGADAHOC,0,0,0,0,0,1,0,0
MONTANA,SILVER BOW,0,0,0,0,0,1,0,0
NEVADA,WASHOE,0,0,0,0,0,1,0,0
NEVADA,NYE,0,0,0,0,0,1,0,0
NEW MEXICO,GUADALUPE,0,0,0,0,0,1,0,0
NEW MEXICO,LINCOLN,0,0,0,0,0,1,0,0
NEW YORK,PUTNAM,0,0,0,0,0,1,0,0
NORTH CAROLINA,DARE,0,0,0,0,0,1,0,0
NORTH CAROLINA,GRAHAM,0,0,0,0,0,1,0,0
OREGON,CURRY,0,0,0,0,0,1,0,0
PENNSYLVANIA,PIKE,0,0,0,0,0,1,0,0
PENNSYLVANIA,DELAWARE,0,0,0,0,0,1,0,0
TEXAS,GREGG,0,0,0,0,0,1,0,0
TEXAS,KINNEY,0,0,0,0,0,1,0,0
TEXAS,JIM HOGG,0,0,0,0,0,1,0,0
TEXAS,KENEDY,0,0,0,0,0,1,0,0
TEXAS,MAVERICK,0,0,0,0,0,1,0,0
TEXAS,ANDREWS,0,0,0,0,0,1,0,0
TEXAS,HUDSPETH,0,0,0,0,0,1,0,0
TEXAS,JEFF DAVIS,0,0,0,0,0,1,0,0
TEXAS,TERRELL,0,0,0,0,0,1,0,0
VIRGINIA,JAMES CITY,0,0,0,0,0,1,0,0
VIRGINIA,FAIRFAX,0,0,0,0,0,1,0,0
VIRGINIA,BUCHANAN,0,0,0,0,0,1,0,0
WASHINGTON,JEFFERSON,0,0,0,0,0,1,0,0
WEST VIRGINIA,WEBSTER,0,0,0,0,0,1,0,0
Alabama,CHILTON,1,0,0,0,0,0,0,0
Alabama,COFFEE,2,0,0,0,0,0,0,0
Alabama,CRENSHAW,1,0,0,0,0,0,0,0
Alabama,CULLMAN,2,0,0,0,0,0,0,0
Alabama,DALE,1,0,0,0,0,0,0,0
Alabama,DALLAS,1,0,0,0,0,0,0,0
Alabama,FAYETTE,1,0,0,0,0,0,0,0
Alabama,FRANKLIN,2,0,0,0,0,0,0,0
Alabama,HOUSTON,2,0,0,0,0,0,0,0
Alabama,JACKSON,8,0,0,0,0,0,0,0
Alabama,LOWNDES,3,0,0,0,0,0,0,0
Alabama,MACON,1,0,0,0,0,0,0,0
Alabama,MARENGO,1,0,0,0,0,0,0,0
Alabama,MONROE,1,0,0,0,0,0,0,0
Alabama,PICKENS,3,0,0,0,0,0,0,0
Alabama,PIKE,1,0,0,0,0,0,0,0
Alabama,RANDOLPH,1,0,0,0,0,0,0,0
Alabama,RUSSELL,1,0,0,0,0,0,0,0
Alabama,SHELBY,2,0,0,0,0,0,0,0
Alabama,TALLAPOOSA,1,0,0,0,0,0,0,0
Alabama,TUSCALOOSA,2,0,0,0,0,0,0,0
Alabama,WASHINGTON,3,0,0,0,0,0,0,0
Alabama,WILCOX,1,0,0,0,0,0,0,0
Arkansas,CARROLL,1,0,0,0,0,0,0,0
Arkansas,CLEBURNE,1,0,0,0,0,0,0,0
Arkansas,CLEVELAND,1,0,1,0,0,0,0,0
Arkansas,DALLAS,1,0,0,0,0,0,0,0
Arkansas,DREW,13,0,14,0,0,0,0,0
Arkansas,FULTON,2,0,1,0,0,0,0,0
Arkansas,GRANT,1,0,1,0,0,0,0,0
Arkansas,HOT SPRING,1,0,1,0,0,0,0,0
Arkansas,MADISON,1,0,0,0,0,0,0,0
Arkansas,MARION,3,0,0,0,0,0,0,0
Arkansas,MONTGOMERY,1,0,0,0,0,0,0,0
Arkansas,PERRY,1,0,2,0,0,0,0,0
Arkansas,SALINE,2,0,1,0,0,0,0,0
Arkansas,SCOTT,1,0,0,0,0,0,0,0
Arkansas,UNION,2,0,0,0,0,0,0,0
California,EL DORADO,1,0,1,0,0,0,0,0
California,INYO,1,0,0,0,0,0,0,0
California,LAKE,1,0,0,0,0,0,0,0
California,LASSEN,1,0,0,0,0,0,0,0
California,MENDOCINO,1,0,0,0,0,0,0,0
Colorado,GRAND,1,0,0,0,0,0,0,0
Colorado,PARK,1,0,0,0,0,0,0,0
Colorado,TELLER,1,0,0,0,0,0,0,0
Connecticut,LITCHFIELD,3,0,0,0,0,0,0,0
Connecticut,LOWER CT RIVER VLY,1,0,0,0,0,0,0,0
Connecticut,NEW LONDON,3,0,0,0,0,0,0,0
Connecticut,NORTHEASTERN CT,1,0,0,0,0,0,0,0
Connecticut,TOLLAND,10,0,0,0,0,0,0,0
Connecticut,WINDHAM,3,0,0,0,0,0,0,0
Florida,CALHOUN,1,0,0,0,0,0,0,0
Florida,CITRUS,1,0,1,0,0,0,0,0
Florida,COLLIER,10,0,0,0,0,0,0,0
Florida,COLUMBIA,1,0,0,0,0,0,0,0
Florida,DIXIE,2,0,0,0,0,0,0,0
Florida,GADSDEN,1,0,0,0,0,0,0,0
Florida,GILCHRIST,4,0,0,0,0,0,0,0
Florida,GLADES,2,0,0,0,0,0,0,0
Florida,HENDRY,3,0,1,0,0,0,0,0
Florida,HERNANDO,1,0,0,0,0,0,0,0
Florida,HOLMES,1,0,0,0,0,0,0,0
Florida,INDIAN RIVER,1,0,0,0,0,0,0,0
Florida,LAFAYETTE,1,0,0,0,0,0,0,0
Florida,MADISON,5,0,0,0,0,0,0,0
Florida,MARTIN,2,0,0,0,0,0,0,0
Florida,MONROE,1,0,0,0,0,0,0,0
Florida,OKEECHOBEE,2,0,0,0,0,0,0,0
Florida,PASCO,4,0,0,0,0,0,0,0
Florida,SAINT LUCIE,1,0,0,0,0,0,0,0
Florida,SUWANNEE,3,0,0,0,0,0,0,0
Florida,UNION,1,0,0,0,0,0,0,0
Georgia,APPLING,6,0,0,0,0,0,0,0
Georgia,BAKER,10,0,0,0,0,0,0,0
Georgia,BARTOW,1,0,0,0,0,0,0,0
Georgia,BERRIEN,1,0,0,0,0,0,0,0
Georgia,BIBB,1,0,0,0,0,0,0,0
Georgia,BRANTLEY,1,0,0,0,0,0,0,0
Georgia,BRYAN,1,0,0,0,0,0,0,0
Georgia,CLARKE,1,0,0,0,0,0,0,0
Georgia,DECATUR,10,0,0,0,0,0,0,0
Georgia,DODGE,1,0,0,0,0,0,0,0
Georgia,ECHOLS,1,0,0,0,0,0,0,0
Georgia,EFFINGHAM,1,0,0,0,0,0,0,0
Georgia,EMANUEL,1,0,0,0,0,0,0,0
Georgia,EVANS,4,0,0,0,0,0,0,0
Georgia,FAYETTE,1,0,0,0,0,0,0,0
Georgia,FLOYD,2,0,0,0,0,0,0,0
Georgia,FULTON,11,0,0,0,0,0,0,0
Georgia,GILMER,2,0,0,0,0,0,0,0
Georgia,GORDON,1,0,0,0,0,0,0,0
Georgia,GRADY,4,0,0,0,0,0,0,0
Georgia,GREENE,1,0,0,0,0,0,0,0
Georgia,GWINNETT,2,0,0,0,0,0,0,0
Georgia,HENRY,2,0,0,0,0,0,0,0
Georgia,IRWIN,5,0,0,0,0,0,0,0
Georgia,JEFF DAVIS,6,0,0,0,0,0,0,0
Georgia,JENKINS,1,0,0,0,0,0,0,0
Georgia,LINCOLN,1,0,0,0,0,0,0,0
Georgia,LOWNDES,1,0,0,0,0,0,0,0
Georgia,MADISON,1,0,0,0,0,0,0,0
Georgia,MITCHELL,9,0,0,0,0,0,0,0
Georgia,MONTGOMERY,4,0,0,0,0,0,0,0
Georgia,MURRAY,2,0,0,0,0,0,0,0
Georgia,OGLETHORPE,2,0,0,0,0,0,0,0
Georgia,PIERCE,6,0,0,0,0,0,0,0
Georgia,PUTNAM,1,0,0,0,0,0,0,0
Georgia,SCREVEN,6,0,0,0,0,0,0,0
Georgia,SEMINOLE,11,0,0,0,0,0,0,0
Georgia,SPALDING,1,0,0,0,0,0,0,0
Georgia,TATTNALL,4,0,0,0,0,0,0,0
Georgia,TELFAIR,1,0,0,0,0,0,0,0
Georgia,TURNER,1,0,0,0,0,0,0,0
Georgia,TWIGGS,1,0,0,0,0,0,0,0
Georgia,UPSON,1,0,0,0,0,0,0,0
Georgia,WARE,2,0,0,0,0,0,0,0
Georgia,WEBSTER,1,0,0,0,0,0,0,0
Georgia,WILKES,1,0,0,0,0,0,0,0
Idaho,GEM,2,0,0,0,0,0,0,0
Illinois,ALEXANDER,4,0,0,0,0,0,0,0
Illinois,CALHOUN,1,0,0,0,0,0,0,0
Illinois,CARROLL,79,0,0,0,0,0,0,0
Illinois,CASS,28,0,0,0,0,0,0,0
Illinois,CLARK,61,0,0,0,0,0,0,0
Illinois,CUMBERLAND,22,0,0,0,0,0,0,0
Illinois,EDGAR,55,0,0,0,0,0,0,0
Illinois,EDWARDS,17,0,0,0,0,0,0,0
Illinois,FAYETTE,40,0,0,0,0,0,0,0
Illinois,FULTON,51,0,0,0,0,0,0,0
Illinois,GRUNDY,56,0,0,0,0,0,0,0
Illinois,HARDIN,1,0,0,0,0,0,0,0
Illinois,HENDERSON,13,0,0,0,0,0,0,0
Illinois,JASPER,28,0,0,0,0,0,0,0
Illinois,JO DAVIESS,48,0,0,0,0,0,0,0
Illinois,KENDALL,44,0,0,0,0,0,0,0
Illinois,KNOX,94,0,0,0,0,0,0,0
Illinois,MARSHALL,38,0,0,0,0,0,0,0
Illinois,MASON,50,0,0,0,0,0,0,0
Illinois,MENARD,39,0,0,0,0,0,0,0
Illinois,MONTGOMERY,64,0,0,0,0,0,0,0
Illinois,PIKE,78,0,0,0,0,0,0,0
Illinois,PULASKI,5,0,0,0,0,0,0,0
Illinois,PUTNAM,15,0,0,0,0,0,0,0
Illinois,SALINE,30,0,0,0,0,0,0,0
Illinois,SCOTT,20,0,0,0,0,0,0,0
Illinois,WARREN,70,0,0,0,0,0,0,0
Illinois,WAYNE,29,0,0,0,0,0,0,0
Illinois,WINNEBAGO,54,0,0,0,0,0,0,0
Indiana,BLACKFORD,17,0,0,0,0,0,0,0
Indiana,BROWN,1,0,0,0,0,0,0,0
Indiana,CLARK,11,0,0,0,0,0,0,0
Indiana,CRAWFORD,1,0,0,0,0,0,0,0
Indiana,DEARBORN,6,0,0,0,0,0,0,0
Indiana,FAYETTE,22,0,0,0,0,0,0,0
Indiana,FLOYD,3,0,0,0,0,0,0,0
Indiana,FULTON,58,0,0,0,0,0,0,0
Indiana,GRANT,51,0,0,0,0,0,0,0
Indiana,GREENE,23,0,0,0,0,0,0,0
Indiana,HARRISON,21,0,0,0,0,0,0,0
Indiana,HENRY,37,0,0,0,0,0,0,0
Indiana,JAY,23,0,0,0,0,0,0,0
Indiana,JENNINGS,20,0,0,0,0,0,0,0
Indiana,LA PORTE,78,0,0,0,0,0,0,0
Indiana,LAKE,36,0,0,0,0,0,0,0
Indiana,LAWRENCE,13,0,0,0,0,0,0,0
Indiana,MIAMI,33,0,0,0,0,0,0,0
Indiana,MONROE,8,0,0,0,0,0,0,0
Indiana,MONTGOMERY,65,0,1,0,0,0,0,0
Indiana,NEWTON,45,0,0,0,0,0,0,0
Indiana,NOBLE,26,0,0,0,0,0,0,0
Indiana,OWEN,9,0,0,0,0,0,0,0
Indiana,PARKE,41,0,0,0,0,0,0,0
Indiana,PERRY,6,0,0,0,0,0,0,0
Indiana,PIKE,7,0,0,0,0,0,0,0
Indiana,RIPLEY,28,0,0,0,0,0,0,0
Indiana,SCOTT,8,0,0,0,0,0,0,0
Indiana,STARKE,41,0,0,0,0,0,0,0
Indiana,SWITZERLAND,4,0,0,0,0,0,0,0
Indiana,TIPPECANOE,108,0,0,0,0,0,0,0
Indiana,TIPTON,57,0,0,0,0,0,0,0
Indiana,UNION,7,0,0,0,0,0,0,0
Indiana,VERMILLION,30,0,0,0,0,0,0,0
Indiana,WARRICK,28,0,0,0,0,0,0,0
Indiana,WASHINGTON,21,0,0,0,0,0,0,0
Iowa,ADAIR,39,0,0,0,0,0,0,0
Iowa,ADAMS,22,0,0,0,0,0,0,0
Iowa,AUDUBON,37,0,0,0,0,0,0,0
Iowa,BREMER,56,0,0,0,0,0,0,0
Iowa,DECATUR,17,0,0,0,0,0,0,0
Iowa,DELAWARE,60,0,0,0,0,0,0,0
Iowa,EMMET,42,0,0,0,0,0,0,0
Iowa,FREMONT,67,0,0,0,0,0,0,0
Iowa,HANCOCK,59,0,0,0,0,0,0,0
Iowa,HENRY,32,0,0,0,0,0,0,0
Iowa,HUMBOLDT,35,0,0,0,0,0,0,0
Iowa,IDA,50,0,0,0,0,0,0,0
Iowa,IOWA,55,0,0,0,0,0,0,0
Iowa,JACKSON,43,0,0,0,0,0,0,0
Iowa,JASPER,75,0,1,0,0,0,0,0
Iowa,JEFFERSON,24,0,0,0,0,0,0,0
Iowa,KEOKUK,46,0,0,0,0,0,0,0
Iowa,LUCAS,8,0,0,0,0,0,0,0
Iowa,MARSHALL,75,0,0,0,0,0,0,0
Iowa,MONROE,9,0,0,0,0,0,0,0
Iowa,PAGE,40,0,0,0,0,0,0,0
Iowa,PALO ALTO,74,0,0,0,0,0,0,0
Iowa,POWESHIEK,51,0,0,0,0,0,0,0
Iowa,RINGGOLD,14,0,0,0,0,0,0,0
Iowa,VAN BUREN,18,0,0,0,0,0,0,0
Iowa,WEBSTER,81,0,0,0,0,0,0,0
Iowa,WINNEBAGO,44,0,0,0,0,0,0,0
Iowa,WINNESHIEK,62,0,0,0,0,0,0,0
Iowa,WORTH,25,0,0,0,0,0,0,0
Kansas,ATCHISON,21,0,0,0,0,0,0,0
Kansas,DONIPHAN,41,0,0,0,0,0,0,0
Kansas,THAYER,2,0,0,0,0,0,0,0
Kentucky,(BLANK),1,0,0,0,0,0,0,0
Kentucky,ADAIR,2,0,0,0,0,0,0,0
Kentucky,ALLEN,2,0,0,0,0,0,0,0
Kentucky,ANDERSON,2,0,0,0,0,0,0,0
Kentucky,BARREN,6,0,0,0,0,0,0,0
Kentucky,BATH,1,0,0,0,0,0,0,0
Kentucky,BOURBON,2,0,0,0,0,0,0,0
Kentucky,BREATHITT,1,0,0,0,0,0,0,0
Kentucky,CARTER,1,0,0,0,0,0,0,0
Kentucky,CLARK,2,0,0,0,0,0,0,0
Kentucky,EDMONSON,1,0,0,0,0,0,0,0
Kentucky,FAYETTE,6,0,0,0,0,0,0,0
Kentucky,FRANKLIN,2,0,0,0,0,0,0,0
Kentucky,GARRARD,1,0,0,0,0,0,0,0
Kentucky,GRANT,1,0,0,0,0,0,0,0
Kentucky,GRAYSON,2,0,0,0,0,0,0,0
Kentucky,GREENUP,1,0,0,0,0,0,0,0
Kentucky,HANCOCK,4,0,0,0,0,0,0,0
Kentucky,HARDIN,11,0,0,0,0,0,0,0
Kentucky,HARRISON,2,0,0,0,0,0,0,0
Kentucky,HART,4,0,0,0,0,0,0,0
Kentucky,HENDERSON,45,0,0,0,0,0,0,0
Kentucky,HENRY,4,0,0,0,0,0,0,0
Kentucky,KENTON,1,0,0,0,0,0,0,0
Kentucky,LAUREL,1,0,0,0,0,0,0,0
Kentucky,LINCOLN,3,0,0,0,0,0,0,0
Kentucky,LIVINGSTON,7,0,0,0,0,0,0,0
Kentucky,MEADE,9,0,0,0,0,0,0,0
Kentucky,MERCER,3,0,0,0,0,0,0,0
Kentucky,METCALFE,3,0,0,0,0,0,0,0
Kentucky,MONTGOMERY,1,0,0,0,0,0,0,0
Kentucky,NICHOLAS,2,0,0,0,0,0,0,0
Kentucky,OHIO,15,0,0,0,0,0,0,0
Kentucky,ROBERTSON,1,0,0,0,0,0,0,0
Kentucky,ROCKCASTLE,1,0,0,0,0,0,0,0
Kentucky,RUSSELL,4,0,0,0,0,0,0,0
Kentucky,SHELBY,9,0,0,0,0,0,0,0
Kentucky,TAYLOR,2,0,0,0,0,0,0,0
Kentucky,TRIMBLE,1,0,0,0,0,0,0,0
Kentucky,WASHINGTON,2,0,0,0,0,0,0,0
Kentucky,WAYNE,3,0,0,0,0,0,0,0
Kentucky,WEBSTER,26,0,0,0,0,0,0,0
Louisiana,BEAUREGARD,2,0,2,0,0,0,0,0
Louisiana,CALDWELL,4,0,0,0,0,0,0,0
Louisiana,DE SOTO,3,0,0,0,0,0,0,0
Louisiana,EVANGELINE,1,0,18,0,0,0,0,0
Louisiana,GRANT,2,0,0,0,0,0,0,0
Louisiana,JEFFERSON DAVIS,3,0,44,0,0,0,0,0
Louisiana,LINCOLN,1,0,0,0,0,0,0,0
Louisiana,RED RIVER,1,0,0,0,0,0,0,0
Louisiana,SAINT MARTIN,1,0,0,0,0,0,0,0
Louisiana,ST JOHN THE BAPTIST,1,0,0,0,0,0,0,0
Louisiana,VERNON,1,0,0,0,0,0,0,0
Louisiana,WASHINGTON,1,0,0,0,0,0,0,0
Maine,AROOSTOOK,1,0,0,0,0,0,0,0
Maine,OXFORD,1,0,0,0,0,0,0,0
Maine,PENOBSCOT,11,0,0,0,0,0,0,0
Maine,PISCATAQUIS,1,0,0,0,0,0,0,0
Maine,SOMERSET,1,0,0,0,0,0,0,0
Maryland,BALTIMORE,5,0,0,0,0,0,0,0
Maryland,CALVERT,1,0,0,0,0,0,0,0
Maryland,CHARLES,2,0,0,0,0,0,0,0
Maryland,DORCHESTER,8,0,0,0,0,0,0,0
Maryland,GARRETT,2,0,0,0,0,0,0,0
Maryland,PRINCE GEORGES,1,0,0,0,0,0,0,0
Massachusetts,BERKSHIRE,2,0,0,0,0,0,0,0
Massachusetts,BRISTOL,1,0,0,0,0,0,0,0
Massachusetts,HAMPDEN,2,0,0,0,0,0,0,0
Massachusetts,SUFFOLK,2,0,0,0,0,0,0,0
Massachusetts,WORCESTER,3,0,0,0,0,0,0,0
Michigan,ALCONA,1,0,0,0,0,0,0,0
Michigan,ALPENA,2,0,0,0,0,0,0,0
Michigan,ARENAC,4,0,0,0,0,0,0,0
Michigan,BENZIE,1,0,0,0,0,0,0,0
Michigan,CHEBOYGAN,1,0,0,0,0,0,0,0
Michigan,CHIPPEWA,2,0,0,0,0,0,0,0
Michigan,CLARE,1,0,0,0,0,0,0,0
Michigan,EMMET,1,0,1,0,0,0,0,0
Michigan,GRAND TRAVERSE,6,0,0,0,0,0,0,0
Michigan,LEELANAU,1,0,0,0,0,0,0,0
Michigan,LIVINGSTON,12,0,0,0,0,0,0,0
Michigan,MANISTEE,1,0,0,0,0,0,0,0
Michigan,MARQUETTE,1,0,0,0,0,0,0,0
Michigan,MASON,5,0,0,0,0,0,0,0
Michigan,MECOSTA,7,0,0,0,0,0,0,0
Michigan,MENOMINEE,3,0,0,0,0,0,0,0
Michigan,OGEMAW,2,0,0,0,0,0,0,0
Michigan,ONTONAGON,1,0,0,0,0,0,0,0
Michigan,OTSEGO,3,0,0,0,0,0,0,0
Michigan,VAN BUREN,22,0,0,0,0,0,0,0
Michigan,WEXFORD,2,0,0,0,0,0,0,0
Minnesota,DEUEL,1,0,0,0,0,0,0,0
Minnesota,DODGE,62,0,0,0,0,0,0,0
Minnesota,KANABEC,8,0,0,0,0,0,0,0
Minnesota,LAKE,1,0,0,0,0,0,0,0
Minnesota,LE SUEUR,37,0,0,0,0,0,0,0
Minnesota,LINCOLN,38,0,0,0,0,0,0,0
Minnesota,MEEKER,63,0,0,0,0,0,0,0
Minnesota,MOODY,2,0,0,0,0,0,0,0
Minnesota,PINE,5,0,0,0,0,0,0,0
Minnesota,ROBERTS,4,0,0,0,0,0,0,0
Minnesota,SIBLEY,63,0,0,0,0,0,0,0
Minnesota,TODD,22,0,0,0,0,0,0,0
Mississippi,ALCORN,5,0,0,0,0,0,0,0
Mississippi,ATTALA,2,0,0,0,0,0,0,0
Mississippi,CALHOUN,2,0,0,0,0,0,0,0
Mississippi,CARROLL,9,0,0,0,0,0,0,0
Mississippi,CHICKASAW,3,0,0,0,0,0,0,0
Mississippi,CLAY,2,0,0,0,0,0,0,0
Mississippi,FORREST,2,0,0,0,0,0,0,0
Mississippi,GRENADA,2,0,0,0,0,0,0,0
Mississippi,HINDS,24,0,1,0,0,0,0,0
Mississippi,HUMPHREYS,20,0,1,0,0,0,0,0
Mississippi,ISSAQUENA,6,0,0,0,0,0,0,0
Mississippi,LAFAYETTE,2,0,1,0,0,0,0,0
Mississippi,LAWRENCE,2,0,0,0,0,0,0,0
Mississippi,MADISON,16,0,0,0,0,0,0,0
Mississippi,MONROE,7,0,0,0,0,0,0,0
Mississippi,NOXUBEE,15,0,0,0,0,0,0,0
Mississippi,PERRY,1,0,0,0,0,0,0,0
Mississippi,PIKE,1,0,0,0,0,0,0,0
Mississippi,PRENTISS,1,0,0,0,0,0,0,0
Mississippi,QUITMAN,5,0,2,0,0,0,0,0
Mississippi,SCOTT,1,0,0,0,0,0,0,0
Mississippi,TIPPAH,3,0,0,0,0,0,0,0
Mississippi,UNION,2,0,0,0,0,0,0,0
Mississippi,WALTHALL,2,0,0,0,0,0,0,0
Mississippi,YALOBUSHA,4,0,0,0,0,0,0,0
Missouri,ADAIR,3,0,0,0,0,0,0,0
Missouri,ANDREW,24,0,0,0,0,0,0,0
Missouri,BARRY,2,0,0,0,0,0,0,0
Missouri,BOLLINGER,3,0,0,0,0,0,0,0
Missouri,CAMDEN,1,0,0,0,0,0,0,0
Missouri,CEDAR,2,0,0,0,0,0,0,0
Missouri,CLINTON,15,0,0,0,0,0,0,0
Missouri,COLE,8,0,0,0,0,0,0,0
Missouri,DALLAS,2,0,0,0,0,0,0,0
Missouri,GASCONADE,1,0,0,0,0,0,0,0
Missouri,GENTRY,14,0,0,0,0,0,0,0
Missouri,GRUNDY,19,0,0,0,0,0,0,0
Missouri,HOWELL,3,0,0,0,0,0,0,0
Missouri,JOHNSON,9,0,0,0,0,0,0,0
Missouri,KNOX,9,0,0,0,0,0,0,0
Missouri,LACLEDE,3,0,0,0,0,0,0,0
Missouri,LAFAYETTE,50,0,0,0,0,0,0,0
Missouri,LEWIS,23,0,0,0,0,0,0,0
Missouri,MACON,17,0,0,0,0,0,0,0
Missouri,MARION,28,0,0,0,0,0,0,0
Missouri,MERCER,6,0,0,0,0,0,0,0
Missouri,MILLER,3,0,0,0,0,0,0,0
Missouri,MORGAN,1,0,0,0,0,0,0,0
Missouri,PERRY,15,0,0,0,0,0,0,0
Missouri,PETTIS,17,0,0,0,0,0,0,0
Missouri,PIKE,23,0,0,0,0,0,0,0
Missouri,POLK,4,0,0,0,0,0,0,0
Missouri,PULASKI,2,0,0,0,0,0,0,0
Missouri,PUTNAM,3,0,0,0,0,0,0,0
Missouri,RIPLEY,1,0,3,0,0,0,0,0
Missouri,SAINT FRANCOIS,1,0,0,0,0,0,0,0
Missouri,SCHUYLER,4,0,0,0,0,0,0,0
Missouri,SULLIVAN,5,0,0,0,0,0,0,0
Missouri,WASHINGTON,1,0,0,0,0,0,0,0
Missouri,WEBSTER,1,0,0,0,0,0,0,0
Missouri,WORTH,5,0,0,0,0,0,0,0
Missouri,WRIGHT,1,0,0,0,0,0,0,0
Montana,MINERAL,1,0,0,0,0,0,0,0
Nebraska,BLAINE,1,0,0,0,0,0,0,0
Nebraska,BOYD,11,0,0,0,0,0,0,0
Nebraska,CASS,60,0,0,0,0,0,0,0
Nebraska,CUMING,74,0,0,0,0,0,0,0
Nebraska,DAKOTA,44,0,0,0,0,0,0,0
Nebraska,DECATUR,2,0,0,0,0,0,0,0
Nebraska,DIXON,27,0,0,0,0,0,0,0
Nebraska,GARFIELD,4,0,0,0,0,0,0,0
Nebraska,GRANT,1,0,0,0,0,0,0,0
Nebraska,JEWELL,1,0,0,0,0,0,0,0
Nebraska,JOHNSON,5,0,0,0,0,0,0,0
Nebraska,LOGAN,9,0,0,0,0,0,0,0
Nebraska,NANCE,13,0,0,0,0,0,0,0
Nebraska,NEMAHA,30,0,0,0,0,0,0,0
Nebraska,PAWNEE,10,0,0,0,0,0,0,0
Nebraska,POLK,55,0,0,0,0,0,0,0
Nebraska,REPUBLIC,4,0,0,0,0,0,0,0
Nebraska,ROCK,6,0,0,0,0,0,0,0
Nebraska,SHERMAN,30,0,0,0,0,0,0,0
Nebraska,SIOUX,6,0,0,0,0,0,0,0
Nebraska,STANTON,27,0,0,0,0,0,0,0
Nebraska,THURSTON,28,0,0,0,0,0,0,0
Nebraska,TODD,1,0,0,0,0,0,0,0
Nebraska,VALLEY,33,0,0,0,0,0,0,0
Nebraska,WHEELER,9,0,0,0,0,0,0,0
New Jersey,CAMDEN,1,0,0,0,0,0,0,0
New Jersey,HUNTERDON,6,0,0,0,0,0,0,0
New Jersey,MIDDLESEX,1,0,0,0,0,0,0,0
New Jersey,MORRIS,1,0,0,0,0,0,0,0
New Jersey,SOMERSET,1,0,0,0,0,0,0,0
New Jersey,SUSSEX,1,0,0,0,0,0,0,0
New Jersey,WARREN,5,0,0,0,0,0,0,0
New Mexico,HIDALGO,1,0,0,0,0,0,0,0
New Mexico,MCKINLEY,2,0,0,0,0,0,0,0
New York,ALBANY,2,0,0,0,0,0,0,0
New York,ALLEGANY,6,0,0,0,0,0,0,0
New York,CHAUTAUQUA,12,0,0,0,0,0,0,0
New York,CORTLAND,8,0,0,0,0,0,0,0
New York,DELAWARE,1,0,0,0,0,0,0,0
New York,DUTCHESS,8,0,0,0,0,0,0,0
New York,FRANKLIN,10,0,0,0,0,0,0,0
New York,HERKIMER,4,0,0,0,0,0,0,0
New York,LEWIS,9,0,0,0,0,0,0,0
New York,MADISON,15,0,0,0,0,0,0,0
New York,MONTGOMERY,8,0,0,0,0,0,0,0
New York,NASSAU,1,0,0,0,0,0,0,0
New York,ORANGE,2,0,0,0,0,0,0,0
New York,OTSEGO,4,0,0,0,0,0,0,0
New York,RENSSELAER,11,0,0,0,0,0,0,0
New York,SARATOGA,5,0,0,0,0,0,0,0
New York,SCHOHARIE,1,0,0,0,0,0,0,0
New York,SCHUYLER,9,0,0,0,0,0,0,0
New York,SULLIVAN,1,0,0,0,0,0,0,0
New York,TIOGA,3,0,0,0,0,0,0,0
New York,TOMPKINS,13,0,0,0,0,0,0,0
New York,ULSTER,2,0,0,0,0,0,0,0
New York,WASHINGTON,10,0,0,0,0,0,0,0
New York,WAYNE,12,0,0,0,0,0,0,0
New York,YATES,5,0,0,0,0,0,0,0
North Carolina,ANSON,4,0,0,0,0,0,0,0
North Carolina,BLADEN,9,0,0,0,0,0,0,0
North Carolina,BUNCOMBE,2,0,0,0,0,0,0,0
North Carolina,CARTERET,6,0,0,0,0,0,0,0
North Carolina,CASWELL,1,0,0,0,0,0,0,0
North Carolina,CHATHAM,2,0,0,0,0,0,0,0
North Carolina,CLEVELAND,1,0,0,0,0,0,0,0
North Carolina,DAVIDSON,1,0,0,0,0,0,0,0
North Carolina,DURHAM,1,0,0,0,0,0,0,0
North Carolina,FORSYTH,1,0,0,0,0,0,0,0
North Carolina,GRANVILLE,2,0,0,0,0,0,0,0
North Carolina,HERTFORD,6,0,0,0,0,0,0,0
North Carolina,HOKE,3,0,0,0,0,0,0,0
North Carolina,LEE,1,0,0,0,0,0,0,0
North Carolina,LINCOLN,2,0,0,0,0,0,0,0
North Carolina,MOORE,2,0,0,0,0,0,0,0
North Carolina,ORANGE,1,0,0,0,0,0,0,0
North Carolina,PENDER,3,0,0,0,0,0,0,0
North Carolina,PERSON,1,0,0,0,0,0,0,0
North Carolina,RICHMOND,2,0,0,0,0,0,0,0
North Carolina,ROCKINGHAM,1,0,0,0,0,0,0,0
North Carolina,STOKES,2,0,0,0,0,0,0,0
North Carolina,WARREN,1,0,0,0,0,0,0,0
North Dakota,BROWN,1,0,0,0,0,0,0,0
North Dakota,TRAVERSE,1,0,0,0,0,0,0,0
Ohio,ADAMS,5,0,0,0,0,0,0,0
Ohio,ATHENS,3,0,0,0,0,0,0,0
Ohio,BELMONT,3,0,0,0,0,0,0,0
Ohio,CARROLL,9,0,0,0,0,0,0,0
Ohio,CHAMPAIGN,42,0,0,0,0,0,0,0
Ohio,CLERMONT,5,0,0,0,0,0,0,0
Ohio,CLINTON,41,0,0,0,0,0,0,0
Ohio,COLUMBIANA,10,0,0,0,0,0,0,0
Ohio,CUYAHOGA,3,0,0,0,0,0,0,0
Ohio,DARKE,54,0,0,0,0,0,0,0
Ohio,FAIRFIELD,35,0,0,0,0,0,0,0
Ohio,FAYETTE,44,0,0,0,0,0,0,0
Ohio,GEAUGA,1,0,0,0,0,0,0,0
Ohio,GUERNSEY,2,0,0,0,0,0,0,0
Ohio,HARRISON,3,0,0,0,0,0,0,0
Ohio,HIGHLAND,16,0,0,0,0,0,0,0
Ohio,HOLMES,12,0,0,0,0,0,0,0
Ohio,JACKSON,3,0,0,0,0,0,0,0
Ohio,LAKE,1,0,0,0,0,0,0,0
Ohio,LOGAN,43,0,0,0,0,0,0,0
Ohio,MONROE,1,0,0,0,0,0,0,0
Ohio,MORGAN,1,0,0,0,0,0,0,0
Ohio,MUSKINGUM,11,0,0,0,0,0,0,0
Ohio,PERRY,10,0,0,0,0,0,0,0
Ohio,PIKE,5,0,0,0,0,0,0,0
Ohio,ROSS,31,0,0,0,0,0,0,0
Ohio,SCIOTO,3,0,0,0,0,0,0,0
Ohio,TRUMBULL,10,0,0,0,0,0,0,0
Ohio,TUSCARAWAS,9,0,0,0,0,0,0,0
Ohio,WARREN,17,0,0,0,0,0,0,0
Ohio,WASHINGTON,2,0,0,0,0,0,0,0
Oklahoma,ADAIR,1,0,0,0,0,0,0,0
Oklahoma,ATOKA,2,0,0,0,0,0,0,0
Oklahoma,JOHNSTON,1,0,0,0,0,0,0,0
Oklahoma,LATIMER,1,0,0,0,0,0,0,0
Oklahoma,SEMINOLE,1,0,0,0,0,0,0,0
Oregon,LANE,1,0,0,0,0,0,0,0
Pennsylvania,ALLEGHENY,1,0,0,0,0,0,0,0
Pennsylvania,BEAVER,1,0,0,0,0,0,0,0
Pennsylvania,BEDFORD,4,0,0,0,0,0,0,0
Pennsylvania,BRADFORD,7,0,0,0,0,0,0,0
Pennsylvania,BUCKS,10,0,0,0,0,0,0,0
Pennsylvania,CAMBRIA,2,0,0,0,0,0,0,0
Pennsylvania,CARBON,1,0,0,0,0,0,0,0
Pennsylvania,CHESTER,22,0,0,0,0,0,0,0
Pennsylvania,CLARION,4,0,0,0,0,0,0,0
Pennsylvania,COLUMBIA,5,0,0,0,0,0,0,0
Pennsylvania,CUMBERLAND,13,0,0,0,0,0,0,0
Pennsylvania,ELK,1,0,0,0,0,0,0,0
Pennsylvania,ERIE,8,0,0,0,0,0,0,0
Pennsylvania,FAYETTE,2,0,0,0,0,0,0,0
Pennsylvania,FOREST,1,0,0,0,0,0,0,0
Pennsylvania,GREENE,1,0,0,0,0,0,0,0
Pennsylvania,JEFFERSON,1,0,0,0,0,0,0,0
Pennsylvania,LACKAWANNA,1,0,0,0,0,0,0,0
Pennsylvania,LAWRENCE,4,0,0,0,0,0,0,0
Pennsylvania,LYCOMING,2,0,0,0,0,0,0,0
Pennsylvania,MCKEAN,1,0,0,0,0,0,0,0
Pennsylvania,MERCER,5,0,0,0,0,0,0,0
Pennsylvania,MIFFLIN,4,0,0,0,0,0,0,0
Pennsylvania,MONTOUR,1,0,0,0,0,0,0,0
Pennsylvania,NORTHAMPTON,13,0,0,0,0,0,0,0
Pennsylvania,NORTHUMBERLAND,19,0,0,0,0,0,0,0
Pennsylvania,PERRY,3,0,0,0,0,0,0,0
Pennsylvania,POTTER,1,0,0,0,0,0,0,0
Pennsylvania,SNYDER,8,0,0,0,0,0,0,0
Pennsylvania,SOMERSET,7,0,0,0,0,0,0,0
Pennsylvania,SULLIVAN,1,0,0,0,0,0,0,0
Pennsylvania,SUSQUEHANNA,1,0,0,0,0,0,0,0
Pennsylvania,TIOGA,3,0,0,0,0,0,0,0
Pennsylvania,UNION,5,0,0,0,0,0,0,0
Pennsylvania,VENANGO,2,0,0,0,0,0,0,0
Pennsylvania,WARREN,1,0,0,0,0,0,0,0
Pennsylvania,WASHINGTON,1,0,0,0,0,0,0,0
Pennsylvania,WESTMORELAND,3,0,0,0,0,0,0,0
Pennsylvania,WYOMING,2,0,0,0,0,0,0,0
Rhode Island,PROVIDENCE,1,0,0,0,0,0,0,0
South Carolina,ANDERSON,1,0,0,0,0,0,0,0
South Carolina,BAMBERG,7,0,0,0,0,0,0,0
South Carolina,BARNWELL,2,0,0,0,0,0,0,0
South Carolina,BEAUFORT,1,0,0,0,0,0,0,0
South Carolina,BERKELEY,2,0,0,0,0,0,0,0
South Carolina,CALHOUN,3,0,0,0,0,0,0,0
South Carolina,COLLETON,6,0,0,0,0,0,0,0
South Carolina,HAMPTON,4,0,0,0,0,0,0,0
South Carolina,HORRY,14,0,0,0,0,0,0,0
South Carolina,KERSHAW,3,0,0,0,0,0,0,0
South Carolina,LEE,9,0,0,0,0,0,0,0
South Carolina,MARION,6,0,0,0,0,0,0,0
South Carolina,PICKENS,1,0,0,0,0,0,0,0
South Carolina,SPARTANBURG,1,0,0,0,0,0,0,0
South Carolina,YORK,1,0,0,0,0,0,0,0
South Dakota,BON HOMME,21,0,0,0,0,0,0,0
South Dakota,DEUEL,35,0,0,0,0,0,0,0
South Dakota,PIPESTONE,1,0,0,0,0,0,0,0
South Dakota,RICHLAND,2,0,0,0,0,0,0,0
South Dakota,ROCK,4,0,0,0,0,0,0,0
South Dakota,SIOUX,2,0,0,0,0,0,0,0
South Dakota,YANKTON,40,0,0,0,0,0,0,0
Tennessee,ANDERSON,1,0,0,0,0,0,0,0
Tennessee,BEDFORD,1,0,0,0,0,0,0,0
Tennessee,BENTON,1,0,0,0,0,0,0,0
Tennessee,CLAIBORNE,1,0,0,0,0,0,0,0
Tennessee,DEKALB,1,0,0,0,0,0,0,0
Tennessee,DICKSON,1,0,0,0,0,0,0,0
Tennessee,GILES,8,0,0,0,0,0,0,0
Tennessee,HAMBLEN,3,0,0,0,0,0,0,0
Tennessee,HARDEMAN,5,0,0,0,0,0,0,0
Tennessee,HARDIN,3,0,0,0,0,0,0,0
Tennessee,HAWKINS,1,0,0,0,0,0,0,0
Tennessee,HENDERSON,1,0,0,0,0,0,0,0
Tennessee,HICKMAN,3,0,0,0,0,0,0,0
Tennessee,MARION,2,0,0,0,0,0,0,0
Tennessee,MARSHALL,2,0,0,0,0,0,0,0
Tennessee,MCMINN,2,0,0,0,0,0,0,0
Tennessee,MONROE,3,0,0,0,0,0,0,0
Tennessee,POLK,1,0,0,0,0,0,0,0
Tennessee,PUTNAM,1,0,0,0,0,0,0,0
Tennessee,RUTHERFORD,6,0,0,0,0,0,0,0
Tennessee,SULLIVAN,2,0,1,0,0,0,0,0
Tennessee,WARREN,2,0,0,0,0,0,0,0
Tennessee,WAYNE,1,0,0,0,0,0,0,0
Tennessee,WHITE,1,0,0,0,0,0,0,0
Texas,AUSTIN,4,0,1,0,0,0,0,0
Texas,BEE,11,0,0,0,0,0,0,0
Texas,CALDWELL,5,0,0,0,0,0,0,0
Texas,CHAMBERS,1,0,6,0,0,0,0,0
Texas,COLORADO,12,0,11,0,0,0,0,0
Texas,DE WITT,3,0,0,0,0,0,0,0
Texas,DUVAL,2,0,0,0,0,0,0,0
Texas,ECTOR,2,0,0,0,0,0,0,0
Texas,FALLS,39,0,0,0,0,0,0,0
Texas,FAYETTE,10,0,0,0,0,0,0,0
Texas,FRANKLIN,1,0,0,0,0,0,0,0
Texas,HARRISON,1,0,0,0,0,0,0,0
Texas,JACKSON,47,0,1,0,0,0,0,0
Texas,LAMPASAS,2,0,0,0,0,0,0,0
Texas,LAVACA,2,0,1,0,0,0,0,0
Texas,LIMESTONE,2,0,0,0,0,0,0,0
Texas,MADISON,6,0,0,0,0,0,0,0
Texas,MAVERICK,1,0,0,0,0,0,0,0
Texas,ORANGE,1,0,0,0,0,0,0,0
Texas,POLK,1,0,0,0,0,0,0,0
Texas,ROBERTSON,3,0,0,0,0,0,0,0
Texas,SAN JACINTO,1,0,0,0,0,0,0,0
Texas,TITUS,2,0,0,0,0,0,0,0
Texas,VAN ZANDT,1,0,0,0,0,0,0,0
Texas,WALKER,2,0,0,0,0,0,0,0
Texas,WASHINGTON,3,0,0,0,0,0,0,0
Texas,WILLACY,3,0,0,0,0,0,0,0
Texas,WILSON,2,0,0,0,0,0,0,0
Texas,WOOD,1,0,0,0,0,0,0,0
Utah,DUCHESNE,1,0,0,0,0,0,0,0
Utah,MILLARD,5,0,0,0,0,0,0,0
Utah,SEVIER,1,0,0,0,0,0,0,0
Utah,WASATCH,1,0,0,0,0,0,0,0
Vermont,CALEDONIA,1,0,0,0,0,0,0,0
Vermont,FRANKLIN,17,0,0,0,0,0,0,0
Vermont,LAMOILLE,1,0,0,0,0,0,0,0
Vermont,ORANGE,2,0,0,0,0,0,0,0
Vermont,ORLEANS,12,0,0,0,0,0,0,0
Vermont,RUTLAND,1,0,0,0,0,0,0,0
Vermont,WASHINGTON,1,0,0,0,0,0,0,0
Vermont,WINDHAM,2,0,0,0,0,0,0,0
Virginia,AMELIA,1,0,0,0,0,0,0,0
Virginia,APPOMATTOX,2,0,0,0,0,0,0,0
Virginia,BEDFORD,1,0,0,0,0,0,0,0
Virginia,BLAND,1,0,0,0,0,0,0,0
Virginia,CAMPBELL,1,0,0,0,0,0,0,0
Virginia,CLARKE,1,0,0,0,0,0,0,0
Virginia,CUMBERLAND,2,0,0,0,0,0,0,0
Virginia,DINWIDDIE,2,0,0,0,0,0,0,0
Virginia,FRANKLIN,3,0,0,0,0,0,0,0
Virginia,GLOUCESTER,1,0,1,0,0,0,0,0
Virginia,HALIFAX,1,0,0,0,0,0,0,0
Virginia,HENRICO,3,0,0,0,0,0,0,0
Virginia,KING GEORGE,3,0,0,0,0,0,0,0
Virginia,LANCASTER,2,0,0,0,0,0,0,0
Virginia,MADISON,7,0,0,0,0,0,0,0
Virginia,MECKLENBURG,1,0,0,0,0,0,0,0
Virginia,MONTGOMERY,2,0,0,0,0,0,0,0
Virginia,NEW KENT,2,0,0,0,0,0,0,0
Virginia,NEWPORT NEWS CITY,2,0,0,0,0,0,0,0
Virginia,PITTSYLVANIA,4,0,0,0,0,0,0,0
Virginia,PRINCE GEORGE,2,0,0,0,0,0,0,0
Virginia,PULASKI,1,0,0,0,0,0,0,0
Virginia,RICHMOND,2,0,0,0,0,0,0,0
Virginia,RICHMOND CITY,4,0,0,0,0,0,0,0
Virginia,ROANOKE CITY,2,0,0,0,0,0,0,0
Virginia,ROCKBRIDGE,3,0,0,0,0,0,0,0
Virginia,RUSSELL,1,0,0,0,0,0,0,0
Virginia,SHENANDOAH,3,0,0,0,0,0,0,0
Virginia,SOUTHAMPTON,1,0,0,0,0,0,0,0
Virginia,SPOTSYLVANIA,1,0,0,0,0,0,0,0
Virginia,STAFFORD,2,0,0,0,0,0,0,0
Virginia,SURRY,3,0,0,0,0,0,0,0
Virginia,SUSSEX,2,0,0,0,0,0,0,0
Virginia,WASHINGTON,1,0,0,0,0,0,0,0
Virginia,WYTHE,2,0,0,0,0,0,0,0
West Virginia,BERKELEY,1,0,0,0,0,0,0,0
West Virginia,GREENBRIER,1,0,0,0,0,0,0,0
West Virginia,HARDY,2,0,0,0,0,0,0,0
West Virginia,KANAWHA,1,0,0,0,0,0,0,0
West Virginia,MASON,1,0,0,0,0,0,0,0
West Virginia,MINERAL,1,0,0,0,0,0,0,0
West Virginia,OHIO,1,0,0,0,0,0,0,0
West Virginia,PENDLETON,1,0,0,0,0,0,0,0
West Virginia,PUTNAM,2,0,0,0,0,0,0,0
West Virginia,TYLER,1,0,0,0,0,0,0,0
Wisconsin,BUFFALO,27,0,0,0,0,0,0,0
Wisconsin,BURNETT,5,0,0,0,0,0,0,0
Wisconsin,COLUMBIA,52,0,0,0,0,0,0,0
Wisconsin,CRAWFORD,11,0,0,0,0,0,0,0
Wisconsin,DUNN,45,0,0,0,0,0,0,0
Wisconsin,EAU CLAIRE,19,0,0,0,0,0,0,0
Wisconsin,GREEN LAKE,20,0,0,0,0,0,0,0
Wisconsin,JACKSON,23,0,0,0,0,0,0,0
Wisconsin,LANGLADE,3,0,0,0,0,0,0,0
Wisconsin,LINCOLN,3,0,0,0,0,0,0,0
Wisconsin,MARINETTE,18,0,0,0,0,0,0,0
Wisconsin,MARQUETTE,20,0,0,0,0,0,0,0
Wisconsin,MILWAUKEE,5,0,0,0,0,0,0,0
Wisconsin,OCONTO,22,0,0,0,0,0,0,0
Wisconsin,POLK,27,0,0,0,0,0,0,0
Wisconsin,PORTAGE,34,0,0,0,0,0,0,0
Wisconsin,PRICE,3,0,0,0,0,0,0,0
Wisconsin,RUSK,3,0,0,0,0,0,0,0
Wisconsin,SAINT CROIX,50,0,0,0,0,0,0,0
Wisconsin,SAUK,22,0,0,0,0,0,0,0
Wisconsin,SAWYER,6,0,0,0,0,0,0,0
Wisconsin,TAYLOR,8,0,0,0,0,0,0,0
Wisconsin,TREMPEALEAU,44,0,0,0,0,0,0,0
Wisconsin,VERNON,23,0,0,0,0,0,0,0
Wisconsin,WALWORTH,51,0,0,0,0,0,0,0
Wyoming,BIG HORN,4,0,0,0,0,0,0,0
Wyoming,CARBON,1,0,0,0,0,0,0,0
Wyoming,WESTON,1,0,0,0,0,0,0,0
Arkansas,CLARK,0,0,1,0,0,0,0,0
Arkansas,SEBASTIAN,0,0,1,0,0,0,0,0
Arkansas,SHARP,0,0,2,0,0,0,0,0
California,DEL NORTE,0,0,2,0,0,0,0,0
California,PLUMAS,0,0,1,0,0,0,0,0
Louisiana,ALLEN,0,0,3,0,0,0,0,0
Louisiana,CAMERON,0,0,2,0,0,0,0,0
Louisiana,IBERIA,0,0,1,0,0,0,0,0
Mississippi,JEFFERSON,0,0,1,0,0,0,0,0
Texas,LIBERTY,0,0,2,0,0,0,0,0
