business_name,business_phone,email_1,email_2,business_website,sub_types,street,city,state,postal_code,facebook,linkedin
"Nutrition 101, LLC",+1 765-778-1101,jobs@101inc.com,accounting@101inc.com,http://www.101.us/,"Feed manufacturer, Nutritionist, Recycling center, Trucking company",4782 Joe Frank Harris Pkwy NW,Adairsville,Georgia,30103,https://www.facebook.com/101Inc/,https://www.linkedin.com/company/nutrition101
"Nutrition 101, LLC",+1 765-778-1101,jobs@101inc.com,accounting@101inc.com,http://www.101.us/,"Feed manufacturer, Nutritionist, Recycling center, Trucking company",4782 Joe Frank Harris Pkwy NW,Adairsville,Georgia,30103,https://www.facebook.com/101Inc/,https://www.linkedin.com/company/nutrition101
"Nutrition 101, LLC",+1 765-778-1101,jobs@101inc.com,accounting@101inc.com,https://101.us/,Feed manufacturer,8201 S Palo Verde Rd,Buckeye,Arizona,85326,https://www.facebook.com/101Inc/,https://www.linkedin.com/company/nutrition101
JDH,+1 806-250-3839,amcgrain@jdhco.com,,http://www.jdhco.com/,Feed manufacturer,1680 US-60,Friona,Texas,79035,https://www.facebook.com/JDHeiskell,https://www.linkedin.com/company/j.d.-heiskell
Quincy Farm Products,+1 217-214-1905,jevans@quincyfarmproducts.com,phildebrand@quincyfarmproducts.com,https://quincyfarmproducts.com/,Feed manufacturer,3501 Wismann Ln,Quincy,Illinois,62301,,https://www.linkedin.com/company/quincy-farm-products
ADM Quincy,+1 217-221-0585,support@grainbridge.com,support@bushelpowered.com,https://web.grainbridge.com/location/ADM-213/cashbids,"Feed manufacturer, Grain elevator",2100 Gardner Expy,Quincy,Illinois,62301,,
Livestock Nutrition Center,+1 940-548-7300,daneeh@lnc-online.com,jjansen@lnc-online.com,http://www.lnc-online.com/,"Feed manufacturer, Animal feed store",507 E Nelson St,Quanah,Texas,79252,https://www.facebook.com/LivestockNutritionCenter/,http://www.linkedin.com/company/4775165
"QLF, Inc.",+1 717-445-6225,orders@qlfinc.net,,https://micro-blenders.com/,Feed manufacturer,947 E Earl Rd,New Holland,Pennsylvania,17557,,
"Nutrition 101, LLC",+1 765-778-1101,jobs@101inc.com,accounting@101inc.com,https://101.us/,"Feed manufacturer, Nutritionist, Recycling center, Trucking company",400 Stewart Rd,Wilkes-Barre,Pennsylvania,18706,https://www.facebook.com/101Inc/,https://www.linkedin.com/company/nutrition101
Ridley Block Operations,+1 817-625-6680,mtasos@sweetlix.com,thelm@sweetlix.com,http://www.sweetlix.com/,Feed manufacturer,5100 Blue Mound Rd,Fort Worth,Texas,76106,https://www.facebook.com/SweetlixLivestockSupplements,
Grow Masters Deer Mineral,+1 501-283-2882,,,,"Feed manufacturer, Service establishment",,,,,,
Murillos Feed,+1 559-789-1012,,,,"Feed manufacturer, Service establishment",,,,,,
Thunder Mountain Equine,+1 435-268-2244,info@thundermountainequine.com,tmhorses@gmail.com,https://www.thundermountainequine.com/,"Feed manufacturer, Service establishment",,,,,https://www.facebook.com/pages/,
Mar Jac Feed Mill,+1 678-997-2599,lcox@marjacpoultryal.com,,https://www.marjacpoultryal.com/contact-us,Feed manufacturer,Sheffield Ave,Spruce Pine,Alabama,35585,,
JDH,+1 208-536-2507,amcgrain@jdhco.com,,http://jdhco.com/,Feed manufacturer,139 River Vista Pl #102,Twin Falls,Idaho,83301,https://www.facebook.com/JDHeiskell,https://www.linkedin.com/company/j.d.-heiskell
Lucerne Farms Inc,+1 800-723-4923,hannah@lucernefarms.com,rich@lucernefarms.com,http://lucernefarms.com/our-forage/,"Feed manufacturer, Farm",40 Eastonline Rd,Fort Fairfield,Maine,04742,https://www.facebook.com/pages/LUCERNE-FARMS-Quality-Forage-Feed-Products/316834436916,http://www.linkedin.com/company/6693229
J.D. Heiskell & Co.,,jrodriguez@heiskell.com,trumsey@heiskell.com,http://www.heiskell.com/,Feed manufacturer,1910 S Roosevelt Rd L,Rogers,New Mexico,88132,https://www.facebook.com/JDHeiskell/,http://www.linkedin.com/company/1074967
DFS Main Office / Billing,+1 641-673-9461,dee@dfsfeed.com,bmoens@dfsfeed.com,https://www.dfsfeed.com/,Feed manufacturer,,Oskaloosa,Iowa,52577,https://www.facebook.com/101112305209272,
Gold Star,+1 315-583-6116,rshane@goldstarfeed.com,lilalow@ilricher.com,http://www.goldstarfeed.com/,"Feed manufacturer, Mill",1 Richer Drive,Adams Center,New York,13606,https://www.facebook.com/JDHeiskell,https://www.linkedin.com/company/1074967/
Leland Mills TX,+1 208-351-9313,info@lelandmillstx.com,shaun@lelandmills.com,https://lelandmillstx.com/,Feed manufacturer,6320 E Stassney Ln bldg 2 ste 275,Austin,Texas,78744,,
"Cold Water Technologies, Inc.",,info@coldwaterpet.com,,https://happyscratch.com/,"Feed manufacturer, Service establishment",,,,,https://www.facebook.com/happyscratchpet,
Modesto Milling Inc.,+1 209-523-9167,mbianchi@modestomilling.com,sbrown@modestomilling.com,https://modestomilling.com/,Feed manufacturer,142 Linley Ave,Empire,California,95319,https://www.facebook.com/modestomilling/,http://www.linkedin.com/company/3894491
Cargill Turkey Feed Mill,+1 573-796-3978,,,,Feed manufacturer,,California,Missouri,65018,,
Livestock Nutrition Center,+1 580-482-2700,daneeh@lnc-online.com,jjansen@lnc-online.com,http://www.lnc-online.com/,Feed manufacturer,601 Old Mill Rd,Altus,Oklahoma,73521,https://www.facebook.com/LivestockNutritionCenter/,http://www.linkedin.com/company/4775165
TOMiGAi,+1 800-936-3638,michael@tomigai.com,contact@tomigai.com,https://www.tomigai.com/,Feed manufacturer,4460 Brooks St Ste B,Montclair,California,91763,https://www.facebook.com/tomigai.koifood,
Perdue AgriBusiness - Ansonville Protein Blending Plant,+1 980-771-8050,consumerinfopf@cybercrs.net,dmca@perdue.com,https://www.perdueanimalnutrition.com/,Feed manufacturer,2755 Old US Highway 52 W,Ansonville,North Carolina,28007,,
AG Fibers LLC,+1 334-699-2848,kendall@agfibers.com,,https://www.agfibers.com/,"Feed manufacturer, Manufacturer",1301 Ennis Rd,Dothan,Alabama,36303,,http://www.linkedin.com/company/8337371
Cheval International,+1 605-787-6486,horses@chevalinternational.com,donate@opencart.com,https://chevalinternational.com/,Feed manufacturer,3490 Horse Run Rd,Rapid City,South Dakota,57701,,
Central Valley Ag Grinding,+1 209-869-1721,jrobinson@cv-ag.com,kbretao@cv-ag.com,http://www.cv-ag.com/,"Feed manufacturer, Dairy supplier, Grain elevator, Trucking company",5509 Langworth Rd,Oakdale,California,95361,https://www.facebook.com/Central-Valley-AG-Grinding-161687950522899/,https://www.linkedin.com/company/central-valley-ag/
Plantation Supply,+1 229-883-9109,,,,Feed manufacturer,109 Courthouse Ave N,Leesburg,Georgia,31763,,
Cowan Animal Nutrition,+1 513-800-5385,,,,"Feed manufacturer, Service establishment",,,,,,
HydroGreen,+1 605-277-7271,hginfo@hydrogreenglobal.com,,https://hydrogreenglobal.com/,Feed manufacturer,47168 Haylie St,Sioux Falls,South Dakota,57107,https://www.facebook.com/hydrogreenglobaltechnologies,https://www.linkedin.com/company/hydrogreen-inc
O.K. Feed Mills,+1 479-494-6258,,,,Feed manufacturer,400-498 Wheeler Ave,Fort Smith,Arkansas,72901,,
DeerDoc,+1 866-333-7362,,,https://deerdoc.net/,"Feed manufacturer, Service establishment",,,,,,
Dawe's Laboratories,+1 847-577-2020,d.foss@dawesnutrition.com,hq@dawesnutrition.com,https://dawesnutrition.com/,"Feed manufacturer, Agricultural service, Nutritionist",3355 N Arlington Heights Rd,Arlington Heights,Illinois,60004,,https://www.linkedin.com/company/dawe-s-laboratories
Only Raw,+1 956-566-5712,onlyraw4dogs@gmail.com,,https://only-raw.com/,Feed manufacturer,301 W Griffin Pkwy,Mission,Texas,78572,,
Centra Sota Cooperative - Albany,+1 320-845-4086,hreinhard@centrasota.com,mmciner@centrasota.com,http://www.centrasota.com/?utm_source=google&utm_medium=wix_google_business_profile&utm_campaign=2055769530346568206,"Feed manufacturer, Animal feed store",1121 Co Rd 10,Albany,Minnesota,56307,https://www.facebook.com/centrasotacooperative/,http://www.linkedin.com/company/4064192
Frontier Mills Inc,+1 605-665-2441,codyfmi@qwestoffice.net,jay@edje.com,https://www.frontiermills.com/,"Feed manufacturer, Animal feed store",2002 SD-314,Yankton,South Dakota,57078,https://www.facebook.com/frontiermills/,
Frontier Mills Inc,+1 605-665-2441,codyfmi@qwestoffice.net,jay@edje.com,https://www.frontiermills.com/,"Feed manufacturer, Animal feed store",2002 SD-314,Yankton,South Dakota,57078,https://www.facebook.com/frontiermills/,
MFA Feed Mill,+1 417-532-7104,,,,"Feed manufacturer, Animal feed store",285 W Pierce St,Lebanon,Missouri,65536,,
Timmerman Feeding Corporation,+1 785-462-3947,natimmerman@yahoo.com,,https://natimmerman.com/,"Feed manufacturer, Pet supply store",1762 US-83,Colby,Kansas,67701,https://www.facebook.com/natimmerman,
EB Milling,+1 979-335-7554,ebmillinginfo@gmail.com,,https://ebmilling.com/,"Feed manufacturer, Garden center, Hay supplier, Pet supply store",854 Wallace St,East Bernard,Texas,77435,,
Strong Animals Chicken Essentials,+1 800-533-5306,info@stronganimals.com,,https://getstronganimals.com/,"Feed manufacturer, Chicken shop, Pet supply store",100 W College Dr Suite 200,Marshall,Minnesota,56258,,
Kalmbach Feeds - Warehouse 3 - MPK Complex,+1 419-294-3838,lauren.gerig@kalmbachfeeds.com,paul.kalmbach@kalmbachfeeds.com,http://www.kalmbachfeeds.com/,"Feed manufacturer, Delivery service",5968 OH-199,Carey,Ohio,43316,https://www.facebook.com/kalmbachfeeds,https://www.linkedin.com/company/kalmbach-feeds-inc-
Gold River Feed Products,+1 931-684-0969,gbeverly@goldriverfeed.com,,https://goldriverfeed.com/,"Feed manufacturer, Animal feed store",783 Eagle Blvd,Shelbyville,Tennessee,37160,,https://www.linkedin.com/company/gold-river-feed-products
Bakery Feeds,+1 419-257-3560,rchapman@bakeryfeeds.com,mjames@bakeryfeeds.com,https://www.bakeryfeeds.com/,Feed manufacturer,2451 Grant Rd,North Baltimore,Ohio,45872,https://www.facebook.com/148440688507213,https://www.linkedin.com/company/bakery-feeds-a-brand-of-darling-ingredients
Cape & Son,+1 325-455-3525,,,,Feed manufacturer,101 FM 419,Sweetwater,Texas,79556,,
Merced Milling Inc,+1 209-382-0288,,,,Feed manufacturer,40 Market St,Planada,California,95365,,
Wenger's Feed Mill,+1 570-546-1006,llownsbery@thewengergroup.com,twalters@thewengergroup.com,https://www.thewengergroup.com/,Feed manufacturer,6829 PA-405,Muncy,Pennsylvania,17756,https://www.facebook.com/WengerFeeds,https://www.linkedin.com/company/the-wenger-group
Des Moines Feed,+1 515-262-8265,awayn@desmoinesfeed.com,jdugg@desmoinesfeed.com,https://desmoinesfeed.com/,"Feed manufacturer, Bird shop, Animal feed store",2010 Hubbell Ave,Des Moines,Iowa,50317,http://facebook.com/American-Midwest-Distributors-LLC-124303020950904/,http://www.linkedin.com/company/9584082
Catfish Charlie Bait Co,+1 641-673-7229,,,,Feed manufacturer,3015 Lincoln Ave,Oskaloosa,Iowa,52577,,
Winner Circle Feedyard LLC Syracuse,+1 620-384-5711,,,,Feed manufacturer,2700 W US-50,Syracuse,Kansas,67878,,
Diamond Pet Food Processors-Rpn,+1 209-824-4640,webmaster@diamondpetfoods.com,,https://diamondpetfoods.com/,Feed manufacturer,942 S Stockton Ave,Ripon,California,95366,,
Gold Star Feed and Grain,+1 315-841-4166,jrodriguez@heiskell.com,trumsey@heiskell.com,http://www.heiskell.com/,Feed manufacturer,7593 US-20,Waterville,New York,13480,https://www.facebook.com/JDHeiskell/,http://www.linkedin.com/company/1074967
Mars Horsecare US Inc,+1 330-828-2251,eyuhas@buckeyenutrition.com,alwithrich@buckeyenutrition.com,https://www.buckeyenutrition.com/,"Feed manufacturer, Animal feed store",330 E Schultz Ave,Dalton,Ohio,44618,http://www.facebook.com/pages/BUCKEYE-Nutrition/44892110422,http://www.linkedin.com/company/6015154
Hare Today-Gone Tomorrow,+1 800-640-3582,info@hare-today.com,,https://hare-today.com/,Feed manufacturer,23596 Palmer Rd,Springboro,Pennsylvania,16435,https://www.facebook.com/haretoday,http://linkedin.com/company/hare-today
Phillips pet food & supplies,+1 864-576-5004,bill.hooker@phillipspet.com,shannon.taylor@phillipspet.com,http://www.phillipspet.com/,"Feed manufacturer, Warehouse",109 Knightsridge Rd,Spartanburg,South Carolina,29303,https://www.facebook.com/phillipsfeedpetsupply,https://www.linkedin.com/company/phillips-pet-food-%26-supplies
ProVision Partners Cooperative Stratford Feed Mill,+1 715-687-4136,mraasch@provisionpartners.coop,akurtzweil@provisionpartners.coop,http://provisionpartners.coop/,Feed manufacturer,212821 Legion St,Stratford,Wisconsin,54484,https://www.facebook.com/ProVision-Partners-Cooperative-630695800400911/,http://www.linkedin.com/company/6794821
Quality Liquid Feeds,+1 918-683-7215,,,,"Feed manufacturer, Animal feed store",2530 Port Pl,Muskogee,Oklahoma,74403,,
"Ajinomoto Animal Nutrition North America, Inc.",+1 773-380-7000,nc_csr@ajiusa.com,nctechnicalservices@ajiusa.com,https://www.ajihealthandnutrition.com/,"Feed manufacturer, Animal feed store",8430 W Bryn Mawr Ave ste 650,Chicago,Illinois,60631,https://www.facebook.com/AjinomotoNorthAmericaInc/,https://www.linkedin.com/company/ajinomoto-health-
Sharp's Little Pig Town LLC,+1 541-570-5630,teamsharp@sharpspigandpet.com,,http://sharpspigandpet.com/,"Feed manufacturer, Service establishment, Animal feed store",,,,,,
Simmons Pet Food,+1 479-752-5000,,,,Feed manufacturer,316 N Hico St,Siloam Springs,Arkansas,72761,,
"Hopedale Agri Center, Inc. & The Mill Gift Shop",+1 309-449-5526,info@indiantypefoundry.com,hopedaleag@gmail.com,http://hacfeeds.com/,"Feed manufacturer, Farm equipment supplier, Farm shop, Animal feed store, Gift shop",615 IL-122,Hopedale,Illinois,61747,https://www.facebook.com/463600636988878,
Hamm Feeds LLC,+1 812-256-3012,customerservice@ampcorporate.com,ccpinquiry@ampcorporate.com,https://hammfarmfeeds.com/,"Feed manufacturer, Animal feed store, Hay supplier",814 Hansberry Rd,Memphis,Indiana,47143,,
Heritage Beef,+1 620-275-4195,cosborne@heritagebeef.com,dholloway@heritagebeef.com,http://heritagebeef.com/,Feed manufacturer,1506 Co Rd 30,Sublette,Kansas,67877,,http://www.linkedin.com/company/8010554
Northland Choice,+1 844-588-4292,sales@northlandchoice.com,info@northlandchoice.com,https://northlandchoice.com/,Feed manufacturer,437 34th Ave S,Waite Park,Minnesota,56387,,http://linkedin.com/company/northlandchoice
Wilroads Feed Yard,+1 620-225-3960,wilroadsfeedyardllc@gmail.com,,https://wilroadsfeedyard.com/,Feed manufacturer,11449 Lariat Way,Dodge City,Kansas,67801,https://www.facebook.com/wilroadsfeedyard/,
APEX FEED,+1 918-721-1148,,,,Feed manufacturer,251 SW 1030th Ave,Wilburton,Oklahoma,74578,,
New Fashion Pork,+1 515-539-4315,,,,Feed manufacturer,2790 Little Wall Lake Rd,Jewell,Iowa,50130,,
New Country Organics,+1 540-469-0694,tyler@newcountryorganics.com,tyler.hoffman@newcountryorganics.com,http://www.newcountryorganics.com/,"Feed manufacturer, Fertilizer Store",801 2nd St,Waynesboro,Virginia,22980,https://www.facebook.com/newcountryorganics/,http://www.linkedin.com/company/7140884
Ocean Nutrition,+1 801-956-0662,c.moore@oceannutrition.com,info@oceannutrition.com,http://www.oceannutrition.com/,"Feed manufacturer, Animal feed store, Frozen food store",8239 Enterprise Dr,Newark,California,94560,,
Wenger's Feed Mill,+1 717-365-3790,nszmyd@wengerfeeds.com,bachor@wengerfeeds.com,http://www.wengerfeeds.com/,Feed manufacturer,8959 PA-25,Spring Glen,Pennsylvania,17978,https://www.facebook.com/wengerfeeds,http://www.linkedin.com/company/340703
Cobb-Vantress Inc Feed Mill,+1 606-387-0625,,,,"Feed manufacturer, Night club",1475 Old Burkesville Rd,Albany,Kentucky,42602,,
Christensen Farms Feed Mill,+1 507-220-1983,jhaala@christensenfarms.com,aportner@christensenfarms.com,https://www.christensenfarms.com/,Feed manufacturer,10100 360th St,Forest City,Iowa,50436,https://www.facebook.com/christensenfarms/,http://www.linkedin.com/company/113248
American Pet Dinner,+1 800-656-2691,lisa.marshall@americanpet.com,info@americanpet.com,https://americanpet.com/,Feed manufacturer,1497 4000 N,Buhl,Idaho,83316,https://www.facebook.com/AmericanPet7046/,
Graham's Organic Livestock Feeds,+1 989-433-5900,info@grahamsorganics.com,j.graham@grahamsorganics.com,http://grahamsorganics.com/,"Feed manufacturer, Animal feed store",3654 E Weidman Rd,Rosebush,Michigan,48878,https://www.facebook.com/grahamsorganics/,
NewStar Sourcing And Service,+1 844-608-9789,,,https://newstarsourcing.com/,"Feed manufacturer, Agricultural Product Wholesaler, Agricultural production",805 S Union St,Fremont,Nebraska,68025,https://www.facebook.com/pages/,
Mid-State Milling,+1 712-792-3506,,,,"Feed manufacturer, Animal feed store, Grain elevator",620 W 3rd St,Carroll,Iowa,51401,,
Meiserville Feeds,+1 570-539-8855,,,,Feed manufacturer,127 Mill Rd,Mt Pleasant Mills,Pennsylvania,17853,,
Holmes Foods Inc - Broiler Feedmill,+1 830-437-2555,,,,Feed manufacturer,2170 Farm to Market 108 S,Gonzales,Texas,78629,,
Farmer's Market of Bolivar,+1 417-326-2434,,,,Feed manufacturer,1184 E 460th Rd,Bolivar,Missouri,65613,,
Alfagreen Supreme,+1 800-834-8563,bblessing@alfagreensupreme.com,csirchio@alfagreensupreme.com,https://www.alfagreensupreme.com/,"Feed manufacturer, Agricultural Product Wholesaler",2404 N Summit St,Toledo,Ohio,43611,https://www.facebook.com/Alfagreen-Supreme-719628638093385/,http://www.linkedin.com/company/4030800
Harrison Poultry Inc Feed Mill,+1 770-867-7568,,,,"Feed manufacturer, Animal feed store",243 E Midland Ave,Winder,Georgia,30680,,
Cargill Animal Nutrition,+1 518-860-1487,angela_taulbee@cargill.com,christian_butler@cargill.com,http://www.cargill.com/,Feed manufacturer,200 Kean St,Albany,New York,12202,https://www.facebook.com/CargillCares/,https://www.linkedin.com/company/cargill
Daily Dose Equine LLC,+1 301-304-2865,info@dailydoseequine.com,,http://www.dailydoseequine.com/,Feed manufacturer,11339 Liberty Rd,Frederick,Maryland,21701,,
"Kreamer Feed, Inc.",+1 800-767-4537,pam.rettinger@kreamerfeed.com,keith.fleetwood@kreamerfeed.com,https://kreamerfeed.com/,Feed manufacturer,215 Kreamer Ave,Kreamer,Pennsylvania,17833,https://www.facebook.com/NaturesBestOrganic,https://www.linkedin.com/company/kreamer-feed-inc
ADM Animal Nutrition,+1 417-868-7800,solutions@admanimalnutrition.com,,https://www.admanimalnutrition.com/,Feed manufacturer,1300 W Locust St,Springfield,Missouri,65803,https://www.facebook.com/160941407260004,
Research Diets Inc,+1 732-247-2390,syeung@researchdiets.com,larose@researchdiets.com,https://researchdiets.com/,"Feed manufacturer, Laboratory equipment supplier, Research and product development",20 Jules Ln,New Brunswick,New Jersey,08901,,https://www.linkedin.com/company/research-diets-inc-
Insight FS,+1 800-883-7519,steve.hellenbrand@insightfs.com,crasmussen@insightfs.com,http://insightfs.com/,"Feed manufacturer, Agricultural cooperative, Agricultural service, Animal feed store",206551 County Hwy M,Stratford,Wisconsin,54484,https://www.facebook.com/insightfsWI/,https://www.linkedin.com/company/insight-fs
Prestage Farms Inc,+1 910-592-3531,kpolk@prestagefarms.com,natalie.mccollough@prestagefarms.com,https://www.prestagefarms.com/,Feed manufacturer,735 Moltonville Rd,Clinton,North Carolina,28328,https://www.facebook.com/PrestageFarms,https://www.linkedin.com/company/prestage-farms
CORNERSTONE ORGANIC FEED LLC,+1 610-894-5106,,,,Feed manufacturer,509 Long Ln,Kutztown,Pennsylvania,19530,,
Stevens Feed Mill Inc,+1 717-336-2150,delvin@stevensfeed.com,info@stevensfeed.com,http://stevensfeed.com/,"Feed manufacturer, Animal feed store",28 Stevens Rd,Stevens,Pennsylvania,17578,https://www.facebook.com/people/Stevens-Feed-Mill-of-Rural-Retreat/100086971491520/,https://www.linkedin.com/company/stevens-feed-mill-inc
Purina Mills,+1 417-831-5524,,,,Feed manufacturer,2726 W Division St,Springfield,Missouri,65802,,
Tyson Foods Feed Mill- Banks,+1 334-688-6753,,,,Feed manufacturer,498 Co 4434,Banks,Alabama,36005,,
"AccuForage- Greendale Farms, LLC",+1 814-837-7165,accuforage@gmail.com,,http://www.accuforage.com/,Feed manufacturer,3217 US-6,Kane,Pennsylvania,16735,https://www.facebook.com/164034457652557,
The Dog Bone LLC,+1 860-375-8474,thedogbonellc@gmail.com,,http://www.thedogbonellc.com/,Feed manufacturer,49 Beelzebub Rd,South Windsor,Connecticut,06074,,
Seminole Feed,+1 800-683-1881,cgledden@seminolefeed.com,rdesimone@seminolefeed.com,https://seminolefeed.com/,Feed manufacturer,335 NE Watula Ave,Ocala,Florida,34470,https://www.facebook.com/seminolestores/,https://www.linkedin.com/company/seminole-feed/
Cohocton Valley Mill,+1 585-738-9786,,,,Feed manufacturer,40 Mill St,Cohocton,New York,14826,,
"F.M. Brown's Sons, Inc.",+1 800-334-8816,tombrown@fmbrown.com,cecilcampbell@fmbrown.com,https://www.fmbrown.com/,"Feed manufacturer, Warehouse",205 Woodrow Ave,Sinking Spring,Pennsylvania,19608,https://www.facebook.com/tropicalcarnival,http://www.linkedin.com/company/703268
"F.M. Brown's Sons, Inc.",+1 800-334-8816,tombrown@fmbrown.com,cecilcampbell@fmbrown.com,https://www.fmbrown.com/,"Feed manufacturer, Warehouse",205 Woodrow Ave,Sinking Spring,Pennsylvania,19608,https://www.facebook.com/tropicalcarnival,http://www.linkedin.com/company/703268
Seaboard Foods of Iowa LLC,+1 641-648-5020,david_eaheart@seaboardfoods.com,david.eaheart@seaboardfoods.com,https://www.seaboardfoods.com/,Feed manufacturer,411 Lawler St,Iowa Falls,Iowa,50126,https://www.facebook.com/sbfoods/,https://www.linkedin.com/company/seaboard-foods
International Feed Pellet Manufacturing LLC,+1 213-949-6292,isaac.maya@internationalfeedpellet.com,john.damron@internationalfeedpellet.com,https://www.internationalfeedpellet.com/,"Feed manufacturer, Animal feed store",1323 SE 17th St APT 521,Fort Lauderdale,Florida,33316,,
Chuckanut,+1 541-926-9300,dbushch@chuckanutproducts.com,kweaver@chuckanutproducts.com,http://www.chuckanutproducts.com/,Feed manufacturer,38942 Mason St SE,Albany,Oregon,97321,https://www.facebook.com/162833377075157,
Barnyard Feeds,+1 641-220-2272,,,,Feed manufacturer,1585 Shadow Ave,Charles City,Iowa,50616,,
Tyson Feed Mill- Craig,+1 580-584-2061,legalprivacy@tyson.com,localgrainservices@tyson.com,http://localgrainservices.com/,Feed manufacturer,4234 Red Arrow Rd,Broken Bow,Oklahoma,74728,,
Foxden Equine,+1 540-337-5450,meg@foxdenequine.com,info@foxdenequine.com,http://www.foxdenequine.com/,"Feed manufacturer, Animal feed store, Vitamin & supplements store",2428 Stuarts Draft Hwy,Stuarts Draft,Virginia,24477,https://www.facebook.com/FoxdenEquine,
Hubbard Feeds,+1 507-544-8015,tylerm@hubbardfeeds.com,pauln@hubbardfeeds.com,https://www.hubbardfeeds.com/,Feed manufacturer,23650 MN-60,Worthington,Minnesota,56187,https://www.facebook.com/hubbardfeedsinc/info/?tab=page_info,https://www.linkedin.com/company/hubbard-feeds-inc
Fisher's Molasses,+1 717-300-8066,,,,Feed manufacturer,34 Keefer Ln,Shippensburg,Pennsylvania,17257,,
"Pacific Elements, LLC.",+1 209-541-1216,fkerr@pacificelements.net,reseverson@fire2wire.com,http://www.pacificelements.net/,"Feed manufacturer, Dairy Products Supplier",5001 Prairie Flower Rd,Ceres,California,95307,https://www.facebook.com/128596627158439,http://www.linkedin.com/company/4659361
"Purina Animal Nutrition (Spencer, WI)",+1 715-223-2356,howard.vroom@purinamills.com,pete.theisen@purinamills.com,https://www.purinamills.com/,Feed manufacturer,213644 State Hwy 13,Spencer,Wisconsin,54479,https://www.facebook.com/PurinaHorse/,http://www.linkedin.com/company/712782
Land O'Lakes Purina Feed,+1 765-962-9561,sdewhirst@landolakes.com,mtrumper@landolakes.com,http://www.landolakes.com/,"Feed manufacturer, Manufacturer",505 N 4th St,Richmond,Indiana,47374,https://www.facebook.com/LandoLakes,http://linkedin.com/company/land-o-lakes-dairy-foods
Land O' Lakes - Nutra Blend - Purina Animal Nutrition,+1 641-423-3419,slcooper@nutrablend.com,pdecker@nutrablend.com,https://www.nutrablend.com/,Feed manufacturer,1609 19th St SW,Mason City,Iowa,50401,,
CHS Nutrition,+1 701-493-2271,,,,Feed manufacturer,8170 State Rte 13,Edgeley,North Dakota,58433,,
C P Feeds LLC,+1 920-775-9600,dschueller@cpfeeds.com,bmeyer@cpfeeds.com,https://www.cpfeeds.com/,"Feed manufacturer, Animal feed store",16322 E Washington St,Valders,Wisconsin,54245,https://www.facebook.com/pages/Cp-Feeds-LLC/104230849644667,http://www.linkedin.com/company/2879449
CHS Nutrition Inc.,+1 541-995-6384,,,,"Feed manufacturer, Agricultural cooperative",815 S 2nd St,Harrisburg,Oregon,97446,,
"Omega Protein, Inc.",+1 337-893-2933,scisco@omegaprotein.com,rgardner@omegaprotein.com,http://www.omegaprotein.com/,Feed manufacturer,9730 Andrew Rd,Abbeville,Louisiana,70510,http://www.facebook.com/pages/Omega-Protein/109589885734100,http://www.linkedin.com/company/154510
Alura – Animal Health,+1 919-300-7515,humberto@caviard.com,david@saban-agrica.com,https://alura.bio/,Feed manufacturer,1307 Person St,Durham,North Carolina,27703,,
Livestock Nutrition Center,+1 479-202-8705,daneeh@lnc-online.com,jjansen@lnc-online.com,http://www.lnc-online.com/,"Feed manufacturer, Animal feed store",13824 US-64,Atkins,Arkansas,72823,https://www.facebook.com/LivestockNutritionCenter/,http://www.linkedin.com/company/4775165
Father Nature,+1 803-473-4927,info@blackrivertools.com,service@blackrivertools.com,http://fathernature.org/,Feed manufacturer,6509 SC-260,Manning,South Carolina,29102,http://www.facebook.com/pages/,
New Country Organics,+1 540-469-0694,tyler@newcountryorganics.com,tyler.hoffman@newcountryorganics.com,http://www.newcountryorganics.com/,"Feed manufacturer, Fertilizer Store",211 15th St,Lubbock,Texas,79401,https://www.facebook.com/newcountryorganics/,http://www.linkedin.com/company/7140884
Etna Valley Feed,+1 479-719-0131,,,,Feed manufacturer,4336 State Hwy 288,Ozark,Arkansas,72949,,
Crude Carnivore,,hello@crudecarnivore.com,,http://www.crudecarnivore.com/,"Feed manufacturer, Service establishment",,,,,https://www.facebook.com/crudecarnivore,
Fairview Mills,+1 417-845-1956,,,,Feed manufacturer,"707 South, MO-59",Anderson,Missouri,64831,,
Tyson Feed Mill Sedalia,+1 660-827-8858,,,,Feed manufacturer,22749 State Hwy T,Sedalia,Missouri,65301,,
Land O'Lakes Purina Feed,+1 470-252-7101,,,,Feed manufacturer,1125 Purina Dr,Gainesville,Georgia,30501,,
"Form-A-Feed, Inc",+1 320-562-2413,michaelringgenberg@formafeed.com,tschoenfeld@formafeed.com,https://formafeed.com/,Feed manufacturer,841 North St,Stewart,Minnesota,55385,https://www.facebook.com/formafeed/,http://www.linkedin.com/company/9233995
Lincoln Premium Poultry Feed Mill,+1 402-704-2200,jkolterman@lincolnpremiumpoultry.com,,http://lincolnpremiumpoultry.com/,Feed manufacturer,2045 S Downing St,Fremont,Nebraska,68025,https://www.facebook.com/lincolnpremiumpoultry/,https://www.linkedin.com/company/lincoln-premium-poultry
Prince Agri Products Inc.,+1 217-592-1458,,,,"Feed manufacturer, Grain elevator",6930 F St,Omaha,Nebraska,68117,,
MFA Agri Services,(573) 764-3912,dmoore@mfa-inc.com,skoch@mfa-inc.com,https://www.mfa-inc.com/,"Feed manufacturer, Animal feed store",228 Main St,Gerald,Missouri,63037,https://www.facebook.com/mfaincorporated,https://www.linkedin.com/company/mfa-incorporated
"Newtown Farm Service, Inc",(765) 295-2241,,,http://www.nfsinc.bz/,Feed manufacturer,2231 IN-341,Attica,Indiana,47918,,
GB Feeds,(620) 639-3337,,,http://www.gbfeeds.com/,"Feed manufacturer, Service establishment",,,,,https://www.facebook.com/107773225146812,
Afgritech Llc,(315) 785-3625,lesb@aminomax.com,lisa@aminomax.com,https://aminomax.com/,Feed manufacturer,810 Waterman Dr,Watertown,New York,13601,https://www.facebook.com/Aminomaxdairybypass,http://www.linkedin.com/company/6953887
Livestock Nutrition Center,(620) 257-5088,daneeh@lnc-online.com,jjansen@lnc-online.com,http://www.lnc-online.com/,Feed manufacturer,1310 12th Rd,Lyons,Kansas,67554,https://www.facebook.com/LivestockNutritionCenter/,http://www.linkedin.com/company/4775165
Majestic Milling Company,(800) 659-9537,mark@majesticmilling.com,,http://www.majesticmilling.com/,Feed manufacturer,13164 FR 1010 #1005,Exeter,Missouri,65647,,
NickerDoodles Gourmet Horse Treats,(833) 472-9464,info@nickerdoodles.com,,https://www.nickerdoodles.net/,"Feed manufacturer, Service establishment",,,,,https://www.facebook.com/NickerDoodleshorsetreats/,
EZ Hulls,(530) 554-5884,,,,"Feed manufacturer, Service establishment",,,,,,
"Trillium Farm Holdings, LLC",(740) 817-2984,,,https://grains.versova.com/,Feed manufacturer,10750 Croton Rd,Hartford,Ohio,43013,,
Simmons Protein,(417) 762-3001,,,,Feed manufacturer,10700 State Hwy 43,Southwest City,Missouri,64863,,
"United Animal Health, Inc",(309) 747-2196,jim.garrod@unitedanh.com,uah.service@unitedanh.com,http://www.unitedanh.com/,Feed manufacturer,116 2nd St,Gridley,Illinois,61744,https://www.facebook.com/UnitedAnH/,
"Integrated Proteins, LLC",(816) 702-8600,ty@integrated-pro.com,rot@integrated-pro.com,https://www.integrated-pro.com/,Feed manufacturer,1801 NW Platte Rd Suite 200B,Riverside,Missouri,64150,,
Ocean Star International,(435) 872-8217,goe@oceanstarinternational.com,sales.osi@gmail.com,http://www.oceanstarinternational.com/,"Feed manufacturer, Shipping and mailing",65 N Stone Rd,Snowville,Utah,84336,,
Custom Feeds,(563) 263-3002,,,,Feed manufacturer,2392 231st St,Muscatine,Iowa,52761,,
Allied Coop,(608) 989-2298,mwhalen@allied.coop,nausen@allied.coop,https://www.allied.coop/,Feed manufacturer,1015 E Broadway St,Blair,Wisconsin,54616,https://www.facebook.com/194995080689117,http://www.linkedin.com/company/10311285
Agrifeed Inc,,info@agrifeedinc.com,contact@sansoxygen.com,http://agrifeedinc.com/,Feed manufacturer,30 Wall St 8th floor,New York,New York,1005,,
Heimsoth Brothers Feed,(660) 221-5646,,,,Feed manufacturer,201 E Junge St,Cole Camp,Missouri,65325,,
For the Birds,,southwestblend@gmail.com,,http://www.forthebirdsdurango.com/,Feed manufacturer,"Critter Cottage, 8 Town Plaza, Kroegers, 8 Town Plaza",Durango,Colorado,81301,,
Precision Nutrition,(605) 928-7954,,,,Feed manufacturer,102 S Depot St,Parkston,South Dakota,57366,,
Haas Acres,(563) 380-3139,,,,Feed manufacturer,14993 481st Ave,Madelia,Minnesota,56062,,
Dyets Inc.,(800) 275-3938,wes@dyets.com,steven@dyets.com,https://dyets.com/,Feed manufacturer,2508 Easton Ave,Bethlehem,Pennsylvania,18017,,http://www.linkedin.com/company/8234049
Forget Genetics LLC,(717) 389-6620,,,https://www.forgetgenetics.com/,"Feed manufacturer, Service establishment",,,,,,
Forget Genetics LLC,(717) 389-6620,,,https://www.forgetgenetics.com/,"Feed manufacturer, Service establishment",,,,,,
Furry Fam,(850) 598-8957,,,,Feed manufacturer,704 Legion Dr Unit 4,Destin,Florida,32541,,
Feed Sources,(972) 996-6965,info@feedsources.com,,http://www.feedsources.com/,Feed manufacturer,1916 Gallagher Dr,Sherman,Texas,75090,,http://linkedin.com/company/feed-sources
"Zeocem, Inc.",(404) 218-1838,zeocem@zeocem.sk,sales@zeocem.us,http://www.zeocem.us/,Feed manufacturer,5500 Highlands Pkwy SE,Smyrna,Georgia,30082,,
Union Pacific Global IV Transload / JCT,(779) 225-1030,,,https://g4transload.com/,Feed manufacturer,2600 Centerpoint Way,Joliet,Illinois,60436,,
Kalmbach Feeds - REK Feed Mill,,lauren.gerig@kalmbachfeeds.com,paul.kalmbach@kalmbachfeeds.com,http://www.kalmbachfeeds.com/,Feed manufacturer,11218 Co Hwy 44,Upper Sandusky,Ohio,43351,https://www.facebook.com/kalmbachfeeds,https://www.linkedin.com/company/kalmbach-feeds-inc-
Buck Forage - Food Plot products - Best Deer Food Plot Seed - Top Deer Feed Oats - United States,(346) 707-6023,info@buckforage.com,,https://buckforage.com/,Feed manufacturer,35529 FM 1093,Simonton,Texas,77476,,
Westway Feed Products LLC,(402) 733-7377,joseph.kite@westwayfeed.com,joey.kite@westwayfeed.com,https://www.westwayfeed.com/,Feed manufacturer,1201 M St,Omaha,Nebraska,68107,https://www.facebook.com/westwayfeed,https://www.linkedin.com/company/westway-feed-products-llc
Raeford Farms Of Louisiana Feed Mill,(318) 768-2501,,,,Feed manufacturer,447 N Depot Ave,Choudrant,Louisiana,71227,,
Nature Tails,(615) 380-1914,contact@shopnaturetails.com,,https://shopnaturetails.com/,"Feed manufacturer, Service establishment",,,,,,
MPG FEEDMILL,(913) 367-1480,,,,Feed manufacturer,199 S 14th St,Atchison,Kansas,66002,,
Steer Feeders Limited LLC,(920) 948-3516,lynnguenzel@gmail.com,,http://steerfeeder.com/,Feed manufacturer,W10075 Triple Kay Rd,Rosendale,Wisconsin,54974,,
Furst-McNess Company,,todd.nicklaus@mcness.com,tiffany.england@mcness.com,http://www.mcness.com/,Feed manufacturer,5435 NW 100th St Suite 401,Johnston,Iowa,50131,https://www.facebook.com/Furst-McNess-Company-182809978421406/,http://www.linkedin.com/company/3344054
Western Milling Co,(559) 302-1000,jwilhelm@westernmilling.com,bberczynski@westernmilling.com,http://www.westernmilling.com/,Feed manufacturer,15290 C St,McFarland,California,93250,https://www.facebook.com/133429886714035,https://www.linkedin.com/company/westernmilling
lila´s taste,(863) 521-5567,,,,"Feed manufacturer, Service establishment",,,,,,
Riomax,(888) 202-5671,tcct@riomax.net,cct@riomax.net,http://www.riomax.net/,Feed manufacturer,816 Northwood Dr,Redwood Falls,Minnesota,56283.0,https://www.facebook.com/RioNutrition.net,
Penny Newman Grain Co.,(573) 888-4516,jmanuel@penny-newman.com,babel@penny-newman.com,http://www.penny-newman.com/,Feed manufacturer,505 Independence Ave,Kennett,Missouri,63857,https://www.facebook.com/PennyNewmanFarmProducts/,http://www.linkedin.com/company/4033108
Midwest PMS LLC,(800) 635-3031,info@mwpms.com,,https://www.mwpms.com/,Feed manufacturer,4340 Co Rd 8,Hereford,Texas,79045,https://www.facebook.com/midwestpms/about_contact_and_basic_info/,https://www.linkedin.com/company/midwest-pms-llc
Livestock Nutrition Center,(806) 391-1001,daneeh@lnc-online.com,jjansen@lnc-online.com,http://www.lnc-online.com/,Feed manufacturer,4315 Co Rd 8,Hereford,Texas,79045,https://www.facebook.com/LivestockNutritionCenter/,http://www.linkedin.com/company/4775165
Pilgrim's Pride Corporation,(903) 855-4658,zach.gall@pilgrims.com,mitchell.lucas@pilgrims.com,https://www.pilgrims.com/,"Feed manufacturer, Animal feed store",217 Market St,Pittsburg,Texas,75686,http://www.facebook.com/pilgrimschicken,https://www.linkedin.com/company/pilgrims-corp
Boyd Station LLC,+1 866-411-2693,smiller@boydstation.com,rcotner@boydstation.com,http://boydstation.com/,Feed manufacturer,557 Elysburg Rd,Danville,Pennsylvania,17821,https://www.facebook.com/122775667781041,http://www.linkedin.com/company/4492134
Perdue Farms - Candor Feed Mill,+1 910-673-4148,j.wright@perdueagribusiness.com,t.ferguson@perdueagribusiness.com,http://www.perdueagribusiness.com/,"Feed manufacturer, Grain elevator",189 Perdue Way,Eagle Springs,North Carolina,27242,https://www.facebook.com/160327367324124,http://www.linkedin.com/company/8877712
Perdue Farms - Elkin Feed Mill,+1 336-338-7388,justin.plankey@perdue.com,grain@perdue.com,https://agstg.perdue.com/locations/elkin-nc/,"Feed manufacturer, Grain elevator",105 Greenwood Cir,Elkin,North Carolina,28621,,
Big Gain Inc,+1 507-387-7971,franck@biggain.com,larkin@biggain.com,https://biggain.com/,"Feed manufacturer, Animal feed store",418 Mathews St,Mankato,Minnesota,56001,https://www.facebook.com/169020069780358,http://linkedin.com/company/big-gain-inc.
Imperial Pre-Mix Co,+1 760-355-7997,ray@premixit.com,peter@premixit.com,http://www.premixit.com/,Feed manufacturer,422 E Barioni Blvd,Imperial,California,92251.0,,
Farrier's Magic,+1 800-321-6694,jeff.wenzlick@hotmail.com,farriersmagic@republicmills.com,https://farriersmagic.com/,"Feed manufacturer, Animal feed store",888 School St,Okolona,Ohio,43545,https://www.facebook.com/FarriersMagic/,
Tyson Foods Feed Mill- Dexter,+1 573-624-8266,legalprivacy@tyson.com,localgrainservices@tyson.com,http://localgrainservices.com/,Feed manufacturer,12845 Co Rd 717,Dexter,Missouri,63841,,
Wayne Farms Feed Mill,+1 706-652-3661,,,,Feed manufacturer,825 Twin Mill Dr,Maysville,Georgia,30558,,
Mountaire Farms Feed Mill -- Millsboro,+1 302-934-3008,khalsted@mountaire.com,tjohnson@mountaire.com,http://www.mountaire.com/,Feed manufacturer,29107 John J Williams Hwy,Millsboro,Delaware,19966,https://www.facebook.com/MountaireFarms,http://linkedin.com/company/mountaire-farms-of-delmarva-inc.
Allied Cooperative | Seymour Feed/Grain,+1 920-833-6151,mraasch@provisionpartners.coop,akurtzweil@provisionpartners.coop,http://provisionpartners.coop/,Feed manufacturer,440 Morrow St,Seymour,Wisconsin,54165,https://www.facebook.com/ProVision-Partners-Cooperative-630695800400911/,http://www.linkedin.com/company/6794821
Bachoco USA Feed Mill - Heavener,+1 918-653-1643,,,,Feed manufacturer,18593 OK-128,Heavener,Oklahoma,74937,,
Tyson Foods Feed Mill- Holdenville,+1 405-379-4431,legalprivacy@tyson.com,localgrainservices@tyson.com,http://localgrainservices.com/,Feed manufacturer,201 Kingsberry Rd,Holdenville,Oklahoma,74848,,
Haystack Farm & Feeds,+1 541-475-2319,info@haystackfeeds.com,,https://haystackfeeds.com/,"Feed manufacturer, Farm",556 SW Holly Ln,Culver,Oregon,97734,,
"Snider's Elevator, Inc.",+1 717-328-2107,wsnider@sniderselevator.com,staff@sniderselevator.com,http://www.sniderselevator.com/,"Feed manufacturer, Clothing store, Animal feed store, Grain elevator, Pet supply store, Shoe store, Tack shop",4551 Lemar Rd,Mercersburg,Pennsylvania,17236,https://www.facebook.com/Sniders-Elevator-Inc-137511706290288/,http://www.linkedin.com/company/4466298
"The Feed Mill, Inc.",+1 218-354-2247,,,,Feed manufacturer,104 5th Ave SE,Barnesville,Minnesota,56514,,
Vitalix Manufacturing Plant,+1 800-423-8827,greg@vitalix.com,orders@vitalix.com,http://www.vitalix.com/,Feed manufacturer,"3278 Road, Rd 101E",Sidney,Nebraska,69162,https://www.facebook.com/VitalixInc/,http://www.linkedin.com/company/7258280
Vitalix Inc,+1 800-423-8827,greg@vitalix.com,orders@vitalix.com,http://www.vitalix.com/,Feed manufacturer,1820 10th Ave,Sidney,Nebraska,69162,https://www.facebook.com/VitalixInc/,http://www.linkedin.com/company/7258280
Baja Yucca Company,+1 602-687-6166,info@bajayuccacompany.com,,https://www.bajayuccacompany.com/,Feed manufacturer,8711 E Pinnacle Peak Rd #263,Scottsdale,Arizona,85255,,
"St. Ansgar Mills, Inc.",+1 641-713-4737,e.kleinwort@stamills.net,shayle.stewart@dtn.com,http://stamills.net/,Feed manufacturer,402 E 7th St,St Ansgar,Iowa,50472,,
R & W Milling Co,+1 785-456-7866,info@rwmilling.com,n.hupe@rwmilling.com,http://rwmilling.com/,Feed manufacturer,18124 Military Trail Rd,Wamego,Kansas,66547,,
Imperial Western Products,+1 760-398-0815,jharger@iwpusa.com,info@iwpusa.com,http://iwpusa.com/,Feed manufacturer,86600 Avenue 54,Coachella,California,92236,,
Alabama Catfish Feedmill LLC,+1 334-628-6446,,,,Feed manufacturer,1420 Washington St,Uniontown,Alabama,36786,,
HOG Farms and Feed,,eben@eyebytes.com,jonpinhorn.typedesign@gmail.com,https://hogfarmsandfeed.com/,Feed manufacturer,14425 SE Wallace Rd,Dayton,Oregon,97114,https://www.facebook.com/1206851029366351,
CP Feeds,+1 920-775-9570,,,,Feed manufacturer,361 County Rd U,Wrightstown,Wisconsin,54180,,
Tyson Foods Inc Feed Mill,+1 479-890-6636,zachary.boyce@tyson.com,tyceandanne@gmail.com,https://www.tysonfoodscareers.com/Production/Facility-Locations.aspx,"Feed manufacturer, Supplier",5024 US-64,Russellville,Arkansas,72802,https://www.facebook.com/210912648933577,http://www.linkedin.com/company/4621609
Perfection Pet Truck Entrance,+1 559-302-4880,,,,Feed manufacturer,30366 Camp Dr,Visalia,California,93291,,
Freeman's Feedmill & Farms,+1 318-339-6080,,,http://freemansfeedmill.com/,"Feed manufacturer, Farm, Produce wholesaler",2600 US-84,Jonesville,Louisiana,71343,https://www.facebook.com/ChrisFreemanFarms/,
Key Ingredients,+1 608-637-3539,,,,Feed manufacturer,1225 Nelson Pkwy,Viroqua,Wisconsin,54665,,
Peace Valley Production,+1 863-944-4850,,,,Feed manufacturer,,Fort Meade,Florida,33841,,
JDH,+1 208-733-4583,amcgrain@jdhco.com,,http://www.jdhco.com/,"Feed manufacturer, Mill",2407 Warren Ave,Twin Falls,Idaho,83301,https://www.facebook.com/JDHeiskell,https://www.linkedin.com/company/j.d.-heiskell
"York Ag Products, Inc.",+1 717-843-9937,info@yorkag.com,bill@yorkag.com,http://www.yorkag.com/,"Feed manufacturer, Animal feed store",1060 Roosevelt Ave,York,Pennsylvania,17404,https://www.facebook.com/YorkAgProducts,https://www.linkedin.com/company/york-ag-products-inc
"Falls City Foods, LLC",+1 402-245-2130,romine@fallscitynebraska.org,g.jorn@fallscitynebraska.org,http://www.fallscitynebraska.org/falls-city/news/?item=14952,"Feed manufacturer, Logistics service",404 Pacific St,Falls City,Nebraska,68355,https://www.facebook.com/CityofFallsCityNE/,https://www.linkedin.com/company/falls-city-housing-authority
Somerset Milling Company,+1 814-445-7504,,,,"Feed manufacturer, Service establishment",,,,,,
"Phytobiotics North America, LLC",+1 919-651-8262,northamerica@phytobiotics.com,careers@phytobiotics.com,http://www.phytobioticsnorthamerica.com/,Feed manufacturer,209 New Edition Ct,Cary,North Carolina,27511.0,https://www.facebook.com/phytobioticsnorthamerica/,https://www.linkedin.com/company/phytobioticsnorthamerica
Aviagen,+1 918-235-6890,bdobbie@aviagen.com,jschlatter@bepc.com,https://en.aviagen.com/,Feed manufacturer,300 Drake Rd,Sallisaw,Oklahoma,74955,https://www.facebook.com/1649068482003552,https://www.linkedin.com/company/aviagen/
Cottor Farms,(715) 294-3263,,,https://www.cottorfarms.com/,"Feed manufacturer, Farm, Animal feed store, Pet supply store",2592 20th Ave,Osceola,Wisconsin,54020,,
Rudy’s Feed Mill,,rudysfeedmill@hotmail.com,,http://www.rudysfeedmill.com/,"Feed manufacturer, Agricultural product wholesaler, Animal feed store, Grain elevator",6845 S Western Ave,Oklahoma City,Oklahoma,73139,https://www.facebook.com/RudysFeedMill/,
"Merrick Pet Care, Inc.",(800) 664-7387,averheyden@merrickpetcare.com,jparsley@merrickpetcare.com,https://www.merrickpetcare.com/,Feed manufacturer,3275 Tierra Blanca Rd,Hereford,Texas,79045,https://www.facebook.com/merrickpetcare,https://www.linkedin.com/company/merrickpetcare
"Earlybird Nutrition, LLC",(309) 705-3010,shardman@earlybirdgoodfield.com,mwellman@earlybirdgoodfield.com,https://earlybirdgoodfield.com/,"Feed manufacturer, Farm shop, Animal feed store",300 E Broadway St,Roseville,Illinois,61473,https://www.facebook.com/earlybirdgoodfield,http://linkedin.com/company/earlybird-feed-&-fertilizer
Spencer Brother's Feed,(435) 393-0043,,,,Feed manufacturer,555 S State St,Mt Carmel,Utah,84755,,
Buck Bourbon,(502) 680-0544,info@buckbourbon.com,orders@buckbourbon.com,https://buckbourbon.com/,"Feed manufacturer, Service establishment, Animal feed store",,,,,https://www.facebook.com/buckbourbon1/,
Livestock Nutrition Center,(817) 232-8161,daneeh@lnc-online.com,jjansen@lnc-online.com,http://www.lnc-online.com/,Feed manufacturer,500 Burlington Rd,Saginaw,Texas,76179,https://www.facebook.com/LivestockNutritionCenter/,http://www.linkedin.com/company/4775165
The Harvest Company,(800) 680-8426,info@harvestmoonfeeds.com,info@theharvestcompany.com,http://harvestmoonfeeds.com/,Feed manufacturer,6420 OH-119,Maria Stein,Ohio,45860,http://www.facebook.com/theharvestcompanyofohio,
Melody Acre Farms,(260) 849-1272,,,,Feed manufacturer,555 W 350 S,Berne,Indiana,46711,,
Midwest Organics,(660) 298-9700,,,,Feed manufacturer,16929 State Hwy EE,Sedalia,Missouri,65301,,
Natural Farm Feed at The Copper Shop,(509) 723-5617,sales@nffmail.com,,https://naturalfarmfeed.com/,Feed manufacturer,6229 N Rambo Rd,Spokane,Washington,99224,,
Valley Proteins,(325) 482-0075,,,,Feed manufacturer,8394 FM 380,San Angelo,Texas,76905,,
Jennie-O Turkey Store,(218) 583-2550,,,,Feed manufacturer,300 Railway Ave,Henning,Minnesota,56551,,
Golden Rod Feed Mill,(256) 734-3562,,,,Feed manufacturer,85 13th St NE,Cullman,Alabama,35055,,
Earlybird Nutrition - Chapin,(217) 500-7057,shardman@earlybirdgoodfield.com,mwellman@earlybirdgoodfield.com,http://www.earlybirdgoodfield.com/,"Feed manufacturer, Animal feed store",201 Cooper St,Chapin,Illinois,62628,https://www.facebook.com/earlybirdgoodfield,http://linkedin.com/company/earlybird-feed-&-fertilizer
Hartzell Farm And Etna Elevator,(574) 858-0221,etnaelevator@kconline.com,astigma@astigmatic.com,https://www.etnaelevator.com/,"Feed manufacturer, Farm shop, Animal feed store, Sporting goods store",120 N Walnut St,Etna Green,Indiana,46524,https://www.facebook.com/113149232051698,
Feedmill,(770) 796-5646,tysonir@tyson.com,gary.mickelson@tyson.com,http://www.tyson.com/,Feed manufacturer,,Fairmount,Georgia,30139,http://facebook.com/tysononsite,http://www.linkedin.com/company/9111741
Cool Canine Natural Dog Treats,(417) 459-3017,kim@coolcaninedogtreats.com,,http://www.coolcaninedogtreats.com/,Feed manufacturer,26743 Deer Ln,Shell Knob,Missouri,65747,,
J.D. Heiskell & Co.,(970) 735-2670,jrodriguez@heiskell.com,trumsey@heiskell.com,http://www.heiskell.com/,"Feed manufacturer, Grain elevator",41490 Marble Ave,Stoneham,Colorado,80754,https://www.facebook.com/JDHeiskell/,http://www.linkedin.com/company/1074967
Lind Marine Collinsville,(707) 762-7251,john@lindmarine.com,,http://www.lindmarine.com/,"Feed manufacturer, Fertilizer supplier, Shipping service",1285 Collinsville Rd,Suisun City,California,94585,https://www.facebook.com/lind.marine.73,https://www.linkedin.com/company/lind-marine
Penny Newman Grain Co,(916) 714-2060,jmanuel@penny-newman.com,babel@penny-newman.com,http://www.penny-newman.com/,"Feed manufacturer, Animal feed store, Grain elevator",9183 Survey Rd,Elk Grove,California,95624,https://www.facebook.com/PennyNewmanFarmProducts/,http://www.linkedin.com/company/4033108
MASUMEX,+52 442 512 0698,ventas1@masumex.com.mx,,http://masumex.com.mx/,"Feed manufacturer, Animal feed store","Free Federal Highway km, 45 Warehouse 07 M2",Memphis,Tennessee,38197,,
J & R Distributing Inc,(605) 785-3553,rshelek@jrfeeds.com,ebaumgartner@jrfeeds.com,https://www.jrfeeds.com/,"Feed manufacturer, Animal feed store",518 Main Ave,Lake Norden,South Dakota,57248,https://www.facebook.com/1779266092295849,http://www.linkedin.com/company/551967
Godfrey's Feed- Desoto,(229) 337-2143,r.fisher@godfreysfeed.com,contact@godfreysfeed.com,http://www.godfreysfeed.com/,Feed manufacturer,107 Standard Elevator Rd,De Soto,Georgia,31743,https://www.facebook.com/godfreysfeed,
Stuart Farm & Ranch,(918) 546-2316,,,,Feed manufacturer,821 Roosevelt Ave,Stuart,Oklahoma,74570,,
Central Farm Service Feed Mill,(507) 863-2191,ehopp@cfscoop.com,mnims@cfscoop.com,http://cfscoop.com/,"Feed manufacturer, Animal feed store",101 4th Ave,Freeborn,Minnesota,56032,https://www.facebook.com/CentralFarmService/,https://www.linkedin.com/company/central-farm-service
Standard Advanced Products and Services,(304) 909-0044,contact@standardaps.com,,https://www.standardaps.com/,Feed manufacturer,247 West Ln Suite 2,Triadelphia,West Virginia,26059,,
Countryside Feed LLC,(866) 268-6777,dherbel@countrysidefeed.com,dmccormick@countrysidefeed.com,https://www.countrysidefeed.com/,"Feed manufacturer, Agricultural service, Animal feed store",1972 KS-187,Seneca,Kansas,66538,https://www.facebook.com/CountrysideFeed/,
Grasston Co-Op Feed Mill,(320) 396-2497,info@grasstoncoop.com,,http://grasstoncoop.com/,Feed manufacturer,209 Oak St,Grasston,Minnesota,55030,,
Global Nutritional Corporation,+1 908-465-9925,,,https://global-nutri.com/,Feed manufacturer,527 Grove Ave,Edison,New Jersey,08820,,
"Nutrition 101, LLC",+1 765-778-1101,jobs@101inc.com,accounting@101inc.com,https://101.us/,Feed manufacturer,4578 Division St,Wayland,Michigan,49348,https://www.facebook.com/101Inc/,https://www.linkedin.com/company/nutrition101
Livestock Nutrition Center,+1 620-260-2195,daneeh@lnc-online.com,jjansen@lnc-online.com,http://www.lnc-online.com/,Feed manufacturer,3680 Jones Ave,Garden City,Kansas,67846,https://www.facebook.com/LivestockNutritionCenter/,http://www.linkedin.com/company/4775165
Running Horse Feed,+1 800-383-6927,sales@runninghorsefeed.com,logan.ginkens@consumers-supply.com,https://runninghorsefeed.com/,Feed manufacturer,718 N Derby Ln,North Sioux City,South Dakota,57049,https://www.facebook.com/runninghorsefeeds/,
Big Sky Minerals,+1 330-763-4809,hilandsbigsky@bigskymineral.com,,https://bigskymineral.com/,"Feed manufacturer, Service establishment",,,,,https://www.facebook.com/bigskymineral,
Shetler Feeds LLC.,+1 660-596-2542,,,,Feed manufacturer,268 Audrain Rd 173,Clark,Missouri,65243,,
Hill's Pet Nutrition,+1 785-286-1451,renaud_voisin@hillspet.com,anne-elisabeth_loks@hillspet.com,https://www.hillspet.com/,Feed manufacturer,1035 NE 43rd St,Topeka,Kansas,66617,https://www.facebook.com/HillsPet/,https://www.linkedin.com/company/hill%27s-pet-nutrition
the Rodent Shoppe,+1 833-476-3368,,,,Feed manufacturer,129 Plantation Dr,Waller,Texas,77484,,
Cooper Farms North Mill,+1 419-375-4619,dennisg@cooperfarms.com,lindseyl@cooperfarms.com,https://www.cooperfarmsgrain.com/,Feed manufacturer,3310 OH-49,Fort Recovery,Ohio,45846,,
United Cooperative,+1 920-239-8887,daveb@unitedcooperative.com,garys@unitedcooperative.com,https://www.unitedcooperative.com/,"Feed manufacturer, Grain elevator",1236 Wilson Dr,Waupun,Wisconsin,53963,https://www.facebook.com/UnitedCooperative1936/,http://www.linkedin.com/company/854027
Kent Feeds,+1 402-564-1391,kent_heckman@kentfeeds.com,jim_white@kentfeeds.com,https://kentfeeds.com/,"Feed manufacturer, Store",5445 23rd St E,Columbus,Nebraska,68601,https://www.facebook.com/158413400859173,http://linkedin.com/company/kent-feeds-inc.
Wallace Feed Mill,+1 574-278-7151,,,,Feed manufacturer,7567 County Rd 950 S,Winamac,Indiana,46996,,
George's Inc. Feed Mill,+1 417-442-3500,,,,Feed manufacturer,9225 State Highway W,Cassville,Missouri,65625,,
Landus - SoyChlor,,amanda.rezac@landus.ag,terry.creel@landus.ag,http://www.landus.ag/,Feed manufacturer,1301 N Olive St,Jefferson,Iowa,50129,https://www.facebook.com/LandusAg,https://www.linkedin.com/company/landusag
IFA,+1 435-623-1949,,,,Feed manufacturer,2979 West 6300 South,Levan,Utah,84639,,
"GFP Global, Inc. DBA Genesis Feed Products",(208) 733-3377,david@genesisfeedproducts.com,jim@genesisfeedproducts.com,http://www.genesisfeedproducts.com/,Feed manufacturer,2547 Canyon Gate Pl,Twin Falls,Idaho,83301.0,,
Horse Guard Inc,(541) 923-3565,horsenutrition@horseguard.com,,https://horseguard.com/,"Feed manufacturer, Service establishment",,,,,https://www.facebook.com/HorseGuard,
AFCO Feed Mill,(509) 892-9927,afco@afcodistribution.com,,http://afcodistribution.com/,"Feed manufacturer, Service establishment",,,,,,
Penny-Newman Grain Co,(559) 448-8800,,,http://www.penny-newman.com/,Feed manufacturer,300 Codoni Ave,Modesto,California,95357.0,https://www.facebook.com/PennyNewmanFarmProducts/,https://www.linkedin.com/company/penny-newman-grain-co/
Mesa Verde Trading Co,(559) 276-2855,daniel@mesaverdetrading.com,,http://mesaverdetrading.com/,Feed manufacturer,2513 W Shaw Ave STE 101,Fresno,California,93711.0,,
Montana Premium Forage,,,,https://montanapremiumforage.com/,"Feed manufacturer, Service establishment",,,,,,
Just About Foods,(833) 737-2786,customer.service@justaboutfoods.com,,http://www.justaboutfoods.com/,Feed manufacturer,1747 Hancock St A,San Diego,California,92101.0,,https://www.linkedin.com/shareArticle?mini=true&url=https://www.justaboutfoods.com/
Goat Feed Truck,(970) 555-1234,,,,"Feed manufacturer, Service establishment",,,,,,
OT Feedyard & Research Center,(806) 276-5735,tony@otfeedyard.com,sabbott@otfeedyard.com,https://www.otfeedyard.com/,Feed manufacturer,975 Co Rd 606,Hereford,Texas,79045,,
JDH,(806) 367-9779,,,http://www.jdhco.com/,Feed manufacturer,1616 S Kentucky St c400,Amarillo,Texas,79102.0,https://www.facebook.com/JDH1886/,https://www.linkedin.com/company/jdhco/
Brenda and Dudley LLC DBA Cowtown Feed and Livestock,(505) 722-6913,,,,"Feed manufacturer, Service establishment",,,,,,
TwoBulls,(580) 255-2200,,,http://twobullsfeed.com/,Feed manufacturer,6716 Scott Rd,Bray,Oklahoma,73055.0,,
OSU Feed Mill,(405) 744-1423,,,,Feed manufacturer,202 Range Rd,Stillwater,Oklahoma,74074.0,,
Kindstrom-Schmoll Inc,(800) 634-8489,info@kindstrom-schmoll.com,,http://www.kindstrom-schmoll.com/,"Feed manufacturer, Service establishment",,,,,,https://www.linkedin.com/company/kindstrom-schmoll-inc./
PROVITA SUPPLEMENTS Inc.,(888) 580-7797,info@provita-supplements.de,,http://www.provita-supplements.com/,Feed manufacturer,6103 Blue Cir Dr,Minnetonka,Minnesota,55343.0,https://facebook.com/provitasupplements/,https://www.linkedin.com/company/provita-supplements/
"Hegg Mill, LLC",(608) 525-4545,heggmill@gmail.com,,http://www.heggmill.com/,Feed manufacturer,N23395 US-53,Ettrick,Wisconsin,54627.0,https://www.facebook.com/animalfeedmill/,
"Olmsted's Big Falls Mill, LLC",(715) 754-5362,,,,Feed manufacturer,130 N. Main St,Big Falls,Wisconsin,54926.0,,
biological prospects,(866) 721-1412,info@thriveah.com,,http://biologicalprospects.com/,Feed manufacturer,1038 Nandino Blvd,Lexington,Kentucky,40511.0,https://www.facebook.com/Equithrive,https://www.linkedin.com/company/thriveanimalhealth
Happy's Feed Store and Fuel Center,(308) 285-3641,,,http://happysfeed.com/,"Feed manufacturer, Boutique, Coffee shop, Convenience store, Animal feed store",35954 US-6,Palisade,Nebraska,69040.0,,
Blue Creek Feeds,(308) 778-5578,,,https://www.facebook.com/bcfeeds/,Feed manufacturer,19551 Rd 70,Oshkosh,Nebraska,69154.0,https://www.facebook.com/login/,
MPM Elite,(605) 277-9559,,,,Feed manufacturer,22875 383rd Ave,Wessington Springs,South Dakota,57382.0,,
NexGen Feed Solutions,(307) 286-1295,,,https://www.nexgenfeedsolutions.com/,Feed manufacturer,1222 Co Rd 150,Burns,Wyoming,82053.0,https://www.facebook.com/people/NexGen-Feed-Solutions-LLC/100076514101433/,https://www.linkedin.com/company/nexgen-feed-solutions/
"Sunbird, Inc. (Main Office)",(605) 353-1321,micah@micahrich.com,info@sunbird-inc.com,https://www.sunbird.global/,"Feed manufacturer, Agricultural service, Grain elevator, Manufacturer",702 3rd St SW,Huron,South Dakota,57350.0,,
Rhea Brothers GP,(402) 478-4344,,,,Feed manufacturer,800 Co Rd W51,Lyons,Nebraska,68038.0,,
Chandler Feed Co - Leota,(507) 443-5381,kurte@chandlerfeed.com,rachelm@chandlerfeed.com,http://www.chandlerfeed.com/,Feed manufacturer,10899 Birkett Ave,Leota,Minnesota,56153.0,,
Barnes Hay & Feed Co,(402) 567-2551,,,,Feed manufacturer,2227 Co Rd B,Uehling,Nebraska,68063.0,,
L&C Custom Feeds,(712) 470-4422,lccustomfeeds@gmail.com,,https://www.cleveringaequine.com/,Feed manufacturer,2989 250th St,Doon,Iowa,51235.0,https://www.facebook.com/LC-Custom-Feed-103311368337646,
Central Valley Ag Feedmill,(402) 897-3315,energy@cvacoop.com,darrell.wilhelm@cvacoop.com,http://cvacoop.com/,Feed manufacturer,28115 158th St,Duncan,Nebraska,68634.0,https://facebook.com/centralvalleyagcoop,https://www.linkedin.com/company/central-valley-ag-coop/
PTUSA York,(402) 745-7027,john.mccurry@ptusallc.com,matt.harrison@ptusallc.com,https://www.pellettechnologyusa.com/,Feed manufacturer,2941 N Division Ave,York,Nebraska,68467.0,https://www.facebook.com/PelletTech,https://www.linkedin.com/company/pellettech
Seaboard Feedmill,(580) 822-4520,,,http://seaboardfoods.com/,Feed manufacturer,202 Industrial Ave,Okeene,Oklahoma,73763.0,https://www.facebook.com/sbfoods,https://www.linkedin.com/company/seaboard-foods
"Shaw Feedyard, Inc.",(620) 635-2670,kendallhopp83@gmail.com,brett2shaw2@gmail.com,http://www.shawfeedyardinc.com/,"Feed manufacturer, Agricultural production, Animal feed store",2428 County Road 15,Ashland,Kansas,67831.0,,
"Cuprem, Inc.",(402) 752-3223,info@cuprem.com,,http://www.cuprem.com/,"Feed manufacturer, Service establishment",,,,,,
Pleasant Valley Milling,(620) 548-2525,,,,"Feed manufacturer, Farm",17379 4th Ave,Mullinville,Kansas,67109.0,,
IDS,(417) 537-0164,,,,Feed manufacturer,907 G St,Golden City,Missouri,64748.0,,
Tyson Foods Feed Mill- Bergman,(870) 741-7367,,,,Feed manufacturer,212 Tyson Dr,Bergman,Arkansas,72615.0,,
Perdue AgriBusiness - Earlville Blending Protein Plant,(319) 423-6990,scott.raubenstine@perdue.com,justin.plankey@perdue.com,http://www.perdueagribusiness.com/,Feed manufacturer,100-198 N William St,Earlville,Iowa,52041.0,,
Darling International Inc.,(309) 476-8111,kamil.lukaszewicz@miropasz.pl,robert.stefaniak@miropasz.pl,https://www.darlingii.com/,Feed manufacturer,202 Bengston St,Lynn Center,Illinois,61262.0,,https://www.linkedin.com/company/darling-ingredients/
Dawe's Laboratories,(515) 549-3362,hq@dawesnutrition.com,,http://www.dawesnutrition.com/,Feed manufacturer,1682 230th St,Moorland,Iowa,50566.0,,
Five Star Cooperative - Klemme,(641) 587-2207,marketing@fivestarcoop.com,,http://www.fivestarcoop.com/,"Feed manufacturer, Agricultural cooperative, Agricultural service",205 1st St,Klemme,Iowa,50449.0,https://www.facebook.com/FiveStarCoop/,
True North Technologies,(888) 603-2459,info@truenorthfeed.com,,http://truenorthfeed.com/,Feed manufacturer,4206 200th St,Estherville,Iowa,51334.0,https://www.facebook.com/truenorthfeed/,
Dawe's Laboratories,(515) 549-3362,hq@dawesnutrition.com,,http://www.dawesnutrition.com/,Feed manufacturer,1682 230th St,Moorland,Iowa,50566.0,,
New Fashion Pork,(712) 362-3888,,,,"Feed manufacturer, Farm",1816 IA-4,Estherville,Iowa,51334.0,,
S & S Grains,(608) 863-1872,,,,Feed manufacturer,W26985 Lorch Ln,Arcadia,Wisconsin,54612.0,,
Premier Cooperative,(608) 874-4888,,,https://www.premiercooperative.com/,Feed manufacturer,26710 WI-27,Eastman,Wisconsin,54626.0,https://www.facebook.com/premiercooperative1893/,https://www.linkedin.com/company/premier-cooperative/about/
River Country Co-op East Office & Feed Mill,(715) 229-4613,info@rivercountrycoop.com,,https://www.rivercountrycoop.com/livestock-feed/,"Feed manufacturer, Energy supplier",331 Industrial Ave,Owen,Wisconsin,54460.0,https://www.facebook.com/RiverCountryCoop,https://www.linkedin.com/company/river-country-co-op
Superior Milling LLC,(765) 761-8374,,,https://superior-milling-llc.business.site/,Feed manufacturer,6640 U.S. Hwy 136 W,Waynetown,Indiana,47990.0,,
Ceres Solutions,(231) 826-3301,,,http://www.ceres.coop/,Feed manufacturer,260 E Prosper Rd,Falmouth,Michigan,49632.0,https://www.facebook.com/KeystoneCooperativeInc,https://www.linkedin.com/company/keystone-cooperative
Mealworms R Us LLC,(330) 240-4172,,,http://mealworms-r-us-llc.square.site/,Feed manufacturer,5825 Ridge Rd,Cortland,Ohio,44410.0,,
wild whitetail feed and minreal,(740) 358-2937,,,,"Feed manufacturer, Service establishment",,,,,,
Granite Ridge Feeds,(330) 778-3107,,,,Feed manufacturer,2532 Apple Creek Rd,Apple Creek,Ohio,44606.0,,
Perdue,(800) 654-6972,,,,Feed manufacturer,1510 W 450 N,Washington,Indiana,47501.0,,
Tri Oak Feed Mill,(719) 729-3409,,,,Feed manufacturer,12445 County Rd 58.5,Sheridan Lake,Colorado,81071.0,,
Tri Oak Feed Mill,(719) 729-3409,,,,Feed manufacturer,12445 County Rd 58.5,Sheridan Lake,Colorado,81071.0,,
Caledonia Farmers Elevator Co. Mason,+1 517-676-1016,,,https://cfeco.com/,Feed manufacturer,104 S Lansing St,Mason,Michigan,48854,,
Farmers Grain & Supply Co,+1 574-595-7101,,,,Feed manufacturer,3589 E 900 S,Star City,Indiana,46985,,
Heritage Premium Horse Feed,+1 410-348-2505,delmarvafeed@aol.com,,http://www.heritage.delmarvafeed.com/,"Feed manufacturer, Service establishment",,,,,,
Heirloom Feeds,+1 219-281-6110,johnv@belstramilling.com,info@heirloomfeeds.com,https://www.heirloomfeeds.com/,"Feed manufacturer, Service establishment",,,,,,
Heartland Feeds & Grain,+1 937-355-3094,,,,"Feed manufacturer, Grain elevator, Store",9800 Co Rd 26,West Mansfield,Ohio,43358,,
Lakeside Feed & Poultry,+1 870-892-3562,,,,Feed manufacturer,,Ravenden Springs,Arkansas,72460,,
Chubby’s Raw Pet Provisions,,support@chubbysraw.com,support@patte.com,https://chubbysraw.com/,Feed manufacturer,30490 State Hwy HH,Sedalia,Missouri,65301,https://facebook.com,
Adm Tampa,,,,http://adm.com/,Feed manufacturer,,Tampa,Florida,33616,,
BDS Natural Products,+1 310-518-2227,usa@sabaterglobal.com,,http://www.bdsnatural.com/,Feed manufacturer,14824 Main St,Gardena,California,90248,,
Hull Coop Sheldon Feed Mill,+1 712-439-2831,support@farmerdata.com,,http://www.hullcoop.com/,Feed manufacturer,105 W 8th St,Sheldon,Iowa,51201,https://www.facebook.com/hullcoop,https://www.linkedin.com/company/hull-cooperative-assn/
Harleys food production corporation,+1 831-400-7921,,,,Feed manufacturer,8440 Glen Arbor Rd,Ben Lomond,California,95005,,
"Eastern Colorado Hay Company, LLC",+1 719-743-2001,,,,Feed manufacturer,31558 County Rd 2W,Hugo,Colorado,80821,,
River Country Co-op Feed Mill,+1 715-257-7591,,,https://www.rivercountrycoop.com/livestock-feed/,Feed manufacturer,333 WI-97 N,Athens,Wisconsin,54411,,
Cargill Feed and Nutrition,+1 270-749-8101,,,https://www.cargill.com/,Feed manufacturer,25054 Louisville Rd,Park City,Kentucky,42160,,
ADM Alliance Nutrition,+1 574-773-4131,,,http://www.millerpoultry.com/,Feed manufacturer,301 S Jackson St,Nappanee,Indiana,46550,,
"Dallas Feed, Seed & Oil",+1 704-922-3026,,,,Feed manufacturer,214 E Trade St,Dallas,North Carolina,28034,,
Queensharonskitchen,+1 734-802-8399,,,,Feed manufacturer,4812 Lakeridge Dr,Ypsilanti,Michigan,48197,,
Wenger Feeds Hempfield Mill,+1 800-692-6008,,,https://www.wengerfeeds.com/,Feed manufacturer,3579 Hempland Rd,Lancaster,Pennsylvania,17601,https://www.facebook.com/WengerFeeds,
Westway Feed Products LLC,,,,http://www.westwayfeed.com/,Feed manufacturer,300 93rd St,Houston,Texas,77012,,
Animal Feed Technologies,+1 806-373-5170,,,,Feed manufacturer,8106 E Interstate Dr,Amarillo,Texas,79118,,
Pause 4 pawz2,+1 210-920-6060,,,https://www.chipotle.com/?rdt_cid=4162305225253840143&utm_campaign=chickenalpastor&utm_confid=&utm_content=lto&utm_content=chickenalpastor&utm_medium=social&utm_source=reddit,"Feed manufacturer, Service establishment",,,,,https://www.facebook.com/chipotle,
Cooper Specialty Feeds,+1 402-499-4813,feed2win@cooperfeeds.com,,http://www.cooperfeeds.com/,Feed manufacturer,400 W Main St,Union,Nebraska,68455,https://www.facebook.com/cooperfeeds,
Land O'Lakes Purina Feed,+1 817-336-4041,,,http://purinamills.com/,"Feed manufacturer, Manufacturer",1501 E 4th St,Fort Worth,Texas,76102,,
Happy Grazers,+1 208-440-3854,,,http://www.happy-grazers.com/,Feed manufacturer,1310 W Main St,Boise,Idaho,83702,,
Indian Creek Feeds,+1 870-505-6100,,,https://indiancreekfeeds.com/,Feed manufacturer,5593 AR-21,Berryville,Arkansas,72616,,
Indian Creek Feeds,+1 870-505-6100,,,https://indiancreekfeeds.com/,Feed manufacturer,5593 AR-21,Berryville,Arkansas,72616,,
J A Farms Feed Mill,+1 501-865-4909,,,http://www.jafarmsfeed.com/,Feed manufacturer,2426 Finch Rd,Bismarck,Arkansas,71929,,
Heritage Feed,,,,http://heritagefeed.com/,Feed manufacturer,167 Halbert Ln,Waco,Texas,76705,https://www.facebook.com/heritagefeedwaco,
Heritage Feed,,,,http://heritagefeed.com/,Feed manufacturer,167 Halbert Ln,Waco,Texas,76705,https://www.facebook.com/heritagefeedwaco,
Jennie-O Turkey Feed Mill,,,,https://www.agprices.com/elevator/jennie-o-turkey-feed-mill-perham-mn-669858f6f94696c5dc2f0fe2f5033027,Feed manufacturer,25475 Cabot Ave,Faribault,Minnesota,55021,,
feed mill,+1 479-495-2384,,,,Feed manufacturer,,Danville,Arkansas,72833,,
People's Moss Gin Co PMG,+1 800-424-4439,,,http://www.peoplesmossgin.com/,Feed manufacturer,159 Jeff Ln,Opelousas,Louisiana,70570,,
Rockingham Mill,+1 540-879-2331,klturner@rockinghamcoop.com,mcatron@rockinghamcoop.com,https://www.rockinghamcoop.com/rockingham-mill,"Feed manufacturer, Mill",114 Meigs Ln,Dayton,Virginia,22821,https://www.facebook.com/471784206341434,https://www.linkedin.com/company/rockinghamcoop
Yarnell Brothers Inc,+1 419-278-2831,,,,Feed manufacturer,103 E North St,Deshler,Ohio,43516,,
George's Inc. — Harrisonburg Feed Mill,+1 540-568-1524,,,,"Feed manufacturer, Grocery store",61 Kratzer Ave,Harrisonburg,Virginia,22802,,
Stephey Hay and Milling Co,+1 760-447-6342,,,https://stepheyhayco.com/,Feed manufacturer,1618 S Holly Canyon Dr,Ridgecrest,California,93555,,
Feed Commodities International,+1 802-398-5011,whull@feedcommodities.com,jstachowicz@feedcommodities.com,https://www.feedcommodities.com/,Feed manufacturer,488 Northfield Rd,Bernardston,Massachusetts,01337,https://www.facebook.com/FeedCommoditiesInt/,http://www.linkedin.com/company/1307708
Natural Farm Feed,+1 509-723-5617,sales@nffmail.com,,http://www.naturalfarmfeed.com/,Feed manufacturer,5705 N Rambo Rd,Spokane,Washington,99224,,
Gold Star,+1 585-626-9001,rshane@goldstarfeed.com,lilalow@ilricher.com,https://www.goldstarfeed.com/,Feed manufacturer,300 Gleed Ave Suite 235,East Aurora,New York,14052,https://www.facebook.com/JDHeiskell,https://www.linkedin.com/company/1074967/
Scratch and Peck Feeds,+1 360-318-7585,tina@scratchandpeck.com,diana@scratchandpeck.com,https://www.scratchandpeck.com/,Feed manufacturer,872 N Hill Blvd,Burlington,Washington,98233,https://www.facebook.com/scratchandpeck/,http://www.linkedin.com/company/9745011
Clean Label Solution LLC,+1 607-351-5301,info@cleanlabelsolution.com,,https://cleanlabelsolution.com/about-us-2/,Feed manufacturer,188 Pleasant Grove Rd,Ithaca,New York,14850,,
Tyson Foods Feed Mill- Gonzales,+1 830-672-0400,legalprivacy@tyson.com,localgrainservices@tyson.com,http://localgrainservices.com/,Feed manufacturer,2504 Church St,Gonzales,Texas,78629,,
Triple M Farms,+1 717-272-3225,gmusser@triplemfarms.com,lsweeney@triplemfarms.com,http://www.triplemfarms.com/,Feed manufacturer,1525 King St,Lebanon,Pennsylvania,17042,https://www.facebook.com/TriplemfarmsPA/,http://www.linkedin.com/company/4609902
Strauss Dairy Ingredients,+1 260-982-8611,,,,Feed manufacturer,600 Strauss Provimi Rd,North Manchester,Indiana,46962,,
Big V Feeds Inc,+1 918-423-1565,bigv@bigvfeeds.com,benk@bigvfeeds.com,http://www.bigvfeeds.com/,"Feed manufacturer, Animal feed store",1621 E Electric Ave,McAlester,Oklahoma,74501,https://www.facebook.com/BIGVFEEDS/,http://linkedin.com/company/big-v-feeds
"RRG, Inc. dba Red River Grain",+1 580-564-2324,redrivergrain@hotmail.com,,http://www.redrivergrainok.com/,"Feed manufacturer, Animal feed store",S Hwy 377,Kingston,Oklahoma,73439,,
"Hawkeye Gold, LLC",+1 515-289-9400,amcgrain@jdhco.com,,http://www.jdhco.com/,"Feed manufacturer, Corporate office",2501 SE Tones Dr #500,Ankeny,Iowa,50021,https://www.facebook.com/JDHeiskell,https://www.linkedin.com/company/j.d.-heiskell
Wild Fed,+1 503-568-1882,info@wildfedhorse.com,,http://wildfedhorse.com/,Feed manufacturer,10 Town Plaza #458,Durango,Colorado,81301,https://www.facebook.com/wildfedhorse/,
Direct Action Co Inc,+1 800-921-9121,bill@feeddac.com,omar@feeddac.com,https://feeddac.com/,Feed manufacturer,6668 Old Rte 39 NW,Dover,Ohio,44622,https://www.facebook.com/dacvitamins,
Produce Processors LLC,+1 715-344-5790,kevin@produceprocessors.com,,http://www.produceprocessors.com/,Feed manufacturer,4940 Hayes Ave,Plover,Wisconsin,54467,,
CPC-Conway,+1 501-733-3636,martha@cpccommodities.com,jcope@cpccommodities.com,https://cpccommodities.com/cpc/,Feed manufacturer,775 Equity Ave,Conway,Arkansas,72032.0,http://www.facebook.com/pages/CPC-LIVESTOCK-NUTRITION/286113533149,http://www.linkedin.com/company/8614418
Rangen Inc,+1 979-849-6757,aquaculture@rangen.com,wcourtney@rangen.com,http://www.rangen.com/,"Feed manufacturer, Animal feed store",1500 E Cedar St,Angleton,Texas,77515,,http://linkedin.com/company/rangen-inc.
Mid-South Milling Company,+1 901-767-0071,hbourland@msmilling.com,jhall@msmilling.com,http://www.msmilling.com/locations.html,Feed manufacturer,1141 Channel Ave,Memphis,Tennessee,38106,,https://www.linkedin.com/company/mid-south-milling-company-inc.
Specialty Feed Inc,+1 901-774-9080,charles_coscia@specialty-feeds.com,paulburning@specialty-feeds.com,https://www.specialty-feeds.com/,"Feed manufacturer, Animal feed store",2301 Latham St,Memphis,Tennessee,38109,https://www.facebook.com/specialtyfeedsinc/,http://linkedin.com/company/specialty-feeds-inc.
ADM Frankfort (Soy Processing),+1 765-654-4411,,,,"Feed manufacturer, Grain elevator",2191 W County Rd 0 N/S,Frankfort,Indiana,46041,,
Wilbur-Ellis Nutrition - Rangen,+1 208-543-6421,aquaculture@rangen.com,wcourtney@rangen.com,http://www.rangen.com/,Feed manufacturer,115 13th Ave S,Buhl,Idaho,83316,,http://linkedin.com/company/rangen-inc.
Seaboard Mill Hugoton,+1 620-544-5800,,,,Feed manufacturer,Rd 11,Hugoton,Kansas,67951,,
Next Gen Feedyard,,info@nextgencattle.com,allen@nextgencattle.com,https://www.nextgencattle.com/nextgen-at-riverbend/,Feed manufacturer,Rd Bb,Hugoton,Kansas,67951,https://www.facebook.com/nextgencattle/,
Rocking H Farms,+1 432-923-3641,,,,Feed manufacturer,2250 Co Rd 311,Saragosa,Texas,79780,,
JDH,+1 559-556-7030,amcgrain@jdhco.com,,http://www.jdhco.com/,"Feed manufacturer, Mill",10188 Kansas Ave,Hanford,California,93230,https://www.facebook.com/JDHeiskell,https://www.linkedin.com/company/j.d.-heiskell
Farm Bureau Co-Op Association,+1 814-793-2721,jshade@bedford.net,,https://bfbcoop.com/,Feed manufacturer,1629 Curryville Rd,Martinsburg,Pennsylvania,16662,https://www.facebook.com/BedfordCoOp,
Perdue Farms - Nashville Feed Mill,+1 252-459-9763,j.wright@perdueagribusiness.com,t.ferguson@perdueagribusiness.com,http://www.perdueagribusiness.com/,"Feed manufacturer, Grain elevator",1835 US Highway 64A,Nashville,North Carolina,27856,https://www.facebook.com/160327367324124,http://www.linkedin.com/company/8877712
South Texas Cattle and Hay LLC.,+1 956-789-9422,,,,Feed manufacturer,19399 N Parker Rd,Santa Rosa,Texas,78593,,
Waukon Feed Ranch Feedmill,+1 563-568-3909,hr@wfrag.com,mwood@waukonfeedranch.com,https://wfrag.com/divisions/feed,Feed manufacturer,,Waukon,Iowa,52172,https://www.facebook.com/waukonfeed.ranch,
Priority IAC,+1 920-682-0264,rossw@forhealthycows.com,jeremyh@forhealthycows.com,http://www.forhealthycows.com/,"Feed manufacturer, Agricultural Product Wholesaler",3504 County Rd C R,Manitowoc,Wisconsin,54220,https://www.facebook.com/194195820977444,
Elsworth Feed and Grain,+1 518-390-3086,,,,Feed manufacturer,3149 Valley Falls Rd,Schaghticoke,New York,12154,,
D & D Ingredient Distributors,+1 419-692-3205,info@ddingredient.com,,http://ddingredient.com/,Feed manufacturer,5191 N Kill Rd,Delphos,Ohio,45833,https://www.facebook.com/DDIngredientDistributors,
Tyson Foods Feed Mill- Pine Bluff,+1 870-534-5652,legalprivacy@tyson.com,localgrainservices@tyson.com,http://localgrainservices.com/,Feed manufacturer,4601 Emmett Sanders Rd,Pine Bluff,Arkansas,71601,,
Scratch and Peck Feeds,+1 360-318-7585,tina@scratchandpeck.com,diana@scratchandpeck.com,https://www.scratchandpeck.com/,Feed manufacturer,425 W 39th St,South Sioux City,Nebraska,68776,https://www.facebook.com/scratchandpeck/,http://www.linkedin.com/company/9745011
Custom Tech Blends Inc,+1 620-675-8264,susan@brookover.com,ty@brookover.com,https://brookover.com/brookover-companies/,"Feed manufacturer, Animal feed store",100 Dennis St,Sublette,Kansas,67877,,https://www.linkedin.com/company/brookover-feed-yards
Allied Cooperative | Feed Mill,,,,http://provisionpartner.coop/,Feed manufacturer,165 Mill St S,West Salem,Wisconsin,54669,,
Bakery Feeds,+1 901-348-2354,rchapman@bakeryfeeds.com,mjames@bakeryfeeds.com,https://www.bakeryfeeds.com/,Feed manufacturer,601 Liberty Dr,Bryan,Texas,77807,https://www.facebook.com/148440688507213,https://www.linkedin.com/company/bakery-feeds-a-brand-of-darling-ingredients
McClaskey Feed Company,+1 618-344-9354,mcclaskeyfeedcoinc@att.net,,http://mcclaskeyfeed.wixsite.com/mcclaskeyfeedcoinc/form__map,"Feed manufacturer, Animal feed store, Manufacturer",3420 Fairmont Ave,Collinsville,Illinois,62234,,
Gods country harvest,+1 903-380-9008,harvestofgodscountry@gmail.com,arvestofgodscountry@gmail.com,http://www.godscountryharvest.com/,Feed manufacturer,,De Kalb,Texas,75559,//www.facebook.com/godscountryharvest,
Martin's Elevator Inc.,+1 301-733-2553,alvin@martinselevator.com,,http://www.martinselevator.com/,"Feed manufacturer, Animal feed store, Grain elevator",13219 Maugansville Rd,Hagerstown,Maryland,21740,https://www.facebook.com/MartinsElevator,
Premium Pellets LLC,+1 719-688-3668,premiumpelletsllc@gmail.com,ron@rocktran.com,http://www.premiumpelletsllc.com/,Feed manufacturer,"32625 County, Rd 3.75",Lamar,Colorado,81052,https://facebook.com/premiumpelletsllc,
Perdue Farms - Forsyth Feed Mill,+1 252-358-8259,j.wright@perdueagribusiness.com,t.ferguson@perdueagribusiness.com,http://www.perdueagribusiness.com/,"Feed manufacturer, Grain elevator",133 Industrial Park Rd,Forsyth,Georgia,31029,https://www.facebook.com/160327367324124,http://www.linkedin.com/company/8877712
Martindale Feed Mill,+1 903-885-7504,estenzel@martindalefeed.com,ckeller@martindalefeed.com,http://www.martindalefeed.com/,"Feed manufacturer, Animal feed store",330 Gilmer St,Sulphur Springs,Texas,75482,https://www.facebook.com/martindalefeedmill/,http://www.linkedin.com/company/8165465
Tyson Foods Feed Mill- Estill Springs,+1 931-649-3482,legalprivacy@tyson.com,localgrainservices@tyson.com,http://www.localgrainservices.com/,"Feed manufacturer, Animal feed store, Poultry farm",206 Tyson Dr,Estill Springs,Tennessee,37330,,
Mule City Specialty Feeds Inc,+1 919-894-3626,pauld@mulecity.com,p.dunn@mulecityfeed.com,http://www.mulecity.com/,Feed manufacturer,1202 N Wall St,Benson,North Carolina,27504,https://www.facebook.com/mulecityfeed/,
Christensen Farms Feed Mill,+1 402-925-5812,jhaala@christensenfarms.com,aportner@christensenfarms.com,https://www.christensenfarms.com/,Feed manufacturer,48259 877th Rd,Atkinson,Nebraska,68713,https://www.facebook.com/christensenfarms/,http://www.linkedin.com/company/113248
Farmer's Feed Mill,+1 218-736-3301,,,,Feed manufacturer,225 E Hampden Ave,Fergus Falls,Minnesota,56537,,
"American Proteins, Inc.",+1 229-732-2114,,,,Feed manufacturer,82 Georgia Feed Dr,Cuthbert,Georgia,39840,,
Baker's Feed,+1 843-835-5000,,,,Feed manufacturer,10990 Cottageville Hwy,Cottageville,South Carolina,29435,,
FM Ingredients,,contact@fmingredients.com,,https://fmingredients.com/,Feed manufacturer,10924 Hilmar Rd,Turlock,California,95380,,
EW Nutrition,+1 515-251-7430,info@ew-nutrition.com,,http://www.ew-nutritionusa.com/,"Feed manufacturer, Food manufacturer",28800 R Ave,Adel,Iowa,50003,,
Free Wing Farms - Organic Feed Mill & Feed Store,+1 830-460-9332,james@freewingfarms.com,,http://www.freewingfarms.com/,Feed manufacturer,3210 Co Rd 232,Gonzales,Texas,78629,,
BioDynamics LLC,+1 541-413-2050,info@wildrosefoods.com,,http://www.wildrosefoods.com/,Feed manufacturer,611 US-20 South,Hines,Oregon,97738,,http://linkedin.com/company/wild-rose-foods
Great Plains Processing - Luverne,+1 507-283-4421,mhotz@gpp-co.com,kbulla@gpp-co.com,http://gpp-co.com/,Feed manufacturer,301 S Walnut Ave,Luverne,Minnesota,56156,,https://www.linkedin.com/company/great-plains-processing
Ralco Distribution Center,+1 800-533-5306,laura.baas@ralcoagriculture.com,ryan.wendland@ralcoagriculture.com,http://ralcoagriculture.com/,Feed manufacturer,2932 MN-23,Marshall,Minnesota,56258,,http://www.linkedin.com/company/1310048
Bales Hay Farm & Ranch Feed Store,+1 623-386-2988,admin@baleshay.com,baleshaysales@gmail.com,https://www.baleshay.com/,"Feed manufacturer, Hat shop",20600 W Beloat Rd,Buckeye,Arizona,85326,https://www.facebook.com/baleshayfarms,
Cargill Animal Nutrition,+1 574-353-7621,angela_taulbee@cargill.com,christian_butler@cargill.com,http://www.cargill.com/,Feed manufacturer,104 Etna St,Mentone,Indiana,46539,https://www.facebook.com/CargillCares/,https://www.linkedin.com/company/cargill
Wayne Farms Feedmill,,mahathi.yarlagadda@waynefarms.com,traci.turner@waynefarms.com,http://waynefarms.com/,Feed manufacturer,2900 Lake Guntersville Park Dr,Guntersville,Alabama,35976,https://www.facebook.com/971093266398758,http://www.linkedin.com/company/166885
Tucker Milling LLC,+1 256-582-2552,curran@tuckermilling.com,amerillis@tuckermilling.com,http://tuckermilling.com/,Feed manufacturer,85 Signal Point Rd,Guntersville,Alabama,35976,https://www.facebook.com/1722490101158762,http://www.linkedin.com/company/5639135
CBS Bio Platforms,+1 403-279-3339,cbsinc@canadianbio.com,mpeters@canadianbio.com,http://cbsbioplatforms.com/,Feed manufacturer,111 Kasan Ave,Volga,South Dakota,57071,,
"Prairie Grain Processors, LLC",+1 217-677-2187,,,,Feed manufacturer,2351 County Rd 400E,Lovington,Illinois,61937,,
Bluff Country Feed & Seed,+1 715-926-3531,mcostello@bluffcountryfs.com,,https://bluffcountryfs.com/?utm_source=google&utm_medium=organic&utm_campaign=gbp,"Feed manufacturer, Delivery service, Animal feed store, Pet supply store, Agricultural Seed Store, Store",158 Marten St,Mondovi,Wisconsin,54755,https://www.facebook.com/bluffcountryfs,
Purina Mills Inc,+1 770-536-9902,,,,Feed manufacturer,1125 Purina Dr,Gainesville,Georgia,30501,,
CWT Farms International Inc,+1 770-532-3181,ppaulhus@aviagen.com,,https://cwtfarmsinternational.com/,"Feed manufacturer, Animal feed store",470 Moreno St,Gainesville,Georgia,30501,,
"White Oak Mills, Inc.",+1 717-367-1525,jwagner@whiteoakmills.com,csegade@whiteoakmills.com,http://www.whiteoakmills.com/,Feed manufacturer,419 W High St,Elizabethtown,Pennsylvania,17022,https://www.facebook.com/WhiteOakMills,http://www.linkedin.com/company/4372029
Ainsworth Feed Processing,+1 402-487-2261,chad@sandypine.com,doug@sandypine.com,http://www.sandypine.com/,Feed manufacturer,87012 NE-7,Ainsworth,Nebraska,69210,https://www.facebook.com/168085489872103,http://linkedin.com/company/sandy-pine-systems
Great Plains Processing - Yankton,+1 605-260-6106,mhotz@gpp-co.com,kbulla@gpp-co.com,http://gpp-co.com/,Feed manufacturer,2011 Alumax Rd,Yankton,South Dakota,57078,,https://www.linkedin.com/company/great-plains-processing
Countryside Feed LLC,+1 620-947-3111,dherbel@countrysidefeed.com,dmccormick@countrysidefeed.com,http://countrysidefeed.com/,"Feed manufacturer, Agricultural service, Animal feed store",101 Santa Fe St,Hillsboro,Kansas,67063,https://www.facebook.com/CountrysideFeed/,
Charlees Fly Spray,+1 423-341-6146,nomoreflies@charleesflyspray.com,,https://charleesflyspray.com/,Feed manufacturer,4905 S State Rd 7,Wellington,Florida,33449,https://www.facebook.com/CharleesFlySpray/,
MICOBE Inc,+1 254-386-0073,mdrewes@micobe.com,edammon@micobe.com,http://micobe.com/,Feed manufacturer,1302 E Main St,Hamilton,Texas,76531,,
Wenger Feeds Mount Joy Mill,+1 800-692-6008,nszmyd@wengerfeeds.com,bachor@wengerfeeds.com,https://www.wengerfeeds.com/,"Feed manufacturer, Food products supplier",230 S Market Ave #298,Mount Joy,Pennsylvania,17552,https://www.facebook.com/wengerfeeds,http://www.linkedin.com/company/340703
Backyard Chicken Feed,+1 717-587-9848,,,,Feed manufacturer,343 Pinkerton Rd,Mount Joy,Pennsylvania,17552,,
"Integrated Proteins, LLC",+1 417-442-7108,ty@integrated-pro.com,rot@integrated-pro.com,https://www.integrated-pro.com/,Feed manufacturer,4447 State Hwy B,Purdy,Missouri,65734,,
"NutraAg, LLC",+1 573-378-2800,eldon@nutraag.com,leonardmartin@nutraag.com,http://www.nutraag.com/,"Feed manufacturer, Grain elevator",12747 Market Rd,Versailles,Missouri,65084,https://www.facebook.com/nutraag/,http://www.linkedin.com/company/6181323
JDH,+1 970-483-7226,amcgrain@jdhco.com,,http://www.jdhco.com/,Feed manufacturer,106 Central Ave,Wiggins,Colorado,80654,https://www.facebook.com/JDHeiskell,https://www.linkedin.com/company/j.d.-heiskell
Birdsong Peanuts,+1 229-567-3566,,,,Feed manufacturer,1515 Industrial Dr,Ashburn,Georgia,31714,,
"Integrated Proteins, LLC",+1 816-819-1114,ty@integrated-pro.com,rot@integrated-pro.com,https://www.integrated-pro.com/,Feed manufacturer,902 Lafayette St,St Joseph,Missouri,64503,,
BioZyme Inc.,+1 816-238-3326,cfeiden@biozymeinc.com,bbayless@biozymeinc.com,https://biozymeinc.com/,"Feed manufacturer, Agricultural service, Manufacturer",6010 Stockyards Expy,St Joseph,Missouri,64504,,http://www.linkedin.com/company/1781751
Stevens Feed of Manheim,+1 717-665-2186,delvin@stevensfeed.com,info@stevensfeed.com,http://stevensfeed.com/,Feed manufacturer,63 New Charlotte St,Manheim,Pennsylvania,17545,https://www.facebook.com/people/Stevens-Feed-Mill-of-Rural-Retreat/100086971491520/,https://www.linkedin.com/company/stevens-feed-mill-inc
Feed Products South Inc,+1 314-843-7300,shayes@bruceoakley.com,sclapp@bruceoakley.com,https://bruceoakley.com/divisions/fp&s/,"Feed manufacturer, Animal feed store",1024 Eagle Park Rd,Madison,Illinois,62060,,https://www.linkedin.com/company/bruce-oakley-inc
Cold Copper Commodities Company LLC,+1 512-756-7264,info@coldcoppercommodities.com,,http://www.coldcoppercommodities.com/,Feed manufacturer,1100 S Water St,Burnet,Texas,78611,,
Mountaire Farms Feed Mill - Frankford,+1 302-732-6611,khalsted@mountaire.com,tjohnson@mountaire.com,https://mountaire.com/,Feed manufacturer,11 Daisey St,Frankford,Delaware,19945,https://www.facebook.com/MountaireFarms,http://linkedin.com/company/mountaire-farms-of-delmarva-inc.
Stevens Feed Mill of Rural Retreat,+1 276-686-5121,delvin@stevensfeed.com,info@stevensfeed.com,https://stevensfeed.com/,"Feed manufacturer, Animal feed store",208 E Baumgardner Ave,Rural Retreat,Virginia,24368,https://www.facebook.com/people/Stevens-Feed-Mill-of-Rural-Retreat/100086971491520/,https://www.linkedin.com/company/stevens-feed-mill-inc
Protein Products Inc,+1 662-569-3396,llary@inetium.com,,https://proteinproductsinc.com/,Feed manufacturer,1042 Hwy 3,Sunflower,Mississippi,38778.0,,https://www.linkedin.com/company/protein-products-inc
Fishbelt Feeds Inc,+1 662-246-5065,,,,Feed manufacturer,33 Moorhead Itta Bena Rd,Moorhead,Mississippi,38761.0,,
MARS PETCARE - IAMS,+1 419-943-4268,chrisie.kramer@iams.com,jeff.greene@iams.com,https://www.iams.com/,Feed manufacturer,3700 State Rte 65,Leipsic,Ohio,45856.0,https://www.facebook.com/IAMS,http://www.linkedin.com/company/6682282
Nelson Tubs LLC/TechMix LLC,+1 320-626-0019,info@nelsontubs.com,,https://www.nelsontubs.com/?utm_source=google&utm_medium=wix_google_business_profile&utm_campaign=13268203698701664097,Feed manufacturer,961 1st St,Dassel,Minnesota,55325,,
MFA Plant Foods Division,+1 417-532-4600,,,,Feed manufacturer,1201 Beck Ln,Lebanon,Missouri,65536,,
LaBudde Group,+1 989-868-3839,joe@labudde.com,rich@labudde.com,https://www.labudde.com/,Feed manufacturer,8586 Sanilac Rd,Vassar,Michigan,48768,http://facebook.com/labuddegroup,https://www.linkedin.com/company/labudde-group-incorporated
Pilgrim's Pride Corporation,+1 770-537-6424,zach.gall@pilgrims.com,mitchell.lucas@pilgrims.com,https://www.pilgrims.com/,Feed manufacturer,1 Waco School Rd,Tallapoosa,Georgia,30176,http://www.facebook.com/pilgrimschicken,https://www.linkedin.com/company/pilgrims-corp
River valley Organics,+1 479-497-1616,,,,Feed manufacturer,277 Co Rd 3020,Hartman,Arkansas,72840,,
WCleckLLC,+1 717-436-6603,,,,"Feed manufacturer, Service establishment",,,,,,
Koch Foods Feedmill,+1 601-732-1797,,,,"Feed manufacturer, Store",278 Herring Rd,Morton,Mississippi,39117,,
Old Mill Inc.,+1 802-524-0076,,,,Feed manufacturer,79 Walnut St,St Albans City,Vermont,05478,,
Eastern Oregon Processing,+1 541-481-2081,,,,Feed manufacturer,77455 Paterson Ferry Rd,Irrigon,Oregon,97844,,
Fermented Nutrition,+1 920-845-5564,ssneed@fermented-nutrition.com,dmlostek@fermented-nutrition.com,http://www.fermented-nutrition.com/,Feed manufacturer,407 4th St,Luxemburg,Wisconsin,54217,,https://www.linkedin.com/company/fermented-nutrition-corporation
Livestock Nutrition Center (LNC) - Tenaha,+1 936-248-2010,,,,Feed manufacturer,7665 US-96 North,Tenaha,Texas,75974,,
Gancs Farms,+1 304-993-1183,,,,Feed manufacturer,156 First Creek Rd,Sissonville,West Virginia,25320,,
Chemlock Nutrition,+1 513-770-0577,answers@chemlocknutrition.com,,https://chemlocknutrition.com/,"Feed manufacturer, Dairy",9100 W Chester Towne Centre Rd Drive,West Chester Township,Ohio,45069,,http://linkedin.com/company/chemlock-nutrition
Skretting,+1 435-277-2100,,,http://www.skretting.us/,Feed manufacturer,712 E 2400 N,Tooele,Utah,84074,,
Stallard & Barrett Inc,+1 402-826-2171,,,https://www.facebook.com/profile.php?id=100090905564480,Feed manufacturer,375 County Rd 2500,Crete,Nebraska,68333,,
Darling International,+1 563-242-9200,kkage@darlingii.com,trichter@darlingii.com,https://www.darlingii.com/,Feed manufacturer,1423 Beaver Channel Pkwy,Clinton,Iowa,52732,https://www.facebook.com/darlingingredients/,https://www.linkedin.com/company/valley-proteins
Seaboard Foods - Optima Feed Mill,+1 580-338-4701,david_eaheart@seaboardfoods.com,david.eaheart@seaboardfoods.com,https://www.seaboardfoods.com/,Feed manufacturer,1641 Mile 38 Optima Town,Guymon,Oklahoma,73942,https://www.facebook.com/sbfoods/,https://www.linkedin.com/company/seaboard-foods
AgPack Nutrition LLC,+1 918-729-4158,razan@agpacknutrition.com,,https://www.linkedin.com/company/agpacknutrition/,Feed manufacturer,1392 Lloyd Cotton Sloan,Westville,Oklahoma,,https://www.facebook.com/NOAAFisheries,
Tyson Foods Feed Mill- Westville,+1 918-723-5091,tysonir@tyson.com,gary.mickelson@tyson.com,http://www.tyson.com/,"Feed manufacturer, Animal feed store, Food products supplier",Ross Swimmer Rd #1,Westville,Oklahoma,74965,http://facebook.com/tysononsite,http://www.linkedin.com/company/9111741
Cattle-Lac Liquids,+1 940-665-6872,,,http://www.cattle-lac.com/,Feed manufacturer,1800 N Dixon St,Gainesville,Texas,76240,,
Gothenburg Feed Products,+1 308-537-3605,,,,"Feed manufacturer, Organic farm",1405 2nd Ave,Gothenburg,Nebraska,69138.0,,
"ReConserve of Texas, Inc.",+1 214-339-4755,bcoffey@reconserve.com,jvangro@reconserve.com,http://reconserve.com/,Feed manufacturer,3610 Duncanville Rd,Dallas,Texas,75236,,http://www.linkedin.com/company/9870245
Hallway Feeds,+1 859-255-7602,jeff@hallwayfeeds.com,stephanie@hallwayfeeds.com,http://www.hallwayfeeds.com/,"Feed manufacturer, Animal feed store",251 W Loudon Ave,Lexington,Kentucky,40508,https://www.facebook.com/HallwayFeeds/,https://www.linkedin.com/company/hallway-feeds
"Thee Old Mill, LLC",+1 517-759-3170,office@theeoldmill.com,,https://www.theeoldmillstores.com/,"Feed manufacturer, Boot store, Farm, Animal feed store, Paint store, Pet store, Agricultural Seed Store",507 College Ave,Adrian,Michigan,49221,,
Sunshine Mills Inc,+1 256-356-9541,bclark@sunshinemills.com,eclements@sunshinemills.com,http://www.sunshinemills.com/,"Feed manufacturer, Pet supply store",500 6th St SW,Red Bay,Alabama,35582,https://www.facebook.com/sunshinemills/,http://linkedin.com/company/sunshine-mills-inc.
Hill's Pet Nutrition,+1 785-354-8340,renaud_voisin@hillspet.com,anne-elisabeth_loks@hillspet.com,http://www.hillspet.com/,Feed manufacturer,320 NE Crane St,Topeka,Kansas,66603,https://www.facebook.com/HillsPet/,https://www.linkedin.com/company/hill%27s-pet-nutrition
Diamond W Natural Feeds,+1 254-583-1109,,,,Feed manufacturer,219 6th St,Rosebud,Texas,76570,,
Columbia Farms of Georgia - House of Raeford Farms,+1 229-314-8297,michael.teachey@houseofraeford.com,chan.windham@houseofraeford.com,https://houseofraeford.com/,Feed manufacturer,4949 GA-90,Oglethorpe,Georgia,31068,https://www.facebook.com/HouseOfRaefordFarms/,http://linkedin.com/company/house-of-raeford-farms-llc
ADM Specialty Grains,+1 806-272-7565,,,,Feed manufacturer,107 W Ithaca St,Muleshoe,Texas,79347,,
Sun Classics LLC,+1 252-746-2818,,,,Feed manufacturer,402 W Fire Tower Rd,Winterville,North Carolina,28590,,
Buck's@ Sunrise,+1 601-329-3021,,,,Feed manufacturer,243 Sunrise Rd,Petal,Mississippi,39465,,
El Granero Feed & Grain,+1 760-713-5626,,,,Feed manufacturer,11776 Sheep Creek Rd,Phelan,California,92371,,
Agridyne LLC,+1 402-874-9553,ajones@mix30.com,asandell@mix30.com,http://www.mix30.com/,Feed manufacturer,520 N 1st St,Nebraska City,Nebraska,68410,https://www.facebook.com/liquidfeed,http://linkedin.com/company/mix-30
Nichols,+1 432-559-0151,,,,Feed manufacturer,247 Ranch Rd 3334,Saragosa,Texas,79780,,
J & J Feeds & Needs,+1 814-849-0175,joshlesniak@yahoo.com,ethan.fleeger5@gmail.com,https://jandjfeedsandneeds.com/,Feed manufacturer,135 Allegheny Blvd,Brookville,Pennsylvania,15825,,
Adkins mill farm,+1 606-923-7695,,,,Feed manufacturer,142 Chapel Rd,Louisa,Kentucky,41230,,
Belstra Milling Co,+1 219-987-4343,malcolm@belstramilling.com,timothy@belstramilling.com,http://www.belstramilling.com/,"Feed manufacturer, Livestock producer",424 15th St SE,De Motte,Indiana,46310,https://www.facebook.com/BelstraMilling/,http://linkedin.com/company/belstra-milling-company
Wauregan Grain Co,+1 860-774-4901,,,,Feed manufacturer,35 Depot Rd,Wauregan,Connecticut,06387,,
Poulin Grain Inc,+1 800-334-6731,pmartin@poulingrain.com,mtetreault@poulingrain.com,https://www.poulingrain.com/,Feed manufacturer,3916 US-5,Derby,Vermont,05829,https://www.facebook.com/Thehayloftcoram/,http://www.linkedin.com/company/1762455
Star Milling Co.,+1 951-657-3143,gcarls@starmilling.com,bill_cramer@starmilling.com,https://www.starmilling.com/?utm_source=google&utm_medium=organic&utm_campaign=gmb,"Feed manufacturer, Animal feed store, Mill",23901 Water St,Perris,California,92570,https://www.facebook.com/starmilling,http://www.linkedin.com/company/2793434
Green Mountain Feeds,+1 802-234-6278,edutil@greenmountainfeeds.com,joe@ormsbys.com,http://www.greenmountainfeeds.com/,"Feed manufacturer, Animal feed store, Home goods store",65 Main St,Bethel,Vermont,05032,,http://www.linkedin.com/company/4556005
Tyson Foods Feed Mill- Franklin,+1 270-598-5100,legalprivacy@tyson.com,localgrainservices@tyson.com,http://localgrainservices.com/,Feed manufacturer,3150 Nashville Rd,Franklin,Kentucky,42134,,
SmartFeeds,+1 229-200-0189,info@smartfeedsusa.com,,http://smartfeedsusa.com/,"Feed manufacturer, Service establishment",,,,,,
"Nutrition 101, LLC",+1 765-778-1101,jobs@101inc.com,accounting@101inc.com,https://101.us/,"Feed manufacturer, Nutritionist, Recycling center, Trucking company",4791 900 S,Pendleton,Indiana,46064,https://www.facebook.com/101Inc/,https://www.linkedin.com/company/nutrition101
Celebration Feeds,+1 615-274-2661,info@celebrationfeeds.com,sshultise@celebrationfeeds.com,http://celebrationfeeds.com/,"Feed manufacturer, Animal feed store",10321 Rockvale Rd,Rockvale,Tennessee,37153,https://www.facebook.com/735110643206994,
JDH,+1 208-536-2405,amcgrain@jdhco.com,,https://www.jdhco.com/,"Feed manufacturer, Mill",1999 N Frontage Rd,Wendell,Idaho,83355,https://www.facebook.com/JDHeiskell,https://www.linkedin.com/company/j.d.-heiskell
J D Heiskell & Co,+1 208-536-2507,jrodriguez@heiskell.com,trumsey@heiskell.com,http://www.heiskell.com/,Feed manufacturer,,Wendell,Idaho,,https://www.facebook.com/JDHeiskell/,http://www.linkedin.com/company/1074967
Muenster Milling FD,+1 940-759-2287,info@muensterpet.com,privacy@muensterpet.com,https://muensterpet.com/,Feed manufacturer,2269 Masch Branch Rd,Denton,Texas,76207,https://www.facebook.com/MuensterPetFoods/,
Eastland Feed And Grain,+1 866-228-9808,a.coulthard@efgi.net,greatwallofrescue@efgi.net,http://www.efgi.net/,"Feed manufacturer, Agricultural service, Animal feed store, Grain elevator",600 W 17th St,Monroe,Wisconsin,53566,,https://www.linkedin.com/company/eastland-feed-and-grain-inc
Anderson Farms,+1 318-322-5150,,,http://andersonfarms.biz/contact/,Feed manufacturer,810 Mansfield Rd,Monroe,Louisiana,71202,,
JDH,+1 559-757-3135,amcgrain@jdhco.com,,http://www.jdhco.com/,"Feed manufacturer, Mill",11518 Rd 120,Pixley,California,93256,https://www.facebook.com/JDHeiskell,https://www.linkedin.com/company/j.d.-heiskell
Tyson Foods Feed Mill- South Fulton,+1 731-479-8996,legalprivacy@tyson.com,localgrainservices@tyson.com,http://localgrainservices.com/,"Feed manufacturer, Animal feed store",5100 Tim Rice Rd,South Fulton,Tennessee,38257,,
Mid South Milling,+1 479-782-5705,,,,Feed manufacturer,1717 Ballman Rd,Fort Smith,Arkansas,72901,,
Bachoco USA Feed Mill - Fort Smith,+1 800-635-9441,christina.williams@okfoods.com,jschuleupner@okfoods.com,https://okfoods.com/,Feed manufacturer,700 B St S,Fort Smith,Arkansas,72901,https://www.facebook.com/okfoodsinc,https://www.linkedin.com/company/ok-foods
Pilgrim's Feed Mill,+1 936-560-3901,,,,Feed manufacturer,2842 FM1275,Nacogdoches,Texas,75961,,
Livestock Nutrition Center,+1 918-208-0029,daneeh@lnc-online.com,jjansen@lnc-online.com,http://www.lnc-online.com/,Feed manufacturer,301 SE Broadway,Keota,Oklahoma,74941,https://www.facebook.com/LivestockNutritionCenter/,http://www.linkedin.com/company/4775165
"Sunbird, Inc. (Specialty Plant)",+1 605-353-1321,info@sunbird-inc.com,dailymarkets@sunbird-inc.com,https://www.sunbird.global/,"Feed manufacturer, Agricultural service, Grain elevator, Manufacturer",1815 US-14,Huron,South Dakota,57350,,
Peco Farms Inc,+1 205-364-2111,clogan@pecofoods.com,tpierce@pecofoods.com,https://pecofoods.com/,Feed manufacturer,,Gordo,Alabama,35466,https://www.facebook.com/485569631629708,http://linkedin.com/company/peco-foods-of-mississippi-inc
Rover's Choice,+1 707-440-9365,paul@roverschoice.com,rover@roverschoice.com,http://roverschoice.com/,Feed manufacturer,3750 Harris St,Eureka,California,95503,https://www.facebook.com/roverschoice,
"Integrated Proteins, LLC",+1 281-766-0361,ty@integrated-pro.com,rot@integrated-pro.com,http://integrated-pro.com/,Feed manufacturer,4001 Oscar Nelson Jr Dr Building D,Baytown,Texas,77523,,https://www.linkedin.com/company/integrated-proteins-llc
Pilgrim's Pride Corporation,+1 870-845-2440,zach.gall@pilgrims.com,mitchell.lucas@pilgrims.com,http://www.pilgrims.com/,"Feed manufacturer, Food products supplier",478 highway 369 north,Nashville,Arkansas,71852,http://www.facebook.com/pilgrimschicken,https://www.linkedin.com/company/pilgrims-corp
Scoular Live Oak,,snutt@scoular.com,dspears@scoular.com,https://www.scoular.com/,Feed manufacturer,9282 97 Ln,Live Oak,Florida,32060,https://www.facebook.com/thescoularcompany/,https://www.linkedin.com/company/the-scoular-company
Ceres Solutions,+1 231-924-3851,mike.titus@keystonecoop.com,,https://www.keystonecoop.com/,Feed manufacturer,1484 E Washington St,White Cloud,Michigan,49349,https://www.facebook.com/KeystoneCooperativeInc,https://www.linkedin.com/company/keystone-cooperative
Braswell Family Farms Mill,+1 252-459-2143,info@braswellfamilyfarms.com,nfo@braswellfamilyfarms.com,https://www.braswellfamilyfarms.com/,"Feed manufacturer, Mill",105 E Cross St,Nashville,North Carolina,27856,http://www.facebook.com/braswellfamilyfarms/,http://www.linkedin.com/company/5355347
Wayne-Sanderson Farms South Alabama Feed Mill,+1 334-443-0600,justin.mueller@bbdo.com,,https://waynesandersonfarms.com/,Feed manufacturer,1185 Co Rd 18,Ozark,Alabama,36360,https://www.facebook.com/WayneSandersonFarms/,https://www.linkedin.com/company/waynesandersonfarms
Tyson Foods Feed Mill- Crewe,+1 434-645-7791,legalprivacy@tyson.com,localgrainservices@tyson.com,http://localgrainservices.com/,Feed manufacturer,1938 Patrick Henry Hwy,Jetersville,Virginia,23083,,
Tyson Feed Mill,+1 336-651-2818,,,,Feed manufacturer,8201 Elkin Hwy,Roaring River,North Carolina,28669,,
Star Blends Sparta Mill,+1 608-269-1515,customerservice@starblends.com,,https://www.starblends.com/?utm_source=gbpspartamill&utm_medium=organic&utm_campaign=localmaps,"Feed manufacturer, Agricultural Product Wholesaler, Agricultural production, Agricultural service",1919 Riley Rd,Sparta,Wisconsin,54656,https://www.facebook.com/StarBlendsllc,https://www.linkedin.com/company/star-blends-llc
Star Blends Office,,customerservice@starblends.com,,https://www.starblends.com/?utm_source=gbpspartaoffice&utm_medium=organic&utm_campaign=localmaps,Feed manufacturer,2350 Commercial Dr #1,Sparta,Wisconsin,54656,https://www.facebook.com/StarBlendsllc,https://www.linkedin.com/company/star-blends-llc
Kothmann's Feed & Country Store,+1 325-396-4521,,,,"Feed manufacturer, Farm shop",906 US-190,Menard,Texas,76859,,
Pilgrim's Pride Feed Mill,+1 770-533-4854,,,,"Feed manufacturer, Animal feed store",979 Bradford St Ext,Gainesville,Georgia,30501,,
KALMBACH FEEDS DBA WARE MILLING,+1 662-456-9032,c.bennett@waremilling.net,r.ware@waremilling.com,https://www.waremilling.net/%20%20%20%20www.kalmbachfeeds.com,"Feed manufacturer, Grain elevator, Store",150 Ware Dr,Houston,Mississippi,38851,,
Tyson Foods Local Grain Services,+1 844-816-8579,legalprivacy@tyson.com,localgrainservices@tyson.com,https://www.localgrainservices.com/,"Feed manufacturer, Grain elevator",2200 W Don Tyson Pkwy,Springdale,Arkansas,72762,,
Odon Feed & Grain Inc.,+1 812-636-7392,,,,Feed manufacturer,500 S East St,Odon,Indiana,47562,,
Peco Foods,+1 870-793-4466,clogan@pecofoods.com,tpierce@pecofoods.com,https://pecofoods.com/,Feed manufacturer,318 N Locust Pl,Newark,Arkansas,72562,https://www.facebook.com/485569631629708,http://linkedin.com/company/peco-foods-of-mississippi-inc
Furst-McNess Company - Corporate Office,+1 800-435-5100,todd.nicklaus@mcness.com,tiffany.england@mcness.com,http://www.mcness.com/,Feed manufacturer,1252 Bell Valley Rd Suite 220,Rockford,Illinois,61108,https://www.facebook.com/Furst-McNess-Company-182809978421406/,http://www.linkedin.com/company/3344054
Perdue AgriBusiness - Binghamton Blending Protein Plant,+1 607-724-2210,consumerinfopf@cybercrs.net,dmca@perdue.com,https://www.perdueanimalnutrition.com/,Feed manufacturer,44 Montgomery St,Binghamton,New York,13901,,
Sunshine Mills Inc,+1 434-476-1451,bclark@sunshinemills.com,eclements@sunshinemills.com,https://www.sunshinemills.com/,Feed manufacturer,100 Sunshine Dr,Halifax,Virginia,24558,https://www.facebook.com/sunshinemills/,http://linkedin.com/company/sunshine-mills-inc.
Crystal Farms Inc,+1 770-536-6033,,,,Feed manufacturer,3611 Old Oakwood Rd,Oakwood,Georgia,30566,,
Ag Processing Aberdeen,+1 605-626-9005,mcaswell@agp.com,jhills@agp.com,https://www.agp.com/,"Feed manufacturer, Animal feed store",4815 8th Ave NE,Aberdeen,South Dakota,57401,https://www.facebook.com/439967499366884,https://www.linkedin.com/company/ag-processing-inc
American Family Feed Company,+1 800-965-1443,,,https://www.americanfamilyfeed.com/,Feed manufacturer,960 Sixth St,Norco,California,92860,,
Zink Family Farms and Feed (Non-GMO Animal Feeds),+1 937-620-5373,,,,Feed manufacturer,5068 National Rd,Clayton,Ohio,45315,,
Bio-Vet Inc,+1 800-246-8381,chris.starr@bio-vet.com,julie.wade@bio-vet.com,https://www.bio-vet.com/,"Feed manufacturer, Dairy Products Supplier, Animal feed store, Veterinarian, Vitamin & supplements store",300 Ernie Dr,Barneveld,Wisconsin,53507,https://www.facebook.com/biovetinnovationatwork/,
Phoenix Feeds & Nutrition,+1 802-453-6684,cnewton@phoenixfeeds.net,shane@phoenixfeeds.net,https://www.phoenixfeeds.net/,Feed manufacturer,5482 Ethan Allen Hwy,New Haven,Vermont,05472,,
Sanderson Farms Feed Mill,+1 430-235-2101,chang@sandersonfarms.com,cbarnes@sandersonfarms.com,http://www.sandersonfarms.com/,Feed manufacturer,"3130 SE, East Loop 564",Mineola,Texas,75773,https://www.facebook.com/SandersonFarmsChicken,http://www.linkedin.com/company/106472
Mid-South Feeds Inc,+1 912-632-7603,info@mid-southfeeds.com,,http://www.mid-southfeeds.com/,"Feed manufacturer, Animal feed store",421 Market St,Alma,Georgia,31510,,
Howlett Farms - Geneva Mill,+1 585-734-1920,mbell@howlettfarms.com,,http://www.patobrienfeeds.com/,"Feed manufacturer, Professional services",4830 Pre Emption Rd,Geneva,New York,14456,,
Denkavit USA,+1 315-604-4400,v.ledur@denkavit.com,privacy@denkavit.com,http://www.denkavit.com/usa,Feed manufacturer,20 Eagle Dr,Auburn,New York,13021,,https://www.linkedin.com/company/denkavit-nederland-bv
Lewiston Feed & Produce,+1 507-523-2196,,,,Feed manufacturer,105 E Main St,Lewiston,Minnesota,55952,,
LF Feeds LLC,+1 501-304-4323,,,,Feed manufacturer,510 Tomahawk Ln,Bismarck,Arkansas,71929,,
Darling Ingredients Inc. - Darpro Solutions,+1 903-448-7800,kkage@darlingii.com,trichter@darlingii.com,http://www.darlingii.com/,Feed manufacturer,834 FM 227 East,Grapeland,Texas,75844,https://www.facebook.com/darlingingredients/,https://www.linkedin.com/company/valley-proteins
Central Mink Foods Inc,+1 715-748-3188,,,,Feed manufacturer,651 S Whelen Ave,Medford,Wisconsin,54451,,
"Quality Plus Feeds, Inc.",+1 319-469-3167,l.menke@qualityplusfeedinc.com,s.moeller@qualityplusfeedinc.com,http://www.qualityplusfeedinc.com/,"Feed manufacturer, Animal feed store, Grain elevator",2033 Locust St,St Paul,Iowa,52657,https://www.facebook.com/489587798477553,http://www.linkedin.com/company/5972987
Premier Feeds,+1 503-884-6680,,,,"Feed manufacturer, Livestock producer",11039 Hazelgreen Rd NE,Silverton,Oregon,97381,,
Heartland Organics LLC,+1 260-343-1747,,,http://heartlandorganics.farm/,"Feed manufacturer, Grain elevator",302 E Lafayette St,LaGrange,Indiana,46761,https://www.facebook.com/MichianaFeed,
"Koffmann Industries, LLC",+1 303-862-7670,alex.k@koffmannindustries.com,lvanbleat@koffmannindustries.com,https://www.koffmannindustries.com/,Feed manufacturer,11027 S Pikes Peak Dr STE 205,Parker,Colorado,80138,,https://www.linkedin.com/company/koffmann-industries
Vit-A-Zine Farm Supply,+1 816-580-4995,mbriegel@vit-a-zine.com,info@vit-a-zine.com,http://vit-a-zine.com/,"Feed manufacturer, Agricultural service, Dairy Products Supplier, Farm equipment supplier, Fence supply store, Grain elevator, Pet supply store",624 N Pennsylvania Ave,Lawson,Missouri,64062,https://www.facebook.com/1897506087151994,
Associated Feed,,mdores@associatedfeed.com,lwooley@associatedfeed.com,http://associatedfeed.com/,Feed manufacturer,2944 Geer Rd,Hughson,California,95326,https://www.facebook.com/associated.feed/,http://www.linkedin.com/company/1520010
Strauss Feeds,+1 920-261-7882,dcatherman@straussfeeds.com,dgrant@straussfeeds.com,https://www.straussfeeds.com/,"Feed manufacturer, Agricultural service, Animal feed store",W7507 Provimi Rd,Watertown,Wisconsin,53098,https://www.facebook.com/StraussFeeds/,http://www.linkedin.com/company/3936208
"Integrated Proteins, LLC",+1 816-702-8600,ty@integrated-pro.com,rot@integrated-pro.com,https://www.integrated-pro.com/,Feed manufacturer,1333 NW Vivion Rd Suite 120,Kansas City,Missouri,64118,,
Miller poultry,+1 574-831-5988,,,,Feed manufacturer,19227 Co Rd 146,New Paris,Indiana,46553,,
Cowboy's Choice Feeds,+1 530-237-0611,,,https://cowboyschoicefeeds.com/,Feed manufacturer,1131 CA-162,Butte City,California,95920,,
"Zutat Feed Solutions, LLC",+1 815-692-8490,office@zutatfeedsolutions.com,lukez@zutatfeedsolutions.com,https://www.zutatfeedsolutions.com/,Feed manufacturer,7794 N 3350 E Rd,Chatsworth,Illinois,60921,,
Fermentation Experts Inc,+1 605-338-9775,monte@fermentationexperts.com,info@fermentationexperts.com,http://www.fermentationexperts.com/,Feed manufacturer,1201 N Ellis Rd #7055,Sioux Falls,South Dakota,57107,,https://www.linkedin.com/company/18241263/
Rio Ranch Supply Co,+1 507-637-0733,ryanp@rionutrition.net,amberw@rionutrition.net,http://www.rionutrition.net/,Feed manufacturer,816 Northwood Dr,Redwood Falls,Minnesota,56283,https://www.facebook.com/RioNutrition.net/,http://www.linkedin.com/company/10566308
Rice Bran,+1 870-723-6758,,,,Feed manufacturer,,Hermitage,Arkansas,71647,,
CPC Carolina Distributing,+1 919-735-1924,,,,"Feed manufacturer, Hardware store",1006 N George St,Goldsboro,North Carolina,27530,,
Feed Genius,+1 507-227-1995,john@feedgenius.com,,http://feedgenius.com/,"Feed manufacturer, Farm, Livestock producer",304 Mill Ave,Fulda,Minnesota,56131,,
"Redeemer Feed, LLC",+1 325-277-0124,valwhitney@redeemerfeed.com,,http://www.redeemerfeed.com/,Feed manufacturer,10 Industrial Blvd,Eden,Texas,76837,,
Superior Ag Feed Mill,+1 812-482-6445,bday@superiorag.com,jwilkerson@superiorag.com,http://www.superiorag.com/livestock-nutrition/,Feed manufacturer,21419 County Rd 400 E,Dale,Indiana,47523,https://www.facebook.com/SuperiorAgCooperative/,https://www.linkedin.com/company/superioragcoop
Great Plains Alfalfa,+1 620-672-9431,,,,Feed manufacturer,70036 NW 30th St,Pratt,Kansas,67124,,
Butterball Feed Mill,+1 870-280-2851,rblack@butterball.com,jramsay@butterball.com,http://www.butterball.com/,Feed manufacturer,,Yellville,Arkansas,72687,http://www.facebook.com/Butterball,https://www.linkedin.com/company/butterball-llc
Dodgeville Agri-Service Inc,+1 608-935-3371,anytes@vitaplus.com,nbrown@vitaplus.com,http://www.vitaplus.com/,"Feed manufacturer, Professional services",208 King St,Dodgeville,Wisconsin,53533,http://www.facebook.com/pages/,https://www.linkedin.com/company/vita-plus-corporation
Browns Mill LLC,+1 931-510-3126,info@deliverone.com,contact@mynft.com,https://sites.google.com/view/brownsmill/home,"Feed manufacturer, Service establishment",,,,,https://www.facebook.com/russ.rentler,
Mountaire Feed Mills,,khalsted@mountaire.com,tjohnson@mountaire.com,https://mountaire.com/animal-care-and-nutrition/feed-mills-grain-elevators/,Feed manufacturer,175 Morris Farm Rd,Candor,North Carolina,27229,https://www.facebook.com/MountaireFarms,http://linkedin.com/company/mountaire-farms-of-delmarva-inc.
Pilgrim's Pride Natchitoches Feed Mill,+1 318-352-9600,zach.gall@pilgrims.com,mitchell.lucas@pilgrims.com,http://www.pilgrims.com/,"Feed manufacturer, Mill",7088 LA-1,Natchitoches,Louisiana,71457,http://www.facebook.com/pilgrimschicken,https://www.linkedin.com/company/pilgrims-corp
Johnson Growers,+1 620-492-4101,,,,Feed manufacturer,548 S Rd I,Johnson City,Kansas,67855,,
Calf Services,+1 559-334-5943,,,,Feed manufacturer,1717 N Shirk Rd,Visalia,California,93291,,
High Rack Deer Feeders,+1 615-478-6706,micah@micahrich.com,bennywilsoniron@aol.com,http://highrackdeerfeeders.com/,Feed manufacturer,180 E Division St,Mt. Juliet,Tennessee,37122,,
CHS Nutrition,+1 541-564-0355,,,,Feed manufacturer,30797 Feedville Rd,Hermiston,Oregon,97838,,
Bentoli,+1 512-285-5300,rondau@bentoli.com,zachary@bentoli.com,http://www.bentoli.com/,Feed manufacturer,2101 E St Elmo Rd,Austin,Texas,78744,https://www.facebook.com/BentoliUSA/,http://www.linkedin.com/company/1042016
Cargill Animal Nutrition Feed Mill,,,,http://www.cargilldairydreams.com/,Feed manufacturer,1510 Hathaway Dr,Owosso,Michigan,48867,,
Re Cycle To Conserve Inc,+1 909-923-3314,,,,Feed manufacturer,1163 E Belmont St,Ontario,California,91761,,
Kalmbach Feeds of Pennsylvania,+1 717-532-2197,lauren.gerig@kalmbachfeeds.com,paul.kalmbach@kalmbachfeeds.com,http://www.kalmbachfeeds.com/,Feed manufacturer,908 Mt Rock Rd,Shippensburg,Pennsylvania,17257,https://www.facebook.com/kalmbachfeeds,https://www.linkedin.com/company/kalmbach-feeds-inc-
Furst-McNess Company,+1 608-592-5760,todd.nicklaus@mcness.com,tiffany.england@mcness.com,http://www.mcness.com/,Feed manufacturer,"W, 9077 Schutz Rd",Lodi,Wisconsin,53555,https://www.facebook.com/Furst-McNess-Company-182809978421406/,http://www.linkedin.com/company/3344054
MFA Feed Mill - Gerald,,dmoore@mfa-inc.com,skoch@mfa-inc.com,http://mfa-inc.com/feed,Feed manufacturer,200 W Springfield Rd,Gerald,Missouri,63037,https://www.facebook.com/mfaincorporated,https://www.linkedin.com/company/mfa-incorporated
"Heritage Cooperative, Inc",+1 330-482-4321,cellington@heritagecooperative.com,lbaughman@heritagecooperative.com,https://www.heritagecooperative.com/locations/columbiana,"Feed manufacturer, Animal feed store",3770 Renkenberger Rd,Columbiana,Ohio,44408,https://www.facebook.com/heritagecooperative,https://www.linkedin.com/company/1st-choiceenergyservices
Star Blends Chippewa Falls Mill & Office,+1 608-269-1515,customerservice@starblends.com,,https://www.starblends.com/?utm_source=gbpcfmill&utm_medium=organic&utm_campaign=localmaps,"Feed manufacturer, Agricultural Product Wholesaler, Agricultural production, Agricultural service",2093 Commerce Pkwy,Chippewa Falls,Wisconsin,54729,https://www.facebook.com/StarBlendsllc,https://www.linkedin.com/company/star-blends-llc
River Country Co-op Feed Mill,+1 715-452-5116,sleepinnsales@rivercountrycoop.com,bruce@rivercountrycoop.com,https://www.rivercountrycoop.com/livestock-feed/,Feed manufacturer,N636 Railroad Ave,Sheldon,Wisconsin,54766,http://www.facebook.com/RiverCountryCoop,http://www.linkedin.com/company/2730609
Gerber & Sons Inc,+1 330-897-6011,jaynie_norman@gerberandsons.com,bill_bartz@gerberandsons.com,https://www.gerberandsons.com/,"Feed manufacturer, Home and construction, Animal feed store",201 E Main St,Baltic,Ohio,43804,https://www.facebook.com/220752968420785,http://www.linkedin.com/company/9097968
La Junta Milling & Elevator Co,+1 719-384-4481,,,,"Feed manufacturer, Hardware store",100 Smithland Ave,La Junta,Colorado,81050,,
Custom Feed Services Corp,+1 402-371-6111,phil@customfeedservice.com,,https://www.customfeedservice.com/,Feed manufacturer,2100 N 13th St,Norfolk,Nebraska,68701,,
Ovid Elevator Co.,+1 989-834-2282,michelle.washburn@ovidelevator.com,,https://ovidelevator.com/,"Feed manufacturer, Farm shop, Animal feed store, Fertilizer Store, Gift shop, Hay supplier, Meat products store, Pet supply store, Agricultural Seed Store",125 N Main St,Ovid,Michigan,48866,https://www.facebook.com/ovidelevator,https://www.linkedin.com/company/ovid-elevator-co
Montez Feed & Fertilizer,+1 832-319-6525,,,https://www.facebook.com/MontezFeedNFertilizer,Feed manufacturer,11410 Hwy 290 E,Chappell Hill,Texas,77426,https://www.facebook.com/montezfeednfertilizer,
River Valley Cooperative - Feed Mill,+1 309-932-2081,kpeterson@rivervalleycoop.com,nhughes@rivervalleycoop.com,http://www.rivervalleycoop.com/,Feed manufacturer,201 SW 6th Ave,Galva,Illinois,61434,https://www.facebook.com/rivervalleycoop,https://www.linkedin.com/company/river-valley-cooperative
Tyson Foods Inc River Valley Ingredients,+1 870-534-7276,msinclair@tysonfoods.com,angela.garza@tysonfoods.com,http://www.tysonfoods.com/,Feed manufacturer,4211 Emmett Sanders Rd,Pine Bluff,Arkansas,71601,https://www.facebook.com/TysonFoods/,https://www.linkedin.com/company/tyson-foods
Tyson Foods Inc River Valley Ingredients,+1 870-534-7276,msinclair@tysonfoods.com,angela.garza@tysonfoods.com,http://www.tysonfoods.com/,Feed manufacturer,4211 Emmett Sanders Rd,Pine Bluff,Arkansas,71601,https://www.facebook.com/TysonFoods/,https://www.linkedin.com/company/tyson-foods
Edgewater Mills of Warren Inc,+1 260-228-3790,serenityspecialtyfeeds@gmail.com,,https://www.serenityspecialtyfeeds.com/,Feed manufacturer,10199 S Wayne Rd,Warren,Indiana,46792,,
Peterson Processing & Organic Feeds,+1 512-525-7546,petersonprocessing@yahoo.com,info@castlewoodstudios.com,https://petersonorganicfeeds.com/,Feed manufacturer,314 E 1st St,Mountain Grove,Missouri,65711,,
Flying Colors Organic Bird Seed,+1 917-960-9607,hello@flyingcolors.co,press@flyingcolors.co,https://flyingcolors.co/,Feed manufacturer,84 Central Ave,Tarrytown,New York,10591,,
Wisco Feeds,+1 800-235-9656,mark@wiscofeeds.com,dan@wiscofeeds.com,http://www.wiscofeeds.com/,Feed manufacturer,114 S 1st St,Abbotsford,Wisconsin,54405,https://www.facebook.com/pages/,
Keystone Mills,+1 717-354-4616,,,,Feed manufacturer,336 Martindale Rd,Ephrata Township,Pennsylvania,17522,,
Two Rivers Co-Op,+1 620-442-2360,alanb@bruglermktg.com,mstrelow@totalfarmmarketing.com,https://www.tworiversks.coop/,Feed manufacturer,210 S D St,Arkansas City,Kansas,67005,,
R.J. Mangold Grain Co,+1 830-985-3323,david@mangoldgrain.com,sales@mangoldgrain.com,http://www.mangoldgrain.com/,"Feed manufacturer, General store",16112 S Front St,Lacoste,Texas,78039,https://www.facebook.com/R-J-Mangold-Grain-Co-104536648363930/,
Passel Farms,+1 803-534-4905,,,https://passelfarms.com/,Feed manufacturer,443 John C Calhoun Dr #6200,Orangeburg,South Carolina,29115,http://facebook.com/squarespace,http://linkedin.com/company/squarespace
Farm Strong Feed Company,+1 360-474-7380,,,,Feed manufacturer,20327 E Stackpole Rd,Mount Vernon,Washington,98274,,
Penny Newman Grain,+1 559-584-5722,jmanuel@penny-newman.com,babel@penny-newman.com,http://www.penny-newman.com/,Feed manufacturer,619 S Williams St,Hanford,California,93230,https://www.facebook.com/PennyNewmanFarmProducts/,http://www.linkedin.com/company/4033108
Central New York Feeds,+1 315-689-6384,orders@cnyfeeds.com,,https://cnyfeeds.com/,Feed manufacturer,349 Carmer Rd,Jordan,New York,13080,,
Mighty Deer Lick Co,+1 906-399-3889,info@nutrifeed.us,,https://mightydeerlick.com/,Feed manufacturer,N15492 Township Line Rd G,Powers,Michigan,49874,https://www.facebook.com/Mighty-Deer-Lick-Company-140689405953423/,
JDH,+1 575-356-4485,amcgrain@jdhco.com,,http://www.jdhco.com/,"Feed manufacturer, Grain elevator",117 E Commercial St,Portales,New Mexico,88130,https://www.facebook.com/JDHeiskell,https://www.linkedin.com/company/j.d.-heiskell
Diamond V,+1 319-366-0745,agermain-robin@diamondv.com,radams@diamondv.com,https://diamondv.com/,Feed manufacturer,2525 60th Ave SW,Cedar Rapids,Iowa,52404,https://www.facebook.com/diamond-v-372815762779033,http://www.linkedin.com/company/37310
Tyson Foods Cullman Blend Mill,+1 256-734-7100,legalprivacy@tyson.com,localgrainservices@tyson.com,http://www.localgrainservices.com/,Feed manufacturer,2011 3rd Ave SE,Cullman,Alabama,35055,,
United Petfood USA,+1 574-259-7834,jvermeersch@unitedpetfood.eu,j.vermeersch@unitedpetfood.eu,https://www.unitedpetfood.eu/,Feed manufacturer,1011 W 11th St,Mishawaka,Indiana,46544,https://www.facebook.com/United-Petfood-100921326024937/,https://be.linkedin.com/company/united-petfood
Cargill Feed Mill,+1 662-838-1483,,,,Feed manufacturer,,Byhalia,Mississippi,38611,,
Cold Copper Commodities Company LLC,+1 830-693-4458,info@coldcoppercommodities.com,,http://www.coldcoppercommodities.com/,Feed manufacturer,1810 RM 1431,Marble Falls,Texas,78654,,
Scott Pro,+1 620-872-2189,,,,Feed manufacturer,810 E 1st St,Scott City,Kansas,67871,,
Billy Allen Horse Feed,+1 620-872-2778,info@bafeeds.com,info@billyallenfeeds.com,http://www.bafeeds.com/,Feed manufacturer,500 E Rd 130,Scott City,Kansas,67871,https://www.facebook.com/bahorsefeed,
Purina fremont,+1 402-721-8582,rkumar@landolakesinc.com,rjacops@landolakesinc.com,https://www.landolakesinc.com/,"Feed manufacturer, Warehouse",330 E Cloverly Rd,Fremont,Nebraska,68025,https://www.facebook.com/LandOLakesInc,https://www.linkedin.com/company/landolakesinc
Tully AG Center,+1 315-696-6400,,,,"Feed manufacturer, Farm shop, Grain elevator, Propane supplier, Store",20 Onondaga St,Tully,New York,13159,,
Hirsch Feed Ava Feed Mill,,justinparker@hirschfeed.com,johnwilliams@hirschfeed.com,https://hirschfeed.com/,Feed manufacturer,904 Lyle St,Ava,Missouri,65608,http://www.facebook.com/hirschfeed,http://www.linkedin.com/company/1757359
Cargill Animal Nutrition,+1 800-233-1763,angela_taulbee@cargill.com,christian_butler@cargill.com,https://www.cargill.com/,Feed manufacturer,4634 Radford Rd,Flowery Branch,Georgia,30542,https://www.facebook.com/CargillCares/,https://www.linkedin.com/company/cargill
Cargill Animal Nutrition,+1 800-233-1763,angela_taulbee@cargill.com,christian_butler@cargill.com,https://www.cargill.com/,Feed manufacturer,4634 Radford Rd,Flowery Branch,Georgia,30542,https://www.facebook.com/CargillCares/,https://www.linkedin.com/company/cargill
Kent Feeds,+1 217-323-1216,kent_heckman@kentfeeds.com,jim_white@kentfeeds.com,https://kentfeeds.com/,"Feed manufacturer, Animal feed store",8679 Kent Feed Rd,Beardstown,Illinois,62618,https://www.facebook.com/158413400859173,http://linkedin.com/company/kent-feeds-inc.
Stevens Feed of Middleburg,+1 570-837-3606,delvin@stevensfeed.com,info@stevensfeed.com,http://stevensfeed.com/,Feed manufacturer,2801 Paxtonville Rd,Middleburg,Pennsylvania,17842,https://www.facebook.com/people/Stevens-Feed-Mill-of-Rural-Retreat/100086971491520/,https://www.linkedin.com/company/stevens-feed-mill-inc
Farmer's Choice Feed Mill,+1 270-489-2998,,,,Feed manufacturer,4777 Kirksey Rd,Kirksey,Kentucky,42054,,
Texas Best Panels,+1 512-752-3777,portablepanels@earthlink.net,,http://www.portablepanels.com/,Feed manufacturer,15614 N US Hwy 183,Lometa,Texas,76853,,
JDH,+1 208-536-2438,amcgrain@jdhco.com,,http://www.jdhco.com/,Feed manufacturer,1711 S 2300 E,Gooding,Idaho,83330,https://www.facebook.com/JDHeiskell,https://www.linkedin.com/company/j.d.-heiskell
Mine Creek Feed,+1 913-352-6365,contact@minecreekfeed.com,,http://minecreekfeed.com/,"Feed manufacturer, Animal feed store",21507 E 931 Cir,Pleasanton,Kansas,66075,https://www.facebook.com/MineCreekFeed,
Big Sky Organic Feed,+1 406-622-5436,garry@montanaflour.com,,https://montanaflour.com/chicken-feed/organic-feed/,Feed manufacturer,2502 Chouteau St,Fort Benton,Montana,59442,,
Pilgrim's Pride Corporation,+1 704-233-4047,,,,Feed manufacturer,205 Edgewood Dr,Wingate,North Carolina,28174,,
Livestock Nutrition Center,+1 512-561-0033,daneeh@lnc-online.com,jjansen@lnc-online.com,http://www.lnc-online.com/,Feed manufacturer,"1713 B, 1713 Industrial Blvd",Cameron,Texas,76520,https://www.facebook.com/LivestockNutritionCenter/,http://www.linkedin.com/company/4775165
Land O'Lakes Purina Feed,+1 503-472-9551,howard.vroom@purinamills.com,pete.theisen@purinamills.com,http://www.purinamills.com/,Feed manufacturer,102 SE Booth Bend Rd,McMinnville,Oregon,97128,https://www.facebook.com/PurinaHorse/,http://www.linkedin.com/company/712782
Key-Lix Livestock Supplements,+1 435-563-6215,contact08@key-lix.com,winn@key-lix.com,http://www.key-lix.com/,"Feed manufacturer, Animal feed store",325 W 600 S,Smithfield,Utah,84335,https://www.facebook.com/KeyLixSupplements/,
Agrifeed LLC,+1 906-396-7648,info@agrifeed.us,,https://agrifeed.us/,"Feed manufacturer, Service establishment",,,,,,
Blue Stem Organic Feed Mill,+1 515-832-2992,cullough@bluestemorganic.com,cindy@bluestemorganic.com,http://bluestemorganic.com/,"Feed manufacturer, Animal feed store",1565 280th St,Webster City,Iowa,50595,https://www.facebook.com/201614609857702,
Ridley Block Operations,+1 620-231-6700,mark.nelson@ridleyinc.com,kenneth.stokes@ridleyinc.com,https://www.ridleyinc.com/our-company/divisions/ridley-block-operations,Feed manufacturer,1057 US-69,Pittsburg,Kansas,66762,https://www.facebook.com/254873578500,http://www.linkedin.com/company/107187
Mesquite Mills,+1 812-295-2299,,,,Feed manufacturer,2805 County Rd 1200 E,Loogootee,Indiana,47553,,
Equus International Corporation,+1 888-355-6688,r.goodman@equusintl.com,bking@equusintl.com,https://www.equusintl.com/,Feed manufacturer,7310 N Anway Rd,Marana,Arizona,85653,,
"West Feeds, Inc",+1 254-826-5301,rjohnson@westfeeds.com,dcharanza@westfeeds.com,https://westfeeds.com/,"Feed manufacturer, Agricultural service, Animal feed store",107 South Roberts St,West,Texas,76691,https://www.facebook.com/WestFeeds/,http://www.linkedin.com/company/4385486
Norbest Feed Mill,+1 435-436-8221,tfowles@norbest.com,kbarton@norbest.com,http://norbest.com/,Feed manufacturer,"Unnamed Rd, Moroni, UT 84646",Moroni,Utah,84646,https://www.facebook.com/norbestturkey,http://www.linkedin.com/company/1063357
"Nutrition 101, LLC",+1 765-778-1101,jobs@101inc.com,accounting@101inc.com,http://www.101.us/,"Feed manufacturer, Nutritionist, Recycling center, Trucking company",304 Navajo Dr,Archdale,North Carolina,27263,https://www.facebook.com/101Inc/,https://www.linkedin.com/company/nutrition101
"Nutrition 101, LLC",+1 765-778-1101,jobs@101inc.com,accounting@101inc.com,http://www.101.us/,"Feed manufacturer, Nutritionist, Recycling center, Trucking company",304 Navajo Dr,Archdale,North Carolina,27263,https://www.facebook.com/101Inc/,https://www.linkedin.com/company/nutrition101
Purina Animal Nutrition Plant,+1 254-708-0447,,,,Feed manufacturer,307 N Avenue C,Clifton,Texas,76634,,
UFI Feeding LLC,+1 970-785-2314,,,,Feed manufacturer,14605 Co Rd 21,Platteville,Colorado,80651,,
Livestock Nutrition Center Feed Mill,+1 806-391-1001,daneeh@lnc-online.com,jjansen@lnc-online.com,http://lnc-online.com/,Feed manufacturer,4050 US-60,Hereford,Texas,79045,https://www.facebook.com/LivestockNutritionCenter/,http://www.linkedin.com/company/4775165
"Royal Canin U.S.A., Inc.",+1 937-962-7352,pratthana.pamornruttanakul@royalcanin.com,alison.blandford@royalcanin.com,https://www.royalcanin.com/us,Feed manufacturer,6569 OH-503,Lewisburg,Ohio,45338,https://www.facebook.com/RoyalCanin.us/,https://www.linkedin.com/company/royalcanin
Cargill,+1 937-962-5055,angela_taulbee@cargill.com,christian_butler@cargill.com,https://www.cargill.com/,Feed manufacturer,6531 OH-503 N,Lewisburg,Ohio,45338,https://www.facebook.com/CargillCares/,https://www.linkedin.com/company/cargill
Cargill,+1 937-962-5055,angela_taulbee@cargill.com,christian_butler@cargill.com,https://www.cargill.com/,Feed manufacturer,6531 OH-503 N,Lewisburg,Ohio,45338,https://www.facebook.com/CargillCares/,https://www.linkedin.com/company/cargill
Advanced Animal Nutrition,+1 417-264-7300,,,,Feed manufacturer,1400 Nettleton Ave,Thayer,Missouri,65791,,
JDH,,amcgrain@jdhco.com,,https://www.jdhco.com/,Feed manufacturer,5765 Co Rd R,Stratford,Texas,79084,https://www.facebook.com/JDHeiskell,https://www.linkedin.com/company/j.d.-heiskell
Alliance Feed LLC,+1 260-244-6100,,,,"Feed manufacturer, Animal feed store",2560 S 600 E,Columbia City,Indiana,46725,,
Platinum Feeds & Supply,+1 812-593-7232,kristin@platinumshowfeeds.com,,https://www.platinumshowfeeds.com/,Feed manufacturer,6140 W Co Rd 240 NW,Greensburg,Indiana,47240,,
"Sacate Pellet Mills, Inc.",+1 602-237-3809,olen.petznick@sacate.com,o.petznick@sacate.com,https://www.sacate.com/,Feed manufacturer,38743 Cowtown Rd,Maricopa,Arizona,85138,https://www.facebook.com/288410238615451,https://www.linkedin.com/company/sacate-pellet-mills-inc
Bartlett,+1 913-367-2303,info@bartlettandco.com,jeffhymas@savageservices.com,https://bartlettco.com/locations/ks/atchison/,"Feed manufacturer, Flour mill, Grain elevator",320 Riverfront Rd,Atchison,Kansas,66002,https://www.facebook.com/BartlettCo,https://www.linkedin.com/company/bartlettco
Blair Milling and Elevator Co.,+1 913-367-2310,tbishop@blairfeeds.com,pblair@blairfeeds.com,http://blairfeeds.com/,Feed manufacturer,1000 Main St,Atchison,Kansas,66002,https://www.facebook.com/614881905320504,
Bowman Milling Co,+1 573-833-6237,,,,"Feed manufacturer, Store",330 Jackson Rd,Pocahontas,Missouri,63779,,
TransAgra International inc.,+1 800-238-6075,lisa.sakai@transagra.com,bob.snow@transagra.com,http://www.transagra.com/,Feed manufacturer,101 Gilbert St,Storm Lake,Iowa,50588,https://www.facebook.com/TransAgra/,https://www.linkedin.com/company/transagra
Furst-Mc Ness,+1 712-732-3434,,,,Feed manufacturer,2000 Expansion Blvd,Storm Lake,Iowa,50588,,
South Central FS Feed Mill,+1 217-536-5000,cheryl.warner@southcentralfs.com,byron_sikma@southcentralfs.com,https://www.southcentralfs.com/Our-Locations/Location-Detail/feed-mill,Feed manufacturer,13916 IL-37,Watson,Illinois,62473,https://www.facebook.com/southcentralfs/,https://www.linkedin.com/company/south-central-fs-inc
G A Wintzer & Son Co,+1 419-738-3771,kirk@gawintzer.com,gus@gawintzer.com,http://www.gawintzer.com/,"Feed manufacturer, Professional services",204 W Auglaize St,Wapakoneta,Ohio,45895,https://www.facebook.com/GA-Wintzer-Son-Co-1740104256207513/,http://linkedin.com/company/g.-a.-wintzer-&-son-co.
"H.R. Wentzel Sons, Inc.",+1 717-789-3306,,,,Feed manufacturer,5521 Waggoners Gap Rd,Landisburg,Pennsylvania,17040,,
"CTS Liquid Feed, LLC",+1 308-777-2589,ctsliquidfeed@gmail.com,,http://ctsliquidfeedllc.com/,Feed manufacturer,1 Cappel Dr,McCook,Nebraska,69001,http://facebook.com/squarespace,
Farmers Coop Society - Feed Office,+1 712-722-0651,mtiedeman@farmerscoopsociety.com,lschuiteman@farmerscoopsociety.com,http://www.farmerscoopsociety.com/,Feed manufacturer,258-298 3rd St NW,Sioux Center,Iowa,51250,https://www.facebook.com/Farmers-Coop-Society-177251292482/,https://www.linkedin.com/company/farmers-coop-society
Lankenau Construction Inc,+1 605-295-0011,todd.lankenau@gmail.com,,http://lankenauconstructioninc.com/,Feed manufacturer,302 S 10th St,Onida,South Dakota,57564,,
PreZero US Services - BSF Technology Center,,info@prezero.us,charlotte.fischer@prezero.us,https://prezero.us/prezero-services/,Feed manufacturer,1085 E California St,Ontario,California,91761,https://www.facebook.com/PreZero.US,https://www.linkedin.com/company/prezero-us
Hamlet Protein Inc.,+1 567-525-5627,joseph@hamletprotein.com,lb@hamletprotein.com,https://hamletprotein.com/en/contact-us/usa/,"Feed manufacturer, Animal feed store",5289 Hamlet Dr,Findlay,Ohio,45840,https://www.facebook.com/HAMLETPROTEIN,http://www.linkedin.com/company/75030
"Integrated Proteins, LLC",+1 913-573-2130,ty@integrated-pro.com,rot@integrated-pro.com,https://www.integrated-pro.com/,Feed manufacturer,300 S 55th St Suite B,Kansas City,Kansas,66106,,
"Central Plains Milling (Columbus, NE)",+1 402-564-3261,russv@centralplainsmilling.com,r.vering@centralplainsmilling.com,http://centralplainsmilling.com/,Feed manufacturer,2175 14th Ave,Columbus,Nebraska,68601,https://www.facebook.com/Central-Plains-Milling-218800638142313/,
"AGresearch, Inc.",+1 815-726-0410,,,http://agresearchinc.org/,Feed manufacturer,1 Genstar Ln # A,Joliet,Illinois,60435,,
Vita Plus Corporation,+1 715-255-8144,anytes@vitaplus.com,nbrown@vitaplus.com,https://www.vitaplus.com/our-facilities/vita-plus-loyal/,Feed manufacturer,213 E Mill St,Loyal,Wisconsin,54446,http://www.facebook.com/pages/,https://www.linkedin.com/company/vita-plus-corporation
AMVC Hamlin Feedmill,,dolsen@amvcms.com,mshook@amvcms.com,https://www.amvcms.com/,Feed manufacturer,2289 Lark Ave,Hamlin,Iowa,50117,http://www.facebook.com/pages/AMVC/261983687165692,http://www.linkedin.com/company/6504211
McConnaughey Feed & Livestock,+1 307-851-1452,,,,Feed manufacturer,154 Hutchinson Rd,Riverton,Wyoming,82501,,
"MaxRax Wildlife Nutrition, Inc",+1 979-224-4399,,,,"Feed manufacturer, Service establishment",,,,,,
K & L Feeds Inc,+1 570-374-0501,,,,Feed manufacturer,2243 US-522,Selinsgrove,Pennsylvania,17870,,
Ultra Balance Premium Koi Food,+1 888-330-3361,info@koifood.com,,http://koifood.com/,"Feed manufacturer, Seafood restaurant",24067 Water St,Perris,California,92572,https://www.facebook.com/ultrabalancekoifood,
MarJac Feed Mill,+1 770-531-5031,,,,"Feed manufacturer, Animals",505 Twin Mill Dr,Maysville,Georgia,30558,,
ADM Columbus,+1 614-575-4993,tech-3668700@admfarmview.com.whoisprivacyservice.org,,http://www.admfarmview.com/columbus,"Feed manufacturer, Grain elevator",4260 Groves Rd,Columbus,Ohio,43232,,
Dakota Spirit Ag energy,+1 701-251-3900,bmarkegard@midwestagenergy.com,jgruebele@midwestagenergy.com,https://www.midwestagenergy.com/fccp-dakota-spirit-19635,Feed manufacturer,,Jamestown,North Dakota,58401,https://www.facebook.com/midwestagenergy/,
Georgia Land Masters,+1 229-221-0178,,,,Feed manufacturer,South St,Marshallville,Georgia,31057,,
Land O'Lakes Purina Feed,+1 281-342-5669,rkumar@landolakesinc.com,rjacops@landolakesinc.com,https://www.landolakesinc.com/,Feed manufacturer,825 TX-36,Rosenberg,Texas,77471,https://www.facebook.com/LandOLakesInc,https://www.linkedin.com/company/landolakesinc
American Pharmaceutical Innovations Co.,+1 630-916-4500,rshannon@americanpharma.net,cspencer@americanpharma.net,https://www.americanpharma.net/,"Feed manufacturer, Service establishment",,,,,,
American River AG,,dennis@americanriverag.com,info@americanriverag.com,https://www.americanriverag.com/,Feed manufacturer,807 Cromwell Ave,Stockton,California,95203,,http://linkedin.com/company/american-river-ag-inc.
"Wallace Grain Company, Inc.",+1 317-758-4434,dave@wallacegrain.com,,https://wallacegrain.com/,"Feed manufacturer, Animal feed store",604 S Main St,Sheridan,Indiana,46069,https://www.facebook.com/643259922761423,
Gold Star,+1 716-592-2845,rshane@goldstarfeed.com,lilalow@ilricher.com,https://www.goldstarfeed.com/,"Feed manufacturer, Mill",299 Waverly St,Springville,New York,14141.0,https://www.facebook.com/JDHeiskell,https://www.linkedin.com/company/1074967/
Kent Nutrition Group,+1 712-324-4694,mdunsmore@kentnutritiongroup.com,michaelballjr@hotmail.com,https://kentnutritiongroup.com/,"Feed manufacturer, Animal feed store",1500 RMT Ave,Sheldon,Iowa,51201,http://facebook.com/kentfeeds,https://www.linkedin.com/company/kent-nutrition-group
General Feed & Grain Inc,+1 208-267-3185,,,,"Feed manufacturer, Animal feed store, Grain elevator",7128 3rd St,Bonners Ferry,Idaho,83805,,
"Mustang Creek Feed, Seed & Supply",+1 817-373-3484,frankjc030864@gmail.com,,https://mustangcreekfeedseedandsupply.com/,"Feed manufacturer, Hay supplier, Pet supply store",104 S Hughes St,Rio Vista,Texas,76093,,
United Farmers Cooperative - Livestock Service Center,+1 507-232-5480,bob.rehbein@ufcmn.com,charles.spigner@ufcmn.com,https://ufcmn.com/,"Feed manufacturer, Agricultural cooperative, Animal feed store",40137 577th Ln,New Ulm,Minnesota,56073,https://www.facebook.com/UnitedFarmersCooperative/,http://www.linkedin.com/company/3520124
