Company Name,Lat / Long,Street_Address,City,State_Parsed,ZIP_Parsed,Phone_Number,Title,Manager_Name,Email,Capacity,Category,CWTS_Flour_Mills
Pride Ag Resources,,103 Texcoco,Montezuma,KS,67867,(620) 846-2231; (800) 248-0287,Branch manager,John Wahl,jwahl@prideag.com,"2,316,000 bus up.",Grain,
Archer Daniels Midland Co.,,115 Bluff St.,Rhineland,MO,65069,(573) 236-4000,Manager,Nolan Fischer,,"450,000 bus up",Grain,
Archer Daniels Midland Co.,,320 Short St.,Montgomery City,MO,63361,(573) 564-2089,generqal manager,Nolan Fischer,,"597,035 bus up",Grain,
"Viterra Usa Grain, Llc",,2102 Waurika Freeway ,Wichita Falls,TX,76305,(940) 322-1174,Manager,Brian McCuiston,,"2,700,000 bus up",Grain,
Ardent Mills,,3750 Wynkoop ,Denver,CO,80216,(303) 294-0547,Plant manager,Brent Johnson,brent.johnson@ardentmills.com,"4,000 cwts",Flour mills,
Ardent Mills,,3750 Wynkoop ,Denver,CO,80216,(303) 294-0547,Plant manager,Brent Johnson,brent.johnson@ardentmills.com,,Specialty Mills,
The Birkett Mills,,1 E Main St,Penn Yan,NY,14527,(315) 536-3311,Branch manager,Jeff Gifford,contact@thebirkettmills.com,800 cwts,Flour mills,
The Birkett Mills,,1 E Main St,Penn Yan,NY,14527,(315) 536-3311,Branch manager,Jeff Gifford,contact@thebirkettmills.com,600 cwts,Specialty Mills,
The Birkett Mills,,1 E Main St,Penn Yan,NY,14527,(315) 536-3311,Branch manager,Jeff Gifford,contact@thebirkettmills.com,,Specialty Mills,
The Birkett Mills,,1 E Main St,Penn Yan,NY,14527,(315) 536-3311,Branch manager,Jeff Gifford,contact@thebirkettmills.com,,Mix Plants,
"Premier Cooperative, Inc.",,1 Main St,Dewey,IL,61840,(217) 897-1111,Regional operations manager,Jason Risley,,"5,688,000 bus up; 952,000 bus",Grain,
The Mennel Milling Co.,,1 W. Front St.,Logan,OH,43138,(740) 385-6824,Plant manager,Caleb Peck,sales@mennel.com,"8,600 cwts",Flour mills,
Archer Daniels Midland Co.,,10 Center St,Hume,IL,61932,(217) 887-2514,Superintendent,Nathaniel Pluger,,"1,052,384 bus up.",Grain,
Archer Daniels Midland Co.,,10 N. Teeter St.,Oakland,IL,61943,(217) 346-2141,Manager,Kenny Hadden,,"2,950,000 bus up.",Grain,
Archer Daniels Midland Co.,,10 Pitzman Ave.,Sauget,IL,62201,(618) 271-7860,Superintendent,Justin Potillo,,"320,000 bus up.",Grain,
Hansen-Mueller Co.,,100 24th Ave.,Council Bluffs,IA,51501,(712) 322-8264,,,,"864,000 bus up",Grain,
Corbion,,100 Adams Dr.,Totowa,NJ,7512,(973) 256-8886,,,milling@corbion.com,,Mix Plants,
Archer Daniels Midland Co.,,100 Broadway St.,Gulfport,IL,61425,(319) 753-2857,Manager,Dan Bowman,,"274,000 bus up.",Grain,
Archer Daniels Midland Co.,,100 Brunner St.,Peru,IL,61354,(815) 223-8000,Superintendent,Michael Hueser,,"87,000 bus up",Grain,
"Mgp Ingredients, Inc.",,"100 Commercial St., P.O. Box 130",Atchison,KS,66002,(913) 367-1480; (800) 255-0302,Inside Sales Manager,Linda Tuley,sales@mgpingredients.com,"750,000 bus up.",Grain,
"Mgp Ingredients, Inc.",,"100 Commercial St., P.O. Box 130",Atchison,KS,66002,(913) 367-1480,Inside sales manager,Linda Tuley,sales@mgpingredients.com,,Specialty Mills,
"Mgp Ingredients, Inc.",,"100 Commercial St., P.O. Box 130",Atchison,KS,66002,(913) 367-1480,Inside sales manager,Linda Tuley,sales@mgpingredients.com,,Specialty Mills,
"Cargill, Incorporated",,"100 E. Atchison, P.O. Box 238",Cunningham,KS,67035,(620) 298-3123,,,,"203,000 bus up",Grain,
Grain Craft,,100 E. First Ave.,Rome,GA,30161,(800) 334-4468,Manager,James Bryant,,"670,000 bus up.",Grain,
Grain Craft,,100 E. First Ave.,Rome,GA,30161,(706) 528-4738,Plant manager,James Bryant,,"5,000 cwts",Flour mills,
Grain Craft,,100 E. First Ave.,Rome,GA,30161,(706) 528-4738,Plant manager,James Bryant,,,Specialty Mills,
"Attebury Grain, Inc. (Burkburnett)",,"100 E. Second, P.O. Box 938",Burkburnett,TX,76354,(940) 733-2733,,,opsassistant@attebury.com,"1,098,000 bus up",Grain,
Adm Benson Quinn,,100 Elevator Ave.,Rogers,ND,58479,(701) 646-6000,Manager,Justin Sorby,,"3,500,000 bus up",Grain,
"Columbia Grain International, Llc",,100 Elevator Ave.,Rogers,ND,58479,(701) 829-0706,manager,Calvin Diehl,jsorby@columbiagrain.com,"4,666,000.00",Grain,
Archer Daniels Midland Co.,,"100 Front St., P.O. Box 287",Macon,IL,62544,(217) 764-3345,Manager,Mike Coers,,"3,334,032 bus up.",Grain,
Manildra Milling Corp.,,100 George St.,Hamburg,IA,51640,(913) 362-0777,President,Neal Bassi,sales@manildrausa.com,,Specialty Mills,
Manildra Milling Corp.,,100 George St.,Hamburg,IA,51640,(913) 362-0777,President,Neal Bassi,sales@manildrausa.com,,Specialty Mills,
Ardent Mills,,100 Grain St.,Albany,NY,12201,(518) 465-2120,Plant Manager,Sean Gager,sean.gager@ardentmills.com,"4,500,000 bus up",Grain,
The Krusteaz Co.,,100 Krusteaz Way,Hopkinsville,KY,42266,(270) 475-5100,"Sr. VP, operations",Mike Meredith,,,Flour mills,
The Krusteaz Co.,,100 Krusteaz Way,Hopkinsville,KY,42266,(270) 475-5100,"Sr. VP, operations",Mike Meredith,,,Mix Plants,
"New Cooperative, Inc.",,100 N. Hood St.,Clare,IA,50524,(515) 417-6363,manager,Robert Slinker,clare@newcoop.com,"3,212,000 bus up; 3,133,000 bus fl.",Grain,
Landus Cooperative,,"100 Railway St., P.O. Box 308",Bayard,IA,50029,(712) 651-2081,regional manager,Ethan Taube,,"2,495,000 bus up; 976,000 bus fl.",Grain,
"Riceland Foods, Inc.",,100 S College St,Stuttgart,AR,72160,(870) 673-5489,District Manager,Nick Kelly,riceland@riceland.com,,Grain,
Agwrx Cooperative,,100 S. Commercial St.,Clark,SD,57225,(605) 532-3111,,,,,Grain,
Agstate,,100 S. Main St.,Aurelia,IA,51005,(712) 434-2297; (800) 432-2297,Location Manager,Robbie Carlson,,"3,170,000 bus up; 990,000 bus fl.",Grain,
Corpus Christi Grain Co.,,100 Talbert Lane,Corpus Christi,TX,78406,(361) 289-0782,Manager,Jake West,jakewest06@gmail.com,"3,831,000 bus up.",Grain,
Landus Cooperative,,100 Walnut St.,Gowrie,IA,50543,(515) 352-3860,Regional Manager,Randy Main,,"3,201,000 bus up; 1,497,000 bus fl.",Grain,
"Ag Processing, Inc.",,"1000 300th St., P.O. Box 187",Manning,IA,51455,(712) 653-3985,Plant merchandising manager,Wayne Johnson,wjohnson@agp.com,,Specialty Mills,
"Perdue Agribusiness Grain, Llc",,1000 Granary Rd,Tappahannock,VA,22560,(804) 443-4391,Manager,Kenneth Beauchamp,kenneth.beauchamp@perdue.com,"2,850,000 bus up",Grain,
Treehouse Foods,,1000 Italian Way,Excelsior Springs,MO,64024,(816) 637-2553,Mill manager,Brandon Cornwell,info@treehousefoods.com,"11,500 cwts.",Specialty Mills,
"Cargill, Incorporated",,1000 Uniontown Rd.,Mount Vernon,IN,47620,(812) 838-4303,,,,"1,812,000 bus up.",Grain,
"Specialty Rice, Inc.",,1000 W. First St.,Brinkley,AR,72021,(870) 734-1233,Office manager,Glenda Hilsdon,info@dellarice.com,500 cwts.,Specialty Mills,
Ingredion,,1001 Bedford Ave.,North Kansas City,MO,64116,(816) 283-3133,Plant manager,Gretchen Miller,customer.service@ingredion.com,,Specialty Mills,
Ingredion,,1001 First St. S.W.,Cedar Rapids,IA,52404,(319) 298-3085,Plant manager,Roxie Simon,customer.service@ingredion.com,,Specialty Mills,
"Perdue Agribusiness Grain, Llc",,1001 Nanticoke Rd.,Seaford,DE,19973,(302) 629-3216,manager,Darrell Oliphant,darrell.oliphant@perdue.com,"1,100,000 bus up.",Grain,
Pride Ag Resources,,1001 Prairie St.,Ford,KS,67842,(620) 369-2212,Branch manager,Tim Maxy,,"828,000 bus up",Grain,
Rcher Daniels Midland Co.,,1001 Wesley Rd.,Creve Coeur,IL,61611,(309) 699-9581,Superintendent,Bret Hawley,,"1,200,000 bus up.",Grain,
"Busch Agricultural Resources, Llc",,1002 Main Ave. W.,West Fargo,ND,58078,(701) 282-5350,,,,"5,007,000 bus up",Grain,
Consolidated Grain & Barge Co.,,1002 N. Main,Albany,IL,61230,(309) 887-4414,GM,Nathan Schmidgall,,"4,946,000 bus up.",Grain,
"Kokomo Grain Co., Inc.",,1002 W. Morgan St.,Kokomo,IN,46901,(765) 457-7536,GM,Tom Madru,tmadru@kokomograin.com,"4,700,000 bus up; 7,200,000 bus fl",Grain,
"Riceland Foods, Inc.",,10032 AR-86,Holly Grove,AR,72069,(870) 462-3391,Manager,Phillip Gahr,riceland@riceland.com,"828,000 bus up.",Grain,
"Bartlett Grain Company, Lp",,1005 S.W. Lower Lake Rd.,St. Joseph,MO,64504,(816) 238-4561; (800) 821-7885,Origination Manager,Trenton Covington,t.covington@bartlettco.com,"3,880,000 bus up.",Grain,
Central Valley Ag,,"1007 County Rd. O, P.O. Box 125",Oakland,NE,68045,(402) 685-5665,Operations manager,Tracy Denton,info@cvacoop.com,"6,000,000 bus up",Grain,
"Premier Cooperative, Inc.",,1008 Cass St.,Mansfield,IL,61854,(217) 489-2251,Regional operations manager,Josh Likeric,,"2,550,000 bus up.",Grain,
"Mfa, Inc.",,1009 Fourth St.,Jefferson City,MO,65101,(573) 635-7183,Manager,Lucas Schulte,mfagrain@mfa-inc.com,"226,000 bus up.",Grain,
Consolidated Grain & Barge Co.,,101 Arkansas St,Helena,AR,72342,(800) 489-2287,Regional Manager,Jason Herr,riceland@riceland.com,"1,882,000 bus up.",Grain,
Landus Cooperative,,101 Audubon St.,Aredale,IA,50605,(641) 894-3435,Regional Manager,Amanda De,,"567,000 bus up.",Grain,
United Cooperative,,101 Clinton St.,Horicon,WI,53032,(920) 485-9707,,,,"4,553,823 bus up",Grain,
Alliance Grain Co.,,101 E. Melvin St.,Melvin,IL,60952,(217) 697-0283,,,,"775,000 bus up.",Grain,
Archer Daniels Midland Co.,,101 N County Road 2 #1/2,Leoti,KS,67861,(620) 375-2574,Manager,Amy Varner,,"520,000 bus up",Grain,
"Cargill, Incorporated",,"101 N. Water St., P.O. Box 65",Lacon,IL,61540,(309) 246-2225,,,,"440,000 bus up.",Grain,
Ardent Mills,,101 Normanskill St.,Albany,NY,12202,(518) 447-1702,Plant Manager,Sean Gager,sean.gager@ardentmills.com,"996,000 bus up.",Grain,
Ardent Mills,,101 Normanskill St.,Albany,NY,12202,(518) 447-1734,Plant manager,Sean Gager,sean.gager@ardentmills.com,"23,500 cwts",Flour mills,
"Premier Cooperative, Inc.",,101 Railroad St.,Royal,IL,61871,(217) 583-3105,Regional operations manager,James Thomas,,"6,500,000 bus up.",Grain,
Pride Ag Resources,,101 S.,Main Beeler,KS,67518,(785) 848-2224,Branch manager,Andy Francisco,afrancisco@prideag.com,"931,000 bus up",Grain,
Archer Daniels Midland Co.,,101 S. Progressive Rd.,Hereford,TX,79045,(806) 364-3811,Manager,Randy Paetzold,,"3,845,000 bus up",Grain,
Ardent Mills,,101 Water St.,Chester,IL,62233,(618) 615-4100,Head miller,Alan Bindel,alan.bindel@ardentmills.com,"1,000,000 bus up.",Grain,
Ardent Mills,,"101 Water St., P.O. Box 369",Chester,IL,62233,(618) 615-4100,Plant manager,Alan Bindel,alan.bindel@ardentmills.com,"10,000 cwts",Flour mills,
"The Andersons, Inc.",,101-267 Edwin Dr.,Toledo,OH,43609,(419) 243-6800,Operations manager,Rick Donald,,"6,732,000 bus up.",Grain,
"Columbia Grain International, Llc",,1010 Hill St.,Grangeville,ID,83530,(208) 983-0540,Manager,Brandon Rehder,pdxmerchants@columbiagrain.com,"2,900,000 bus up.",Grain,
Assumption Co-Op Grain Co.,,1011 Railroad St.,Palmer,IL,62556,(217) 562-3114,,,acoop@acoop.com,"1,156,000 bus up; 1,045,000 bus fl.",Grain,
"Producers Rice Mill, Inc.",,1014 W 2nd St,DeWitt,AR,72042,(870) 946-3541,manager,Brandon Staton,info@producersrice.com,"2,079,000 bus up.",Grain,
"Attebury Grain, Inc. (Enid)",,1015 N.,Van Buren Enid,OK,73702,(806) 335-1639,,,opsassistant@attebury.com,"3,078,000 bus up.",Grain,
Agwrx Cooperative,,102 7th Ave.,Wallace,SD,57272,(605) 758-2391,,,,,Grain,
"Riceland Foods, Inc.",,102 E. Darden,Grubbs,AR,72431,(870) 349-2254,District manager,Rob Wilson,riceland@riceland.com,"2,849,000 bus up.",Grain,
Landus Cooperative,,102 First Ave. N.,Altoona,IA,50009,(515) 967-4215,Regional Manager,Amanda De,,"1,022,000 bus up.",Grain,
Landus Cooperative,,"102 Lincoln St. N.E., P.O. Box 9",Bondurant,IA,50035,(515) 967-4207,Regional Manager,Amanda De,,"4,470,000 bus up; 948,000 bus fl.",Grain,
Landus Cooperative,,102 Maple St.,Buckeye,IA,50006,(515) 855-4141,Regional Manager,Amanda De Jong,,"1,792,000 bus up.",Grain,
Pride Ag Resources,,102 N. Main,Ingalls,KS,67853,(620) 335-5701,Branch manager,Taylor Bleumer,bleumer@prideag.com,"996,000 bus up",Grain,
"Supreme Rice, Llc",,102 S. 13th St.,Mermentau,LA,70556,(337) 824-5558,Chairman; CEO,Bobby Hanks,sales@supremerice.com,,Specialty Mills,
"Viterra Usa Grain, Llc",,1020 Port Authority Rd.,Eddyville,KY,42038,(270) 388-9766,,,,"71,000 bus up",Grain,
Landus Cooperative,,1023 Fifth Ave. S.,Denison,IA,51442,(712) 263-5671,Regional manager,Ethan Taube,,"664,000 bus up",Grain,
Landus Cooperative,,103 E. Sherman St.,Casey,IA,50048,(641) 746-2226,Regional manager,Ethan Taube,,"3,432,000 bus up",Grain,
Deland Farmer’S Coop Grain,,103 Lane St.,Lane,IL,61750,(217) 664-3321,,,,"994,002 bus up.",Grain,
"Columbia Grain International, Llc",,103 N. L Street,Lind,WA,99341,(509) 677-3441,Manager,Lane Hannas,pdxmerchants@columbiagrain.com,"10,000,000 bus up",Grain,
Alliance Grain Co.,,"103 S. Main, P.O. Box 57",Cropsey,IL,61731,(309) 377-2141,Location supervisor,Phillip Bjork,,"2,223,000 bus up.",Grain,
"Michigan Agricultural Commodities, Inc.",,"103 Water St., P.O. Box 547",Newaygo,MI,49337,(231) 652-6017,Facility manager,Mitchell Murray,mmurray@michag.com,"3,300,000 bus up",Grain,
"Bartlett Grain Company, Lp",,1030 Ave. L,Council Bluffs,IA,51503,(712) 322-3444,Origination manager,Grace Clark,g.clark@bartlettco.com,"2,282,000 bus up",Grain,
Consolidated Grain &Barge Co.,,10305 Hwy. 79 S.,Louisiana,MO,63353,(573) 754-6241,generqal manager,Jay Day,,"2,059,000 bus up",Grain,
Hansen-Mueller Co.,,1031 N.,Topping Kansas City,MO,64120,(816) 268-4543,,,,"4,268,000 bus up.",Grain,
The Scoular Company,,10333 N.E. 30th St.,Pratt,KS,67124,(620) 933-2440,Regional manager,T.J. Mandl,information@scoular.com,"5,500,000 bus up",Grain,
Gilster Mary Lee Corp.,,"1037 State St., P.O. Box 227",Chester,IL,62233,(618) 826-2361,Plant superintendent,Jeff Modglin,,,Mix Plants,
Cpi,,"104 Main St., P.O. Box 98",Funk,NE,68940,(308) 263-2441,,,jyoesel@cpicoop.com,"2,529,000 bus up; 2,883,000 bus fl.",Grain,
Aurora Cooperative Elevator Co.,,"104 S. Dakota, P.O. Box 401",Superior,NE,68978,(402) 879-4735,Site Manager,Ross Utecht,matt.wilson@frontiercooperative.com,"1,800,000 bus up",Grain,
The Scoular Company,,104 S. Freeman,Oakley,KS,67748,(785) 671-3171,,,information@scoular.com,"2,119,000 bus up.",Grain,
"Viterra Usa Grain, Llc",,"104 S. Front St., P.O. Box 96",Joice,IA,50446,(641) 588-3131,Manager,Trevor Halstead,,"2,486,300 bus up; 2,801,700 bus fl.",Grain,
Assumption Co-Op Grain Co.,,104 W. North St.,Assumption,IL,62510,(217) 226-3213; (800) 252-6542,Gm; Merchandiser,Randall Sexton,acoop@acoop.com,"2,058,000 bus up; 265,000 bus fl.",Grain,
"Hopkinsville Elevator Co., Inc.",,1040 Skyline Dr,Hopkinsville,KY,42240,(800) 488-2798,Manager,Mark Skipworth,mark@hop-elevator.com,"2,845,000 bus up",Grain,
"Honeyville, Inc.",,1040 W. 600 N.,Ogden,UT,84404,(435) 494-4187,"VP, sales",John W. Hadfield,sales@honeyville.com,"2,880 cwts.",Flour mills,
"Honeyville, Inc.",,1040 W. 600 N.,Ogden,UT,84404,(435) 494-4187,"VP, sales",John W. Hadfield,sales@honeyville.com,,Specialty Mills,
"Honeyville, Inc.",,1040 W. 600 N.,Ogden,UT,84404,(435) 494-4187,"VP, sales",John W. Hadfield,sales@honeyville.com,,Specialty Mills,
"Honeyville, Inc.",,1040 W. 600 N.,Ogden,UT,84404,(435) 494-4187,"VP, sales",John W. Hadfield,sales@honeyville.com,,Specialty Mills,
"Honeyville, Inc.",,1040 W. 600 N.,Ogden,UT,84404,(435) 494-4187,"VP, sales",John W. Hadfield,sales@honeyville.com,"84,000 cwts",Specialty Mills,
"Honeyville, Inc.",,1040 W. 600 N.,Ogden,UT,84404,(435) 494-4187,"VP, sales",John W. Hadfield,sales@honeyville.com,,Specialty Mills,
"Honeyville, Inc.",,1040 W. 600 N.,Ogden,UT,84404,(435) 494-4187,"VP, sales",John W. Hadfield,sales@honeyville.com,,Specialty Mills,
"Honeyville, Inc.",,1040 W. 600 N.,Ogden,UT,84404,(435) 494-4187,"VP, sales",John W. Hadfield,sales@honeyville.com,"72,000 cwts.",Specialty Mills,
"Honeyville, Inc.",,1040 W. 600 N.,Ogden,UT,84404,(435) 494-4187,"VP, sales",John W. Hadfield,sales@honeyville.com,,Specialty Mills,
"Honeyville, Inc.",,1040 W. 600 N.,Ogden,UT,84404,(435) 494-4187,"VP, sales",John W. Hadfield,sales@honeyville.com,,Mix Plants,
"Riceland Foods, Inc.",,10442 South St,Dudley,MO,63936,(573) 624-5853,Manager,Dennis Herzog,,"1,632,000 bus up",Grain,
Consolidated Grain & Barge Co.,,1047 S. 15th,Louisville,KY,40210,(812) 283-9500,Regional manager,Jason Selking,,"2,297,000 bus up",Grain,
Archer Daniels Midland Co. (Adm Grain Co.),,"105 E. Harrison, P.O. Box 209",Attica,IN,47918,(765) 762-6763,Manager,Clayton Apple,,"2,021,546 bus up",Grain,
Landus Cooperative,,"105 Fourth Ave. S.W., P.O. Box 47",Dayton,IA,50530,(515) 547-2813,Regional manager,Randy Main,,"825,000 bus up; 936,000 bus fl.",Grain,
Assumption Co-Op Grain Co.,,105 Fourth St.,Westervelt,IL,62565,(217) 738-2321,Facility Manager,Marion Fry,acoop@acoop.com,"1,695,000 bus up; 90,000 bus fl.",Grain,
Landus Cooperative,,"105 Garfield Ave., P.O. Box 35",Farnhamville,IA,50538,(515) 544-3213; (800) 642-6815,Regional Manager,Randy Main,,"7,284,000 bus up",Grain,
Mennel Grain – Nevada,,105 S. Main St.,Nevada,OH,44849,(740) 482-2173,Operations manager,Larry Hawkins,graindivision@mennel.com,"905,000 bus up.",Grain,
La Crosse Milling Co.,,"105 State Hwy. 35, P.O. Box 86",Cochrane,WI,54622,(608) 248-2222,President,Dan Ward,dward@lacrossemilling.com,,Specialty Mills,
La Crosse Milling Co.,,"105 State Hwy. 35, P.O. Box 86",Cochrane,WI,54622,(608) 248-2222,President,Dan Ward,dward@lacrossemilling.com,,Specialty Mills,
"Viterra Usa Grain, Llc",,105 Towles,Henderson,KY,42420,(270) 827-3533,Manager,Tim Bender,,"2,554,000 bus up.",Grain,
"Viterra Usa Grain, Llc",,1050 Kerper Blvd.,Dubuque,IA,52001,,Manager,Mitch Montag,,"697,000 bus up",Grain,
"Michigan Agricultural Commodities, Inc.",,"1050 Ogden St., P.O. Box 218",Jasper,MI,49248,(517) 436-3126,Facility Manager,Rick Cramer,jstrahan@michag.com,"850,000 bus up; 325,000 bus fl.",Grain,
Archer Daniels Midland Co.,,10520 Wolcott Dr.,Kansas City,KS,66109,(913) 788-7226,Manager,Mark Burnett,,"2,526,000 bus up",Grain,
"Cargill, Incorporated",,106 E. Depot St.,Litchfield,MN,55355,(320) 693-6040,,,,"475,000 bus up.",Grain,
Consolidated Grain & Barge Co.,,106 Hwy. 131 S.,Vidalia,LA,71373,(318) 336-5235,general manager,Chad Chambers,,"2,085,000 bus up.",Grain,
"Riceland Foods, Inc.",,106 Jones Island Rd,Griffithville,AR,72060,(501) 323-4347,manager,Caleb Smith,riceland@riceland.com,"1,078,000 bus up.",Grain,
Heartland Co-Op,,106 Main St.,Boonville,IA,50038,(515) 996-2295; (800) 244-8579,manager,Jason Eisenga,info@heartlandcoop.com,"2,217,000 bus up.",Grain,
Pride Ag Resources,,106 N.,Broadway Hanston,KS,67489,(620) 623-2115,Branch manager,Gary Seiler,,"1,549,000 bus up",Grain,
Poinsett Rice & Grain,,106 Walden Landing,Helena,AR,72342,(870) 338-8469,,,,,Grain,
"Viterra Usa Grain, Llc",,1061 Red Rock Rd. St.,Paul,MN,55119,(612) 344-5500,Manager,Gary Griffith,infobsm@bsm.com,"273,000 bus up.",Grain,
"Producer Ag, Llc",,1063 W. 10th Ave.,Milan,KS,67105,,,,,"3,000,000 bus up; 4,500,000 bus fl.",Grain,
"Cargill, Incorporated",,"1065 28th Rd., P.O. Box 341",Minden,NE,68959,(308) 832-1230,,,,"3,163,000 bus up.",Grain,
"New Cooperative, Inc.",,"107 Fifth St. N.W., Box 156",Britt,IA,50423,(641) 843-3878,Location Manager,Logan Weiland,,,Grain,
Landus Cooperative,,"107 Front St., P.O. Box 10",Dike,IA,50624,(319) 989-2416,Regional Manager,Amanda De,,"1,216,000 bus up.",Grain,
"Cargill, Incorporated",,107 S. Hickory Rte. 1,Langdon,KS,67583,(620) 596-2202,,,,"156,000 bus up",Grain,
Heartland Co-Op,,107 Second St.,Malcom,IA,50157,(641) 528-2535,Manager,Jay Foster,info@heartlandcoop.com,"3,359,000 bus up; 615,000 bus fl.",Grain,
"Brill, Inc.",,10741 Miller Rd.,Dallas,TX,75238,(214) 343-4816,,,info@brillinc.com,,Mix Plants,
Wheat Montana Mill & Bakery,,"10778 Hwy. 287, P.O. Box 1270",Three Forks,MT,59752,(406) 582-4572; (800) 535-2798,President,Laura Carden,info@wheatmontana.com,,Flour mills,
Wheat Montana Mill & Bakery,,"10778 Hwy. 287, P.O. Box 1270",Three Forks,MT,59752,(406) 582-4572,President,Laura Carden,info@wheatmontana.com,,Specialty Mills,
Wheat Montana Mill & Bakery,,"10778 Hwy. 287, P.O. Box 1270",Three Forks,MT,59752,(406) 582-4572,President; COO; CFO,Laura Carden,info@wheatmontana.com,,Specialty Mills,
Wheat Montana Mill & Bakery,,"10778 Hwy. 287, P.O. Box 1270",Three Forks,MT,59752,(406) 582-4572,President; COO; CFO,Laura Carden,info@wheatmontana.com,,Mix Plants,
Consolidated Grain & Barge Co.,,1079 N. Second St.,Memphis,TN,38109,(901) 525-0055,Regional manager,Murray Schwieger,,"1,874,000 bus up",Grain,
Alliance Grain Co.,,"108 N. Main St., P.O. Box 8",Roberts,IL,60962,(217) 395-2292,Supervisor,Mike Schall,,"1,675,000 bus up.",Grain,
Archer Daniels Midland Co.,,108 Railroad St.,Patoka,IL,62875,(618) 432-7194,Manager,Justin Engel,,"1,559,000 bus up; 1,112,000 bus fl",Grain,
Stafford County Flour Mills Co.,,108 S. Church St.,Hudson,KS,67545,(620) 458-4121,President,Reuel Foote,,"4,000 cwts",Flour mills,
Stafford County Flour Mills Co.,,108 S. Church St.,Hudson,KS,67545,(620) 458-4121,President,Reuel Foote,,,Mix Plants,
Northern Country Coop,,"108 S. Everett St., P.O. Box 120",LeRoy,MN,55951,(507) 324-5242; (800) 847-4499,,,counter@ncountrycoop.com,"1,698,000 bus up.",Grain,
Pride Ag Resources,,10884 102 Rd.,Howell,KS,67801,(620) 227-2683,Branch manager,Austin Goering,agoering@prideag.com,"1,704,000 bus up",Grain,
"Michigan Agricultural Commodities, Inc.",,"10895 E. U.S. 223, P.O. Box 96",Blissfield,MI,49228,(517) 486-2172; (800) 344-7246,Facility Manager,Noel Eisenmann,,"3,890,000 bus up; 1,300,000 bus fl.",Grain,
"Riceland Foods, Inc.",,109 Cross St #819,Earle,AR,72331,(870) 755-5482,manager,Brent Mitchell,riceland@riceland.com,"3,104,000 bus up.",Grain,
Archer Daniels Midland Co.,,109 N. Chestnut St.,Farina,IL,62838,(618) 245-3333,Manager,Darrell Schaal,,"4,577,517 bus up; 6,500,000 bus fl.",Grain,
Agtegra Cooperative,,"109 Railroad Ave., P.O. Box 640",McLaughlin,SD,57642,(605) 823-4441,Location manager,Craig Maher,,"4,700,000 bus up",Grain,
Farmers Cooperative,,1090 S. Court St.,Florence,AL,35630,(256) 308-1680,,,info@woodallgrain.com,"3,267,000 bus up.",Grain,
Landus Cooperative,,1095 T Ave.,Boone,IA,50036,(515) 432-4563,regional manager,Ethan Taube,,"6,563,000 bus up; 3,088,000 bus fl.",Grain,
Mars Foods Usa,,1098 N. Broadway St.,Greenville,MS,38702,(662) 335-8000,,,denise.young@effem.com,,Specialty Mills,
"Columbia Grain International, Llc",,10990 Arlen Lee Dr.,Oakes,ND,58474,(701) 742-2982,Manager,Sergio Hernandez,pdxmerchants@columbiagrain.com,"6,271,000 bus up.",Grain,
Prairie Flour Mills Ltd.,,"11 Janzen Rd., P.O. Box 301",Elie,MB,R0H 0H0,(204) 353-2895,President,Clayton Manness,gm@prairieflour.com,"8,000 cwts",Flour mills,
Prairie Flour Mills Ltd.,,"11 Janzen Rd., P.O. Box 301",Elie,MB,R0H 0H0,(204) 353-2895,President,Clayton Manness,gm@prairieflour.com,,Specialty Mills,
Mennel Milling & Bakery Mix,,11 N. Brady Ave.,Newton,NC,28658,(828) 464-1611,Plant manager,Bradley Saine,newton@mennel.ocm,"8,500 cwts",Flour mills,
Mennel Milling & Bakery Mix,,11 N. Brady Ave.,Newton,NC,28658,(828) 464-1611,Plant manager,Bradley Saine,newton@mennel.ocm,"12,000 bus.",Specialty Mills,
Mennel Milling & Bakery Mix,,11 N. Brady Ave.,Newton,NC,28658,(828) 464-1611,Plant manager,Bradley Saine,newton@mennel.ocm,,Mix Plants,
Alliance Grain Co.,,"11 S. Main, P.O. Box 208",Herscher,IL,60941,(815) 426-2231,Supervisor,Andy Cotter,,"1,773,000 bus up.",Grain,
"Greenfield Holdings, Llc",,11 State Hwy. 609,Delhi,LA,71232,(318) 878-5002,,,,"1,600,000 bus up.",Grain,
Landus Cooperative,,"110 Audubon St., P.O. Box 67",Adair,IA,50002,(641) 742-3295,regional manager,Ethan Taube,,"6,318,000 bus up; 944,000 bus fl.",Grain,
Adm Milling Co.,,110 E. 12th St.,Mendota,IL,61342,(815) 539-3040,Commercial manager,Nick Builta,milling@adm.com,,Grain,
Archer Daniels Midland Co.,,110 E. 12th St.,Mendota,IL,61342,(815) 539-7491,Manager,Jeff Mauck,,"4,200,000 bus up; 1,800,000 bus fl",Grain,
Adm Milling Co.,,110 E. 12th St.,Mendota,IL,61342,(815) 539-3040,Operations manager,Brian Berger,milling@adm.com,"30,000 cwts",Flour mills,
Archer Daniels Midland Co.,,110 Locust St.,Paducah,KY,42001,(270) 443-2100,Manager,Walter Curry,,"225,000 bus up",Grain,
"Ray-Carroll County Grain Growers, Inc.",,110 N. Railroad,Mayview,MO,64071,(800) 932-7792,Manager,Jerry Shier,,"34,000 bus up.",Grain,
Landus Cooperative,,110 Railroad St.,Woodward,IA,50276,(515) 438-2100,Regional manager,Ethan Taube,,"1,570,000 bus up; 1,564,000 bus fl.",Grain,
Mennel Grain – Wharton,,110 Railroad St.,Wharton,OH,43359,(419) 458-3041,Operations manager,Larry Hawkins,graindivision@mennel.com,"847,000 bus up.",Grain,
"Arrowhead Mills, Inc.",,"110 S. Lawton, P.O. Box 2059",Hereford,TX,79045,(806) 364-0730,Purchasing director,Dale Hollingsworth,dale.hollingsworth@hain.com,260 cwts,Flour mills,
"Arrowhead Mills, Inc.",,"110 S. Lawton, P.O. Box 2059",Hereford,TX,79045,(806) 364-0730,Purchasing director,Dale Hollingsworth,dale.hollingsworth@hain.com,30 cwts,Specialty Mills,
"Arrowhead Mills, Inc.",,"110 S. Lawton, P.O. Box 2059",Hereford,TX,79045,(806) 364-0730,Purchasing director,Dale Hollingsworth,dale.hollingsworth@hain.com,30 cwts,Specialty Mills,
"Arrowhead Mills, Inc.",,"110 S. Lawton, P.O. Box 2059",Hereford,TX,79045,(806) 364-0730,Purchasing director,Dale Hollingsworth,dale.hollingsworth@hain.com,30 cwts.,Specialty Mills,
"Arrowhead Mills, Inc.",,"110 S. Lawton, P.O. Box 2059",Hereford,TX,79045,(806) 364-0730,Purchasing director,Dale Hollingsworth,dale.hollingsworth@hain.com,"12,000 bus",Specialty Mills,
"Arrowhead Mills, Inc.",,"110 S. Lawton, P.O. Box 2059",Hereford,TX,79045,(806) 364-0730,Purchasing director,Dale Hollingsworth,dale.hollingsworth@hain.com,30 cwts,Specialty Mills,
"Arrowhead Mills, Inc.",,"110 S. Lawton, P.O. Box 2059",Hereford,TX,79045,(806) 364-0730,Purchasing director,Dale Hollingsworth,dale.hollingsworth@hain.com,30 cwts.,Specialty Mills,
"Arrowhead Mills, Inc.",,"110 S. Lawton, P.O. Box 2059",Hereford,TX,79045,(806) 364-0730,Purchasing director,Dale Hollingsworth,dale.hollingsworth@hain.com,10 cwts.,Specialty Mills,
"Arrowhead Mills, Inc.",,"110 S. Lawton, P.O. Box 2059",Hereford,TX,79045,(806) 364-0730,Purchasing director,Dale Hollingsworth,dale.hollingsworth@hain.com,200 cwts,Specialty Mills,
"Arrowhead Mills, Inc.",,"110 S. Lawton, P.O. Box 2059",Hereford,TX,79045,(806) 364-0730,Purchasing director,Dale Hollingsworth,dale.hollingsworth@hain.com,"240,000 bus",Specialty Mills,
"Arrowhead Mills, Inc.",,"110 S. Lawton, P.O. Box 2059",Hereford,TX,79045,(806) 364-0730,Purchasing director,Dale Hollingsworth,dale.hollingsworth@hain.com,,Mix Plants,
Knappen Milling Co.,,"110 S. Water St., P.O. Box 245",Augusta,MI,49012,(269) 731-4141; (800) 562-7736,President; CEO,Emily Likens,twright@knappen.com,"4,800 cwts.",Flour mills,
Knappen Milling Co.,,"110 S. Water St., P.O. Box 245",Augusta,MI,49012,(269) 731-4141,President; CEO,Emily Likens,twright@knappen.com,"2,000 cwts",Specialty Mills,
Knappen Milling Co.,,"110 S. Water St., P.O. Box 245",Augusta,MI,49012,(269) 731-4141,President; CEO,Emily Likens,twright@knappen.com,,Specialty Mills,
Knappen Milling Co.,,"110 S. Water St., P.O. Box 245",Augusta,MI,49012,(269) 731-4141,President; CEO,Emily Likens,twright@knappen.com,,Specialty Mills,
Sunrise Cooperative,,1100 Burkholder Rd.,Clyde,OH,43410,(419) 547-9588,Location manager,Brian House,brianhouse@sunriseco-op.com,"8,200,000 bus up.",Grain,
Ingredion,,1100 Green Valley Rd.,London,ON,N6N 1E3,(519) 680-4400,Plant manager,David Wilcox,,,Specialty Mills,
"Cargill, Incorporated",,1100 Indianapolis Blvd.,Hammond,IN,46320,(219) 659-2000; (800) 348-9896,,,,,Specialty Mills,
"Attebury Grain, Inc.",,1100 Kell Blvd.,Wichita Falls,TX,76301,(940) 322-1567,,,opsassistant@attebury.com,"1,784,000 bus up",Grain,
Ardent Mills,,1100 S. Main St.,Galena Park,TX,77547,(832) 862-3128,Plant manager,Kellen Lyons,kellen.lyons@ardentmills.com,"720,000 bus up.",Grain,
Ardent Mills,,1100 S. Main St.,Galena Park,TX,77547,(713) 676-1100,Plant manager,Kellen Lyons,kellen.lyons@ardentmills.com,"11,000 cwts.",Flour mills,
Frenchman Valley Farmers Co-Op,,"1101 S. Hwy. 71, P.O. Box 520",Kimball,NE,69145,(308) 235-3562,Location manager,John Deal,info@fvcoop.com,"1,800,000 bus up; 3,500,000 bus fl",Grain,
"Riceland Foods, Inc.",,1101 W Riceland St,Hazen,AR,72064,(870) 255-4531,manager,Mike Edge,riceland@riceland.com,"4,042,000 bus up.",Grain,
"Bunge North America, Llc",,1102 W. 18th St.,Indianapolis,IN,46202,(317) 266-0927,Commercial manager,Steve Welu,kendall.bergman@bunge.com,"3,173,000 bus up; 3,813,000 bus fl.",Grain,
Grain Craft,,"11040 Lombard St., Municipal Terminal No. 4",Portland,OR,97203,(503) 286-1656,Plant manager,Christopher Rodriguez,,"368,000 bus up.",Grain,
Grain Craft,,11040 N. Lombard St.,Municipal Terminal No. Four Portland,OR,97203,(503) 286-1656,Plant manager,Chris Rodriguez,,"8,700 cwts",Flour mills,
Archer Daniels Midland Co.,,11077 River Rd,Ama,LA,70031,(504) 431-8245,Superintendent,Scott Walsh,,"5,785,000 bus up.",Grain,
Archer Daniels Midland Co.,,11079 River Rd,Ama,LA,70031,(504) 431-8245,Superintendent,Dennis Miranda,,"5,785,000 bus up.",Grain,
Landus Cooperative,,"111 First St., P.O. Box 296",Newell,IA,50568,(712) 272-3312,Regional manager,Randy Main,,"2,597,000 bus up.",Grain,
"Cargill, Incorporated",,111 Main St.,Meredosia,IL,62665,(217) 584-1153,,,,"2,172,000 bus up.",Grain,
Agp,,111 S.,Wooding Aberdeen,WA,98520,(360) 533-9530,Executive director,Gary Nelson,gnelson@portgrays.org,"3,000,000 bus up",Grain,
Siemer Milling Co.,,"111 W. Main St., P.O. Box 670",Teutopolis,IL,62467,(217) 857-3131; (800) 826-1065,Plant Manager,Kenneth Stice,,"3,620,000 bus up.",Grain,
Siemer Milling Co.,,"111 W. Main St., P.O. Box 670",Teutopolis,IL,62467,(217) 857-3131,Plant manager,Kenneth Stice,mlustig@siemermilling.com,"10,500 cwts",Flour mills,
Siemer Milling Co.,,"111 W. Main St., P.O. Box 670",Teutopolis,IL,62467,(217) 857-3131,Production scheduler,Angela Buerster,mlustig@siemermilling.com,"3,000 cwts.",Specialty Mills,
"Riceland Foods, Inc.",,111 Wooten St,Corning,AR,72422,(870) 857-3582,District Manager,Daniel Bryant,riceland@riceland.com,"4,733,000 bus up.",Grain,
"Bruce Oakley, Inc.",,1110 Hwy. 9,Morrilton,AR,72110,(501) 354-4684; (800) 750-4684,Manager,Buddy Buendtner,buddy@bruceoakley.com,"509,000 bus up.",Grain,
"Attebury Grain, Inc. (Pullman)",,11101 S.E.,Third Amarillo,TX,79118,(806) 335-1716,,,opsassistant@attebury.com,"1,297,000 bus up;",Grain,
"Viterra Usa Grain, Llc",,"1111 Bedke Blvd., P.O. Box 1089",Burley,ID,83318,(208) 677-5120,Manager,Kyle Storer,,"1,005,000 bus up; 1,082,000 bus fl.",Grain,
The Krusteaz Co.,,1111 Kretschmer Dr.,Manhattan,KS,66502,(785) 564-4800,"Sr. VP, operations",Michael Meredith,,,Flour mills,
The Krusteaz Co.,,1111 Kretschmer Dr.,Manhattan,KS,66502,(785) 564-4800,"Sr. VP, operations",Michael Meredith,,,Mix Plants,
"Cargill, Incorporated",,"1112 N. Halstead Rd., P.O. Box 2623",Salina,KS,67402,(785) 825-8128,,,,"30,289,000 bus up",Grain,
Archer Daniels Midland Co.,,1120 County Rd.,Clarkfield,MN,56223,(320) 669-7501,Manager,Scott Mauch,,"7,171,000 bus up",Grain,
Adm Milling Co.,,1120 King St.,Chattanooga,TN,37403,(423) 756-0503,Commercial manager,JoBeth Borowiak,milling@adm.com,"2,000,000 bus up",Grain,
Adm Milling Co.,,1120 King St.,Chattanooga,TN,37403,(423) 756-0503,Commercial manager,Tony Miller,milling@adm.com,"13,500 cwts.",Flour mills,
Butte County Rice Growers Association,,"1121 Richvale Hwy., P.O. Box 128",Richvale,CA,95974,(530) 882-4522,President; CEO,Carl Hoff,,"5,500,000 bus up; 5,000,000 bus fl.",Grain,
Heartland Co-Op,,114 East Gardner,Bovina,TX,79009,(806) 251-1521,Manager,Alan Bilyeu,info@heartlandcoop.com,"6,500,000 bus up.",Grain,
"Attebury Grain, Inc.",,11410 Energy Center Rd.,Pampa,TX,79065,(806) 669-1918,,,opsassistant@attebury.com,"1,100,000 bus up",Grain,
"Perdue Agribusiness Grain, Llc",,11430 Oakland Dr.,Exmore,VA,23350,(757) 551-4003,Manager,Douglas Hartman,douglas.hartman@perdue.com,"200,000 bus up",Grain,
"Viterra Usa Grain, Llc",,11477 County Rd 550 E,Ladoga,IN,47954,(765) 946-7000,Manager,Matt Schmitt,,"6,095,000 bus up.",Grain,
Landus Cooperative,,"115 Main St., P.O. Box 79",Lytton,IA,50561,(712) 466-2213,Regional manager,Randy Main,,"630,000 bus up; 936,000 bus fl.",Grain,
King Milling Co.,,115 S.,Broadway Lowell,MI,49331,(616) 897-9264,President,Brian K. Doyle,jcantrell@kingflour.com,"17,000 cwts",Flour mills,
"Keller Grain, Inc.",,1150 Hwy. 90 E.,Castroville,TX,78009,830-931-2294,,,kgicorn@gmail.com,"473,000 bus up.",Grain,
"Kokomo Grain Co., Inc.",,11505 S. Rd. 800 E.,Amboy,IN,46911,(765) 395-7787; (800) 666-0685,manager,Jeff Ortman,jortman@kokomograin.com,"4,080,000 bus up; 11,000,000 bus fl.",Grain,
"Perdue Agribusiness Grain, Llc",,11545 Lynch Rd.,Lynch,MD,21678,(410) 778-0222,manager,Warren Chew,warren.chew@perdue.com,"1,400,000 bus up.",Grain,
Adm Benson Quinn,,"1155 Riverview Dr., P.O. Box 105",Winona,MN,55987,(507) 452-3562,Manager,Doug McMamony,,"270,000 bus up",Grain,
"Columbia Grain International, Llc",,"116 S. Dakota St., P.O. Box 606",Conrad,MT,59425,(406) 278-3256,Manager,Scott Johnson,pdxmerchants@columbiagrain.com,"941,000 bus up.",Grain,
"Perdue Agribusiness Grain, Llc",,"11612 Molly Pitcher Hwy. S., P.O. Box 358",Greencastle,PA,17225,(717) 597-1602,Manager,John Farrow,john.farrow@perdue.com,"40,000 bus up.",Grain,
"Columbia Grain International, Llc",,117 First St. S.W.,Moore,MT,59646,(406) 708-7000,Manager,B.J. Deleo,pdxmerchants@columbiagrain.com,"4,400,000 bus up.",Grain,
"Viterra Usa Grain, Llc",,"117 S.W. First St., P.O. Box 61",Moore,MT,59464,(406) 374-2262,,,,,Grain,
Farmers Cooperative,,117 Signal Point Rd.,Guntersville,AL,35976,(256) 582-3121,,,info@woodallgrain.com,"1,827,000 bus up.",Grain,
"Cofco International Grains Usa, Llc",,11700 S. Torrence Ave.,Chicago,IL,60617,(773) 375-1830,,,,"11,283,000 bus up; 1,084,000 bus fl.",Grain,
"Perdue Agribusiness Grain, Llc",,1174 E. Ramsey Rd.,Vincennes,IN,47591,(812) 882-7782,Manager,Michael Bledsoe,michael.bledsoe@perdue.com,"1,269,000 bus up",Grain,
Agwrx Cooperative,,118 E. Main St.,Florence,SD,57235,(605) 758-2361,,,,,Grain,
"Premier Cooperative, Inc.",,"118 E. Market, P.O. Box 19",Sadorus,IL,61872,(217) 598-2312,Regional Operations Manager,Josh Likeric,,"2,248,415 bus up; 86,585 bus fl.",Grain,
Landus Cooperative,,"118 N. Vankirk St., P.O. Box 568",Latimer,IA,50452,(641) 579-6451,Regional manager,Amanda De Jong,,"1,941,000 bus up; 1,405,000 bus fl.",Grain,
"Topflight Grain Coop, Inc.",,118 S. Main St.,Milmine,IL,61855,(217) 763-6311,branch manager,Jon Carr,jcarr@topflightgrain.com,"7,552,500 bus up.",Grain,
Heartland Co-Op,,118 S.E. 18th St.,Des Moines,IA,50317,(515) 262-2522,Manager,Dan Noland,info@heartlandcoop.com,"1,664,000 bus up",Grain,
Small Valley Milling,,1188 Mountain House Rd.,Halifax,PA,17032,(717) 362-9850,Co-owner,Joel Steigman,steigman@epix.net,16 cwts,Flour mills,
Small Valley Milling,,1188 Mountain House Rd.,Halifax,PA,17032,(717) 362-9850,Co-owner,Joel Steigman,steigman@epix.net,"50,000 cwts",Specialty Mills,
Small Valley Milling,,1188 Mountain House Rd.,Halifax,PA,17032,(717) 362-9850,Co-owner,Joel Steigman,steigman@epix.net,,Specialty Mills,
Small Valley Milling,,1188 Mountain House Rd.,Halifax,PA,17032,(717) 362-9850,Co-owner,Joel Steigman,steigman@epix.net,,Specialty Mills,
Small Valley Milling,,1188 Mountain House Rd.,Halifax,PA,17032,(717) 362-9850,Co-owner,Joel Steigman,steigman@epix.net,,Specialty Mills,
"Pioneer Frozen Foods South Carolina, Llc",,11891 C.R. Koon Hwy.,Prosperity,SC,29127,(803) 364-2077,"Director, operations",Rick Crook,,,Mix Plants,
Madison Farmers Elevator Co.,,"119 N. Farmers Ave., P.O. Box 228",Madison,SD,57042,(605) 256-4584,GM,Cassie Viet,mark.stoller@madisonfarmerselevator.com,"7,450,000 bus up",Grain,
The Scoular Company,,119044 German Gulch Rd.,Silver Bow (Butte),MT,59750,(406) 782-1202; (800) 735-6755,Facility manager,Tyce Foster,information@scoular.com,"980,000 bus up",Grain,
Thresher Artisan Wheat — Rockford,,1193 W. Hwy. 39,Blackfoot,ID,83221,(208) 785-4460,GM,Max Mobley,,"1,978,000 bus up; 1,000,000 bus fl.",Grain,
"Viterra Usa Grain, Llc",,11997 Hwy. 287,Etter,TX,79013,(806) 966-5510,Manager,Aaron Wertz,,"4,555,600 bus up.",Grain,
"New Cooperative, Inc.",,"12 First Ave. S.E., P.O. Box 49",West Bend,IA,50597,(515) 200-5123,Manager,Chris Montag,,"5,460,000 bus up",Grain,
Agwrx Cooperative,,12 Railway Ave.,Garden City,SD,57236,(605) 532-3841,,,,,Grain,
"Bunge North America, Llc",,120 E. Broadway St.,Morristown,IN,46161,(765) 763-1215,Area manager,Britt Kagay,britt.kagay@bunge.com,"3,323,000 bus up.",Grain,
"Cargill, Incorporated",,120 Kiesel Ave.,Alpha,MN,56111,(507) 847-4162,,,,"600,000 bus up.",Grain,
Landus Cooperative,,120 Third St.,Beaver,IA,50031,(515) 275-2525,regional manager,Ethan Taube,,"1,405,000 bus up; 517,000 bus fl.",Grain,
"F.M. Brown'S Sons, Inc.",,"120 W. Main St., P.O. Box 153",Fleetwood,PA,19522,(610) 944-7654,President,Brian P. Conrad,brianconrad@fmbrown.com,"5,000 cwts",Flour mills,
Stateline Cooperative,,"120 Walnut St., P.O. Box 67",Burt,IA,50522,(515) 924-3555; (888) 920-3555,Grain Manager,Dean Kohlmeyer,dkohlmeyer@statelinecoop.com,"1,600,000 bus up; 2,700,000 bus fl.",Grain,
"The Andersons, Inc.",,"1200 E. 2850 N., P.O. Box 409",Mansfield,IL,61854,(217) 489-2007,"Profit center manager, food corn",Ryan Zinnel,,"704,000 bus up.",Grain,
"Bunge North America, Llc",,1200 N. Second St.,Decatur,IN,46733,(260) 724-2101,Manager,Zach Lengacher,zach.lengacher@bunge.com,"15,305,000 bus up.",Grain,
Ardent Mills,,1200 Putman Ave,Yuba City,CA,95991,(530) 790-0602,Plant manager,Nick Weber,nick.weber@ardentmills.com,,Specialty Mills,
Ardent Mills,,1200 Putman Ave,Yuba City,CA,95991,(530) 790-0602,Plant manager,Nick Weber,nick.weber@ardentmills.com,,Specialty Mills,
Adm Milling Co.,,"1200 S. Mill Rd., P.O. Box 958",Arkansas City,KS,67005,(620) 442-6200,Commercial Manager,Myles Grant,milling@adm.com,"1,100,000 bus up.",Grain,
Adm Milling Co.,,"1200 S. Mill Rd., P.O. Box 958",Arkansas City,KS,67005,(620) 442-6200,Commercial manager,Myles Grant,milling@adm.com,"12,000 cwts",Flour mills,
"Attebury Grain, Inc.",,1200 S.W.,Second Tulia,TX,79088,(806) 335-1639,,,opsassistant@attebury.com,"1,000,000 bus up",Grain,
The Krusteaz Co.,,1200 Stevens Ave.,Effingham,IL,62401,(214) 540-4000,Plant manager,Dan Regenhardt,,,Flour mills,
The Krusteaz Co.,,1200 Stevens Ave.,Effingham,IL,62401,(214) 540-4000,"Sr. VP, operations",Michael Meredith,,,Mix Plants,
"Viterra Usa Grain, Llc",,1201 W. State Rd. 114,Rensselaer (Pleasant Ridge),IN,47978,(219) 866-2810,Manager,Matt Schmitt,,"2,212,000 bus up; 1,014,000 bus fl",Grain,
"Gulf Rice Milling, Inc.",,12010 Taylor Rd.,Houston,TX,77041,(713) 464-0606,President,Christian Brenckmann,gpsales@gulfpac.com,"8,500 cwts",Specialty Mills,
"Attebury Grain, Inc.",,1202 N.W. Fifth St.,Tulia,TX,79088,(806) 335-1639,"Director, operations",Carey Williams,opsassistant@attebury.com,"19,761,500 bus up",Grain,
"Viterra Usa Grain, Llc",,1205 S.,Farragut Bay City,MI,48708,(989) 321-5971,Manager,Peter Jones,,"1,303,000 bus up.",Grain,
"Attebury Grain, Inc.",,1205 S.W.,Second Tulia,TX,79088,(806) 335-1639,,,opsassistant@attebury.com,"4,343,000 bus up",Grain,
"New Cooperative, Inc.",,1208 Main St.,Moorland,IA,50566,(515) 549-3316,Regional manager,Rod Brant,roelyn@newcoop.com,"3,604,000 bus up; 1,000,000 bus fl.",Grain,
Landus Cooperative,,"1209 North St., P.O. Box 80",Yale,IA,50277,(641) 439-2243; (641) 439-2309,Regional manager,Ethan Taube,,"2,360,000 bus up; 2,278,000 bus fl.",Grain,
Star Of The West Milling Co.,,121 E. Tuscola St.,Frankenmuth,MI,48734,(989) 652-9971; (800) 968-9992,,,info@starofthewest.com,"18,040,893 bus up.",Grain,
Star Of The West Milling Co.,,121 E. Tuscola St.,Frankenmuth,MI,48734,(989) 652-9971; (800) 968-9992,Superintendent,Tom Hahn,info@starofthewest.com,"5,960 cwts",Flour mills,
Star Of The West Milling Co.,,121 E. Tuscola St.,Frankenmuth,MI,48734,(989) 652-9971,Superintendent,Tom Hahn,info@starofthewest.com,"1,500 cwts.",Specialty Mills,
"Columbia Grain International, Llc",,121 N. Division Ave.,Craigmont,ID,83523,(208) 924-5911,Manager,Stacey Lorentz,pdxmerchants@columbiagrain.com,"3,000,000 bus up.",Grain,
Alliance Grain Co.,,"121 N. Maple St., P.O. Box 296",Cullom,IL,60929,(815) 689-2130,Location supervisor,Brad Wallrich,,"2,439,000 bus up.",Grain,
"Producers Rice Mill, Inc.",,121 S. Kansas St.,Pine Bluff,AR,71601,(870) 535-2032,Manager,Wes McDermott,info@producersrice.com,"1,964,000 bus up.",Grain,
"Cargill, Incorporated",,12100 Dakota Ave.,Savage,MN,55378,(952) 890-3220,,,,"16,515,000 bus up.",Grain,
Consolidated Grain & Barge Co.,,12100 Yosemite Ave.,Savage,MN,55378,(952) 890-1010,general manager,Nathan Schmidgall,,,Grain,
Savage Riverport,,12100 Yosemite Ave.,Savage,MN,55378,(952) 890-1010,,,,"9,276,000 bus up.",Grain,
"Cargill, Incorporated",,12101 Lynn Ave. S.,Savage,MN,55378,(952) 984-7500,,,,,Grain,
"The Andersons, Inc.",,"1211 W. Hwy. 6, P.O. Box 128",Fairmont,NE,68354,(402) 268-6001,"Director, operations",Adam Weedman,,"712,000 bus up.",Grain,
Archer Daniels Midland Co.,,1213 Fifth St.,Henderson,KY,42420,,Manager,Matt Stokebrand,,"615,871 bus up",Grain,
Sunrise Fs,,1216 S. Water,Havana,IL,62644,,Superintendent,Bob Bess,tim.paurus@chsinc.com,"1,185,000 bus up.",Grain,
Archer Daniels Midland Co.,,12170 River Rd.,Destrehan,LA,70047,(985) 764-7586,,,,"6,432,000 bus up.",Grain,
Central Milling Co.,,122 E. Center St.,Logan,UT,84321,(435) 752-6625,,,flour@centralmilling.com,"1,000 cwts.",Flour mills,
Central Milling Co.,,122 E. Center St.,Logan,UT,84321,(435) 752-6625,,,flour@centralmilling.com,,Mix Plants,
Pride Ag Resources,,122 S. Main,Cimarron,KS,67835,(620) 855-3421; (800) 752-1580,Branch Manager,Tyson Kane,,"1,255,000 bus up.",Grain,
Pride Ag Resources,,1220 S. Main,Jetmore,KS,67854,(620) 357-8314,Branch manager,David Peterman,dpeterman@prideag.com,"1,452,000 bus up",Grain,
"West Plains, Llc",,1230 Ohio St.,Omaha,NE,68110,(887) 558-0797,Regional Manager,Boyd Siniard,,"830,000 bus up.",Grain,
"Harvest Rice, Inc.",,1232 High St.,McGehee,AR,71654,(870) 222-5800,Plant manager,William (Scott) Walllace,tstivers@harvest-rice.com,"9,765 cwts",Specialty Mills,
Agtegra Cooperative,,"124 King Ave. N.E., P.O. Box 283",Highmore,SD,57345,(605) 852-3250,Location manager,Mike Senyak,,"3,500,000 bus up",Grain,
"Heartland Mill, Inc.",,124 N. Hwy. 167,Marienthal,KS,67863,(620) 379-4472,GM,Mark Nightengale,info@heartlandmill.com,"1,128 cwts",Flour mills,
"Heartland Mill, Inc.",,124 N. Hwy. 167,Marienthal,KS,67863,(620) 379-4472,GM,Mark Nightengale,info@heartlandmill.com,"1,128 cwts.",Specialty Mills,
"Heartland Mill, Inc.",,124 N. Hwy. 167,Marienthal,KS,67863,(620) 379-4472,GM,Mark Nightengale,info@heartlandmill.com,700 cwts,Specialty Mills,
"Heartland Mill, Inc.",,124 N. Hwy. 167,Marienthal,KS,67863,(620) 379-4472; (800) 232-8533,GM,Mark Nightengale,info@heartlandmill.com,,Specialty Mills,
"Heartland Mill, Inc.",,124 N. Hwy. 167,Marienthal,KS,67863,(620) 379-4472; (800) 232-8533,GM,Mark Nightengale,info@heartlandmill.com,,Specialty Mills,
"Heartland Mill, Inc.",,124 N. Hwy. 167,Marienthal,KS,67863,(620) 379-4472,GM,Mark Nightengale,info@heartlandmill.com,700 cwts,Specialty Mills,
"Heartland Mill, Inc.",,124 N. Hwy. 167,Marienthal,KS,67863,(620) 379-4472,GM,Mark Nightengale,info@heartlandmill.com,,Specialty Mills,
"Heartland Mill, Inc.",,124 N. Hwy. 167,Marienthal,KS,67863,(620) 379-4472,GM,Mark Nightengale,info@heartlandmill.com,700 cwts,Specialty Mills,
"Bunge North America, Inc.",,12442 River Rd.,Destrehan,LA,70047,(985) 764-6516,Facility Manager,James Kyle,kyle.greer@bunge.com,"6,421,000 bus up.",Grain,
Heartland Co-Op,,125 High St.,Kellogg,IA,50135,(641) 526-8236,Manager,Jim Pierce,,"2,388,000 bus up; 1,246,000 bus fl.",Grain,
Ardent Mills,,125 S. Broad St.,Fremont,NE,68025,(402) 721-4200,Plant manager,Samantha Byrant,tj.tuetken@ardentmills.com,"1,200,000 bus up.",Grain,
"Riceland Foods, Inc.",,125 soy dr,Stuttgart,AR,72160,(870) 673-5336,Division Manager,Scott Lindsey,riceland@riceland.com,"7,498,000 bus up.",Grain,
The Scoular Company,,12501 W. Hwy. 50,Coolidge,KS,67836,(620) 365-6320,Regional Manager,Derek Spears,information@scoular.com,"6,500,000 bus up.",Grain,
Mennel Grain – Jeffersonville,,12574 State Rte. 41,Jeffersonville,OH,43128,(740) 426-6332,Regional grain operations manager,Jacob Hall,graindivision@mennel.com,"1,200,000 bus up.",Grain,
Almota Elevator Co.,,"126 S. Main St., P.O. Box 617",Colfax,WA,99111,(509) 397-3456,GM,Dan Hart,danh@almotagrain.com,"2,660,000 bus up",Grain,
Tyson Foods Local Grain Services (Commodity Purchasing Group),,1262 U.S. Hwy. 17 S.,Elizabeth City,NC,27909,(844) 816-8579,Grain elevator manager,Jeff Maier,localgrainservices@tyson.com,"1,800,000 bus",Grain,
"California Cereal Products, Inc.",,1267 14th St.,Oakland,CA,94607,(510) 452-4500,President,Mark Graham,info@californiacereal.com,,Specialty Mills,
"California Cereal Products, Inc.",,1267 14th St.,Oakland,CA,94607,(510) 452-4500,President,Mark Graham,info@californiacereal.com,"1,000 cwts",Specialty Mills,
"California Cereal Products, Inc.",,1267 14th St.,Oakland,CA,94607,(510) 452-4500,President,Mark Graham,info@californiacereal.com,,Specialty Mills,
"California Cereal Products, Inc.",,1267 14th St.,Oakland,CA,94607,(510) 452-4500,President,Mark Graham,info@californiacereal.com,,Specialty Mills,
"Perdue Agribusiness Grain, Llc (Grain & Oilseed)",,1268 U.S. Hwy. 17 S.,Elizabeth City,NC,27909,(252) 335-2040,Manager,Jimmy Varnadoe,jimmy.varnadoe@perdue.com,"1,750,000 bus up",Grain,
"The Andersons, Inc.",,"1283 Conant St., P.O. Box 119",Maumee,OH,43537,(419) 891-0961,Operations manager,Jordan Wray,,"2,240,000 bus up.",Grain,
"Pioneer Flour Mills, Llc",,129 E. Guenther St.,San Antonio,TX,78204,(210) 227-1401,"Director, operations",Mark Hennigan,,"5,000 cwts.",Flour mills,
"Pioneer Flour Mills, Llc",,129 E. Guenther St.,San Antonio,TX,78204,(210) 227-1401,"Director, operations",Mark Hennigan,,,Specialty Mills,
"Pioneer Flour Mills, Llc",,129 E. Guenther St.,San Antonio,TX,78204,(210) 227-1401,"Director, operations",Mark Hennigan,,,Mix Plants,
Consolidated Grain & Barge Co.,,"13 Commerce St., P.O. Box 185",Nauvoo,IL,62354,(217) 453-2216,Regional Manager,Russ Leuck,,"3,632,000 bus up; 578,000 bus fl.",Grain,
Northern Country Coop,,"13 Commerce St., P.O. Box 337",Adams,MN,55909,(507) 582-3641; (800) 626-3575,,,counter@ncountrycoop.com,"1,677,000 bus up.",Grain,
Agstate,,13 N. Main,Alta,IA,51002,(712) 284-1011; (800) 642-6023,Location Manager,Jeff Hanks,,"4,344,000 bus up; 3,883,000 bus fl.",Grain,
"Efco Products, Inc.",,130 Smith St.,Poughkeepsie,NY,12601,(845) 452-4715,President; CEO,Steve Effron,info@efcoproducts.com,,Mix Plants,
Archer Daniels Midland Co.,,1301 Miami St.,Toledo,OH,43605,(419) 324-0800,Manager,Brian Doellman,,"9,795,000 bus up.",Grain,
Adm Milling Co.,,1301 N 4th St,Enid,OK,73701,(580) 237-8000,Commercial manager,Myles Grant,milling@adm.com,"15,000 cwts",Flour mills,
Adm Milling Co.,,"1301 N. Fourth St., P.O. Box 1388",Enid,OK,73702,(580) 237-8000,Operations manager,Will Grohler,milling@adm.com,"2,500,000 bus up.",Grain,
P&H Milling Group,,1301 Second Ave. S. Lethbridge,AB,,T1J 0E8,(403) 328-6622,Operations manager,Naudy Suarez,info@phmilling.com,"7,500 cwts",Flour mills,
P&H Milling Group,,"1301 Second Ave. S., Lethbridge",AB,,T1J 0E8,(403) 328-6622,Operations manager,Naudy Suarez,info@phmilling.com,"3,900 cwts.",Specialty Mills,
P&H Milling Group,,"1301 Second Ave. S., Lethbridge",AB,,T1J 0E8,(403) 328-6622,Operations manager,Naudy Suarez,info@phmilling.com,300 cwts,Specialty Mills,
Cargill Aghorizons,,13020 127th Ave. Edmonton,AB,,T5L 4Z5,(780) 454-0475,FSG manager,Allan Facchinutti,,"2,200,000 bus up",Grain,
Archer Daniels Midland Co.,,13029 Nine Rd.,Plains,KS,67869,(620) 563-9561,Manager,Kelsey Amerin,,"1,000,000 bus up",Grain,
"Ew Cooperative, Inc.",,"1304 River Ave. S., P.O. Box 186",Belmond,IA,50421,(515) 200-5140,Manager,Travis Hamm,,"6,972,000 bus up",Grain,
Alliance Grain Co.,,1306 W. Eighth St.,Gibson City,IL,60936,(217) 784-4284; (800) 222-2451,GM,J.B. Daughenbaugh,,"7,070,000 bus up.",Grain,
"Bartlett Milling Co., Lp",,1307 Maple St.,Coffeyville,KS,67337,(316) 251-4650,President,Bob Knief,,"11,000 cwts",Flour mills,
Byrnes & Kiefer Co.,,131 Kline Ave.,Callery,PA,16024,(724) 538-5200,President,Jay Thier,contactus@bkcompany.com,,Mix Plants,
Thresher Artisan Wheat —,,131 N. 740,West Moreland,ID,83256,(208) 785-4460,GM,Max Mobley,,"500,000 bus up.",Grain,
"Zfs Creston, Llc",,1310 E. Howard St.,Creston,IA,50801,(641) 782-2336,,,,,Specialty Mills,
"Bartlett Grain Company, Lp",,1310 Fairfax Trafficway,Kansas City,KS,66115,(913) 281-3227,Origination manager,Rod Schlatter,r.schlatter@bartlettco.com,"10,732,000 bus up",Grain,
"Sanford Milling Co., Inc.",,"1310 S. Nicholas St., P.O. Box 290",Henderson,NC,27536,(252) 438-4526,President,Scott M. Hartness,info@sanfordmilling.com,"1,000 cwts",Flour mills,
Consolidated Grain & Barge Co.,,"132 Bunge Rd., Rte. 1",Tallulah,LA,71282,(318) 574-2441,general manager,Chad Chambers,,"2,747,000 bus up.",Grain,
Hansen-Mueller Co.,,1321 Lewis Blvd.,Sioux City,IA,51105,(712) 252-5610,,,,"2,764,976 bus up; 1,024,024 bus fl",Grain,
Hansen-Mueller Co.,,1321 Lewis Blvd.,Sioux City,IA,51105,(712) 252-5610,,,,"840,000 bus up",Grain,
"Columbia Grain International, Llc",,13261 County Rd 354,Fairview,MT,59221,(701) 252-4102,Manager,Charles Redfield,khiggins@columbiagrain.com,"337,000 bus up",Grain,
Agtegra Cooperative,,13264 392nd Ave.,Aberdeen,SD,57401,(605) 225-0522,Location manager,Kenny Miller,,"4,330,000 bus up.",Grain,
"Viterra Usa Grain, Llc",,1327 US-60,Clovis,NM,88101,(575) 762-2946,Manager,Trey Weldon,,"3,992,000 bus up",Grain,
"Perdue Agribusiness Grain, Llc",,133 Brierleys Mill Rd,Church Hill,MD,21623,(410) 758-1183,Manager,Joseph Cronshaw,joseph.cronshaw@perdue.com,"1,175,000 bus up",Grain,
"Riceland Foods, Inc.",,133 Dennis St,Wheatley,AR,72392,(870) 457-3211,District Manager,Drew Widener,riceland@riceland.com,"8,768,000 bus up.",Grain,
"Brolite Products Co., Inc.",,1335 Schiferl Rd.,Bartlett,IL,60103,(630) 830-0340; (888) 276-5483,VP,Jeff Nelson,j.nelson@bakewithbrolite.com,,Mix Plants,
Archer Daniels Midland Co.,,1337 W. Elevator St.,Snover,MI,48476,(810) 672-9221,Manager,Brandon Gerstenberger,,"492,000 bus up",Grain,
Farmers Cooperative,,134 S. Burlington Ave.,Exeter,NE,68351,(402) 266-5951,Grain manager,Allen Vavra,avavra@farmersco-operative.com,"1,792,369 bus up.",Grain,
Agtegra Cooperative,,13438 363rd Ave.,Craven,SD,57451,(605) 426-6591,Location manager,Tyler Nelson,,"2,500,000 bus up.",Grain,
Landus Cooperative,,"1349 75th St., P.O. Box 17",Bradford,IA,50041,(641) 648-6704,Regional manager,Amanda De Jong,,"1,623,000 bus up; 1,934,000 bus fl.",Grain,
Adm Corn Processing Division,,"1350 Waconia Ave. S.W., P.O. Box 1445",Cedar Rapids,IA,52406,(319) 398-0600,,,sweeteners@adm.com,,Specialty Mills,
"The Andersons, Inc.",,"13600 Anderson Rd., P.O. Box 248",White Pigeon,MI,49099,(269) 483-7691; (800) 632-2039,Operations Manager,Jacob Drake,,"5,135,000 bus up; 460,000 bus fl.",Grain,
Bay State Milling Co.,,13643 CR 1307,Sterling,CO,80751,(970) 228-4633,Plant manager,Garen Nightengale,infobsm@bsm.com,,Specialty Mills,
Agtegra Cooperative,,13701 U.S. Hwy. 12,Andover,SD,57422,(605) 298-5645,Location manager,Brent Haas,,"2,800,000 bus up.",Grain,
"Cargill, Incorporated",,"1387 N. Second St., P.O. Box 70155",Memphis,TN,38107,(901) 525-0717,,,,,Grain,
Azteca Milling,,"1388 County Rd. U, P.O. Box 620",Plainview,TX,79072,(806) 293-0110,Operations manager,Angel Garcia,,,Specialty Mills,
Brant Flour Mills Ltd.,,"14 Brant Mill Rd., P.O. Box 190",Scotland,ON,N0E 1R0,(519) 484-2921,Sales contact,Volker Storjohann,info@brantflourmills.com,700 cwts,Specialty Mills,
Brant Flour Mills Ltd.,,"14 Brant Mill Rd., P.O. Box 190",Scotland,ON,N0E 1R0,(519) 484-2921,Sales contact,Volker Storjohann,info@brantflourmills.com,400 cwts,Specialty Mills,
Brant Flour Mills Ltd.,,"14 Brant Mill Rd., P.O. Box 190",Scotland,ON,N0E 1R0,(519) 484-2921,Sales contact,Volker Storjohann,info@brantflourmills.com,,Specialty Mills,
Star Of The West Milling Co.,,14 Church St.,Quincy,MI,49082,(517) 639-3165,Plant Manager,Terry Mcclughen,info@starofthewest.com,"1,545,000 bus up.",Grain,
Star Of The West Milling Co.,,14 Church St.,Quincy,MI,49082,(517) 639-3165,Plant manager,Terry McClughen,info@starofthewest.com,"3,400 cwts",Flour mills,
P&H Milling Group,,140 King St. W.,Cambridge,ON,N3H 4T3,(519) 653-6267,Operations manager,Pranas Keturka,info@phmilling.com,"10,300 cwts",Flour mills,
P&H Milling Group,,140 King St. W.,Cambridge,ON,N3H 4T3,(519) 653-6267,Operations manager,Pranas Keturka,info@phmilling.com,,Specialty Mills,
"Brill, Inc.",,1400 W. 2700 N.,Pleasant View,UT,84404,(801) 786-0710,,,info@brillinc.com,,Mix Plants,
"Bunge Milling, Inc.",,1405 Norman St.,Crete,NE,68333,(402) 826-2113,Plant manager,Eric Woodrow,eric.woodrow@bunge.com,"1,894,000 bus up",Grain,
Bunge Milling,,1405 Norman St.,Crete,NE,68333,(402) 826-8052,Plant manager,Robin Whitley,millingsales@bunge.com,"50,000 bus or more",Specialty Mills,
Bunge Milling,,1405 Norman St.,Crete,NE,68333,(402) 826-8052,"VP; Manager, sale",Gregg Christensen,millingsales@bunge.com,"5,500 cwts.",Specialty Mills,
"Producer Ag, Llc",,1407 25th Ave.,Canton,KS,67428,(620) 350-8197,,,,"3,000,000 bus up; 6,000,000 bus fl.",Grain,
Montana Gluten Free,,141 Andrea Dr.,Belgrade,MT,59714,(406) 600-7400,CEO,Gary Iverson,sales@montanaglutenfree.com,,Flour mills,
Montana Gluten Free,,141 Andrea Dr.,Belgrade,MT,59714,(406) 600-7400,CEO,Gary Iverson,sales@montanaglutenfree.com,,Specialty Mills,
Montana Gluten Free,,141 Andrea Dr.,Belgrade,MT,59714,(406) 600-7400,CEO,Gary Iverson,sales@montanaglutenfree.com,,Specialty Mills,
Montana Gluten Free,,141 Andrea Dr.,Belgrade,MT,59714,(406) 600-7400,CEO,Gary Iverson,sales@montanaglutenfree.com,,Specialty Mills,
Montana Gluten Free,,141 Andrea Dr.,Belgrade,MT,59714,(406) 600-7400,CEO,Gary Iverson,sales@montanaglutenfree.com,,Mix Plants,
"Cargill, Incorporated",,1427 E. Second St.,Hutchinson,KS,67501,(620) 663-1278,,,,,Grain,
Byrd Mill,,14471 Washington Hwy.,Ashland,VA,23005,(804) 798-8329; (888) 897-3336,President; GM,Todd Attkisson,sales@byrdmill.com,350 cwts,Flour mills,
Byrd Mill,,14471 Washington Hwy.,Ashland,VA,23005,(804) 798-8329,President,Todd Attkisson,sales@byrdmill.com,"12,000 bus",Specialty Mills,
Byrd Mill,,14471 Washington Hwy.,Ashland,VA,23005,(804) 798-8329,President; GM,Todd Attkisson,sales@byrdmill.com,,Mix Plants,
"Mid-Columbia Producers, Inc.",,1449 Bargeway Rd.,The Dalles,OR,97058,(541) 298-4144,,,,"360,000 bus up.",Grain,
Ardent Mills,,145 W.,Broadway Alton,IL,62002,(618) 416-9003,Plant manager,Andrew Powell,Andrew.powell@ardentmills.com,"21,800 cwts",Flour mills,
Ardent Mills,,145 W.,Broadway Alton,IL,62002,(618) 416-9003,Plant manager,Andrew Powell,Andrew.powell@ardentmills.com,,Specialty Mills,
Ardent Mills,,145 W.,Broadway Alton,IL,62002,(618) 416-9003,Plant manager,Andrew Powell,Andrew.powell@ardentmills.com,,Specialty Mills,
Ardent Mills,,145 W.,Broadway Alton,IL,62002,(618) 416-9003,Plant manager,Andrew Powell,Andrew.powell@ardentmills.com,,Specialty Mills,
Ardent Mills,,145 W. Broadway,Alton,IL,62002,(618) 416-9003,Plant manager,Andrew Powell,andrew.powell@ardentmills.com,"2,500,000 bus up.",Grain,
"Commerce City Grain, Llc",,1451 Cargill Dr.,Denver,CO,80221,(720) 855-3693,,,michael.martin@ardentmills.com,"2,085,000 bus up.",Grain,
"Perdue Agribusiness Grain, Llc",,1461 Swindell Rd.,Pantego,NC,27860,(252) 943-3061,manager,Austin Hodges,austin.hodges@perdue.com,"800,000 bus up",Grain,
Archer Daniels Midland Co.,,1463 N. Rte. 48,Taylorville,IL,62568,(217) 824-5579,Manager,George Greenwood,,"4,009,853 bus up; 1,587,576 bus fl.",Grain,
Riverside Elevators Ltd.,,"14712 State Hwy. 160, P.O. Box 668",Isleton,CA,95641,(916) 777-6076,,,,"1,333,320 bus up.",Grain,
Consolidated Grain & Barge Co.,,1477 Meekers Landing Rd.,Burlington,IA,52601,(319) 937-6155,Regional Manager,Russ Leuck,,"643,000 bus up.",Grain,
"Bartlett Grain Company, Lp",,15 N.E. 60 Ave.,Great Bend,KS,67530,(620) 792-0526,Origination manager,Del Adcock,d.adcock@bartlettco.com,"10,238,000 bus up",Grain,
The Scoular Company,,15 Quail Run,Adrian,MO,64720,(816) 297-4502,Facility Manager,Kale Holst,kholst@scoular.com,"1,250,000 bus up.",Grain,
Landus Cooperative,,1500 N. Mulberry St.,Jefferson,IA,50129,(515) 386-4144,Regional manager,Ethan Taube,,"8,852,000 bus up; 1,465,000 bus fl.",Grain,
Consolidated Grain & Barge Co.,,1500 Port Rd.,Friars Point,MS,38631,(800) 489-2287,Regional Manager,Jason Herr,,"2,345,000 bus up.",Grain,
Consolidated Grain & Barge Co.,,1500 River Grain Rd.,Mayersville,MS,39113,(662) 873-6266,,,,"1,401,000 bus up; 632,000 bus fl.",Grain,
"The Andersons, Inc.",,1500 S. Main St.,Galena Park,TX,77547,(713) 995-3420,Manager,Bill Mullins,,"6,362,000 bus up.",Grain,
Tyson Foods Local grain Services,,15100 Co Rd. 785,Essex,MO,63846,(573) 283-9051,Supervisor,John Blevins,,"1,000,000 bus",Grain,
Kerry,,1515 Park St.,Evansville,IN,47710,(812) 464-9151,,,info@kerry.com,,Mix Plants,
Ingredion,,1515 S. Drover St.,Indianapolis,IN,46221,(317) 635-4455,Plant manager,Steve Mundell,customer.service@ingredion.com,"600,000 bus.",Specialty Mills,
Ardent Mills (A Mill),,1521 N. 16th St.,Omaha,NE,68110,(402) 739-8158,Plant manager,Samantha Bryant,samantha.bryant@ardentmills.com,"525,000 bus up",Grain,
Ardent Mills (North Mill),,1521 N. 16th St.,Omaha,NE,68110,(402) 595-4361,Plant manager,Samantha Bryant,samantha.bryant@ardentmills.com,"7,000 cwts",Flour mills,
"Lewis-Clark Terminal, Inc.",,1534 Third Ave. N.,Lewiston,ID,83501,(208) 746-9685,GM,Jerry Kiekow,,"6,000,000 bus up; 3,900,000",Grain,
The Scoular Company,,"15379 Jasmine Rd., P.O. Box 48",Waverly,IL,62692,(217) 435-2361,facility manager,Marcus Christensen,information@scoular.com,"10,000,000 bus up.",Grain,
"Pizza Blends, Llc",,1541 Vernon St.,North Kansas City,MO,64116,(816) 842-8244,,,,,Mix Plants,
"Cargill, Incorporated",,1545 N. Cable Rd.,Lima,OH,45805,(419) 228-5315,,,,"2,091,000 bus up.",Grain,
Agtegra Cooperative,,15467 387th Ave.,Mellette,SD,57461,(605) 887-3572,Location manager,Lee Sanderson,,"4,300,000 bus up",Grain,
Adm Milling Co. (Adm Agri-Industries Co.),,155 Iberia Ave.,Candiac,QC,J5R 3H1,(450) 659-1911,GM,Mark Gergen,milling@adm.com,"7,700 cwts",Specialty Mills,
"Sunwest Milling Co., Inc.",,"1550 Drew Ave., Suite 150",Davis,CA,95618,(530) 758-8550,,,,,Specialty Mills,
"Sunwest Milling Co., Inc.",,"1550 Drew Ave., Suite 150",Davis,CA,95618,(530) 758-8550,,,,"8,000,000 cwts.",Specialty Mills,
Port Of Portland Terminals,,15660 N. Lombard,Portland,OR,97203,(503) 286-9681,Manager,Patrick Bryan,,"5,237,000 bus up.",Grain,
Landus Cooperative,,15695 Main St.,Kesley,IA,50649,(319) 347-6681,Regional manager,Amanda De Jong,,"667,000 bus up; 1,186,000 bus fl.",Grain,
Azteca Milling,,"15700 Hwy. 41 N, P.O. Box 23550",Evansville,IN,47724,(812) 867-3190,Manager,Jose Cuervo,,"13,333 bus.",Specialty Mills,
Central Valley Ag,,158 Webster St #4514,Monroe,NE,68647,(402) 495-4645,,,info@cvacoop.com,"2,000,000 bus up; 5,000,000 bus fl.",Grain,
"Bunge Milling, Inc.",,1580 Grinnell Rd.,Suite A Kankakee,IL,60901,(815) 802-7600,"VP; Manager, sales",Gregg Christensen,johnny.hughes@bunge.com,,Specialty Mills,
"Bunge Milling, Inc.",,"1580 Grinnell Rd., Suite A",Kankakee,IL,60901,(815) 802-7600,Manager,Dave Clark,dave.clark@bunge.com,"1,073,000 bus up.",Grain,
"Bunge Milling, Inc.",,"1580 Grinnell Rd., Suite A",Kankakee,IL,60901,(815) 802-7600,"VP; Manager, sales",Gregg Christensen,johnny.hughes@bunge.com,,Specialty Mills,
"Maple River Grain & Agronomy, Llc",,"1581 First Ave. S., P.O. Box 568",Casselton,ND,58012,(701) 347-4465,Manager,Terry Johnson,tjohnson@maplerivergrain.com,"4,250,000 bus up;",Grain,
"Cargill, Incorporated",,1585 E. Illinois Rte. 71,Ottawa,IL,61350,(815) 433-5064,,,,"1,452,000 bus up.",Grain,
"Co-Alliance, Llp",,16 S. County Rd. 1100E,Frankfort,IN,46041,(765) 249-2258,Facility Manager,Clint Noyes,,"3,500,000 bus up; 3,000,000 bus fl.",Grain,
"Perdue Agribusiness Grain, Llc",,1601 Campbell St.,Hopkinsville,KY,42240,(270) 265-5501,Manager,Zachary Snow,zachary.snow@perdue.com,"498,873 bus up",Grain,
Adm Rice,,1603 Old Hwy. 99 W.,Arbuckle,CA,95912,(530) 476-2662,,,,,Specialty Mills,
"Ag Processing, Inc.",,"1605 19th St. S.W., P.O. Box 1068",Mason City,IA,50401,(515) 423-4733,Merchandising manager,Shara Schmeling,sschmeling@agp.com,,Specialty Mills,
"Mfa, Inc.",,"1605 Radio Hill Rd., P.O. Box 6",Boonville,MO,65233,(660) 882-2786,Facility Manager,Ronnie Anderson,mfagrain@mfa-inc.com,"2,274,000 bus up.",Grain,
"Perdue Agribusiness Grain, Llc",,1609 River Rd.,Marietta,PA,17547,(717) 426-1961,Manager,Tony Fischer,tony.fischer@perdue.com,"1,300,000 bus up.",Grain,
"Highland Milling, Llc",,161 2nd St N,Bancroft,ID,83217,(360) 901-8332,President,David Sanders,daves@highlandmillingllc.com,600 cwts,Specialty Mills,
"Highland Milling, Llc",,161 2nd St N,Bancroft,ID,83217,(360) 901-8332,President,David Sanders,daves@highlandmillingllc.com,"4,000 cwts",Specialty Mills,
"Highland Milling, Llc",,161 2nd St N,Bancroft,ID,83217,(360) 901-8332,President,David Sanders,daves@highlandmillingllc.com,,Specialty Mills,
"Highland Milling, Llc",,161 2nd St N,Bancroft,ID,83217,(360) 901-8332,President,David Sanders,daves@highlandmillingllc.com,800 cwts,Specialty Mills,
"Highland Milling, Llc",,161 2nd St N,Bancroft,ID,83217,(360) 901-8332,President,David Sanders,daves@highlandmillingllc.com,600 cwts.,Specialty Mills,
"Highland Milling, Llc",,161 2nd St N,Bancroft,ID,83217,(360) 901-8332,President,David Sanders,daves@highlandmillingllc.com,600 cwts.,Specialty Mills,
Archer Daniels Midland Co.,,16100 Third St.,Seward,IL,61077,(815) 247-8495,Manager,Jeff Mauk,,"3,344,000 bus up.",Grain,
"Cargill, Incorporated",,"16150 Peninsula St., P.O. Box 220",Houston,TX,77015,(281) 457-7000,,,,"6,713,000 bus up",Grain,
"Sunfoods, Llc",,"1620 E. Kentucky Ave., P.O. Box 8729",Woodland,CA,95776,(530) 661-1923,CEO,Matt Alonso,,700 cwts.,Specialty Mills,
"Perdue Agribusiness Grain, Llc",,1623 N. Greene St.,Greenville,NC,27834,(252) 758-2141,manager,Larry Smith,larry.smith@perdue.com,"824,000 bus up.",Grain,
"Grain Millers, Inc.",,1626 S. Joaquin Dr.,Marion,IN,46953,(765) 662-0606,,,,,Specialty Mills,
"Grain Millers, Inc.",,1626 S. Joaquin Dr.,Marion,IN,46953,(765) 662-0606,,,,,Specialty Mills,
"Grain Millers, Inc.",,1626 S. Joaquin Dr.,Marion,IN,46953,(765) 662-0606,,,,,Specialty Mills,
The Scoular Company,,1632 Main St.,Goodland,KS,67735,(785) 890-3639,Asset trade unit manager,Jeff Bhend,jbhend@scoular.com,"2,000,000 bus up",Grain,
Aurora Cooperative Elevator Co.,,"1639 Harvest Dr., P.O. Box 209",Aurora,NE,68818,(402) 694-6742,general manager,Andy Randles,,"1,600,000 bus up",Grain,
"Perdue Agribusiness Grain, Llc",,16447 Adams Rd.,Bridgeville,DE,19933,(302) 855-5693,Manager,Jordan Wilmer,,"2,390,000 bus up.",Grain,
Frenchman Valley Farmers Co-Op,,"16515 County Rd. 14, P.O. Box 526",Chappell,NE,69129,(308) 887-4324; (800) 633-5803,Location Manager,John Deal,info@fvcoop.com,"5,500,000 bus up.",Grain,
"Viterra Usa Grain, Llc",,1653 S. Fourth Rd.,Huntley,MT,59037,(406) 373-7160,Manager,Terry Bartelt,,"800,000 bus up",Grain,
"Cargill, Incorporated",,"1657 W. Front St., P.O. Box 558",Buffalo,IA,52728,(319) 381-1788,,,,"1,036,000 bus up.",Grain,
"Perdue Agribusiness Grain, Llc",,1671 Waverly Ave.,Kilmarnock,VA,22482,(804) 435-1672,Manager,Heath Bray,heath.bray@perdue.com,"600,000 bus up",Grain,
Archer Daniels Midland Co.,,1673 Growmark Lane,Naples,IL,62669,(217) 754-3308,Manager,Austin Ramsey,,"286,000 bus up.",Grain,
"Bunge North America, Inc.",,16755 274th Rd.,Atchison,KS,66002,(913) 367-3251,facility manager,Chris Caplinger,chris.caplinger@bunge.com,"10,788,000 bus up.",Grain,
Bunge Milling,,16755 274th Rd.,Atchison,KS,62002,(913) 367-3251,Operations manager,Dean Hughes,millingsales@bunge.com,"50,000 or more bus",Specialty Mills,
Bunge Milling,,16755 274th Rd.,Atchison,KS,62002,(913) 367-3251,"VP, sales & marketing",Gregg Christensen,millingsales@bunge.com,,Specialty Mills,
Archer Daniels Midland Co.,,"16994 Wright Rd., P.O. Box 416",Grand Ledge,MI,48837,(517) 627-4017; (800) 730-7720,Manager,Tom Butcher,,"4,298,174 bus up.",Grain,
"Viterra Usa Grain, Llc",,1700 E. Front St.,Fremont,NE,68025,(402) 727-0878,Manager,Cole Mcallister,,"1,724,000 bus up.",Grain,
Phm Brands Co.,,1700 E. U.S. Hwy 12,Michigan City,IN,46360,(219) 879-7356,,,peter.bisaccia@phmbrands.com,,Specialty Mills,
Landus Cooperative,,1700 S. Pleasant Hill Blvd.,Pleasant Hill,IA,50327,(515) 263-9813,Regional manager,Amanda De Jong,,"1,061,000 bus up.",Grain,
Tamaki Rice Corp.,,1701 Abel Rd.,Williams,CA,95987,(530) 473-2862,,,info@tamakimai.com,,Specialty Mills,
Tom Soya Grain Co.,,1701 Old Hwy. 50,West Point,MS,39773,(662) 494-3754,VP,Perry Lucas,plucas@tomsoyagrain.com,"567,000 bus up.",Grain,
"Cargill, Incorporated",,1710 16th St. S.E.,Cedar Rapids,IA,52401,(319) 399-2111,,,,,Specialty Mills,
"Ray-Carroll County Grain Growers, Inc. 17149 Hwy. 24",,17149 Hwy. 24,Brunswick,MO,65236,(660) 548-3131,Branch Manager,Jeff Junkins,,"5,885,000 bus up.",Grain,
Consolidated Grain & Barge Co.,,1716 Levee St.,Vicksburg,MS,39183,(601) 638-9967,,,,"1,127,000 bus up.",Grain,
"Cargill, Incorporated",,1730 W. Michigan St.,Indianapolis,IN,46222,(317) 632-1481,,,,,Specialty Mills,
"Cargill, Incorporated",,1730 W. Michigan St.,Indianapolis,IN,46222,(317) 632-1481,,,,,Specialty Mills,
Northern Country Coop,,"174 First Ave. W., P.O. Box 295",Alden,MN,56009,(507) 874-3421; (877) 268-5421,,,counter@ncountrycoop.com,"1,116,000 bus up.",Grain,
Kerry,,1751 Enterprise Dr.,Sturtevant,WI,53177,(262) 884-4805,,,info@kerry.com,,Mix Plants,
Prairie Central Co-Op,,17553 E. 2000 N.,Pontiac,IL,61764,(815) 945-7866,Plant manager,Darren Perrine,,"15,245,000 bus up.",Grain,
"Brill, Inc.",,1765 Yankee Doodle Rd.,St. Paul (Eagan),MN,55121,(651) 454-5850,,,info@brillinc.com,,Mix Plants,
Adm Milling Co.,,1770 Barbertown Rd.,Mississauga,ON,L5M 2M5,(905) 826-2701,Commercial manager,Kevin Clugston,milling@adm.com,"6,200 cwts",Flour mills,
"Topflight Grain Coop, Inc.",,178 900 N,Waynesville,IL,61778,(217) 949-3941,,,,"1,727,650 bus up.",Grain,
Agstate,,1800 11th St,Emmetsburg,IA,50536,(712) 852-3722; (800) 392-3539,Location Manager,Eric Jordan,info@heartlandcoop.com,"1,186,000 bus up; 117,000 bus fl.",Grain,
"Beaumont Rice Mills, Inc.",,1800 Pecos St.,Beaumont,TX,77701,(409) 832-2521,President,Louis Broussard,info@bmtricemills.com,,Specialty Mills,
Consolidated Grain & Barge Co.,,1800 Riverfront Rd,Van Buren,AR,72957,(501) 474-7931,Regional Manager,Tim Simmons,,"837,000 bus up.",Grain,
"Perdue Agribusiness Grain, Llc",,1801 Godwin Ave.,Lumberton,NC,28358,(910) 738-8581,manager,Doug Hiles,doug.hiles@perdue.com,"500,000 bus up.",Grain,
"Cargill, Incorporated",,18049 County Rd. 8E,Wahpeton,ND,58075,(701) 671-1600,,,,,Specialty Mills,
Penny-Newman Grain Co.,,1805 Harbor Rd.,Stockton,CA,95203,(209) 466-5446,Plant Manager,Robert Mentelos,infobsm@bsm.com,"2,733,306 bus up; 2,533,308 bus fl.",Grain,
Archer Daniels Midland Co.,,181 N. Front St.,Scott City,KS,67871,(620) 872-2174,Manager,Amy Varner,,"995,000 bus up.",Grain,
New Hope Mills,,181 York St.,Auburn,NY,13021,(315) 252-2676,President,Douglas Weed,sales@newhopemills.com,,Flour mills,
New Hope Mills,,181 York St.,Auburn,NY,13021,(315) 252-2676,President,Douglas Weed,sales@newhopemills.com,,Mix Plants,
Archer Daniels Midland Co.,,"1811 Dock St., P.O. Box 13304",Memphis,TN,38113,(901) 946-2593,Manager,Duane Dunlap,,"2,500,000 bus up",Grain,
Archer Daniels Midland Co.,,1811 S. Fourth St.,Clinton,IA,52732,(563) 242-5251,Manager,David Schnack,,"780,000 bus up",Grain,
Adm Corn Processing Division,,1811 S. Fourth St.,Clinton,IA,52732,(563) 242-5251,,,sweeteners@adm.com,,Specialty Mills,
"Columbia Grain International, Llc",,"1820 12th Ave. N., P.O. Box 1969",Great Falls,MT,59401,(406) 771-8139,Manager,Beau Nemitz,pdxmerchants@columbiagrain.com,"413,000 bus up",Grain,
North Dakota Mill & Elevator Association,,1823 Mill Rd.,Grand Forks,ND,58203,(701) 795-7000,President; GM,Vance Taylor,vtaylor@ndmill.com,,Flour mills,
North Dakota Mill & Elevator Association,,1823 Mill Rd.,Grand Forks,ND,58203,(701) 795-7000,President; GM,Vance Taylor,vtaylor@ndmill.com,"6,000 cwts.",Specialty Mills,
North Dakota Mill & Elevator Association,,1823 Mill Rd.,Grand Forks,ND,58203,(701) 795-7000,President; GM,Vance Taylor,vtaylor@ndmill.com,"3,000 cwts",Specialty Mills,
Ardent Mills,,1843 Hwy. One S. Port,Allen,LA,70767,(225) 290-3197,Plant Manager,Alex Stewart,alex.stewart@ardentmills.com,"251,000 bus up. Rec: Barge/Ra",Grain,
Ardent Mills,,1843 Hwy. One S. Port,Allen,LA,70767,(225) 290-3197,Plant manager,Rodney Young,Rodney.young@ardentmills.com,"5,500 cwts.",Flour mills,
"Cargill, Incorporated",,1845 N.W. Gordon St.,Topeka,KS,66618,(785) 357-7365,,,,"42,414,000 bus up.",Grain,
"Agrex, Inc.",,"1850 Alabama Docks, Pier D, Eleventh St",Mobile,AL,36603,(251) 432-7006,Manager,Bucky Childree,bchildree@agrexinc.com,"3,500,000 bus up.",Grain,
Grain Craft,,1861 E. 55th St.,Los Angeles,CA,90058,(323) 585-0131,Plant manager,Jose Delgado,,"815,000 bus up",Grain,
Grain Craft,,1861 E. 55th St.,Los Angeles,CA,90058,(323) 585-0131,Plant manager,Kurt Gallehugh,,"14,800 cwts",Flour mills,
Ardent Mills,,1875 Lawrence St.,Denver,CO,80202,,,,,,Flour mills,
Ardent Mills,,1875 Lawrence St.,Denver,CO,80202,,,,,,Specialty Mills,
Ardent Mills,,1875 Lawrence St.,Denver,CO,80202,,,,,,Specialty Mills,
Ardent Mills,,1875 Lawrence St.,Denver,CO,80202,,,,,,Specialty Mills,
"Cargill, Incorporated",,1877 Channel Ave.,Memphis,TN,38113,(901) 775-3700,,,,"5,922,000 bus up",Grain,
Archer Daniels Midland Co.,,1884A E. Old Hwy. 40,New Cambria,KS,67470,(785) 820-8831; (888) 804-8123,Manager,Scott Taggart,,"4,100,000 bus up; 1,000,000 bus fl.",Grain,
Archer Daniels Midland Co.,,1892 N. Hwy. 83,Sublette,KS,67877,(620) 668-5620,Manager,Dyson Priest,,"2,753,290 bus up",Grain,
"Perdue Agribusiness Grain, Llc",,1897 River Rd.,Bainbridge,PA,17547,(717) 327-6782,Manager,Kevin Woleab,kevin.woleab@perdue.com,"1,620,000 bus up.",Grain,
Champlain Valley Milling Corp.,,19 Myers Way,Willsboro,NY,12996,(518) 963-7650,President,Samuel Sherman,samuel@westelcom.com,480 cwts,Flour mills,
Champlain Valley Milling Corp.,,19 Myers Way,Willsboro,NY,12996,(518) 963-7650,President,Samuel Sherman,samuel@westelcom.com,,Specialty Mills,
Champlain Valley Milling Corp.,,19 Myers Way,Willsboro,NY,12996,(518) 963-7650,President,Samuel Sherman,samuel@westelcom.com,"1,000 bus",Specialty Mills,
Champlain Valley Milling Corp.,,19 Myers Way,Willsboro,NY,12996,(518) 963-7650,President,Samuel Sherman,samuel@westelcom.com,,Specialty Mills,
Champlain Valley Milling Corp.,,19 Myers Way,Willsboro,NY,12996,(518) 963-7650,President,Samuel Sherman,samuel@westelcom.com,400 cwts.,Specialty Mills,
Champlain Valley Milling Corp.,,19 Myers Way,Willsboro,NY,12996,(518) 963-7650,President,Samuel Sherman,samuel@westelcom.com,,Mix Plants,
Ardent Mills,,1900 Industry Dr.,Culpeper,VA,22701,(540) 829-5560,Plant manager,Ryan Gehringer,ryan.gehringer@ardentmills.com,"2,100,000 bus up",Grain,
Ardent Mills,,1900 Industry Dr.,Culpeper,VA,22701,(540) 829-1530,Plant manager,Ryan Gehringer,ryan.gehringer@ardentmills.com,"12,000 cwts.",Flour mills,
Adm Milling Co.,,"1901 E. Wyatt Earp Blvd., P.O. Box 400",Dodge City,KS,67801,(620) 227-8101,Commercial Manager,Sarah Niederee,milling@adm.com,"1,050,000 bus up.",Grain,
Adm Milling Co.,,"1901 E. Wyatt Earp Blvd., P.O. Box 400",Dodge City,KS,67801,(620) 227-8101,Commercial manager,Sarah Niederee,milling@adm.com,"2,400 cwts",Specialty Mills,
Adm Milling Co.,,"1901 E. Wyatt Earp Blvd., P.O. Box 400",Dodge City,KS,67801,(620) 227-8101,Commercial manager,Sarah Niederee,milling@adm.com,"2,400 cwts",Specialty Mills,
Adm Milling Co.,,"1901 E. Wyatt Earp Blvd., P.O. Box 400",Dodge City,KS,67801,(620) 227-8101,Commercial manager,Sarah Niederee,milling@adm.com,"2,800 cwts.",Specialty Mills,
Archer Daniels Midland Co.,,1901 S. Sherman Dr.,Indianapolis (Beech Grove),IN,46203,(317) 784-2200,Manager,George Greenwood,,"11,576,019 bus up.",Grain,
United Grain Corp.,,1905 N.W. Harborside Dr.,Vancouver,WA,98660,(360) 693-1521,Terminal director,Earl Dixon,info@unitedgrain.com,"8,000,000 bus up",Grain,
Archer Daniels Midland Co.,,1912 N 2753rd Rd,Ottawa,IL,61350,(815) 433-3635,Superintendent,Jay Sarver,acoop@acoop.com,"107,000 bus up; 500,000 bus fl.",Grain,
"Perdue Agribusiness Grain, Llc",,19125 Greenbush Rd.,Parksley,VA,23421,(757) 787-7900,Manager,Douglas Hartman,douglas.hartman@perdue.com,"1,200,000 bus up",Grain,
Bay State Milling Co.,,"19150 S.W. Warfield Blvd., P.O. Box 1280",Indiantown,FL,34956,(772) 597-2056; (800) 932-0614,Plant manager,Jim Arnau,,"850,000 bus up.",Grain,
Bay State Milling Co.,,"19150 S.W. Warfield Blvd., P.O. Box 1280",Indiantown,FL,34956,(772) 597-2056,Plant manager,Jim Arnau,infobsm@bsm.com,"13,200 cwts",Flour mills,
Archer Daniels Midland Co. (Beemer Grain),,1918 12 Rd.,Wisner,NE,68791,(402) 528-3515,Manager,Don Brunsing,,"2,500,000 bus up",Grain,
"New Cooperative, Inc.",,1919 Hwy. 141,Sloan,IA,51055,(712) 317-3066,Manager,John Meyer,,"4,526,000 bus up; 616,000 bus fl.",Grain,
Poinsett Rice & Grain,,1926 E. CR718,Osceola Port,AR,72370,,,,,"1,700,000 bus up.",Grain,
Pride Ag Resources,,19502 U.S. Hwy. 56,Cimarron,KS,67835,(620) 865-2200,Branch manager,Rebecca Wyatt,,"1,034,000 bus up",Grain,
Archer Daniels Midland Co.,,1964 Clarks Ferry Rd,Ledbetter,KY,42058,(270) 898-8811,Manager,Walter Curry,,"3,002,000 bus up.",Grain,
Ardent Mills,,19684 Cajon Blvd.,San Bernardino,CA,92407,(909) 887-3407,Plant Manager,Nelson Selmer,nelson.selmer@ardentmills.com,"1,000,000 bus up.",Grain,
Ardent Mills,,19684 Cajon Blvd.,San Bernardino,CA,92407,(909) 887-3407,Plant manager,Nelson Selmer,nelson.selmer@ardentmills.com,"18,500 cwts",Flour mills,
"Farmers Grain Terminal, Inc.",,1977 Harbor Front Rd.,Greenville,MS,38701,(662) 332-0987,Manager,Greg Bates,,"11,360,000 bus up; 700,000 bus fl.",Grain,
Tate & Lyle,,198 Blair Bend Dr.,Loudon,TN,37774,(865) 458-5681,Plant manager,Gerry Schlueter,bradlee.morrison@tateandlyle.com,,Specialty Mills,
Sunrise Cooperative,,1981 Fitchville River Rd.,Wakeman,OH,44889,(419) 929-1568,Location manager,Clark Smith,clarksmith@sunriseco-op.com,"8,500,000 bus up.",Grain,
"Cargill, Incorporated",,"19849 E. Hwy. 30, P.O. Box 460",Shelton,NE,68876,(308) 647-5141,,,,"4,302,000 bus up",Grain,
Ardent Mills,,1B Riverside Lane,Chattanooga,TN,37406,(423) 698-4431,Plant manager,Alex Stewart,alex.stewart@ardentmills.com,"1,900,000 bus up",Grain,
"Cargill, Incorporated",,"2 miles west of WaKeeney on Old Hwy. 40, P.O. Box 67",WaKeeney,KS,67672,(785) 743-2288,,,,"645,000 bus up.",Grain,
Landus Cooperative,,200 E. First St.,Halbur,IA,50441,(712) 658-5344,Regional manager,Ethan Taube,,"329,000 bus up",Grain,
"General Mills, Inc.",,200 Garfield Ave.,Duluth,MN,55802,(218) 722-7759,,,,"3,796,000 bus up.",Grain,
Hansen-Mueller Co.,,200 Garfield Ave.,Duluth,MN,55802,,,,,"3,796,000.00",Grain,
"The Andersons, Inc.",,200 Hydro Way,Delhi,LA,71232,(318) 878-5589,Operations Manager,T-Bone Ellis,,"5,725,000 bus up; 6,264,000 bus fl.",Grain,
"Cargill, Incorporated",,200 N. 19th St.,Tampa,FL,33605,(813) 247-3602,,,,"1,740,000 bus up.",Grain,
Ardent Mills,,200 N. Riverfront Dr.,Mankato,MN,56001,(507) 388-1679,Plant Manager,Michael Forsythe,michael.forsythe@ardentmills.com,"610,000 bus up.",Grain,
Ardent Mills,,200 N. Riverfront Dr.,Mankato,MN,56001,(507) 388-1679,Plant manager,Michael Forsythe,michael.forsythe@ardentmills.com,"9,900 cwts",Flour mills,
Ardent Mills,,200 N. Riverfront Dr.,Mankato,MN,56001,(507) 388-1679,Plant manager,Michael Forsythe,michael.forsythe@ardentmills.com,,Specialty Mills,
"Riceland Foods, Inc.",,200 Plum St,Newport,AR,72112,(870) 523-6251,District manager,Rob Wilson,riceland@riceland.com,"1,509,000 bus up; 1,124,000 bus fl.",Grain,
Alliance Grain Co.,,"200 S. Brook St., P.O. Box 236",Colfax,IL,61728,(309) 723-2611,Location supervisor,Brandon Bose,,"2,200,000 bus up.",Grain,
"Viterra Usa Grain, Llc",,200 Voorhees St.,Terre Haute,IN,47802,(812) 232-1044,Manager,Ashlee Cottrell,,"2,963,000 bus up",Grain,
Archer Daniels Midland Co.,,200 W. Lamb St.,Center,MO,63436,(573) 267-3692,Superintendent,Matthew Kelch,,"900,000 bus up",Grain,
Agtegra Cooperative,,200 W. Railway St.,Kennebec,SD,57544,(605) 869-2253,Location manager,Todd Longville,,"4,800,000 bus up",Grain,
Treehouse Foods,,2000 American Italian Way,Columbia,SC,29209,(803) 695-7312,Mill manager,Rhen Marshall,info@treehousefoods.com,"11,000 cwts.",Specialty Mills,
"Cargill, Incorporated",,2000 W. Ohio St.,Evansville,IN,47712,(812) 424-2432,,,,"1,945,000 bus up.",Grain,
Hopkinsville Milling Co.,,2001 S.,Walnut Hopkinsville,KY,42240,(270) 886-1231,President,Robert Harper,,,Flour mills,
Hopkinsville Milling Co.,,2001 S.,Walnut Hopkinsville,KY,42240,(270) 886-1231,President,Robert Harper,,"5,000 bus",Specialty Mills,
Hopkinsville Milling Co.,,2001 S. Walnut,Hopkinsville,KY,42240,(270) 886-1231,President,Robert Harper,,"5,000 bus.",Specialty Mills,
Hopkinsville Milling Co.,,2001 S. Walnut,Hopkinsville,KY,42240,(270) 886-1231,President,Robert Harper,,,Mix Plants,
Rumbold & Kuhn,,20014 N. Rice Rd.,Princeville,IL,61559,(309) 385-4361,Outside Operations Manager,Randy Drake,randyd@rkgrain.com,"577,825 bus up; 2,345,175 bus fl.",Grain,
"Mid-Columbia Producers, Inc.",,2003 Railroad Ave.,Moro,OR,97039,(541) 565-3737,,,,"1,780,000 bus up.",Grain,
Ardent Mills,,2005 Vermillion St.,Hastings,MN,55033,(651) 437-0161,Plant Manager,Sean Nolan,sean.nolan@ardentmills.com,"1,495,000 bus up.",Grain,
Ardent Mills,,2005 Vermillion St.,Hastings,MN,55033,(651) 437-3161,Plant manager,Ryan Baker,ryan.baker@ardentmills.com,"26,760 cwts",Flour mills,
Ardent Mills,,2005 Vermillion St.,Hastings,MN,55033,(651) 437-3161,Plant manager,Ryan Baker,ryan.baker@ardentmills.com,"8,500 cwts.",Specialty Mills,
Ardent Mills,,2005 Vermillion St.,Hastings,MN,55033,(651) 437-3161,Plant manager,Ryan Baker,ryan.baker@ardentmills.com,"2,000 cwts",Specialty Mills,
Ardent Mills,,2005 Vermillion St.,Hastings,MN,55033,(651) 437-3161,Plant manager,Ryan Baker,ryan.baker@ardentmills.com,,Specialty Mills,
Landus Cooperative,,2008 Sixth St.,Harlan,IA,51537,(712) 755-2171,Regional manager,Ethan Taube,,"188,000 bus up",Grain,
Tyson Foods Local Grain Services,,201 E. Church St.,Kenton,TN,38233,(731) 749-5421,Supervisor,Darryl Sims,localgrainservices@tyson.com,"2,250,000 bus up",Grain,
Ritzville Warehouse Co.,,201 E. First Ave.,Ritzville,WA,99169,(509) 659-0130,CEO,Brian Gordon,bgordon@ritzwhse.net,"750,000 bus up",Grain,
"Perdue Agribusiness Grain, Llc",,201 E. Main,Sudlersville,MD,21668,(410) 438-3145,manager,Joseph Cronshaw,joseph.cronshaw@perdue.com,"450,000 bus up.",Grain,
Consolidated Grain & Barge Co.,,201 N. Missouri St.,Mound City,IL,62963,(618) 748-9272,GM,Derek Oliver,,"3,472,000 bus up; 3,281,000 bus fl",Grain,
Adm Milling Co.,,"201 Rte. 23B, P.O. Box 398",Hudson,NY,12534,(518) 828-4691,Commercial Manager,Jerdan Schweizer,milling@adm.com,"1,000,000 bus up.",Grain,
Adm Milling Co.,,"201 Rte. 23B, P.O. Box 398",Hudson,NY,12534,(518) 828-4691,Commercial manager,Jerdan Schweizer,milling@adm.com,"18,000 cwts",Flour mills,
Shawnee Milling Co.,,201 S.,Broadway Shawnee,OK,74801,(405) 273-7000,Chairman,William L. Ford,,"7,000 cwts",Flour mills,
Shawnee Milling Co.,,201 S.,Broadway Shawnee,OK,74801,(405) 273-7000,Superintendent,Mark Watts,,,Mix Plants,
Shawnee Milling Co.,,201 S. Broadway,Shawnee,OK,74801,(405) 273-7000,Chairman,William L. Ford,,"6,500 bus.",Specialty Mills,
Shawnee Milling Co.,,201 S. Broadway,Shawnee,OK,74801,(405) 273-7000,Superintendent,Mark Watts,,,Specialty Mills,
Cfs,,201 W. Main St.,Clarks Grove,MN,56016,(507) 256-7217,Manager,Dennis Adams,dadams@cfscoop.com,"1,300,000 bus up",Grain,
Chelsea Milling Co.,,"201 W. North St., P.O. Box 460",Chelsea,MI,48118,(734) 475-1361; (800) 727-2460,Chairman; CEO,Howdy S. Holmes,,"4,500 cwts.",Flour mills,
Chelsea Milling Co.,,"201 W. North St., P.O. Box 460",Chelsea,MI,48118,(734) 475-1361,Chairman; CEO,Howdy S. Holmes,,,Mix Plants,
"Attebury Grain, Inc.",,2013 N Ave. N.,Lubbock,TX,79408,(806) 765-7371,,,opsassistant@attebury.com,"10,119,000 bus up",Grain,
Agtegra Cooperative,,20137 U.S. Hwy. 281,Wolsey,SD,57384,(605) 883-4317,Location manager,Bill Timm,,"4,100,000 bus up",Grain,
Cpi,,2014 Rd. 12,Fairmont,NE,68354,(402) 268-2926,,,jyoesel@cpicoop.com,"2,700,000 bus up",Grain,
Landus Cooperative,,"202 E. Dow St., P.O. Box 430",Greene,IA,50636,(641) 823-4163,Regional manager,Amanda De Jong,,"716,000 bus up; 2,922,000 bus fl.",Grain,
"Ray-Carroll County Grain Growers, Inc.",,202 E. Main St.,Hardin,MO,64035,(660) 398-4388,Branch Manager,Brian Meyers,,"5,806,000 bus up.",Grain,
"Viterra Usa Grain, Llc",,202 Factory St.,Golden Gate,IL,62843,(618) 842-3766,Location Manager,Bret Barnard,,,Grain,
Adm Milling Co.,,202 First St.,Midland,ON,L4R 3L9,(705) 526-7861,Commercial manager,Kevin Clugston,milling@adm.com,"12,000 cwts",Flour mills,
"New Cooperative, Inc.",,"202 First St., Box 180",Dickens,IA,51333,(712) 454-1052,Location Manager,Tom Wise,,,Grain,
"Attebury Grain, Inc. (Happy)",,"202 N. Gordon, P.O. Box 37",Happy,TX,79042,(806) 335-1639,,,opsassistant@attebury.com,"4,642,000 bus up;",Grain,
"Chs, Inc. (Global Grain & Processing)",,"2020 S. Riverfront Dr., P.O. Box 3247",Mankato,MN,56001,(507) 625-7911,Facility manager,Jim Graham,info@chsinc.com,"4,000 cwts.",Specialty Mills,
Ardent Mills,,2020 Steel Rd.,Colton,CA,92324,(909) 825-7630,Plant manager,David King,david.king@ardentmills.com,"460,000 bus up.",Grain,
Ardent Mills,,2020 Steel Rd.,Colton,CA,92324,(909) 825-7630,Plant manager,David King,david.king@ardentmills.com,"11,000 cwts",Flour mills,
Ardent Mills,,20201 Hwy. 97 S.,Klamath Falls,OR,97603,(541) 363-0669,Elevator manager,Bobby Wilson,bobby.wilson@ardentmills.com,"668,000 bus up.",Grain,
"Dawn Food Products, Inc.",,2021 Micor Dr.,Jackson,MI,49203,(517) 789-4500,,,questions@dawnfoods.com,,Specialty Mills,
"Dawn Food Products, Inc.",,2021 Micor Dr.,Jackson,MI,49203,(517) 789-4500,,,questions@dawnfoods.com,,Mix Plants,
"Attebury Grain, Inc. (46Th)",,203 E. 46th,Amarillo,TX,79118,(806) 335-1639,,,opsassistant@attebury.com,"3,226,000 bus up",Grain,
Northern Country Coop,,"203 E. Spring St., P.O. Box 217",Stacyville,IA,50476,(641) 710-2348; (800) 348-1866,,,counter@ncountrycoop.com,"2,236,000 bus up",Grain,
Consolidated Grain &Barge Co.,,20314 MO-77,East Prairie,MO,63845,(573) 649-3014,Regional manager,Murray Schwieger,,"589,000 bus up",Grain,
Archer Daniels Midland Co.,,2032 Hwy. 44,Reserve,LA,70084,(504) 443-6644,,,,"3,200,000 bus up; 2,000,000 bus fl.",Grain,
Ruff Brothers Grain,,204 E. Fifth St.,Long Point,IL,61333,(815) 854-2211; (800) 988-5882,Manager,Mark Loudon,mloudon@maxiis.com,"1,425,000 bus up; 500,000 bus",Grain,
Heartland Co-Op,,204 E. Hancock,Runnells,IA,50237,(515) 966-2349,Manager,Dan Noland,info@heartlandcoop.com,"273,000 bus up.",Grain,
Arva Flour Mills Ltd.,,2042 Elgin St.,Arva,ON,N0M 1C0,(519) 660-0199,President,Mike Matthews,info@arvaflourmill.com,300 cwts,Flour mills,
Arva Flour Mills Ltd.,,2042 Elgin St.,Arva,ON,N0M 1C0,(519) 660-0199,President,Mike Matthews,info@arvaflourmill.com,300 cwts,Specialty Mills,
Iowa Corn Processors Lc,,20481 Sycamore Ave.,Glidden,IA,51443,(712) 659-2111,,,,"21,000 bus",Specialty Mills,
"New Cooperative, Inc.",,205 E. Center St.,Pomeroy,IA,50575,(712) 468-3149,Regional manager,Chris Blair,pomeroy@newcoop.com,"3,242,000 bus up.",Grain,
Landus Cooperative,,"205 E. First St., P.O. Box 476",Odebolt,IA,51458,(712) 668-2211,Regional manager,Randy Main,,"2,999,000 bus up; 976,000 bus fl.",Grain,
Ardent Mills,,2050 Market St. N.E.,Decatur,AL,35601,(256) 280-4785,Plant Manager,Lane Marte,lane.marte@ardentmills.com,"2,600,000 bus up.",Grain,
Ardent Mills,,2050 Market St. N.E.,Decatur,AL,35601,(256) 280-4785,Manager,Lane Marte,lane.marte@ardentmills.com,"22,000 cwts",Flour mills,
"Columbia Grain International, Llc",,2051 Wilma Dr.,Clarkston,WA,99403,(509) 758-1000,Manager,Amanda Beale,pdxmerchants@columbiagrain.com,"5,000,000 bus up",Grain,
Archer Daniels Midland Co.,,"2054 N. 2753 Rd., P.O. Box 546",Ottawa,IL,61350,(815) 434-6990,Manager,Pat Henry,,"231,414 bus up; 1,188,430 bus fl.",Grain,
"New Cooperative, Inc.",,206 N. First St.,Vincent,IA,50594,(515) 417-6220,Manager,Kevin Schmauss,vincent@newcoop.com,"5,146,000 bus up; 2,819,000 bus fl.",Grain,
"Columbia Grain International, Llc",,20601 State Rte. 195,Pullman,WA,99163,(509) 677-3441,Manager,Lane Hannah,pdxmerchants@columbiagrain.com,"300,000 bus up",Grain,
Shellsburg Elevator,,207 Commercial St.,Shellsburg,IA,52332,(319) 436-2251,,,,"1,600,000 bus up",Grain,
Consolidated Grain & Barge Co.,,207 W.,Ozburn Pinckneyville,IL,62274,(618) 357-9331,GM,Derek Oliver,,"1,094,000 bus up",Grain,
Farmers Cooperative,,208 W.,Depot Dorchester,NE,68343,(402) 946-2211; (800) 642-6439,Grain manager,Dale Hayek,dhayek@farmersco-operative.com,"4,654,708 bus up",Grain,
Heartland Co-Op,,2081 Nutmeg Ave.,Fairfield,IA,52556,,Manager,Adam Logsdon,info@heartlandcoop.com,"4,507,000 bus up",Grain,
Farmers Cooperative,,2084 Tumbleweed Rd.,Frankfort,KS,66427,(785) 292-6200,Location manager,Jeff Polson,jpolson@farmersco-operative.com,"4,100,000 bus up",Grain,
"The Andersons, Inc.",,20888 Van Slyke Rd.,Greenleaf,ID,83626,(208) 649-5296,Operations manager,Boyd Coles,,"511,000 bus up; 1,200,000 bus fl.",Grain,
Jamaica Flour Mills Limited,,209 Windward Rd.,Kingston 2,JM,,(876) 928-7221-5; (888) 991-4536,Regional business manager,Derrick Nembhard,jfmcustomerservice@adm.com,,Mix Plants,
Jamaica Flour Mills Limited,,"209 Windward Rd., Kingston",2,JM,,(876) 928-7221-5,Regional business manager,Derrick Nembhard,jfmcustomerservice@adm.com,"2,000 cwts",Specialty Mills,
Sunrise Cooperative,,"21 Woodward St., P.O. Box R",South Charleston,OH,45368,(937) 462-8341,Operations manager,Dan Roncolato,,"8,900,000 bus up.",Grain,
Hansen-Mueller Co.,,21-21st Ave. E.,Superior,WI,54880,(715) 398-3541,,,,"3,200,000 bus up",Grain,
Consolidated Grain & Barge Co.,,210 George St.,Aurora,IN,47001,(812) 926-0740,Regional Manager,Jason Selking,,"1,928,000 bus up",Grain,
Archer Daniels Midland Co.,,210 N 7th St,La Belle,MO,63447,(660) 213-3626,Manager,Brian Doellman,,"1,100,000 bus up.",Grain,
Adm Milling Co.,,210 N.E. Third St.,Abilene,KS,67410,(785) 263-1631,Operations manager,Scott Hargrave,milling@adm.com,"14,200 cwts.",Specialty Mills,
Dm Milling Co.,,"210 N.E. Third St., P.O. Box 338",Abilene,KS,67410,(785) 263-1631,Operations manager,Scott Hargrave,milling@adm.com,"2,100,000 bus up",Grain,
Adm Milling Co.,,"210 N.E. Third St., P.O. Box 338",Abilene,KS,67410,(785) 263-1631,Operations manager,Scott Hargrave,milling@adm.com,,Specialty Mills,
"Riceland Foods, Inc.",,210 S Front St,Hickory Ridge,AR,72347,,Manager,David Caldwell,riceland@riceland.com,"2,923,000 bus up.",Grain,
"Cargill, Incorporated",,210 Third St.,Carleton,NE,68326,(402) 356-2351,,,,"1,482,000 bus up.",Grain,
Great Plains Commodities,,21080 U.S. Hwy. 62,Altus (Headrick),OK,73549,(580) 738-5000,,,bbryer@gpc-altus.com,"1,414,000 bus up.",Grain,
Frontier Cooperative Co.,,211 S. Lincoln St.,Brainard,NE,68626,(402) 545-2811,Branch Manager,Jason Ekstein,,"2,925,000 bus up; 1,550,000 bus fl.",Grain,
Thresher Artisan Wheat —,,211 Truck Rte.,Newdale,ID,83436,(208) 458-4948,GM,Max Mobley,,"866,000 bus up.",Grain,
"Cargill, Incorporated",,"2117 W. Hwy. 8, P.O. Box 88",Heartwell,NE,68945,(308) 563-2111,,,,"2,665,000 bus up.",Grain,
Landus Cooperative,,212 S. First St.,Dawson,IA,50066,(515) 428-8334,Regional manager,Ethan Taube,,"1,056,000 bus up; 1,544,000 bus fl.",Grain,
"Riceland Foods, Inc.",,"2120 S. Park Ave., P.O. Box 927",Stuttgart,AR,72160,(870) 673-5336,Division manager,Scott Lindsey,riceland@riceland.com,"18,200,000 cwts",Specialty Mills,
Busch Agricultural,,2121 W. 145th N.,Idaho Falls,ID,83402,(208) 524-1080,GM,Max Mobley,,"4,025,000 bus up.",Grain,
Archer Daniels Midland Co.,,2122 Navigation Blvd,Corpus Christi,TX,78402,(361) 882-1956,Manager,Ryan Mills,,"4,700,000 bus up.",Grain,
"General Mills, Inc.",,2125 49th Ave. N.,Minneapolis,MN,55430,(763) 293-3700,,,,"3,553,000 bus up.",Grain,
"Viterra Usa Grain, Llc",,2130 Little Levee Rd.,Rockwood,IL,62280,(618) 426-5275,Regional manager,Cody Smith,,"1,052,000 bus up.",Grain,
Consolidated Grain &Barge Co,,2133 E. State Hwy.,ABScott City,MO,63780,(573) 264-2411,general manager,Derek Oliver,,"369,000 bus up",Grain,
Consolidated Grain & Barge Co.,,2133 E. State Hwy. 500 Lacruz St.,Cape Girardeau,MO,63703,(573) 264-2411,GM,Derek Oliver,,"132,000 bus up.",Grain,
Heartland Co-Op,,2136 Green Bay Rd.,Wever,IA,52658,(319) 372-7852,Manager,Mark Logsdon,info@heartlandcoop.com,"510,000 bus up; 3,490,000 bus fl.",Grain,
"Cargill, Incorporated",,214 S. Water St.,Havana,IL,62644,(309) 543-3351,,,,"400,000 bus up.",Grain,
Consolidated Grain &Barge Co.,,2140 County Hwy.,553Caruthersville,MO,63830,(573) 333-1881,Regional Manager,Murray Schwieger,,"387,000 bus up.",Grain,
"Cornerstone Ag, Llc",,"2148 County Rd. Q, P.O. Box 468",Colby,KS,67701,(785) 462-3354,Manager,Eric Sperber,,"6,895,000 bus up; 2,900,000 bus fl.",Grain,
"Cargill, Incorporated",,215 Grainery Rd.,Hales Point,TN,38040,(731) 836-7571,,,,"955,000 bus up",Grain,
Consolidated Grain & Barge Co.,,"215 Marine St., P.O. Box 225",Madison,IN,47250,(812) 265-6505,Regional Manager,Jason Selking,,,Grain,
"Cargill, Incorporated",,"215 S. Main St., P.O. Box 429",Parker,SD,57053,(605) 297-4432,,,,"935,000 bus up",Grain,
"Central Moagriservice, Llc",,215 W Thomas Dr,Waverly,MO,64096,(660) 852-3381,VP,Jerry Young,,"741,000 bus up",Grain,
"Cargill, Incorporated",,2154 Hwy. 44,Reserve,LA,70084,(985) 536-1500,,,,"6,000,000 bus up; 1,500,000 bus fl.",Grain,
Sunrise Cooperative,,"2155 State, Rte. 598",Galion,OH,44833,(419) 683-4600,Location manager,J.C. Ehmann,jehmann@sunriseco-op.com,"8,950,000 bus up.",Grain,
"Greenfield Holdings, Llc",,2159 Hwy. 165 S.,Parkdale,AR,71661,(870) 473-2281,,,,"7,800,000 bus up.",Grain,
"Michigan Agricultural Commodities, Inc.",,216 Eastman,Breckenridge,MI,48615,(989) 842-3104,Plant Manager,Adam Geers,ckunisch@michag.com,"11,160,000 bus up; 4,100,000 bus fl.",Grain,
"Riceland Foods, Inc.",,216 N. Gee St.,Jonesboro,AR,72401,(870) 932-7433,Division Manager,Ken Wixon,riceland@riceland.com,"7,262,000 bus up; 1,936,000 bus fl.",Grain,
"Riceland Foods, Inc.",,216 N. Gee St.,Jonesboro,AR,72401,(870) 933-1193,District Manager,Daniel Bryant,riceland@riceland.com,"5,784,000 bus up; 188,000 bus fl.",Grain,
"Riceland Foods, Inc.",,216 N. Gee St.,Jonesboro,AR,72401,(870) 932-7433,Division manager,Ken Wixon,riceland@riceland.com,"15,500,000 cwts",Specialty Mills,
"Gateway Fs, Inc.",,"2161 Levee Rd., P.O. Box 38",Fults,IL,62244,(618) 458-6466,,,,,Grain,
Lacey Milling Co.,,217 W. Fifth St.,Hanford,CA,93230,(559) 584-6634,President,Charles Lendrum,,"1,500 cwts",Flour mills,
Heartland Co-Op,,217 W. Front St.,Brooklyn,IA,52211,(641) 522-7521,manager,Dennis Plants,info@heartlandcoop.com,"2,660,000 bus up.",Grain,
"Viterra Usa Grain, Llc",,"21799 E. Ave., P.O. Box 217",Rock Port,MO,64482,660) 744-2222,Location Manager,Jackson Rooney,,"2,429,000 bus up; 5,940,000 bus fl.",Grain,
Landus Cooperative,,218 Lincoln Ave.,Ackley,IA,50601,(641) 847-2691,Regional Manager,Amanda De,,"487,000 bus up.",Grain,
The Scoular Company,,218 W. Delta St.,Hancock,IA,51536,(712) 741-5437,Facility manager,Landon Cousins,information@scoular.com,"4,440,000 bus up.",Grain,
"Southampton Flour Milling, Inc.",,22 Caroline St. E.,Southampton,ON,N0H 2L0,(519) 797-2833,VP,Audrey Cook,southflour@bellnet.ca,992 cwts.,Specialty Mills,
"Snavely'S Mill, Inc.",,22 Fishing Creek Rd.,Mill Hall,PA,17751,(570) 726-4747,"Director, sales and marketing",Dave Braun,dbraun@snavelysmill.com,"5,600 cwts.",Flour mills,
"Snavely'S Mill, Inc.",,22 Fishing Creek Rd.,Mill Hall,PA,17751,(570) 726-4747,"Director, sales and marketing",Dave Braun,dbraun@snavelysmill.com,"2,000 cwts",Specialty Mills,
Consolidated Grain & Barge Co.,,220 Mengel Rd.,Hickman,KY,42050,(270) 236-2579,Regional manager,Murray Schwieger,,"1,451,000 bus up",Grain,
Grain Craft,,220 W. 30th St.,Ogden,UT,84401,(801) 394-4523,Plant manager,Steve Mosier,,"1,200,000 bus up",Grain,
Grain Craft,,220 W. 30th St.,Ogden,UT,84401,(801) 394-4523,Plant manager,Steve Mosier,,"16,400 cwts.",Flour mills,
Alliance Grain Co.,,220 W. Eighth St.,Gibson City,IL,60936,(217) 784-5402,,,,"445,000 bus up.",Grain,
Tate & Lyle,,2200 E. Eldorado St.,Decatur,IL,62521,(217) 421-3268,Plant manager,Keith Oliger,hunter.chastain@tateandlyle.com,,Specialty Mills,
"Lawrence Foods, Inc.",,2200 Lunt Ave.,Elk Grove Village,IL,60007,(847) 437-2400; (800) 323-7848,Chairman,Lester Lawrence,info@lawrencefoods.com,,Mix Plants,
Miller Milling Co.,,2201 E. Seventh St.,Oakland,CA,94606,(510) 536-9555,Head miller,Steve McIver,info@millermilling.com,,Grain,
Miller Milling Co.,,2201 E. Seventh St.,Oakland,CA,94606,(510) 536-9555,Head miller,Steve McIver,info@millermilling.com,"14,000 cwts",Flour mills,
Miller Milling Co.,,2201 E. Seventh St.,Oakland,CA,94606,(510) 536-9555,Head Miller,Steve McIver,info@millermilling.com,,Specialty Mills,
"Viterra Usa Grain, Llc",,2203 21st Rd.,Clarks,NE,68628,(308) 548-2600,Manager,Matt Jarzynka,,"1,287,000 bus up.",Grain,
"Viterra Usa Grain, Llc",,2205 County Rd. 55,Plainview,TX,79072,(806) 293-2621,Manager,Aaron McHargue,,"4,954,000 bus up",Grain,
Homestead Mills,,"221 N. River St., P.O. Box 1115",Cook,MN,55723,(218) 666-5233; (800) 652-5233,Managing partner,Keith A. Aho,aho@homesteadmills.com,480 cwts,Flour mills,
Homestead Mills,,"221 N. River St., P.O. Box 1115",Cook,MN,55723,(218) 666-5233,Managing partner,Keith A. Aho,aho@homesteadmills.com,480 cwts,Specialty Mills,
Homestead Mills,,"221 N. River St., P.O. Box 1115",Cook,MN,55723,(218) 666-5233; (800) 652-5233,Managing partner,Keith A. Aho,aho@homesteadmills.com,,Specialty Mills,
Homestead Mills,,"221 N. River St., P.O. Box 1115",Cook,MN,55723,(218) 666-5233,Managing partner,Keith A. Aho,aho@homesteadmills.com,480 cwts,Specialty Mills,
Homestead Mills,,"221 N. River St., P.O. Box 1115",Cook,MN,55723,(218) 666-5233,Managing partner,Keith A. Aho,aho@homesteadmills.com,240 cwts,Specialty Mills,
Homestead Mills,,"221 N. River St., P.O. Box 1115",Cook,MN,55723,(218) 666-5233,Managing partner,Keith A. Aho,aho@homesteadmills.com,,Mix Plants,
Miller Milling Co.,,"221 S. Fairmont, P.O. Box 79440",Saginaw,TX,76179,(817) 847-8977,Plant manager,Eric Knott,info@millermilling.com,"7,000,000 bus up",Grain,
Miller Milling Co.,,221 S. Fairmount St.,Saginaw,TX,76179,(817) 847-8977,Plant manager,Eric Knott,info@millermilling.com,"24,000 cwts.",Flour mills,
Kerry,,221 Salem Rd. S.W.,Calhoun,GA,30701,(706) 602-9928,,,info@kerry.com,,Mix Plants,
"Kalama Export Company, Llc",,2211 N. Hendrickson Dr.,Kalama,WA,98625,(360) 673-3900,,,,"5,386,000 bus up",Grain,
"Natural Products, Inc.",,2211 Sixth Ave.,Grinnell,IA,50112,(641) 236-0852,GM,Paul Lang,npi@npisoy.com,,Flour mills,
"Natural Products, Inc.",,2211 Sixth Ave.,Grinnell,IA,50112,(641) 236-0852,GM,Paul Lang,npi@npisoy.com,,Specialty Mills,
"Natural Products, Inc.",,2211 Sixth Ave.,Grinnell,IA,50112,(641) 236-0852,GM,Paul Lang,npi@npisoy.com,,Specialty Mills,
"Natural Products, Inc.",,2211 Sixth Ave.,Grinnell,IA,50112,(641) 236-0852,GM,Paul Lang,npi@npisoy.com,,Specialty Mills,
"Natural Products, Inc.",,2211 Sixth Ave.,Grinnell,IA,50112,(641) 236-0852,GM,Paul Lang,npi@npisoy.com,,Mix Plants,
"Cargill, Incorporated",,222 W. Utica St.,Ravenna,NE,68869,(308) 452-3281,,,,"1,918,000 bus up",Grain,
"Mondelez Global, Llc",,2221 Front St.,Toledo,OH,43605,(419) 691-5200,,,,"31,000 cwts",Flour mills,
Farmers’ Rice Cooperative,,2224 Industrial Blvd.,West Sacramento,CA,95833,(916) 373-5500,President; CEO,Rick Rhody,,,Specialty Mills,
"Ag Com, Inc.",,2224 Oxford Rd.,New Oxford,PA,17350,(717) 624-8249,"Director, operations",Matthew Sharrer,msharrer@agcominc.com,"5,000 cwts.",Flour mills,
Consolidated Grain & Barge Co.,,2239 Power Plant Rd.,Grand Tower,IL,62942,(618) 565-2314,GM,Derek Oliver,,"578,000 bus up.",Grain,
Tate & Lyle,,"2245 N. Sagamore Parkway N., P.O. Box 1398",Lafayette,IN,47904,(765) 448-7123,Plant manager,Ken Daily,,,Specialty Mills,
"Cargill, Incorporated",,"225 E. Briarwood Ave., P.O. Box 357",Dana,IN,47847,(765) 665-3326,,,,"804,000 bus up.",Grain,
"Koda Farms, Inc.",,"22540 Russell Ave., P.O. Box 10",South Dos Palos,CA,93665,(209) 392-2191,President; CEO,Ross Koda,inquiry@kodafarms.com,"1,000,000 cwts.",Specialty Mills,
Viobin,,226 W. Livingston St.,Monticello,IL,61856,(217) 762-2489,President; GM,Brad Allen,info@viobinusa.com,,Specialty Mills,
Viobin,,226 W. Livingston St.,Monticello,IL,61856,(217) 762-2489,President,Brad Allen,info@viobinusa.com,,Specialty Mills,
Viobin,,226 W. Livingston St.,Monticello,IL,61856,(217) 762-2489,President; GM,Brad Allen,info@viobinusa.com,,Specialty Mills,
Viobin,,226 W. Livingston St.,Monticello,IL,61856,(217) 762-2489,President; GM,Brad Allen,info@viobinusa.com,,Specialty Mills,
"Cargill, Incorporated",,"227 Front St., P.O. Box 459",Byers,CO,80103,(303) 433-7425,,,,"1,725,000 bus up.",Grain,
Pride Ag Resources,,227 N. Main,Kingsdown,KS,67842,(620) 369-2320,Branch manager,Tim Maxey,,"861,000 bus up",Grain,
Heartland Co-Op,,2285 US-6,Marengo,IA,52301,(319) 642-5557,Manager,Greg Meier,info@heartlandcoop.com,"3,065,000 bus up",Grain,
Landus Cooperative,,2287 Lark Ave.,Hamlin,IA,50117,(712) 563-4720,Regional manager,Ethan Taube,,"3,636,000 bus up; 1,504,000 bus fl",Grain,
P&H Milling Group,,"229 Burlington St. E., Pier 10",Hamilton,ON,L8L 4H2,(519) 650-6400,Operations manager,Mark Bylsma,info@phmilling.com,"7,300 cwts",Flour mills,
Landus Cooperative,,"2290 Grant Ave., P.O. Box 37",Britt,IA,50423,(641) 843-3813,Regional Manager,Amanda De Jong,,"1,173,000 bus up; 923,000 bus fl.",Grain,
Fairview Mills,,2300 N.W. Menoken Rd.,Topeka,KS,66618,(785) 235-5381,manager,Scott Garber,hr@fairviewmills.com,"800,000 bus up; 1,500,000 bus fl.",Grain,
"Attebury Grain, Inc. (Ft. Worth D)",,2301 Terminal Rd.,Ft. Worth,TX,76106,(806) 335-1639,,,opsassistant@attebury.com,"3,976,000 bus up",Grain,
"Busch Agricultural Resources, Llc",,231 Busch Lane,Conrad,MT,59425,(406) 278-7513; (800) 440-7513,,,,"2,030,000 bus up.",Grain,
"Riviana Foods, Inc.",,2314 S.,Lauderdale Memphis,TN,38106,(901) 948-8556,,,,"3,000,000 cwts",Specialty Mills,
Archer Daniels Midland Co.,,2315 Old Geneva Rd.,Henderson,KY,42420,(270) 827-4330,Manager,Matt Stokebrand,,"998,456 bus up",Grain,
Agp Grain,,2315 W. Hwy. 6,Hastings,NE,68901,(402) 463-1420; (800) 477-1265,Elevator Manager,Mark Jorgensen,info@agp.com,"4,000,000 bus up; 2,350,000 bus fl.",Grain,
Howson & Howson Ltd.,,"232 Westmoreland St., P.O. Box 390",Blyth,ON,N0M 1H0,(519) 523-4241,President,Jeffrey Howson,howson@howsons.ca,"7,500 cwts.",Specialty Mills,
"Columbia Grain International, Llc",,"233 Central Ave., P.O. Box 577",Harlem,MT,59526,(406) 353-2924,Manager,Chris Herring,pdxmerchants@columbiagrain.com,"1,014,000 bus up.",Grain,
"Bunge North America, Llc",,234 S. Jefferson St.,Delphos,OH,45833,(419) 692-6010,Manager,Logan Kehres,logan.kehres@bunge.com,"1,707,000 bus up.",Grain,
Landus Cooperative,,2340 Hwy. 71,Early,IA,50535,(712) 273-5288,regional manager,Randy Main,,"1,570,000 bus up.",Grain,
Archer Daniels Midland Co.,,2348 E. 154 S.,Fowler,IN,47944,(765) 884-0290,Manager,George Greenwood,,"797,293 bus up",Grain,
Archer Daniels Midland Co.,,2349 E. 154 S.,Fowler,IN,47944,(765) 884-0290,Manager,George Greenwood,,"1,657,461 bus up; 966,141 bus fl",Grain,
"Pennant Ingredients, Inc.",,235 Buffalo Rd.,Rochester,NY,14611,(585) 235-8160,,,sales@pennant-ingredients.com,,Mix Plants,
Archer Daniels Midland Co.,,2350 Broadway,Evansville,IN,47712,(812) 424-3581; (800) 457-3052,Superintendent,Cj Yeakley,,"1,004,670 bus up.",Grain,
Mfa Agri Services,,"2350 Monroe, P.O. Box 308",Lexington,MO,64067,(660) 259-2261,Manager,Ryun Morris,mfagrain@mfa-inc.com,"853,000 bus up.",Grain,
"Bartlett Grain Company, Lp",,2350 S. Main St.,South Jacksonville,IL,62650,(217) 243-0509,Origination manager,Joseph Ratliff,j.ratliff@bartlettco.com,"7,843,000 bus up.",Grain,
"The Andersons, Inc.",,2380 Maple Rd.,American Falls,ID,83211,(208) 358-2692,Operations Manager,Boyd Coles,,"1,770,000 bus fl.",Grain,
Azteca Milling,,"23865 Ave. 18, P.O. Box 1107",Madera,CA,93638,(559) 675-3400,Operations manager,Barry Runyon,,,Specialty Mills,
Adm Milling Co.,,240 Preston St.,Jackson,TN,38301,(731) 424-3535,Operations Manager,Dennis Tims,milling@adm.com,"430,000 bus up",Grain,
Adm Milling Co.,,240 Preston St.,Jackson,TN,38301,(731) 424-3535,Operations manager,Randy Belknap,milling@adm.com,,Flour mills,
Adm Milling Co.,,240 Preston St.,Jackson,TN,38301,(731) 424-3535,Operations manager,Randy Belknap,milling@adm.com,"26,000 bus.",Specialty Mills,
Archer Daniels Midland Co.,,2400 Fair St.,Lincoln,NE,68503,(402) 476-3938,Manager,Jennifer Potter,,"5,072,000 bus up.",Grain,
"Cargill, Incorporated",,2401 S. 37th St.,Council Bluffs,IA,51501,(712) 325-2700,,,,"5,949,000 bus up",Grain,
"The Andersons, Inc.",,2404 Lincoln Hwy.,Denison,IA,51442,(712) 263-5665,Plant operations manager,Ricardo Campo,,"2,500,000",Grain,
"Western Foods, Llc",,2404 Stagecoach Rd.,Stockton,CA,95215,(530) 601-5991,"VP, sales and business development",Tom Andringa,inquiries@westernfoodsco.com,,Flour mills,
"Western Foods, Llc",,2404 Stagecoach Rd.,Stockton,CA,95215,(530) 601-5991,"VP, sales and business development",Tom Andringa,inquiries@westernfoodsco.com,,Specialty Mills,
"Western Foods, Llc",,2404 Stagecoach Rd.,Stockton,CA,95215,(530) 601-5991,"VP, sales and business development",Tom Andringa,inquiries@westernfoodsco.com,,Specialty Mills,
"Western Foods, Llc",,2404 Stagecoach Rd.,Stockton,CA,95215,(530) 601-5991,"VP, sales and business development",Tom Andringa,inquiries@westernfoodsco.com,,Specialty Mills,
"Western Foods, Llc",,2404 Stagecoach Rd.,Stockton,CA,95215,(530) 601-5991,"VP, sales and business development",Tom Andringa,inquiries@westernfoodsco.com,,Specialty Mills,
"Western Foods, Llc",,2404 Stagecoach Rd.,Stockton,CA,95215,(530) 601-5991,"VP, sales and business development",Tom Andringa,inquiries@westernfoodsco.com,,Specialty Mills,
"Western Foods, Llc",,2404 Stagecoach Rd.,Stockton,CA,95215,(530) 601-5991,"VP, sales and business development",Tom Andringa,inquiries@westernfoodsco.com,,Specialty Mills,
"Western Foods, Llc",,2404 Stagecoach Rd.,Stockton,CA,95215,(530) 601-5991,"VP, sales and business development",Tom Andringa,inquiries@westernfoodsco.com,,Specialty Mills,
"Western Foods, Llc",,2404 Stagecoach Rd.,Stockton,CA,95215,(530) 601-5991,"VP, sales and business development",Tom Andringa,inquiries@westernfoodsco.com,,Mix Plants,
"Brill, Inc.",,2410 S. Scheidt Lane,Bonner Springs,KS,66012,(913) 441-7216,,,info@brillinc.com,,Mix Plants,
Archer Daniels Midland Co.,,2417 Stockton Rd.,Stevens Point,WI,54482,(715) 592-3715,Manager,Duane Stelzner,,"1,800,000 bus up",Grain,
"Perdue Agribusiness Grain, Llc",,242 Perdue Rd.,Cofield,NC,27922,(252) 358-8226,manager,Damian Cornick,damian.cornick@perdue.com,"3,100,000 bus up.",Grain,
Early Morning Harvest,,2425 Willow Ave.,Panora,IA,50216,(641) 757-2620,Owner,Jeff Hafner,info@earlymorningharvest.com,40 cwts,Flour mills,
Early Morning Harvest,,2425 Willow Ave.,Panora,IA,50216,(641) 757-2620,Owner,Jeff Hafner,info@earlymorningharvest.com,40 cwts,Specialty Mills,
Early Morning Harvest,,2425 Willow Ave.,Panora,IA,50216,(641) 757-2620,Owner,Jeff Hafner,info@earlymorningharvest.com,40 cwts,Specialty Mills,
Early Morning Harvest,,2425 Willow Ave.,Panora,IA,50216,(641) 757-2620,Owner,Jeff Hafner,info@earlymorningharvest.com,40 cwts,Specialty Mills,
Early Morning Harvest,,2425 Willow Ave.,Panora,IA,50216,(641) 757-2620,Owner,Jeff Hafner,info@earlymorningharvest.com,40 cwts.,Specialty Mills,
Archer Daniels Midland Co.,,2430 E. Fourth St.,Hutchinson,KS,67501,(620) 661-2191,Manager,Cody Rine,,"1,869,000 bus up",Grain,
"Busch Agricultural Resources, Llc",,2440 Hwy. 89,Fairfield,MT,59436,(406) 467-3400,,,khiggins@columbiagrain.com,"3,770,000 bus up.",Grain,
Aurora Cooperative Elevator Co.,,2449 Rd. 4500,Edgar,NE,68935,(402) 224-4177,Site manager,Tony Dowse,,"2,500,000 bus up;",Grain,
"Panhandle Milling, Llc",,245 Rd. 4063,Farmington,NM,87401,(800) 897-5226,Sales manager,Patrick Beare,sales@panhandlemilling.com,"2,500 cwts",Flour mills,
"Panhandle Milling, Llc (Phm Brands Co.)",,245 Rd. 4063,Farmington,NM,87401,(800) 897-5226,Sales manager,Patrick Beare,sales@panhandlemilling.com,,Specialty Mills,
"Attebury Grain, Inc. (Black)",,2480 U.S. Hwy. 60,Friona,TX,79035,(806) 265-3286,,,opsassistant@attebury.com,"3,076,000 bus up; 1,492,000 bus fl",Grain,
Bakemark,,2480 Viking Way,Richmond,BC,V6V 1N2,(604) 303-1700,,,information@bakemark.com,,Mix Plants,
"General Mills, Inc.",,25 44th Ave. N.E.,Minneapolis,MN,55421,(763) 764-4061,,,,"4,955,000 bus up.",Grain,
"General Mills, Inc.",,25 44th Ave. N.E.,Fridley,MN,55421,(763) 764-7888,Plant manager,Keith Pullman,,,Specialty Mills,
"Riviana Foods, Inc.",,"25 W. White Oaks St., P.O. Box 744",Brinkley,AR,72021,(870) 734-2381,,,hshelly@riviana.com,"650,000 cwts.",Specialty Mills,
Adm Milling Co.,,250 Ganson St,Buffalo,NY,14203,(716) 849-7333,Commercial manager,Mack Molyoak,milling@adm.com,"22,600 cwts",Flour mills,
"Duluth Storage, Llc",,250 Garfield Ave.,Duluth,MN,55802,(218) 727-7219,,,,"12,158,000 bus up.",Grain,
"Cargill, Incorporated",,"250 Sheridan St., P.O. Box 217",Maynard,MN,56260,(320) 367-2175,,,,"3,074,000 bus up",Grain,
Montana Flour & Grain,,"2500 Chouteau St., P.O. Box 517",Fort Benton,MT,59442,(406) 622-5436,GM,Andre C. Giles,info@montanaflour.com,480 cwts,Flour mills,
Montana Flour & Grain,,"2500 Chouteau St., P.O. Box 517",Fort Benton,MT,59442,(406) 622-5436,GM,Andre C. Giles,info@montanaflour.com,480 cwts.,Specialty Mills,
Montana Flour & Grain,,"2500 Chouteau St., P.O. Box 517",Fort Benton,MT,59442,(406) 622-5436,GM,Andre C. Giles,info@montanaflour.com,400 cwts,Specialty Mills,
Montana Flour & Grain,,"2500 Chouteau St., P.O. Box 517",Fort Benton,MT,59442,(406) 622-5436,GM,Andre C. Giles,info@montanaflour.com,480,Specialty Mills,
Montana Flour & Grain,,"2500 Chouteau St., P.O. Box 517",Fort Benton,MT,59442,(406) 622-5436,GM,Andre C. Giles,info@montanaflour.com,,Specialty Mills,
Montana Flour & Grain,,"2500 Chouteau St., P.O. Box 517",Fort Benton,MT,59442,(406) 622-5436,GM,Andre C. Giles,info@montanaflour.com,,Specialty Mills,
Montana Flour & Grain,,"2500 Chouteau St., P.O. Box 517",Fort Benton,MT,59442,(406) 622-5436,GM,Andre C. Giles,info@montanaflour.com,100 cwts,Specialty Mills,
"Attebury Grain, Inc.",,2500 E. 37th St.,Lubbock,TX,79404,(806) 765-7223,,,opsassistant@attebury.com,"8,039,000 bus up",Grain,
"General Mills, Inc.",,2500 Ninth Ave. N.,Great Falls,MT,59401,(406) 761-6252,,,,"1,600,000 bus up",Grain,
"General Mills, Inc.",,"2500 Ninth Ave. N., P.O. Box 111",Great Falls,MT,59401,(406) 727-5500,Plant manager,Bill Harp,,"12,500 cwts",Flour mills,
"General Mills, Inc.",,"2500 Ninth Ave. N., P.O. Box 111",Great Falls,MT,59401,(406) 727-5500,Plant manager,Bill Harp,,"4,500 cwts.",Specialty Mills,
Archer Daniels Midland Co.,,2502 Hwy. 56,Copeland,KS,67837,(620) 668-5534,Manager,Dyson Priest,,"2,910,000 bus up; 480,000 bus fl.",Grain,
Archer Daniels Midland Co. (Enid Elevator A),,2502 N. 16th St.,Enid,OK,73701,(580) 233-3800,Superintendent,Aaron Bridgman,,"7,700,000 bus up.",Grain,
Archer Daniels Midland Co. (Enid Elevator B),,2502 N. 16th St.,Enid,OK,73701,(580) 233-3800,Superintendent,Aaron Bridgman,,"11,036,000 bus up.",Grain,
Archer Daniels Midland Co. (Enid Elevator Y),,2502 N. 16th St.,Enid,OK,73701,(580) 233-3800,Superintendent,Aaron Bridgman,,"16,007,000 bus up.",Grain,
Archer Daniels Midland Co. (Enid Elevator Z),,2502 N. 16th St.,Enid,OK,73701,(580) 233-3800,Superintendent,Aaron Bridgman,,"15,289,000 bus up.",Grain,
"Viterra Usa Grain, Llc",,25035 367th Ave.,Kimball,SD,57355,(855) 649-8637,Manager,Todd Yeaton,,"2,235,000 bus up",Grain,
P&H Milling Group,,252 - 14th St.,Hanover,ON,N4N 3C5,(519) 364-3260,Operations manager,Mike McDonald,info@phmilling.com,"11,000 cwts",Flour mills,
P&H Milling Group,,252 - 14th St.,Hanover,ON,N4N 3C5,(519) 364-3260,Operations manager,Mike McDonald,info@phmilling.com,,Specialty Mills,
"Zeeland Farm Services, Inc.",,"2525 - 84th Ave., P.O. Box 290",Zeeland,MI,49464,(616) 772-9042; (800) 748-0595,Grain merchandiser,Arlen Meeuwsen,receptionist@zfsinc.com,"4,500,000 bus up.",Grain,
"Weisenberger Mills, Inc.",,"2545 Weisenberger Mill Rd., P.O. Box 215",Midway,KY,40347,(859) 254-5282; (800) 643-8678,President,Philip Weisenberger,sales@weisenberger.com,175 cwts.,Flour mills,
"Weisenberger Mills, Inc.",,"2545 Weisenberger Mill Rd., P.O. Box 215",Midway,KY,40347,(859) 254-5282,President,Philip Weisenberger,sales@weisenberger.com,500 bus,Specialty Mills,
"Weisenberger Mills, Inc.",,"2545 Weisenberger Mill Rd., P.O. Box 215",Midway,KY,40347,(859) 254-5282,President,Philip Weisenberger,sales@weisenberger.com,,Mix Plants,
United Cooperative,,2550 Clairville Rd.,Oshkosh,WI,54904,(920) 233-2261,,,,"4,410,000 bus up",Grain,
Landus Cooperative,,"256 Main St., P.O. Box 392",Manilla,IA,51454,(712) 654-2012,Regional manager,Ethan Taube,,"914,000 bus up; 1,541,000 bus fl",Grain,
"Columbia Grain International, Llc 25609 U.S. Hwy. 2",,25609 U.S. Hwy. 2,Cut Bank,MT,59427,(406) 873-5061,Manager,Roger Czech,pdxmerchants@columbiagrain.com,"176,000 bus up.",Grain,
"Columbia Grain International, Llc 25611 Hwy. 2 E.",,25611 Hwy. 2,E.Cut Bank (Meriwether),MT,59427,(406) 338-5307,Manager,Steve Olson,pdxmerchants@columbiagrain.com,"523,000 bus up.",Grain,
Ardent Mills,,258 Harvest Lane,Pocono Summit,PA,18346,(570) 839-8322,Plant manager,Mike McShane,mike.mcshane@ardentmills.com,"1,150,000 bus up.",Grain,
Mennel Grain – Troy,,2600 N. Dixie Hwy.,Troy,OH,45373,(937) 335-8334,"Manager, operations",Mike Bolton,graindivision@mennel.com,"3,445,000 bus up.",Grain,
Mennel Grain – Mexico,,2602 W. Third St.,Mexico,IN,46958,(765) 985-3530,Lead elevator,Paul Donaldson,graindivision@mennel.com,"1,050,000 bus up",Grain,
"Cargill, Incorporated",,"2609 260th St., P.O. Box 190",Albion,NE,68620,(402) 395-5045,,,,"1,679,000 bus up",Grain,
"Semo Milling, Llc",,261 River Rd.,Scott City,MO,63780,(573) 264-2677,GM,Dan Fetherston,,"less than 36,000 bus",Specialty Mills,
"Viterra Usa Grain, Llc",,2610 Grand Ave.,Kearney,NE,68847,(308) 237-5700,Manager,Tony Nelson,,"2,269,000 bus up; 5,585,000 bus fl.",Grain,
"Ray-Carroll County Grain Growers, Inc. 26194 Hwy. 20",,26194 Hwy.,20Corder,MO,65236,(660) 394-8888,Location Manager,Josh Riley,riceland@riceland.com,"8,242,000 bus up.",Grain,
Ursa Farmers Coop,,2625 E. 30th St.,Warsaw,IL,62379,(217) 647-3215,manager,Terry Schlipman,terry@ursacoop.com,"4,543,000 bus up.",Grain,
Ursa Farmers Coop,,2625 E. 30th St.,Warsaw,IL,62379,(217) 647-3215,Manager,Terry Schlipman,terry@ursacoop.com,"4,543,000 bus up.",Grain,
"The Andersons, Inc.",,26250 B Dr. N.,Albion,MI,49224,(800) 292-1350,Plant operations manager,Harley Darnell,,"1,750,000 bus up; 1,950,000 bus fl.",Grain,
Archer Daniels Midland Co.,,"2626 S. County Rd. 275 W., P.O. Box 178",Logansport,IN,46947,(574) 753-0561,Manager,George Greenwood,,"5,387,531 bus up.",Grain,
"Columbia Grain International, Llc",,263 Rd. 105,Rudyard,MT,59540,(406) 355-4316,Manager,Cole Ioboy,pdxmerchants@columbiagrain.com,"2,784,000 bus up",Grain,
Cpi,,265 N. Showboat Blvd.,Hastings,NE,68902,(402) 463-5148,,,jyoesel@cpicoop.com,"10,063,000 bus up; 8,120,000 bus fl.",Grain,
Cargill Aghorizons,,2655 Depot St.,Bettendorf,IA,52722,(563) 324-2114,,,,"470,000 bus up",Grain,
Pride Ag Resources,,26870 S.E. 232 Rd.,Hanston,KS,67518,(620) 525-6327,Branch manager,Gary Seiler,gseiler@prideag.com,"524,000 bus up",Grain,
"Cargill, Incorporated",,"26949 Holt 290, P.O. Box 158",Forest City,MO,64451,(660) 446-3311,,,,"1,205,000 bus up.",Grain,
Archer Daniels Midland Co.,,"2700 N. Stockbridge Rd., P.O. Box 450",Webberville,MI,48892,(517) 521-3400; (800) 289-4521,Manager,Thomas Butcher,,"2,325,242 bus up; 2,747,758 bus fl.",Grain,
Consolidated Grain & Barge Co.,,2701 Bluff Rd,Mt Vernon,IN,47620,(812) 838-6651,GM,Derek Oliver,,"4,317,000 bus up; 1,002,000 bus fl",Grain,
Consolidated Grain & Barge Co.,,271 David Work Dr.,Rosedale,MS,38769,(662) 759-3532,Regional Manager,Jason Herr,,"3,599,000 bus up.",Grain,
"Riceland Foods, Inc.",,271 Hwy. 212 E.,Dumas,AR,71639,(870) 382-2198,District Manager,Nick Kelley,riceland@riceland.com,"1,716,000 bus up.",Grain,
D & P Terminal Elevator,,2715 12th Ave. N.,Fargo,ND,58102,(701) 237-0310,Bulk Manager,Tom Potter,tomp@dpterminal.com,"1,250,000 bus up.",Grain,
Consolidated Grain & Barge Co.,,2724 Bunge Rd.,Arkansas City,AR,71630,(870) 877-2312,GM,Chad Chambers,,"124,000 bus up.",Grain,
Archer Daniels Midland Co.,,2730 Dixie Flyer Rd.,Evansville,IN,47712,(812) 467-0435,Superintendent,Cj Yeakley,,"1,822,232 bus up.",Grain,
Landus Cooperative,,2751 Perkins Ave.,Sac City,IA,50583,(712) 662-7153,Regional manager,Randy Main,,"704,000 bus up; 748,000 bus fl.",Grain,
"Ag Processing, Inc.",,"2753 Port Neal Circle, P.O. Box 200",Sergeant Bluff,IA,51054,(712) 324-2531,Plant merchandising manager,Wayne Johnson,wjohnson@agp.com,,Specialty Mills,
Adm Benson Quinn,,2764 Hwy. 200A,Hensler,ND,58530,(800) 732-9766,Manager,Shawn Schaff,,"1,790,000 bus up.",Grain,
Ardent Mills,,2780 G Ave.,Ogden,UT,84401,(801) 621-3540,Plant manager,Jason Gauderman,jason.gauderman@ardentmills.com,"2,253,000 bus up",Grain,
Ardent Mills,,2780 G Ave.,Ogden,UT,84401,(801) 621-3540,Plant manager,Jason Gauderman,jason.gauderman@ardentmills.com,"15,800 cwts",Flour mills,
Ardent Mills,,2780 G Ave.,Ogden,UT,84401,(801) 621-3540,Plant manager,Jason Gauderman,jason.gauderman@ardentmills.com,,Specialty Mills,
Alliance Grain Co.,,"27896 N. 3300 E. Rd., P.O. Box 118",Campus,IL,60920,(815) 567-3311; (800) 892-1824,Location supervisor,Shawn Edwards,,"1,866,000 bus up.",Grain,
Bay State Milling Co.,,279 Beaudin Blvd.,Bolingbrook,IL,60440,(630) 427-1300,Plant manager,Chris Diah,infobsm@bsm.com,715 cwts.,Specialty Mills,
Bay State Milling Co.,,279 Beaudin Blvd.,Bolingbrook,IL,60440,(630) 427-1300,Plant manager,Chris Diah,infobsm@bsm.com,715 cwts,Specialty Mills,
Bay State Milling Co.,,279 Beaudin Blvd.,Bolingbrook,IL,60440,(630) 427-1300,Plant manager,Chris Diah,infobsm@bsm.com,715 cwts,Specialty Mills,
Bay State Milling Co.,,279 Beaudin Blvd.,Bolingbrook,IL,60440,(630) 427-1300,Plant manager,Chris Diah,infobsm@bsm.com,715 cwts.,Specialty Mills,
Bay State Milling Co.,,279 Beaudin Blvd.,Bolingbrook,IL,60440,(630) 427-1300,Plant manager,Chris Diah,infobsm@bsm.com,715 cwts.,Specialty Mills,
Bay State Milling Co.,,279 Beaudin Blvd.,Bolingbrook,IL,60440,(630) 427-1300,Plant manager,Chris Diah,infobsm@bsm.com,,Specialty Mills,
Bay State Milling Co.,,279 Beaudin Blvd.,Bolingbrook,IL,60440,(630) 427-1300; (800) 527-5552,Plant manager,Chris Diah,infobsm@bsm.com,,Mix Plants,
"Producers Rice Mill, Inc.",,2790 Old Hwy 63,Tyronza,AR,72386,(870) 487-2300,Manager,Spencer White,info@producersrice.com,"1,720,000 bus up.",Grain,
Archer Daniels Midland Co.,,280 S. Calhoun St.,Morris,IL,60450,(815) 942-3700; (800) 423-1177,Superintendent,Jay Sarver,,"991,392 bus up.",Grain,
Ardent Mills,,2800 Blackbridge Rd.,York,PA,17402,(717) 846-7773,Plant manager,Ryan Gehringer,ryan.gehringer@ardentmills.com,"380,000 bus up.",Grain,
Ardent Mills,,2800 Blackbridge Rd.,York,PA,17402,(717) 846-7773,Plant manager,Kyle Robson,Kyle.robson@ardentmills.com,"5,800 cwts.",Flour mills,
Frontier Cooperative Co.,,2800 Leighton Ave.,Lincoln,NE,68504,(402) 325-0429,Branch manager,Craig Beguin,craig.beguin@frontiercooperative.com,"1,250,000 bus up; 300,000 bus fl",Grain,
"Ag Processing, Inc.",,"2801 E. Seventh St., P.O. Box 49",Hastings,NE,68902,(402) 463-5290,Plant merchandising manager,Jodie Johnson,jjohnson@agp.com,,Specialty Mills,
Cargill Aghorizons,,2801 First Ave. S. Lethbridge,AB,,T1J 4P9,(403) 327-4380,FSG operations manager,Brad Ternes,,"1,300,000 bus up",Grain,
"Scf Lewis & Clark Terminals, Llc",,2801 Rock Rd.,Granite City,IL,62040,(618) 876-0200,,,,"70,000 bus up.",Grain,
Ardent Mills,,2807 Burlington Ave.,Shelby,MT,59474,(406) 391-2301,,,casey.yttredahl@ardentmills.com,"72,000 bus up.",Grain,
"Windriver Grain, Llc",,2810 E. U.S. Hwy. 50,Garden City,KS,67846,(620) 275-2101,Grain merchandiser,Jeff Huggard,jeff@windrivergrain.com,"3,913,000 bus up",Grain,
Lifeline Foods,,2811 S. 11th St.,St. Joseph,MO,64503,(816) 279-1651,CEO,Kevin Kelly,anelson@lifeline-foods.com,"2,400,000 bus up.",Grain,
Lifeline Foods,,2811 S. 11th St. St.,Joseph,MO,64503,(816) 279-1651,CEO,Kevin Kelly,anelson@lifeline-foods.com,,Flour mills,
Lifeline Foods,,2811 S. 11th St. St.,Joseph,MO,64503,(816) 279-1651,CEO,Kevin Kelly,anelson@lifeline-foods.com,"60,000 bus",Specialty Mills,
Lifeline Foods,,2811 S. 11th St. St.,Joseph,MO,64503,(816) 279-1651,CEO,Kevin Kelly,anelson@lifeline-foods.com,"60,000 bus",Specialty Mills,
Lifeline Foods,,2811 S. 11th St. St.,Joseph,MO,64503,(816) 279-1651,CEO,Kevin Kelly,anelson@lifeline-foods.com,,Specialty Mills,
Lifeline Foods,,2811 S. 11th St. St.,Joseph,MO,64503,(816) 279-1651,CEO,Kevin Kelly,anelson@lifeline-foods.com,,Specialty Mills,
Ardent Mills,,285 Harvest Lane,Pocono Summit,PA,18346,(570) 839-8322,Plant manager,Mike McShane,mike.mcshane@ardentmills.com,"21,200 cwts",Flour mills,
Ardent Mills,,285 Harvest Lane,Pocono Summit,PA,18346,(570) 839-8322,Plant manager,Mike McShane,mike.mcshane@ardentmills.com,"2,400 cwts",Specialty Mills,
Archer Daniels Midland Co.,,28605 12 Rd.,Montezuma,KS,67867,(620) 846-2218,Manager,Mikaela Cohoon,jwahl@prideag.com,"3,140,230 bus up; 2,050,000 bus fl.",Grain,
Landus Cooperative,,29 Beech St.,Boxholm,IA,50040,(515) 846-2601,regional manager,Randy Main,,"2,037,000 bus up.",Grain,
Ardent Mills,,2900 C St.,Omaha,NE,68107,(402) 739-8195,Plant Manager,Samantha Bryant,samantha.bryant@ardentmills.com,"2,000,000 bus up.",Grain,
Ardent Mills (South Mill),,2900 C St.,Omaha,NE,68107,(402) 739-8195,Plant manager,Samantha Bryant,samantha.bryant@ardentmills.com,"8,150 cwts",Flour mills,
Ardent Mills,,2900 C St.,Omaha,NE,68107,(402) 739-8195,Plant manager,Samantha Bryant,samantha.bryant@ardentmills.com,1000 cwts.,Specialty Mills,
Malt One,,2901 Fifth St. N.E.,Minneapolis,MN,55418,(612) 782-2079,,,,"4,100,000 bus up.",Grain,
Archer Daniels Midland Co.,,2906 S. CR 930 W.,Frankfort,IN,46041,(765) 523-3286,Manager,George Greenwood,,"2,925,108 bus up.",Grain,
Miller Milling Co.,,2908 S. Maple Ave.,Fresno,CA,93725,(559) 441-8133,Plant Manager,Damon Sidles,info@millermilling.com,"3,500,000 bus up.",Grain,
Miller Milling Co.,,2908 S. Maple Ave.,Fresno,CA,93725,(559) 441-8133,Plant manager,Damon Sidles,info@millermilling.com,"9,500 cwts",Flour mills,
Miller Milling Co.,,2908 S. Maple Ave.,Fresno,CA,93725,(559) 441-8133,Plant manager,Damon Sidles,info@millermilling.com,"5,500 cwts.",Specialty Mills,
Miller Milling Co.,,2908 S. Maple Ave.,Fresno,CA,93725,(559) 441-8133,Plant manager,Damon Sidles,info@millermilling.com,,Specialty Mills,
"Columbia Grain International, Llc",,291 Central Ferry Rd.,Pomeroy,WA,99347,(509) 549-3523,Manager,Ted Lowe,pdxmerchants@columbiagrain.com,"2,000,000 bus up",Grain,
"General Mills, Inc.",,"2917 Guinotte Ave., P.O. Box 33555",Kansas City,MO,64120,(816) 483-9458,,,,"4,097,000 bus up.",Grain,
"General Mills, Inc.",,"2917 Guinotte Ave., P.O. Box 33555",Kansas City,MO,64120,(816) 483-9458,Manager,Arnold Cozart,,"27,000 cwts",Flour mills,
"General Mills, Inc.",,"2917 Guinotte Ave., P.O. Box 33555",Kansas City,MO,64120,(816) 483-9458,Manager,Arnold Cozart,,,Mix Plants,
"Farmers Grain Terminal, Inc.",,295 Immigrant Rd.,Lake Village,AR,71653,(870) 265-5301,Manager,Troy Abraugh,,"1,465,000 bus up.",Grain,
Mennel Grain – Morral,,2970 Co Hwy. 74,Morral,OH,43337,(419) 435-8151,"Director, grain operations",Mike MaGinn,graindivision@mennel.com,"2,281,000 bus up.",Grain,
Agstate,,"30 E. Main, P.O. Box 38",Albert City,IA,50510,(712) 843-2291; (800) 242-5022,Location Manager,Lucas Kline,,"8,046,000 bus up; 969,000 bus fl.",Grain,
"New Cooperative, Inc.",,300 Agricultural Ave.,Gruver,IA,51344,(712) 454-1030,Location manager,Matt Murphy,,"5,236,000 bus up",Grain,
Thresher Artisan Wheat —,,300 E.,Hayden Pocatello,ID,83201,(208) 785-4460,GM,Max Mobley,,,Grain,
Ardent Mills,,300 E.,Broadway Newton,KS,67114,(316) 281-7217,Plant manager,Rebeccas Benoit,rebecca.benoit@ardentmills.com,"8,000 cwts",Flour mills,
Ardent Mills,,300 E.,Broadway Newton,KS,67114,(316) 281-7217,Plant manager,Rebeccas Benoit,rebecca.benoit@ardentmills.com,,Specialty Mills,
Ardent Mills,,300 E. Broadway,Newton,KS,67114,(316) 281-7217,Plant Manager,Jeff Sobetski,jeffrey.sobetski@ardentmills.com,"3,716,000 bus up.",Grain,
Alliance Grain Co.,,300 East St.,Anchor,IL,61702,(309) 723-2091,Supervisor,Teresa Steidinger,,"2,290,000 bus up.",Grain,
Archer Daniels Midland Co.,,"300 Enterprise St., P.O. Box 138",Mound City,IL,62963,(618) 748-9208,GM,Ryan Thurston,,"1,437,000 bus up.",Grain,
"Cargill, Incorporated",,"300 Levee Rd., P.O. Box 307",New Madrid,MO,63869,(573) 748-5576,,,,"3,503,000 bus up.",Grain,
"Perdue Agribusiness Grain, Llc",,300 New St.,Seaford,DE,19973,(302) 629-7984,manager,Darrell Oliphant,darrell.oliphant@perdue.com,"1,200,000 bus up.",Grain,
"Viterra Usa Grain, Llc",,300 Osage St.,Creston,IA,50801,(515) 697-4410,Manager,Drey LyBarger,,"2,554,400 bus up; 5,061,600 bus fl.",Grain,
Consolidated Grain & Barge Co.,,300 S. Hancock Ave.,Freeport,IL,61032,(815) 233-1140,GM,Nathan Schmidgall,,"1,244,000 bus up; 1,414,000 bus fl.",Grain,
Consolidated Grain & Barge Co.,,300 Three Rivers Parkway,North Bend,OH,45052,(513) 941-3400,Regional manager,Jason Selking,,"112,000 bus up.",Grain,
"Cargill, Incorporated",,300 Upper Wynnburg Lane,Tiptonville,TN,38079,(731) 253-9935,,,,"385,000 bus up",Grain,
"Jackson Farmers, Inc.",,"300 W. Broadway, P.O. Box 68",Lancaster,KS,66041,(913) 874-2510,,,lancaster@jacksonfarmers.com,"1,602,000 bus up",Grain,
Adm Corn Processing Division,,3000 E. Eighth St.,Columbus,NE,68601,(402) 564-6353,,,sweeteners@adm.com,,Specialty Mills,
Hansen-Mueller Co.,,3001 Cornhusker Hwy.,Lincoln,NE,68504,(402) 466-8411,,,,"12,592,000 bus up",Grain,
"Pacific Northwest Farmers Cooperative, Inc.",,"301 Almota Docks Rd., P.O. Box 151",Colfax,WA,99111,(509) 397-4653,Operations division manager,Keith Becker,office@pnw.coop,"687,000 bus up",Grain,
"Central Ferry Terminal Association, Inc.",,301 Central Ferry Rd.,Pomeroy,WA,99347,(509) 549-3595,,,cftainc@pionnet.com,"3,685,000 bus up",Grain,
Sunrise Cooperative,,301 E. Ohio St.,Uniopolis,OH,45888,(419) 568-2467,Operations manager,Jason Vondenhuevel,,"5,400,000 bus up.",Grain,
"Cargill, Incorporated",,301 Griggs,Morris,IL,60450,(815) 942-0932,,,,"125,000 bus up.",Grain,
"Columbia Grain International, Llc",,301 Kilowatt Dr.,Minto,ND,58261,(701) 248-3541,Manager,Gwyn Jacobson,pdxmerchants@columbiagrain.com,"700,000 bus up",Grain,
"Attebury Grain, Inc. (Claude)",,301 N.,Richmond Claude,TX,79019,(806) 335-1639,,,opsassistant@attebury.com,"4,165,000 bus up; 1,560,000 bus fl",Grain,
"Premier Cooperative, Inc.",,301 S.,David Sidney,IL,61877,(217) 688-2307,Regional operations manager,Zach Weaver,,"4,250,000 bus up; 1,129,300 bus fl.",Grain,
The Mennel Milling Co. Of Michigan,,301 S. Mill St.,Dowagiac,MI,49047,(269) 782-5175; (800) 764-5518,Plant manager,Randy Johnson,dowagiacflourmill@mennel.com,"5,500 cwts",Flour mills,
The Mennel Milling Co. Of Michigan,,301 S. Mill St.,Dowagiac,MI,49047,(269) 782-5175,Plant manager,Randy Johnson,dowagiacflourmill@mennel.com,,Specialty Mills,
"Riviana Foods, Inc.",,301 Tower St. N.W.,Clearbrook,MN,56634,(218) 776-3118,"VP, operations",Brett Beckfield,,,Specialty Mills,
"Riviana Foods, Inc.",,"301 Tower St. N.W., P.O. Box 290",Clearbrook,MN,56634,(218) 776-3118,"VP, operations",Brett Beckfield,,"100,000 bus up",Grain,
Central Valley Ag,,"301 Water St., P.O. Box 227",St. Edward,NE,68660,(402) 678-2251,Grain merchandising manager,Jon Johnson,info@cvacoop.com,"1,670,000 bus up",Grain,
"Viterra Usa Grain, Llc",,302 E. Pacific,Lexington,NE,68850,(308) 324-2377,Manager,Daniel Nichols,,"1,120,000 bus up",Grain,
Miller Milling Co.,,302 Park Center Dr.,Winchester,VA,22603,(540) 678-0197,Plant manager,Jim Weidner,info@millermilling.com,"1,650,000 bus up",Grain,
Miller Milling Co.,,302 Park Center Dr.,Winchester,VA,22603,(540) 678-0197,Plant manager,Jim Weidner,info@millermilling.com,"26,500 cwts",Flour mills,
Miller Milling Co.,,302 Park Center Dr.,Winchester,VA,22603,(540) 678-0197,Plant manager,Jim Weidner,info@millermilling.com,"13,000 cwts.",Specialty Mills,
Landus Cooperative,,"302 Sand St., P.O. Box 248",Churdan,IA,50050,(515) 389-3116,regional manager,Randy Main,,"1,585,000 bus up.",Grain,
"Riceland Foods, Inc.",,302 US-65,McGehee,AR,71654,(870) 222-4232,District Manager,Nick Kelley,riceland@riceland.com,"2,706,000 bus up.",Grain,
Shawnee Milling Co.,,"302 W. Oklahoma St., P.O. Box 1000",Okeene,OK,73763,(580) 822-4411,Vice-chairman,Robert L. Ford,,"4,000 cwts",Flour mills,
Shawnee Milling Co. (Okeene Milling Co.),,"302 W. Oklahoma St., P.O. Box 1000",Okeene,OK,73763,(580) 822-4411,Vice-chairman,Robert L. Ford,,,Specialty Mills,
Consolidated Grain & Barge Co.,,303 Hwy. 73,Falls City,NE,68355,,Regional manager,Tim Simmons,,"2,227,000 bus up",Grain,
"Viterra Usa Grain, Llc",,303 N.W. Rd.,Shenandoah,IA,51601,(712) 581-5000,Manager,Scott Roberts,,"1,480,000 bus up.",Grain,
"The Andersons, Inc.",,303 W. 19th St.,Kearney,NE,68845,(877) 236-8438,Profit Center Manager,Jared Law,,"350,000 bus up; 215,000 bus fl.",Grain,
"New Cooperative, Inc.",,30382 Filbert Ave.,Blencoe,IA,51523,(712) 433-2490,Manager,Brad Poule,,,Grain,
Archer Daniels Midland Co.,,"304 Grand Ave., P.O. Box 548",Plains,KS,67869,(620) 563-7218,Manager,Kelsey Amerin,information@scoular.com,"3,300,000 bus up; 574,000 bus fl.",Grain,
Alliance Grain Co.,,"305 E. Melvin St., P.O. Box 167",Bellflower,IL,61724,(309) 722-3216,Location supervisor,Bill Bradford,,"2,035,000 bus up.",Grain,
Landus Cooperative,,305 Ellen St.,Irwin,IA,51446,(712) 782-3137,Regional manager,Ethan Taube,,"1,435,000 bus up",Grain,
"Viterra Usa Grain, Llc",,305 Herbert Rd.,New Johnsonville,TN,37134,(931) 535-3214,Manager,Kailin Davidson,,"758,000 bus up",Grain,
"Cargill, Incorporated",,"305 Herbert Rd., P.O. Box 388",New Johnsonville,TN,37134,(931) 535-3366,,,,"1,485,000 bus up",Grain,
"Ray-Carroll County Grain Growers, Inc.",,30537 CR 308,Carrollton,MO,64633,(660) 542-2414,Manager,David Heddings,,"504,000 bus up.",Grain,
Consolidated Grain & Barge Co.,,306 E. 10th St.,Connersville,IN,47331,(765) 827-3937,Regional Manager,Jason Selking,,"1,198,000 bus up.",Grain,
"Michigan Agricultural Commodities, Inc.",,"306 N. Caroline, P.O. Box 195",Middleton,MI,48856,(517) 236-7263; (800) 344-7263,Facility Manager,John Ezinga,jezinga@michag.com,"5,300,000 bus up; 1,300,000 bus fl.",Grain,
"Conrad Rice Mill, Inc.",,307 Ann St,New Iberia,LA,70560,(337) 364-7242,President,Mike Davis,sales@conradrice.com,,Specialty Mills,
Ursa Farmers Coop,,307 Elm St.,Canton,MO,63435,(573) 288-0311,Location Manager,Kim Lambert,,"506,000 bus up; 4,300,000 bus fl.",Grain,
"Producers Rice Mill, Inc.",,307 Hwy. 49,McCrory,AR,72101,(870) 697-2293,Manager,Chad Wimpy,info@producersrice.com,"3,421,000 bus up.",Grain,
"The Andersons, Inc.",,3075 E. Lincoln Dr.,Idaho Falls,ID,83401,(208) 522-1553,Operations manager,Boyd Coles,,"600,000 bus up; 1,200,000 bus fl.",Grain,
Archer Daniels Midland Co.,,308 E. Chestnut St.,Shelbina,MO,63468,(573) 588-7629,Manager,Brian Doellman,,"200,000 bus up",Grain,
"The Andersons, Inc.",,3082 Louisiana 562,Wisner,LA,71378,(318) 724-6696,Operations Manager,T-Bone Ellis,,"1,800,000 bus up; 4,300,000 bus fl.",Grain,
Cortez Milling Co.,,309 N.,Market Cortez,CO,81321,(970) 565-3119,President,Gary R. Tanner,cortezmilling@gmail.com,"1,000 cwts",Flour mills,
"Cargill, Incorporated",,309 N. Halstead,Hutchinson,KS,67501,(316) 663-8318,,,,"8,863,000 bus up",Grain,
Adm Milling Co.,,309 W. Madison Ave.,Arkansas City,KS,67005,(620) 442-5500,Commercial Manager,Myles Grant,milling@adm.com,"1,381,000 bus up.",Grain,
Adm Milling Co.,,309 W. Madison Ave.,Arkansas City,KS,67005,(620) 442-5500,Commercial manager,Myles Grant,milling@adm.com,"9,000 cwts",Flour mills,
"Cargill, Incorporated",,"309 W. Main St., P.O. Box 440",Circleville,OH,43113,(740) 474-6061,,,,"2,082,000 bus up.",Grain,
"Riceland Foods, Inc.",,310 E 1st St,Tuckerman,AR,72473,(870) 349-2254,Manager,Scott Bridgeman,riceland@riceland.com,"2,697,000 bus up; 967,000 bus fl.",Grain,
"Cargill, Incorporated",,"310 S. Water St., P.O. Box 438",Havana,IL,62644,(309) 543-3351,,,,"700,000 bus up.",Grain,
"The Andersons, Inc.",,310 W. Third St.,Oakley,MI,48649,(989) 845-7667,Operations manager,Nick Bates,,"5,043,000 bus up",Grain,
Mennel Grain – West Point,,3100 Southern Ave.,West Point,VA,23181,(804) 843-2922,Manager,Lance Falk,graindivision@mennel.com,"2,630,000 bus up",Grain,
Archer Daniels Midland Co.,,3100 Wharf Rd.,Galveston,TX,77550,(409) 763-6443,Superintendent,Nick Floyd,,"3,223,000 bus up.",Grain,
United Grain Corp.,,31005 Launch Lane,Umatilla,OR,97882,(541) 278-5018,,,info@unitedgrain.com,"2,600,000 bus up.",Grain,
Consolidated Grain & Barge Co.,,31051 E. 3200 N. Rd.,Dwight,IL,60420,(815) 584-1111; (888) 317-5444,GM,Nathan Schmidgall,,"2,274,000 bus up; 2,141,000 bus",Grain,
"Co-Alliance, Llp",,311 W. Kelly Rd.,Frankfort,IN,46041,(765) 659-3354,Facility Manager,Clint Noyes,kendall.bergman@bunge.com,"600,000 bus up; 400,000 bus fl.",Grain,
Heartland Co-Op,,3111 290th St.,Gilman,IA,50106,(641) 478-3296; (800) 542-7887,Manager,Brett Schnathorst,info@heartlandcoop.com,"6,285,000 bus up; 1,800,000 bus fl.",Grain,
Alliance Grain Co.,,"312 W. Ohio, R.R. #1, Box 101K",Sibley,IL,61773,(217) 745-2336,Location supervisor,Dan Farmer,,"1,700,000 bus up. Svc: Dry",Grain,
"Cargill, Incorporated",,"3126 174th Ave., P.O. Box 187",Hamburg,IA,51640,(712) 382-2422,,,,"920,000 bus up.",Grain,
"Cargill, Incorporated",,"313 Main St., P.O. Box 36",Alberta,MN,56207,(320) 324-7461,,,,"3,430,000 bus up.",Grain,
"The Andersons, Inc.",,313 Railroad St.,Riverdale,NE,68870,(308) 893-4161,"Director, operations",Adam Weedman,,"3,205,000 bus up",Grain,
"The Andersons, Inc.",,313 S. Anne St.,Reading,MI,49274,(517) 283-2156,Operations supervisor,Jake Drake,info@coopelev.com,"4,033,000 bus up; 480,000 bus fl.",Grain,
Landus Cooperative,,314 N. Main St.,Rake,IA,50465,(641) 566-3351,Regional manager,Amanda De Jong,,"2,569,000 bus up; 1,824,000 bus fl.",Grain,
Kerry,,"3141 W. North Ave., #1108",Melrose Park,IL,60160,(708) 450-3260,,,info@kerry.com,,Mix Plants,
Howlett Farms,,3142 Bronson Hill Rd.,Livonia,NY,14487,(585) 226-8340,,,,"703,000 bus up.",Grain,
Prairie Central Co-Op,,31469N 2550 E. Rd.,Chenoa,IL,61726,(815) 945-7866,Plant manager,Matt Miller,,"4,390,000 bus up.",Grain,
"Grain Millers, Inc.",,315 Madison St.,Eugene,OR,97402,(541) 687-8000,,,darren.schubert@grainmillers.com,,Specialty Mills,
"Grain Millers, Inc.",,315 Madison St.,Eugene,OR,97402,(541) 687-8000; (800) 443-8972,,,darren.schubert@grainmillers.com,,Specialty Mills,
"Grain Millers, Inc.",,315 Madison St.,Eugene,OR,97402,(541) 687-8000,,,darren.schubert@grainmillers.com,,Specialty Mills,
"Grain Millers, Inc.",,315 Madison St.,Eugene,OR,97402,(541) 687-8000,,,darren.schubert@grainmillers.com,,Specialty Mills,
"Grain Millers, Inc. (West Coast Operations)",,315 Madison St.,Eugene,OR,97402,(541) 687-8000,,,darren.schubert@grainmillers.com,,Specialty Mills,
"Grain Millers, Inc. (West Coast Operations)",,315 Madison St.,Eugene,OR,97402,(541) 687-8000,,,darren.schubert@grainmillers.com,,Specialty Mills,
"Grain Millers, Inc.",,315 Madison St.,Eugene,OR,97402,(541) 687-8000,,,darren.schubert@grainmillers.com,,Mix Plants,
"The Andersons, Inc.",,315 N. Auburn,Auburn,MI,48611,(989) 662-4423,Operations Supervisor,Mark Hintz,,"1,983,000 bus up; 700,000 bus fl.",Grain,
Siemer Milling Co.,,315 Quintin Court,Hopkinsville,KY,42240,(270) 475-9990,Merchandiser,Jonathan Poston,,"4,170,000 bus up",Grain,
Siemer Milling Co.,,315 Quintin Court,Hopkinsville,KY,42240,(270) 475-9990,Production scheduler,Karen Kocher,mlustig@siemermilling.com,"20,500 cwts",Flour mills,
Consolidated Grain & Barge Co.,,3150 Rinaldo Rd.,Owensboro,KY,42301,(270) 686-8926,Regional Manager,Jason Selking,,"792,000 bus up.",Grain,
"Producers Rice Mill, Inc.",,3156 AR-276,DeWitt,AR,72042,(870) 946-4636,Manager,Brandon Staton,info@producersrice.com,"3,114,000 bus up.",Grain,
Mgi Grain,,316 Fifth Ave. N.E.,East Grand Forks,MN,56721,(218) 773-7564,,,,,Grain,
Mgi Grain,,316 Fifth Ave. N.E.,East Grand Forks,MN,56721,(218) 773-7564,,,eltompkins@mngrain.com,"2,400 cwts",Specialty Mills,
Mgi Grain,,316 Fifth Ave. N.E.,East Grand Forks,MN,56721,(218) 773-7564,,,eltompkins@mngrain.com,,Specialty Mills,
Mgi Grain,,316 Fifth Ave. N.E.,East Grand Forks,MN,56721,(218) 773-7564,,,eltompkins@mngrain.com,"500,000 cwts.",Specialty Mills,
"Chs, Inc.",,316 W Emma St,Rockford,WA,99030,(651) 355-6445,,,,"1,800,000 bus up",Grain,
Consolidated Grain & Barge Co.,,3164 Southside Ave.,Cincinnati,OH,45204,(513) 244-7400,Regional manager,Jason Selking,,"1,795,000 bus up.",Grain,
Consolidated Grain & Barge Co.,,"3164 Southside, P.O. Box 145525",Cincinnati,OH,45204,(513) 244-7400,Regional manager,Jason Selking,,"1,602,000 bus up.",Grain,
"Ray-Carroll County Grain Growers, Inc.",,317 Centre St.,Sumner,MO,64681,(800) 545-1878,Manager,Jeff Junkins,,"543,000 bus up.",Grain,
Frontier Cooperative Co.,,3176 K Rd.,Syracuse,NE,68446,(402) 269-3536,Regional manager,Matt Wilson,matt.wilson@frontiercooperative.com,"1,840,000 bus up",Grain,
"Cargill, Incorporated",,3185 Old Indiana 122,Boston,IN,47324,(765) 935-1621,,,,"499,000 bus up; 400,000 bus fl.",Grain,
Morrison Milling Co.,,"319 E. Prairie St., P.O. Box 719",Denton,TX,76202,(940) 387-6111,President,John D. Buckles,jbuckles@chg.com,"850,000 bus up.",Grain,
"The Morrison Milling Co., Llc",,"319 E. Prairie, P.O. Box 719",Denton,TX,76201,(940) 387-6111,"Director, operations",James Williams,,"5,000 cwts.",Flour mills,
"The Morrison Milling Co., Llc",,"319 E. Prairie, P.O. Box 719",Denton,TX,76201,(940) 387-6111,"Director, operations",James Williams,,"1,200 bus",Specialty Mills,
"The Morrison Milling Co., Llc",,"319 E. Prairie, P.O. Box 719",Denton,TX,76201,(940) 387-6111,"Director, operations",James Williams,,,Mix Plants,
The Mennel Milling Co.,,320 Findlay St.,Fostoria,OH,44830,(419) 436-5130,Plant manager,Mark Phillips,fostoriaflourmill@mennel.com,"28,000 cwts",Flour mills,
The Mennel Milling Co.,,320 Findlay St.,Fostoria,OH,44830,(419) 436-5130,Plant manager,Mark Phillips,fostoriaflourmill@mennel.com,,Specialty Mills,
The Mennel Milling Co.,,320 Findlay St.,Fostoria,OH,44830,(419) 436-5130,Plant manager,Mark Phillips,fostoriaflourmill@mennel.com,,Specialty Mills,
Consolidated Grain & Barge Co.,,"320 Turner St., P.O. Box 90",Uniontown,KY,42461,(270) 822-4241,general manager,Derek Oliver,,"2,541,000 bus up.",Grain,
"Cargill, Incorporated",,3201 Needmore Rd.,Dayton,OH,45414,(937) 236-1971,,,,,Specialty Mills,
Bakemark,,3202 Ninth St. S.E. Calgary,AB,,T2G 3C3,(403) 243-5493,,,information@bakemark.com,,Mix Plants,
"Bunge Milling, Inc.",,321 E. North St.,Danville,IL,61834,(217) 442-1800,manager,Dave Clark,dave.clark@bunge.com,"11,965,000 bus up.",Grain,
Bunge Milling,,321 E. North St.,Danville,IL,61834,(217) 442-1800,"VP; Manager, sales",Gregg Christiansen,millingsales@bunge.com,,Specialty Mills,
"Cargill, Incorporated",,"321 W. First Rd., P.O. Box 378",LaPaz,IN,46537,(574) 784-8233,,,,"801,000 bus up.",Grain,
"Farmers Rice Milling Co., Inc.",,3211 Hwy. 397 S.,Lake Charles,LA,70615,(337) 433-5205,CEO,Ann Stone,sales@frmco.com,"8,000,000 cwts.",Specialty Mills,
The Scoular Company,,3220 Rd. 107,Sidney,NE,69162,(800) 548-5998,Facility manager,Ben Hardy,information@scoular.com,"3,870,000 bus up",Grain,
Frontier Cooperative Co.,,3221 35th Rd.,Silver Creek,NE,68663,(308) 773-2225; (800) 342-0073,branch manager,Tyler Fix,tyler.fix@frontiercooperative.com,"2,437,000 bus up",Grain,
Consolidated Grain & Barge Co.,,32211 102nd St.,Hull,IL,62343,(217) 432-8321; (800) 637-3111,GM,Jay Day,,"2,935,000 bus up.",Grain,
Adm Milling Co.,,323 Meridian St.,Carthage,MO,64836,(417) 358-2197,Commercial manager,Charlotte Montague,milling@adm.com,"8,500 cwts",Flour mills,
Adm Milling Co.,,"323 Meridian St., P.O. Box 427",Carthage,MO,64836,(417) 358-2197,Commercial Manager,Charlotte Montague,milling@adm.com,"850,000 bus up.",Grain,
Sullivan Grain Co.,,323 N. Hollaway St.,Sullivan,IN,47882,(812) 268-4334,,,,"2,220,899 bus up",Grain,
Landus Cooperativ,,3231 358th St.,Ulmer,IA,51450,(712) 657-8770,Regional manager,Randy Main,,"909,000 bus up",Grain,
"Viterra Usa Grain, Llc",,3237 E. State Rd. 236,Roachdale,IN,46172,(765) 946-7000,Manager,Matt Schmitt,,"2,102,000 bus up; 1,079,000 bus fl",Grain,
"Bartlett Grain Company, Lp",,"324 Riverfront Rd., P.O. Box 378",Atchison,KS,66002,(913) 367-2303; (800) 247-5544,Origination Manager,Adam Gruber,a.gruber@bartlettco.com,"4,838,000 bus up.",Grain,
Agtegra Cooperative,,32450 U.S. Hwy. 12,Bowdle,SD,57428,(605) 285-6533,Location manager,Tom Bass,,"6,900,000 bus up.",Grain,
Shakopee River Terminal,,3251 E. Hwy. 101,Shakopee,MN,55377,(952) 445-8672,,,,"3,370,000 bus up.",Grain,
Prairie Central Co-Op,,32546 N. 2100 E.,Dwight,IL,60420,(815) 584-2051,plant manager,Tyler Lowe,jacob.meyer@bunge.com,"2,216,000 bus up.",Grain,
Landus Cooperative,,"326 Railway, P.O. Box 66",Templeton,IA,51463,(712) 669-3351,Regional manager,Ethan Taube,,"2,868,000 bus up; 926,000 bus fl.",Grain,
Landus Cooperative,,3265 Durant Ave.,Yetter,IA,51433,(712) 464-3688,Regional manager,Randy Main,,"2,657,000 bus up; 506,000 bus fl.",Grain,
"Viterra Usa Grain, Llc",,3274 Carrollton Rd.,Carrollton,MI,48724,(989) 754-1460,Manager,Peter Jones,,"3,153,000 bus up",Grain,
"Columbia Grain International, Llc",,"329 Wardwell St., Box 7",Arvilla,ND,58214,(701) 343-6273,Manager,Tyler Kieffer,pdxmerchants@columbiagrain.com,"2,392,000 bus up",Grain,
"Farmers Grain Terminal, Inc.",,330 Farmers Grain Rd.,Mound,LA,71282,(318) 574-0564,Manager,Sam Russell,,"3,125,000 bus up",Grain,
Tate & Lyle,,3300 U.S. 52 S.,Lafayette,IN,47902,(765) 477-5365,Plant manager,Travis Montoya,,,Specialty Mills,
"Brill, Inc.",,3301 Montreal Industrial Way,Tucker,GA,30084,(800) 241-8526,,,info@brillinc.com,,Mix Plants,
"Barilla America, Inc.",,3311 E. Lincoln Way,Ames,IA,50010,(515) 956-4400,Branch manager,Dave Bramon,sara.hatcher@barilla.com,"12,000 cwts.",Specialty Mills,
"Bartlett Grain Company, Lp",,3311 N. Emporia,Wichita,KS,67219,(316) 838-7421,Origination manager,Jeremy White,j.white@bartlettco.com,"12,080,000 bus up",Grain,
"Bruce Oakley, Inc.",,332 Hwy. 212 E.,Dumas,AR,71639,(870) 382-5100,Manager,T.J. Reed,pendleton@bruceoakley.com,"4,400,000 bus up.",Grain,
"Snavely'S Mill, Inc.",,333 Snavely Mill Rd.,Lititz,PA,17543,(717) 626-6256,"Director, sales & marketing",Dave Braun,dbraun@snavelysmill.com,"10,000 cwts",Flour mills,
"Snavely’S Mill, Inc.",,333 Snavely Mill Rd.,Lititz,PA,17543,(717) 626-6256,GM,Sherry Hibshman,dbraun@snavelysmill.com,"1,500 cwts",Specialty Mills,
"Hopkinsville Elevator Co., Inc.",,333 Watermelon Rd.,Russellville,KY,42276,(800) 488-6388,Facility manager,Joseph Gilland,joe@hop-elevator.com,"1,444,000 bus up",Grain,
"Columbia Grain International, Llc",,"3334 Rural Old 10, P.O. Box 696",Valley City,ND,58072,(701) 845-1921,GM,Jeff Triebold,pdxmerchants@columbiagrain.com,"5,543,000 bus up",Grain,
Archer Daniels Midland Co.,,3338 Louisiana Hwy. 44,Paulina,LA,70763,(225) 869-3889,Superintendent,Tom Hall,,"2,480,000 bus up.",Grain,
The Scoular Company,,3339 E. Country Club Rd.,Salina,KS,67401,(800) 657-2552,Regional Manager,Brian Ring,information@scoular.com,"10,600,000 bus up.",Grain,
"Riceland Foods, Inc.",,3342 AR-90,Delaplaine,AR,72425,(870) 249-3238,District Manager,Daniel Bryant,riceland@riceland.com,"782,000 bus up.",Grain,
"Michigan Agricultural Commodities, Inc.",,"3346 Main St., P.O. Box 248",Marlette,MI,48453,(517) 635-3578; (800) 647-4628,Facility Manager,Chuck Kunisch,ckunisch@michag.com,"4,500,000 bus up; 950,000 bus fl.",Grain,
Alliance Grain Co.,,33573 E. 1300 N. Rd.,Chatsworth,IL,60921,(815) 689-2673; (800) 435-9130,"Assistant manager, operations",Jamie Stein,,"1,983,000 bus up.",Grain,
"A. Fiorillo Co., Inc.",,336 Clark St,Milldale,CT,6467,(860) 628-0358,President,Gary Gaber,,,Mix Plants,
"Columbia Grain International, Llc",,3365 Whitlash Rd.,Chester,MT,59522,(406) 759-5943; (855) 321-1452,Manager,Chet Wolery,pdxmerchants@columbiagrain.com,"1,082,000 bus up.",Grain,
"Cargill, Incorporated",,337 Grain Terminal Rd.,Burbank,WA,99323,(509) 547-6624,,,,"1,000,000 bus up",Grain,
Pride Ag Resources,,33760 E. U.S. Hwy. 156,Kalvesta,KS,67856,(620) 855-3591,Branch manager,James Dye,jdye@prideag.com,"1,239,000 bus up",Grain,
Snavely'S Mill,,338 N. Railroad St.,Palmyra,PA,17078,(717) 626-6256,"Director, sales & marketing",Dave Braun,dbraun@snavelysmill.com,"3,000 cwts.",Flour mills,
"The Andersons, Inc.",,3389 W. County Rd. 300 S.,Logansport,IN,46947,(574) 737-2480,Plant operations managers,Jeremy Frerichs,,"4,500,000 bus up",Grain,
Quaker Foods North America,,34 Hunter St. E.,Peterborough,ON,K9J 7B2,(705) 743-6330,,,,"4,000 cwts",Specialty Mills,
"Producers Rice Mill, Inc.",,340 S Main St,Eudora,AR,71640,(870) 355-2506,Manager,Jodie Faircloth,,"961,000 bus up.",Grain,
Hansen-Mueller Co.,,340 S.W. Blvd.,Kansas City,KS,66103,,,,,"4,545,000 bus up",Grain,
"Cargill, Incorporated",,340 Southwest Blvd.,Kansas City,KS,66103,(913) 831-3477,,,,"4,332,000 bus up",Grain,
Giusto'S Specialty Foods & Flour Mills,,344 Littlefield Ave.,South San Francisco,CA,94080,(650) 873-6566,CEO,Craig Moore,getinfo@giustos.com,"2,000 cwts",Flour mills,
Giusto’S Specialty Foods & Flour Mills,,344 Littlefield Ave.,South San Francisco,CA,94080,(650) 873-6566,CEO,Craig Moore,getinfo@giustos.com,,Specialty Mills,
Giusto’S Specialty Foods & Flour Mills,,344 Littlefield Ave.,South San Francisco,CA,94080,(650) 873-6566,CEO,Craig Moore,getinfo@giustos.com,,Specialty Mills,
Giusto’S Specialty Foods & Flour Mills,,344 Littlefield Ave.,South San Francisco,CA,94080,(650) 873-6566,CEO,Craig Moore,getinfo@giustos.com,,Specialty Mills,
Giusto’S Specialty Foods & Flour Mills,,344 Littlefield Ave.,South San Francisco,CA,94080,(650) 873-6566,CEO,Craig Moore,getinfo@giustos.com,,Specialty Mills,
Landus Cooperative,,"345 S.W. Second, P.O. Box 400",Earlham,IA,50072,(515) 758-2221,regional manager,Ethan Taube,,"1,237,000 bus up; 2,311,000 bus fl.",Grain,
"Far West Rice, Inc.",,3455 Nelson Rd.,Nelson,CA,95958,(530) 891-1339,President,Gregory Johnson,sales@farwestrice.com,"1,000,000 cwts.",Specialty Mills,
The Scoular Company,,346 E. Orchard Park Rd.,Dexter,NM,88230,(575) 513-5690,operations manager,,information@scoular.com,"900,000 bus up.",Grain,
"Columbia Grain International, Llc",,3469 80th Ave.,Jamestown,ND,58401,(701) 775-3317,Manager,Sergio Hernandez,pdxmerchants@columbiagrain.com,"5,951,000 bus up.",Grain,
Grain Craft,,347 Industrial Rd.,Barnesville,GA,30204,(770) 358-4400,Plant Manager,Mike Keenan,,"1,450,000 bus up.",Grain,
Grain Craft,,"347 Industrial Rd., P.O. Box 160",Barnesville,GA,30204,(770) 358-4400,Plant manager,Mike Keenan,,"16,000 cwts",Flour mills,
Tyson Foods Local Grain Services,,347 S. Main St.,Dyer,TN,38330,(731) 692-2989,Sales manager,Paige Acklie,localgrainservices@tyson.com,"2,500,000 bus up",Grain,
Ardent Mills,,35 Nemco Way,Ayer,MA,1432,(978) 772-6337,Plant Manager,Joe Kochan,joseph.kochan@ardentmills.com,"1,286,000 bus up.",Grain,
Ardent Mills,,35 Nemco Way,Ayer,MA,1432,(978) 772-6337,Plant manager,Kerwin Henry,kerwin.henry@ardentmills.com,"15,000 cwts.",Flour mills,
Star Of The West Milling Co.,,35 S. Main St.,Churchville,NY,14428,(716) 293-3030,manager,Francoise Lachance,info@starofthewest.com,"995,000 bus up.",Grain,
Star Of The West Milling Co.,,35 S. Main St.,Churchville,NY,14428,(585) 293-3030,Plant manager,Marc Rippe,info@starofthewest.com,"5,600 cwts",Flour mills,
Frontier Cooperative Co.,,"351 Cottonwood St., P.O. Box 69",North Bend,NE,68649,(402) 652-8611,Branch Manager,Kyle Rasmussen,,"590,000 bus up; 1,500,000 bus fl.",Grain,
Pgp International,,"351 Hanson Way, P.O. Box 2060",Woodland,CA,95776,(530) 662-5056,CEO,Angelica Horst,info@pgpint.com,,Specialty Mills,
Pgp International,,"351 Hanson Way, P.O. Box 2060",Woodland,CA,95776,(530) 662-5056,CEO,Angelica Horst,info@pgpint.com,"14,000 cwts.",Specialty Mills,
Pgp International,,"351 Hanson Way, P.O. Box 2060",Woodland,CA,95776,(530) 662-5056; (800) 333-0110,CEO,Angelica Horst,info@pgpint.com,,Mix Plants,
Consolidated Grain & Barge Co.,,351 Hwy. 3264,Jonesville,LA,71343,(318) 339-8555,Operations Manager,Chad Chambers,,"1,530,000 bus up.",Grain,
Star Of The West Milling Co.,,"3510 State Rte. 103 E., P.O. Box 438",Willard,OH,44890,(419) 964-6000,Plant manager,Steve Michel,info@starofthewest.com,"1,200,000 bus up.",Grain,
Star Of The West Milling Co.,,"3510 State Rte. 103 E., P.O. Box 438",Willard,OH,44890,(419) 964-6000,Plant manager,Steve Michel,info@starofthewest.com,"10,000 cwts",Flour mills,
"Viterra Usa Grain, Llc",,"354 N. Cleburn, P.O. Box 687",Grand Island,NE,68802,(308) 385-3732,manager,Chad Diederich,,"788,000 bus up",Grain,
"Cargill, Incorporated",,35419 State Hwy. 60,Heron Lake,MN,56137,(507) 793-2328,Plant Manager,Seth Beyer,deani@west-con.com,"2,058,000 bus up.",Grain,
Archer Daniels Midland Co.,,3551 County Rd. 89,Hebron,ND,58638,(701) 878-4299,Manager,Shawn Schaff,,"2,832,130 bus up",Grain,
"Co-Alliance, Llp",,3551 W. County Rd. 800 S.,Union Mills,IN,46382,(219) 767-2251,Facility manager,Alex Leuck,,"3,000,000 bus up; 750,000 bus",Grain,
"Central States Enterprises, Inc.",,"356 Hartzell Rd., P.O. Box 323",New Haven,IN,46774,(260) 749-0022,VP,Larry Shepherd,,"15,900,000 bus up.",Grain,
Bay State Milling Co.,,360 Hanson Way,Woodland,CA,95776,(530) 666-6565,Plant manager,John Konkle,infobsm@bsm.com,,Grain,
Bay State Milling Co.,,360 Hanson Way,Woodland,CA,95776,(530) 666-6565,Plant manager,John Konkle,infobsm@bsm.com,720 cwts,Flour mills,
Bay State Milling Co.,,360 Hanson Way,Woodland,CA,95776,(530) 666-6565,Plant manager,John Konkle,infobsm@bsm.com,600 cwts.,Specialty Mills,
Bay State Milling Co.,,360 Hanson Way,Woodland,CA,95776,(530) 666-6565,Plant manager,John Konkle,infobsm@bsm.com,720 cwts,Specialty Mills,
Bay State Milling Co.,,360 Hanson Way,Woodland,CA,95776,(530) 666-6565,Plant manager,John Konkle,infobsm@bsm.com,960 cwts.,Specialty Mills,
Bay State Milling Co.,,360 Hanson Way,Woodland,CA,95776,(530) 666-6565,Plant manager,John Konkle,infobsm@bsm.com,,Specialty Mills,
Bay State Milling Co.,,360 Hanson Way,Woodland,CA,95776,(530) 666-6565,Plant manager,John Konkle,infobsm@bsm.com,720 cwts,Specialty Mills,
Bay State Milling Co.,,360 Hanson Way,Woodland,CA,95776,(530) 666-6565,Plant manager,John Konkle,infobsm@bsm.com,"1,440 cwts",Specialty Mills,
Bay State Milling Co.,,360 Hanson Way,Woodland,CA,95776,(530) 666-6565,Plant manager,John Konkle,infobsm@bsm.com,"1,680 cwts.",Specialty Mills,
Bay State Milling Co.,,360 Hanson Way,Woodland,CA,95776,(530) 666-6565,Plant manager,John Konkle,infobsm@bsm.com,960 cwts.,Specialty Mills,
Bay State Milling Co.,,360 Hanson Way,Woodland,CA,95776,(530) 666-6565,Plant manager,John Konkle,infobsm@bsm.com,960 cwts.,Specialty Mills,
Bay State Milling Co.,,360 Hanson Way,Woodland,CA,95776,(530) 666-6565,Plant manager,John Konkle,infobsm@bsm.com,"1,680 cwts.",Specialty Mills,
Bay State Milling Co.,,360 Hanson Way,Woodland,CA,95776,(530) 666-6565,Plant manager,John Konkle,infobsm@bsm.com,,Mix Plants,
"General Mills, Inc.",,3600 Dight Ave. S.,Minneapolis,MN,55406,(612) 721-6811,,,,"4,055,000 bus up.",Grain,
Grain Craft,,3601 First Ave. S.,Billings,MT,59101,(406) 245-3131,Plant manager,Jeff Schanz,,"6,400 cwts",Flour mills,
Grain Craft,,"3601 First Ave. S., P.O. Box 30877",Billings,MT,59101,(406) 245-3131,Plant Manager,Jeff Schanz,,"562,000 bus up.",Grain,
Cooperative Elevator Co.,,3615 S. Davis St.,Akron,MI,48701,(989) 691-5711,Manager,Ron Will,info@coopelev.com,"2,500,000 bus up",Grain,
Assumption Co-Op Grain Co.,,365 N. 2500 E. Rd.,Pana,IL,62557,(217) 562-5084,Facility Manager,Larry Koontz,acoop@acoop.com,"4,428,000 bus up; 2,031,000 bus fl.",Grain,
"Perdue Agribusiness Grain, Llc",,37 Delaware Ave.,Hurlock,MD,21643,(410) 943-0512,manager,Joel Hurley,joel.hurley@perdue.com,"935,000 bus up.",Grain,
"Bruce Oakley, Inc.",,3700 Lincoln Ave.,North Little Rock,AR,72114,(501) 945-0875; (800) 662-0875,manager,James Wingate,bwingate@bruceoakley.com,"2,100,000 bus up.",Grain,
"Busch Agricultural Resources, Inc.",,3723 CR 905,Jonesboro,AR,72401,(870) 932-5484,,,,,Grain,
Adm Milling Co.,,3745 Hiawatha Ave. S.,Minneapolis,MN,55406,(612) 729-2301,Operations manager,James Lesko,milling@adm.com,"800,000 bus up",Grain,
Adm Milling Co.,,3745 Hiawatha Ave. S.,Minneapolis,MN,55406,(612) 729-2301,Commercial manager,Nick Builta,milling@adm.com,"10,000 cwts",Flour mills,
Ardent Mills,,3750 Wynkoop,Denver,CO,80216,(303) 294-0547,Plant Manager,Jason Hancock,jason.hancock@ardentmills.com,"350,000 bus up.",Grain,
"Brill, Inc.",,3765 Walden Ave.,Lancaster,NY,14086,(716) 685-4000,,,info@brillinc.com,,Mix Plants,
Consolidated Grain & Barge Co.,,"377 W. First St., P.O. Box 427",Dallas City,IL,62330,(217) 852-6012,Regional Manager,Russ Leuck,,"1,556,000 bus up.",Grain,
Consolidated Grain & Barge Co.,,379 Phillips 423,Elaine,AR,72333,(800) 489-2287,Regional Manager,Jason Herr,,,Grain,
"The Andersons, Inc.",,"3822 State Rte. 120, P.O. Box G",Metamora,OH,43540,(877) 638-5558,Operations manager,Timothy Muck,,"5,797,000 bus up.",Grain,
"Perdue Agribusiness Grain, Llc",,3827 Vincent Rd.,Linkwood,MD,21835,(410) 376-3141,manager,Joel Hurley,joel.hurley@perdue.com,"150,000 bus up.",Grain,
"Columbia Grain & Ingredients, Inc.",,3830 N.W. Brown Rd.,Lake City,FL,32055,(386) 755-7700; (800) 323-1594,President,Eddy Hazen,marnie.ward@colgrain.com,"560,000 bus up; 10,000 bus fl.",Grain,
The Scoular Company,,3830 NW Brown Rd.,Lake City,FL,32055,(800) 965-7801,Regional Operations Manager,Spike Gordon,information@scoular.com,"570,o00 bus up; 400,000 bus fl.",Grain,
"The Andersons, Inc.",,3854 N. Anderson Dr.,Delphi,IN,46923,(765) 564-6130,Operations supervisor,Luke Siekierski,,"2,500,000 bus up; 4,300,000 bus fl.",Grain,
Consolidated Grain & Barge Co.,,3854 N. Illinois 130,Olney,IL,62450,(618) 395-7356,GM,Derek Oliver,,"3,836,000 bus up.",Grain,
Archer Daniels Midland Co.,,38580 190th St.,Hitchcock,SD,57348,(605) 266-2530,Manager,Jeffery Gottmen,,"2,300,000 bus up",Grain,
"New Cooperative, Inc.",,"390 E. Fifth St., P.O. Box 127",Garner,IA,50438,(641) 923-2695,Location Manager,Jacob Pilgrim,,,Grain,
"Okomo Grain Co., Inc.",,3905 W. 600 N.,Anderson,IN,46011,(765) 754-7541,Manager,Dan Grice,dgrice@kokomograin.com,"2,750,000 bus up; 6,650,000 bus fl",Grain,
Archer Daniels Midland Co.,,391 E. Lewis St.,Niantic,IL,62551,(217) 668-2345,Manager,Eric Nieders,,"4,200,000 bus up",Grain,
Ardent Mills,,3939 Producers Dr.,Stockton,CA,95206,(209) 983-6551,Plant Manager,Trevor Meyer,trevor.meyer@ardentmills.com,"900,000 bus up.",Grain,
Ardent Mills,,3939 Producers Dr.,Stockton,CA,95206,(209) 983-6551,Plant manager,Trevor Meyer,trevor.meyer@ardentmills.com,"15,000 cwts",Flour mills,
Ardent Mills,,3939 Producers Dr.,Stockton,CA,95206,(209) 983-6551,Plant manager,Trevor Meyer,trevor.meyer@ardentmills.com,,Specialty Mills,
"Cargill, Incorporated",,3940 N.W. Silverlake Rd.,Topeka,KS,66608,(785) 232-3034,,,,,Grain,
Adm Milling Co.,,398 E. San Antonio St.,New Braunfels,TX,78130,(830) 625-2301,Commercial manager,Myles Grant,milling@adm.com,"300,000 bus up",Grain,
United Cooperative,,399 Railroad St.,Rock Springs,WI,53961,(608) 524-5246,,,,"4,441,000 bus up",Grain,
"Co-Alliance, Llp",,399 S. State Rd. 49,Valparaiso,IN,46383,(219) 462-4861,Facility manager,Brad Metzger,,"4,700,000 bus up",Grain,
Mennel Grain – Kingston,,4 Railroad St.,Kingston,OH,45644,(740) 642-2041,Regional grain operations manager,Jacob Hall,graindivision@mennel.com,"2,309,000 bus up.",Grain,
"Bartlett Grain Company, Lp",,400 29th Ave.,Council Bluffs,IA,51501,(712) 322-3444; (800) 288-3042,Origination Manager,Grace Clark,g.clark@bartlettco.com,"1,630,000 bus up.",Grain,
"Bartlett Grain Company, Lp",,400 29th Ave.,Council Bluffs,IA,51501,(712) 322-3444,Origination manager,Grace Clark,g.clark@bartlettco.com,"1,630,000 bus up",Grain,
"Louis Dreyfus Company, Llc",,400 Cooper Sand Pit Rd.,West Memphis,AR,72301,,Superintendent,Derreck Smith,,"780,000 bus up.",Grain,
Alliance Grain Co.,,400 E. Main,Cabery,IL,60919,(815) 426-1231,Supervisor,Mike Riedel,,"1,288,000 bus up.",Grain,
"Viterra Usa Grain, Llc",,"400 N. Main St., P.O. Box 937",Superior,WI,54880,(715) 392-9853,Manager,Jeffrey Blaskowski,,"8,709,000 bus up",Grain,
Consolidated Grain & Barge Co.,,400 N. Santa Fe,Shattuck,OK,73858,(580) 938-2593,Regional manager,Tim Simmons,,"3,240,000 bus up.",Grain,
Bay State Milling Co.,,"400 Platte St., P.O. Box 1110",Platteville,CO,80651,(970) 785-2794; (888) 785-7636,"Manager, QA",Hayley Butler,infobsm@bsm.com,"528,000 bus up.",Grain,
Bay State Milling Co.,,"400 Platte St., P.O. Box 1110",Platteville,CO,80651,(970) 785-2794,Plant manager,Jennifer Lopez,infobsm@bsm.com,"4,900 cwts",Flour mills,
Bay State Milling Co.,,"400 Platte St., P.O. Box 1110",Platteville,CO,80651,(970) 785-2794,Specialty commodity buyer,Shawn Hachtel,infobsm@bsm.com,,Specialty Mills,
Bay State Milling Co.,,"400 Platte St., P.O. Box 1110",Platteville,CO,80651,(970) 785-2794,Specialty commodity buyer,Shawn Hachtel,infobsm@bsm.com,,Specialty Mills,
Bay State Milling Co.,,"400 Platte St., P.O. Box 1110",Platteville,CO,80651,(970) 785-2794; (888) 785-7636,Specialty commodity buyer,Shawn Hachtel,infobsm@bsm.com,"3,500 cwts.",Specialty Mills,
"Cargill, Incorporated",,"400 Riverview Dr., P.O. Box 250",Ord,NE,68862,(308) 728-3653,Glytle@Farmersco,Operative,glytle@farmersco-operative.com,"1,120,000 bus up.",Grain,
"Temco, Llc",,400 Toteff Rd.,Kalama,WA,98625,(360) 673-2011,"Manager, operations",David Grillot,,"6,400,000 bus up",Grain,
Adm Corn Processing Division,,400 W. Erie Rd.,Marshall,MN,56258,(507) 537-2676,,,sweeteners@adm.com,,Specialty Mills,
"Riviana Foods, Inc.",,400 W. Main St.,Carlisle,AR,72024,(870) 552-7544,,,,,Specialty Mills,
Sunrise Cooperative,,400 W. Walnut St.,Botkins,OH,45306,(937) 693-2043,Operations manager,Dale Winner,,"4,000,000 bus up.",Grain,
Adm Milling Co.,,4002 Bonnybrook Rd. S.E. Calgary,AB,,T2G 4M9,(403) 267-5600,Commercial manager,Wade Anderson,milling@adm.com,"550,000 bus up",Grain,
Adm Milling Co.,,4002 Bonnybrook Rd. S.E. Calgary,AB,,T2G 4M9,(403) 267-5600,Commercial manager,Wade Anderson,milling@adm.com,"15,300 cwts",Flour mills,
Adm Milling Co.,,4002 Bonnybrook Rd. S.E. Calgary,AB,,T2G 4M9,(403) 267-5600,Commercial manager,Wade Anderson,milling@adm.com,,Specialty Mills,
Adm Milling Co.,,"4002 Bonnybrook Rd. S.E., Calgary",AB,,T2G 4M9,(403) 267-5600,Commercial manager,Wade Anderson,milling@adm.com,400 cwts,Specialty Mills,
Prairie Mill Products,,"401 E. Fourth St., P.O. Box 97",Rochester,IN,46975,(574) 223-3177,CEO,John Cory,jcory@prairiemills.com,,Flour mills,
Prairie Mill Products,,"401 E. Fourth St., P.O. Box 97",Rochester,IN,46975,(574) 223-3177,CEO,John Cory,jcory@prairiemills.com,"12,000 bus.",Specialty Mills,
Prairie Mill Products,,"401 E. Fourth St., P.O. Box 97",Rochester,IN,46975,(574) 223-3177,CEO,John Cory,jcory@prairiemills.com,,Mix Plants,
Ardent Mills,,401 E. Industrial Ave.,Saginaw,TX,76139,(817) 847-3419,Plant manager,Matt Trancucci,matt.trancucci@ardentmills.com,"3,428,000 bus up",Grain,
Ardent Mills,,401 E. Industrial Ave.,Saginaw,TX,76131,(817) 847-3400,Plant manager,Matt Trancucci,matt.trancucci@ardentmills.com,"27,500 cwts.",Flour mills,
"Cargill, Incorporated",,401 River Rd.,Pittsfield,IL,62363,(217) 723-4302,,,,"1,773,000 bus up.",Grain,
Consolidated Grain & Barge Co.,,401 S. Main,La Grange,MO,63448,(573) 655-2281; (800) 542-8643,generqal manager,Jay Day,,"960,000 bus up.",Grain,
Dakotamb,,4014 15th Ave. N.W.,Fargo,ND,58102,(701) 282-9656,"VP, operations and supply chain",Brian Andrew,sales@dakotamb.com,"2,400 cwts",Flour mills,
Dakotamb,,4014 15th Ave. N.W.,Fargo,ND,58102,(701) 282-9656; (844) 633-2746,"VP, operations and supply chain",Brian Andrew,sales@dakotamb.com,960 cwts,Specialty Mills,
Dakotamb,,4014 15th Ave. N.W.,Fargo,ND,58102,(701) 282-9656; (844) 633-2746,"VP, operations and supply chain",Brian Andrew,sales@dakotamb.com,,Specialty Mills,
Dakotamb,,4014 15th Ave. N.W.,Fargo,ND,58102,(701) 282-9656,"VP, operations and supply chain",Brian Andrew,sales@dakotamb.com,960 cwts,Specialty Mills,
Dakotamb,,4014 15th Ave. N.W.,Fargo,ND,58102,(701) 282-9656,"VP, operations and supply chain",Brian Andrew,sales@dakotamb.com,"2,400 cwts",Specialty Mills,
Dakotamb,,4014 15th Ave. N.W.,Fargo,ND,58102,(701) 282-9656,"VP, operations and supply chain",Brian Andrew,sales@dakotamb.com,"2,400 cwts",Specialty Mills,
Dakotamb,,4014 15th Ave. N.W.,Fargo,ND,58102,(701) 282-9656,"VP, operations and supply chain",Brian Andrew,sales@dakotamb.com,960 cwts.,Specialty Mills,
Dakotamb,,4014 15th Ave. N.W.,Fargo,ND,58102,(701) 282-9656,VP,Brian Andrew,sales@dakotamb.com,"2,400 cwts.",Specialty Mills,
Dakotamb,,4014 15th Ave. N.W.,Fargo,ND,58102,(701) 282-9656,"VP, operations and supply chain",Brian Andrew,sales@dakotamb.com,,Mix Plants,
"Mfa, Inc.",,402 10th St.,Glasgow,MO,65254,(660) 338-2251,Manager,Shawn Frevert,mfagrain@mfa-inc.com,"4,137,000 bus up.",Grain,
Consolidated Grain & Barge Co.,,402 E. Coffeen St.,Homer,IL,61849,(217) 896-2494,GMr,Nathan Schmidgall,,"6,814,000 bus up.",Grain,
Farmers Cooperative,,403 S.,Third Beatrice,NE,68310,(402) 228-3458; (800) 365-2594,Location manager,Jason Lane,,"3,940,000 bus up",Grain,
Bay State Milling Co.,,404 Getty Ave.,Clifton,NJ,7011,(973) 772-1000,Plant manager,Moises Murillo,infobsm@bsm.com,"500,000 bus up",Grain,
Bay State Milling Co.,,404 Getty Ave.,Clifton,NJ,7011,(973) 772-1000,Plant manager,Moises Murillo,infobsm@bsm.com,"13,500 cwts",Flour mills,
"Ray-Carroll County Grain Growers, Inc.",,4040 Duncan Ave. St.,Louis,MO,63110,(314) 534-1975,Manager,Brent Ricke,,"2,494,000 bus up.",Grain,
Ingredion,,4040 James St.,Cardinal,ON,K0E 1E0,(613) 657-3131,Plant manager,Lee Whitley,customer.service@ingredion.com,,Specialty Mills,
"Columbia Grain International, Llc",,405 Fifth St. E.,Gildford,MT,57525,(406) 355-4316,Manager,Cole Ioboy,pdxmerchants@columbiagrain.com,"350,000 bus up",Grain,
Landus Cooperative,,406 First St.,Ralston,IA,51459,(712) 667-3200,Regional manager,Ethan Taube,,,Grain,
Archer Daniels Midland Co.,,"406 Rte. 37, P.O. Box 182",Edgewood,IL,62426,(618) 238-4800,Manager,Darrell Schaal,,"853,000 bus up",Grain,
"Cargill, Incorporated",,408 1st St,New Boston,IL,61272,(309) 587-8111,,,,"137,000 bus up.",Grain,
"Aurora Mills & Farm, Llc",,408 Burton Rd.,Linneus,ME,4730,(207) 521-0094,Managing partner,Matthew S. Williams,auroramills@pwless.net,60 cwts.,Flour mills,
"Aurora Mills & Farm, Llc",,408 Burton Rd.,Linneus,ME,4730,(207) 521-0094,Managing partner,Matthew S. Williams,auroramills@pwless.net,,Specialty Mills,
"Aurora Mills & Farm, Llc",,408 Burton Rd.,Linneus,ME,4730,(207) 521-0094,Managing partner,Matthew S. Williams,auroramills@pwless.net,,Specialty Mills,
"Aurora Mills & Farm, Llc",,408 Burton Rd.,Linneus,ME,4730,(207) 521-0094,Managing partner,Matthew S. Williams,auroramills@pwless.net,,Specialty Mills,
"Aurora Mills & Farm, Llc",,408 Burton Rd.,Linneus,ME,4730,(207) 521-0094,Managing partner,Matthew S. Williams,auroramills@pwless.net,,Specialty Mills,
"Southern Rice & Cotton, Llc",,408 Cole St,Harrisburg,AR,72432,(870) 578-9551,GM,Collin Holzhauer,,"2,600,000 bus up.",Grain,
Ardent Mills,,408 E. Magnolia St.,Sherman,TX,75090,(903) 375-0083,Head miller,Larry Stallbaumer,larry.stallbaumer@ardentmills.com,"650,000 bus up",Grain,
Ardent Mills,,408 E. Magnolia St.,Sherman,TX,75090,(903) 487-0776,Plant manager,Larry Stallbaumer,larry.stallbaumer@ardentmills.com,"8,500 cwts",Flour mills,
"Bartlett Grain Company, Lp",,"408 Washington, P.O. Box 157",Hamburg,IA,51640,(712) 382-1238,Origination manager,Kadi Boyer,k.boyer@bartlettco.com,"2,358,000 bus up.",Grain,
Agwrx Cooperative,,409 E. Fourth St.,Webster,SD,57274,(605) 345-3366,Location manager,Lee Houghton,,"1,500,000 bus up",Grain,
"Chs, Inc.",,"41 Dock St., P.O. Box 518",Superior,WI,54880,(715) 392-4735,Terminal manager,Richard Carlson,,"18,537,000 bus up",Grain,
Frontier Cooperative Co.,,"410 E. Third, P.O. Box 154",Mead,NE,68041,(402) 624-2075,branch manager,Keith Fillion,keith.fillion@frontiercooperative.com,"4,450,000 bus up; 2,200,000 bus fl.",Grain,
"Cargill, Incorporated",,"410 W. Malone, P.O. Box 340",Sikeston,MO,63801,(573) 472-2272,,,,"1,753,000 bus up",Grain,
"The Andersons, Inc.",,4114 N. 1600 E.,Buhl,ID,83316,(208) 543-9181,Operations manager,Doug Larson,,"185,000 bus up; 560,000 bus fl.",Grain,
"Riceland Foods, Inc.",,413 N.E. Second St.,Bradford,AR,72020,(870) 523-6251,District manager,Rob Wilson,riceland@riceland.com,"418,000 bus up.",Grain,
Mennel Bakery Mix & Foodservice,,4136 Martel Rd.,Caledonia,OH,43314,(419) 845-3751,Plant manager,Jeff Pittman,sales@mennel.com,,Mix Plants,
"Attebury Grain, Inc.",,"415 E. 11th St., P.O. Box 770",Plainview,TX,79073,(806) 335-1639,"Director, operations",Carey Williams,opsassistant@attebury.com,"7,086 bus up",Grain,
The Mennel Milling Co. Of Illinois,,"415 E. Main, P.O. Box 255 Mount",Olive,IL,62069,(217) 999-2161,GM,Mark Miller,mtoliveflourmill@mennel.com,"2,400 cwts",Flour mills,
The Mennel Milling Co. Of Illinois,,"415 E. Main, P.O. Box 255 Mount",Olive,IL,62069,(217) 999-2161,GM,Mark Miller,mtoliveflourmill@mennel.com,,Specialty Mills,
Grain Craft,,416 N.,Main McPherson,KS,67460,(620) 241-2410,Plant manager,Clint Church,,"7,200 cwts",Flour mills,
Grain Craft,,416 N. Main,McPherson,KS,67460,(620) 241-2410,Plant Manager,Clint Church,,"370,000 bus up.",Grain,
"Cargill, Incorporated",,"416 S. Front St., P.O. Box 1056",LaCrosse,WI,54602,(608) 782-5126,,,,"155,000 bus up",Grain,
Archer Daniels Midland Co.,,"417 E. Water St., P.O. Box 110",Sullivan,IL,61951,(217) 728-4213,Manager,Eric Nieders,,"1,918,000 bus up.",Grain,
"The Andersons, Inc.",,417 S. Meridian Rd.,Hudson,MI,49247,(517) 448-2050,Operations Manager,Sam Fether,,"617,000 bus up.",Grain,
Nature'S Legacy,,417 S. Meridian Rd.,Hudson,MI,49247,(517) 448-2050; (800) 997-7358,President,Don Stinchcomb,info@purityfoods.com,480 cwts,Flour mills,
Nature'S Legacy,,417 S. Meridian Rd.,Hudson,MI,49247,(517) 448-2050; (800) 997-7358,President,Don Stinchcomb,info@purityfoods.com,,Specialty Mills,
Nature’S Legacy,,417 S. Meridian Rd.,Hudson,MI,49247,(517) 448-2050,President,Don Stinchcomb,info@purityfoods.com,,Specialty Mills,
Nature’S Legacy,,417 S. Meridian Rd.,Hudson,MI,49247,(517) 448-2050,President,Don Stinchcomb,info@purityfoods.com,,Specialty Mills,
Nature’S Legacy (Purity Foods),,417 S. Meridian Rd.,Hudson,MI,49247,(517) 448-2050,President,Don Stinchcomb,info@purityfoods.com,240 cwts.,Specialty Mills,
Nature’S Legacy,,417 S. Meridian Rd.,Hudson,MI,49247,(517) 448-2050,President,Don Stinchcomb,info@purityfoods.com,"50,000 cwts.",Specialty Mills,
Nature'S Legacy,,417 S. Meridian Rd.,Hudson,MI,49247,(517) 448-2050,President,Don Stinchcomb,info@purityfoods.com,,Mix Plants,
Pepsico,,418 Second St. N.E.,Cedar Rapids,IA,52401,(319) 362-3121,,,,"20,000 bus.",Specialty Mills,
Pepsico,,418 Second St. N.E.,Cedar Rapids,IA,52401,(319) 362-3121,,,,"1,000 cwts",Specialty Mills,
Pepsico,,418 Second St. N.E.,Cedar Rapids,IA,52401,(319) 362-3121,,,,"20,000 cwts",Specialty Mills,
Pepsico,,"418 Second St. N.E., P.O. Box 1848",Cedar Rapids,IA,52406,(319) 362-3121,,,,"10,000,000 bus up",Grain,
"The Andersons, Inc.",,"4198 S. Huron Rd., P.O. Box 185",Standish,MI,48658,(989) 846-9114,Operations manager,Nick Bates,,"3,337,000 bus up",Grain,
Ardent Mills,,4200 Sullivan Ave.,Columbus,OH,43228,(614) 573-6450,Plant manager,Brad Brumfield,brad.brumfield@ardentmills.com,"7,000 cwts",Flour mills,
Ardent Mills,,4200 Sullivant Ave.,Columbus,OH,43228,(614) 573-6448,Plant manager,Brad Brumfield,emily.hayes@ardentmills.com,"1,387,000 bus up.",Grain,
"Cargill, Incorporated",,"4201 S. Rte. 238 N.E., P.O. Box A",Bloomingburg,OH,43106,(740) 437-7337,,,,"3,386,000 bus up.",Grain,
Bay State Milling Co.,,421 S. 99th Ave.,Tolleson,AZ,85353,(623) 936-8400; (800) 227-9626,plant manager,Josh Falk,infobsm@bsm.com,"2,600,000 bus up.",Grain,
Bay State Milling Co.,,421 S. 99th Ave.,Tolleson,AZ,85353,(623) 936-8400,Plant manager,Josh Falk,infobsm@bsm.com,"18,800 cwts",Flour mills,
Bay State Milling Co.,,421 S. 99th Ave.,Tolleson,AZ,85353,(623) 936-8400,Plant manager,Josh Falk,infobsm@bsm.com,"4,300 cwts.",Specialty Mills,
Bay State Milling Co.,,421 S. 99th Ave.,Tolleson,AZ,85353,(623) 936-8400,Plant manager,Josh Falk,infobsm@bsm.com,,Specialty Mills,
Bay State Milling Co.,,421 S. 99th Ave.,Tolleson,AZ,85353,(623) 936-8400; (800) 227-9626,Plant manager,Josh Falk,infobsm@bsm.com,,Specialty Mills,
"Bunge-Scf Grain, Llc",,42231 County Hwy. 2,Griggsville,IL,62340,(217) 833-2527,manager,Mike Tate,mike.tate@bunge.com,"7,213,000 bus up; 3,332,000 bus fl.",Grain,
Cooperative Elevator Co.,,4245 Pigeon Rd.,Elkton,MI,48731,(989) 375-2288,CEO,Scott Gordon,,"5,500,000 bus up.",Grain,
Landus Cooperative,,"425 Harrison St. N., P.O. Box 45",Thompson,IA,50478,(641) 584-2271,Regional manager,Amanda De Jong,,"912,000 bus up; 913,000 bus fl.",Grain,
"Viterra Usa Grain, Llc",,425 S.,Fairmount Saginaw,TX,76179,(817) 916-7280,Manager,Brian McCuistion,,"15,341,000 bus up",Grain,
Mennex,,425 S. Union St.,Fostoria,OH,44830,(419) 307-9657,Plant manager,Noah Wagner,mennex@mennel.com,,Flour mills,
Mennex (The Mennel Milling Co. - Bakery & Foodservice Division),,425 S. Union St.,Fostoria,OH,44830,(419) 307-9657,Plant manager,Noah Wagner,mennex@mennel.com,,Specialty Mills,
Archer Daniels Midland Co.,,4260 Groves Rd.,Columbus,OH,43232,(614) 575-4998,Manager,Brian Doellman,,"5,850,000 bus up.",Grain,
"Kaapa Grain, Llc",,4270 Turkey Creek Rd.,Elm Creek,NE,68836,308) 856-4643; (800) 524-8181,operation manager,Gary Dunkel,gdunkel@kaapagrains.com,"1,356,000 bus up",Grain,
"Perdue Agribusiness Grain, Llc",,429 W. Main St.,Belhaven,NC,27810,(252) 943-9915,manager,Austin Hodges,austin.hodges@perdue.com,"500,000 bus up.",Grain,
Adm Milling Co.,,"430 Central Ave., N.E.",Cleveland,TN,37311,(423) 476-7552,Commercial manager,JoBeth Borowiak,milling@adm.com,"113,000 bus up",Grain,
Adm Milling Co.,,430 E. Central Ave. N.E.,Cleveland,TN,37311,(423) 476-7552,Commercial manager,Tony Miller,milling@adm.com,"6,000 cwts.",Flour mills,
"Cargill, Incorporated",,430 S. Front St.,East St. Louis,IL,62201,(618) 274-2050,,,,"3,302,000 bus up.",Grain,
"The Andersons, Inc.",,430 W. Oakville Rd.,Oakville,IN,47367,(765) 288-1951,Operations manager,Jason Ratts,,"4,349,000 bus up; 1,800,000 bus fl.",Grain,
Cpi,,430 W. Welsch St.,Red Cloud,NE,68970,(402) 746-3195,,,jyoesel@cpicoop.com,"2,400,000 bus up",Grain,
"General Mills, Inc.",,4309 Fruitland Ave.,Vernon,CA,90058,(323) 587-1208,Plant manager,Pete Moberg,,"12,500 cwts",Flour mills,
"General Mills, Inc.",,"4309 Fruitland Ave., P.O. Box 58705",Los Angeles,CA,90058,(406) 455-9222,,,,"778,000 bus up.",Grain,
"Viterra Usa Grain, Llc",,4330 Seaway Dr.,Saginaw,MI,76179,(817) 232-5221,Manager,Peter Jones,,"2,451,000 bus up",Grain,
"Chs, Inc.",,434 E. Ravenna Rd.,Belle Chasse,LA,70037,(504) 656-2212,Manager,David Olson,,"6,568,000 bus up.",Grain,
"Harvest Rice (Otwell), Inc.",,434 Hwy. 158 W.,Weiner,AR,72479,(870) 934-1247,Plant manager,Kevin Higgins,gpsales@gulfpac.com,,Specialty Mills,
Consolidated Grain & Barge Co.,,4344 Everett Lake Rd.,Dyersburg,TN,38030,(731) 285-3640,Regional manager,Murray Schwieger,,"2,298,000 bus up",Grain,
"Dawn Food Products, Inc.",,4370 Harvester Rd.,Burlington,ON,L7L 4X2,(905) 681-3383,,,questions@dawnfoods.com,,Mix Plants,
Thresher Artisan Wheat — American Falls,,440 N. Oregon Trail,American Falls,ID,83221,(208) 226-2300,GM,Max Mobley,,"1,954,500 bus up; 1,497,500 bus fl.",Grain,
"Western Foods, Llc",,"440 N. Pioneer Ave., Suite 200",Woodland,CA,95776,(530) 601-5991,"VP, sales and business development",Tom Andringa,inquiries@westernfoodsco.com,,Flour mills,
"Western Foods, Llc",,"440 N. Pioneer Ave., Suite 200",Woodland,CA,95776,(530) 601-5991,"VP, sales and business development",Tom Andringa,inquiries@westernfoodsco.com,,Specialty Mills,
"Western Foods, Llc",,"440 N. Pioneer Ave., Suite 200",Woodland,CA,95776,(530) 601-5991,"VP, sales and business development",Tom Andringa,inquiries@westernfoodsco.com,,Specialty Mills,
"Western Foods, Llc",,"440 N. Pioneer Ave., Suite 200",Woodland,CA,95776,(530) 601-5991,"VP, sales and business development",Tom Andringa,inquiries@westernfoodsco.com,,Specialty Mills,
"Western Foods, Llc",,"440 N. Pioneer Ave., Suite 200",Woodland,CA,95776,(530) 601-5991,"VP, sales and business development",Tom Andringa,inquiries@westernfoodsco.com,,Specialty Mills,
"Western Foods, Llc",,"440 N. Pioneer Ave., Suite 200",Woodland,CA,95776,(530) 601-5991,"VP, sales and business development",Tom Andringa,inquiries@westernfoodsco.com,,Specialty Mills,
"Western Foods, Llc",,"440 N. Pioneer Ave., Suite 200",Woodland,CA,95776,(530) 601-5991,"VP, sales and business development",Tom Andringa,inquiries@westernfoodsco.com,,Specialty Mills,
"Western Foods, Llc",,"440 N. Pioneer Ave., Suite 200",Woodland,CA,95776,(530) 601-5991,"VP, sales and business development",Tom Andringa,inquiries@westernfoodsco.com,,Specialty Mills,
"Western Foods, Llc",,"440 N. Pioneer Ave., Suite 200",Woodland,CA,95776,(530) 601-5991,"VP, sales and business development",Tom Andringa,inquiries@westernfoodsco.com,,Mix Plants,
"The Andersons, Inc.",,441 Kuhlman Dr.,Toledo,OH,43609,(419) 242-5052,Operations manager,Rick Donald,,"7,232,000 bus up.",Grain,
Archer Daniels Midland Co.,,"4410 W. Military Ave., P.O. Box 434",Fremont,NE,68025,(402) 721-3733,manager,Don Brunsing,,"4,300,000 bus up.",Grain,
Rogers Foods Ltd.,,4420 Larkin Cross Rd.,Armstrong,BC,V0E 1B6,(250) 546-8744,President,Joe Girdner,info@rogersfoods.com,"3,500 cwts",Flour mills,
Rogers Foods Ltd.,,4420 Larkin Cross Rd.,Armstrong,BC,V0E 1B6,(250) 546-8744,President,Joe Girdner,info@rogersfoods.com,,Specialty Mills,
Rogers Foods Ltd.,,4420 Larkin Cross Rd.,Armstrong,BC,V0E 1B6,(250) 546-8744,President,Joe Girdner,info@rogersfoods.com,,Specialty Mills,
Rogers Foods Ltd. (Armstrong),,4420 Larkin Cross Rd.,Armstrong,BC,V0E 1B6,(250) 546-8744,President,Joe Girdner,info@rogersfoods.com,,Specialty Mills,
Rogers Foods Ltd.,,4420 Larkin Cross Rd.,Armstrong,BC,V0E 1B6,(250) 546-8744,President,Joe Girdner,info@rogersfoods.com,,Mix Plants,
"Bruce Oakley, Inc.",,4435 S. Arkansas Ave.,Russellville,AR,72802,(479) 968-3059; (800) 530-7542,manager,Buddy Buendtner,buddy@bruceoakley.com,"500,000 bus up.",Grain,
Rogers Foods Ltd.,,44360 Simpson Rd.,Chilliwack,BC,V2R 4B7,(604) 824-6260,President,Joe Girdner,info@rogersfoods.com,"9,500 cwts",Flour mills,
Rogers Foods Ltd. (Chilliwack),,44360 Simpson Rd.,Chilliwack,BC,V2R 4B7,(604) 824-6260,President,Joe Girdner,info@rogersfoods.com,,Specialty Mills,
Archer Daniels Midland Co.,,445 Phillips 400 Rd.,Helena,AR,72342,(870) 753-9260,Manager,Daniel Crouthers,,"4,550,000 bus up.",Grain,
"Farmers Grain Terminal, Inc.",,"445 Port Terminal Rd., P.O. Box 669",Rosedale,MS,38769,(662) 759-0000,Manager,Nash Knighton,,"1,924,000 bus up; 2,000,000 bus fl.",Grain,
"Columbia Grain International, Llc",,4458 Hwy. 16 S.,Plentywood,MT,59254,(406) 765-2150,Manager,Zaniel Dell,pdxmerchants@columbiagrain.com,"2,136,000 bus up",Grain,
"Columbia Grain International, Llc",,4458 Hwy. 16 S.,Plentywood,MT,59254,(406) 765-2150,Manager,Matthew Franks,pdxmerchants@columbiagrain.com,"1,641,000 bus up",Grain,
"Co-Alliance, Llp",,4463 E. Hwy. 24,Goodland,IN,47948,(219) 297-3108,Facility manager,Jacob Miller,,"2,400,000 bus up; 2,800,000 bus fl",Grain,
Sunnyland Mills,,4469 E. Annadale Ave.,Fresno,CA,93725,(559) 233-4983,President,Steven Orlando,steve@sunnylandmills.com,,Specialty Mills,
Sunnyland Mills,,4469 E. Annadale Ave.,Fresno,CA,93725,(559) 233-4983,President,Steven Orlando,steve@sunnylandmills.com,600 cwts.,Specialty Mills,
Bay State Milling Co.,,"448 N. Main St., P.O. Box 358",Mooresville,NC,28115,(704) 664-4873; (800) 736-2762,Plant Manager,Alan Mersnick,infobsm@bsm.com,"800,000 bus up.",Grain,
Bay State Milling Co.,,"448 N. Main St., P.O. Box 358",Mooresville,NC,28115,(704) 664-4873,Plant manager,Alan Mersnick,infobsm@bsm.com,"10,000 cwts",Flour mills,
Bay State Milling Co.,,"448 N. Main St., P.O. Box 358",Mooresville,NC,28115,(704) 664-4873,Plant manager,Alan Mersnick,infobsm@bsm.com,,Specialty Mills,
P&H Milling Group,,45 Church St. W.,Acton,ON,L7J 1K1,(519) 853-2850,Operations manager,Jonathan Macintyre,info@phmilling.com,"8,000 cwts",Flour mills,
Archer Daniels Midland Co.,,450 Maple St.,Weldon,IL,61882,(217) 736-2291,Manager,Eric Neider,,"1,491,803 bus up.",Grain,
"Dawn Food Products, Inc.",,4500 Lipan St.,Denver,CO,80211,(303) 455-3296,,,questions@dawnfoods.com,,Specialty Mills,
"Dawn Food Products, Inc.",,4500 Lipan St.,Denver,CO,80211,(303) 455-3296; (800) 332-0390,,,questions@dawnfoods.com,,Mix Plants,
Ingredion,,4501 Overdale Rd.,Winston-Salem,NC,27107,(336) 785-0100,Plant manager,Dave Cluskey,customer.service@ingredion.com,,Specialty Mills,
Consolidated Grain & Barge Co.,,4510 S. Avalon Dr.,West Memphis,AR,72301,(870) 735-6574,Regional Manager,Murray Schwieger,,"599,000 bus up.",Grain,
"The Andersons, Inc.",,454 Port Elevator Rd.,Tallulah,LA,71282,(318) 666-7283,Operations Manager,T-Bone Ellis,,"545,000 bus up; 2,100,000 bus fl.",Grain,
Ardent Mills,,4545 E. 64th Ave.,Commerce City,CO,80022,(303) 289-6141,Plant Manager,Jason Hancock,jason.hancock@ardentmills.com,"2,000,000 bus up.",Grain,
Ardent Mills,,4545 E. 64th Ave.,Commerce City,CO,80022,(303) 289-6141,Plant manager,Jeff Sobetski,Jeffrey.sobetski@ardentmills.com,"18,500 cwts",Flour mills,
Ardent Mills,,4545 E. 64th Ave.,Commerce City,CO,80022,(303) 289-6141,Plant manager,Jeff Sobetski,Jeffrey.sobetski@ardentmills.com,,Specialty Mills,
Ardent Mills,,4545 E. 64th Ave.,Commerce City,CO,80022,(303) 289-6141,Plant manager,Jeff Sobetski,Jeffrey.sobetski@ardentmills.com,"1,800 cwts.",Specialty Mills,
Agri-Way Partners,,458 Hwy. 1 and 92 N.,Washington,IA,52353,(319) 656-2285,CEO,Chris Boshart,,"400,000 bus up",Grain,
"Louis Dreyfus Company, Llc",,46 Cargill Elevator Rd.,Cahokia,IL,62206,,Superintendent,Mark Nemechek,,"640,000 bus up.",Grain,
"Commerce City Grain, Llc",,4600 E. 64th Ave.,Commerce City,CO,80022,(720) 225-0140,,,michael.martin@ardentmills.com,"3,100,000 bus up.",Grain,
Cooperative Elevator Co.,,4600 Ruth Rd.,Ruth,MI,48470,(989) 864-3391,,,info@coopelev.com,"3,000,000 bus up",Grain,
Cargill Aghorizons,,4615 15th St. S.E. Calgary,AB,,T2G 3M9,(403) 265-2006,FSG manager,Michael Morlock,,"2,500,000 bus up",Grain,
Grain Craft,,463 W. Hwy. 26,Blackfoot,ID,83221,(208) 785-2800,Plant manager,Chris Casias,,"1,550,000 bus up.",Grain,
Grain Craft,,463 W. Hwy. 26,Blackfoot,ID,83221,(208) 785-2800,Plant manager,Chris Casias,,"16,500 cwts",Flour mills,
Thresher Artisan Wheat — Blackfoot,,467 W. Hwy. 26,Blackfoot,ID,83221,(208) 785-4460,GM,Max Mobley,,"2,200,500 bus up; 1,251,500 bus fl.",Grain,
"Northwest Grain Growers, Inc.",,46729 Mission Rd.,Pendelton,OR,97801,(509) 525-6510,,,jforsman@nwgrgr.com,"1,552,000 bus up.",Grain,
"Cargill, Incorporated",,"46750 - 70th Rd., P.O. Box 310",Gibbon,NE,68840,(308) 468-6371,,,,"5,755,000 bus up.",Grain,
"The Andersons, Inc.",,4678 S. 1100 W.,Dunkirk,IN,47336,(765) 768-7530,Operations Manager,Jason Ratts,,"6,132,000 bus up; 2,100,000 bus fl.",Grain,
Northern Country Coop,,"4701 Hickory Ave., P.O. Box 156",Toeterville,IA,50481,(641) 713-4598; (888) 237-1098,,,counter@ncountrycoop.com,"1,657,000 bus up",Grain,
Western Consolidated Cooperative,,47229 US Hwy. 12,Twin Brooks,SD,57269,,,,,"8,300,000 bus up",Grain,
Consolidated Grain & Barge Co.,,4743 Country Rd. 28,Waterloo,IN,46793,(260) 837-2900,Regional manager,Jason Selking,,"4,292,000 bus up",Grain,
"Bunge North America, Llc",,480 E. Gings Rd.,Rushville,IN,46173,(765) 932-2981,Area manager,Britt Kagay,britt.kagay@bunge.com,"1,162,000 bus up; 1,150,000 bus fl",Grain,
"Cargill, Incorporated",,4801 N.E. Birmingham Rd.,Kansas City,MO,64117,(816) 452-2161,,,,"927,000 bus up.",Grain,
"Panhandle Milling, Llc",,4805 Farm Rd. 809,Dawn,TX,79025,(806) 346-2265,President,Peter Bisaccia,sales@panhandlemilling.com,"5,000 cwts.",Flour mills,
"Panhandle Milling, Llc",,4805 Farm Rd. 809,Dawn,TX,79025,(806) 346-2265,President,Peter Bisaccia,sales@panhandlemilling.com,,Specialty Mills,
"Panhandle Milling, Llc",,4805 Farm Rd. 809,Dawn,TX,79025,(806) 346-2265,President,Peter Bisaccia,sales@panhandlemilling.com,,Specialty Mills,
"Panhandle Milling, Llc",,4805 Farm Rd. 809,Dawn,TX,79025,(806) 346-2265,President,Peter Bisaccia,sales@panhandlemilling.com,,Specialty Mills,
"Panhandle Milling, Llc (Phm Brands Co.)",,4805 Farm Rd. 809,Dawn,TX,79025,(806) 346-2265,President,Peter Bisaccia,sales@panhandlemilling.com,,Specialty Mills,
"Ag Processing, Inc.",,4815 8th Ave. N.E.,Aberdeen,SD,57401,(605) 626-9005,Merchandising manager,Matt Smith,msmith@agp.com,,Specialty Mills,
Azteca Milling Amarillo,,"4819 FM 809, P.O. Box 56",Dawn (Amarillo),TX,79025,(806) 258-7704,Operations manager,Mike Foss,,,Specialty Mills,
Consolidated Grain & Barge Co.,,485 Beroid St.,Jennings,LA,70546,(337) 824-5010,general manager,Chad Chambers,,"1,702,000 bus up.",Grain,
"The Andersons, Inc.",,"485 S. Hemlock Rd., P.O. Box 499",Hemlock,MI,48626,(989) 642-5291,Operations Manager,Nick Bates,,"4,687,000 bus up; 300,000 bus fl.",Grain,
"Louis Dreyfus Company, Llc",,489 David Works Dr.,Rosedale,MS,38769,,Superintendent,Wade Phillips,,"2,225,000 bus up.",Grain,
"Hopkinsville Elevator Co., Inc.",,4895 Pembroke Rd,Hopkinsville,KY,42240,(800) 488-5191,Manager,Zack Lancaster,zack@hop-elevator.com,"10,518,000 bus up",Grain,
Archer Daniels Midland,,492 WW Rd.,Copeland,KS,67837,(620) 668-5531,Manager,Dyson Priest,,"1,300,000 bus up",Grain,
Taste Maker Foods,,495 Vaiden Dr.,Hernando,MS,38632,(901) 274-4407,,,info@reedfood.com,"2,000 cwts.",Flour mills,
Taste Maker Foods,,495 Vaiden Dr.,Hernando,MS,38632,(901) 274-4407,,,info@reedfood.com,,Mix Plants,
Buffalo Creek Mills,,"5 Park Avenue, RM of Rhineland Industrial",Park Altona,MB,R0G0B0,(204) 324-0214,"Director, sales & purchasing",Tyson Fehr,info@buffalocreekmills.com,,Specialty Mills,
"Cargill, Incorporated",,"500 E. State Rd. 28, P.O. Box 337",Tipton,IN,46072,(765) 675-7581,,,,"4,296,000 bus up",Grain,
"Viterra Usa Grain, Llc",,500 First Terr.,Nebraska City,NE,68410,(402) 873-6684,Manager,Derek Brown,,"5,724,000 bus up; 1,417,000 bus fl.",Grain,
Ardent Mills,,500 North St. W.,Harvey,ND,58341,(701) 324-4330,,,,,Flour mills,
Ardent Mills,,500 North St. W.,Harvey,ND,58341,(701) 324-4330,Plant manager,Paul Gumeringer,paul.gumeringer@ardetnmills.com,"1,440 cwts",Specialty Mills,
Ardent Mills,,500 North St. W.,Harvey,ND,58341,(701) 324-4330,Plant manager,Paul Gumeringer,paul.gumeringer@ardetnmills.com,"1,440 cwts",Specialty Mills,
Ardent Mills,,500 North St. W.,Harvey,ND,58341,(701) 324-4330,Plant manager,Paul Gumeringer,paul.gumeringer@ardetnmills.com,"1,440 cwts",Specialty Mills,
Ardent Mills,,500 North St. W.,Harvey,ND,58341,(701) 324-4330,Plant manager,Paul Gumeringer,paul.gumeringer@ardetnmills.com,"1,440 cwts.",Specialty Mills,
Ardent Mills,,500 North St. W.,Harvey,ND,58341,(701) 324-4330,Plant manager,Paul Gumeringer,paul.gumeringer@ardetnmills.com,"1,440 cwts",Specialty Mills,
Ardent Mills,,500 North St. W.,Harvey,ND,58341,(701) 324-4330,Plant manager,Paul Gumeringer,paul.gumeringer@ardetnmills.com,,Mix Plants,
"Busch Agricultural Resources, Llc",,500 Railroad Ave.,Sutton,ND,58484,(701) 769-2302,,,,"2,183,000 bus up",Grain,
Farmers Cooperative,,500 W. North St.,Hanover,KS,66945,(785) 337-2222,Location manager,Stuart Vitosh,svitosh@farmersco-operative.com,"4,963,320 bus up",Grain,
"Bartlett Milling Co., Lp",,5000 Wilson's Mill Rd.,Wilson's Mills,NC,27593,(919) 938-2988,President,Bob Knief,,"20,000 cwts",Flour mills,
Richardson Milling Ltd.,,5005 Dakota Ave.,South Sioux City,NE,68776,(402) 494-3000,Plant manager,Tony Pulford,communications@richardson.ca,"6,200 cwts",Specialty Mills,
"Perdue Agribusiness Grain, Llc",,501 Barnes Rd.,Chesapeake,VA,23324,(757) 494-5596,Terminal manager,Aaron Anseeuw,aaron.anseeuw@perdue.com,"2,200,000 bus up",Grain,
Farmers Cooperative,,501 E. Main St.,Plymouth,NE,68424,(402) 656-3615,Location manager,Gary Lytle,glytle@farmersco-operative.com,"3,660,589 bus up",Grain,
"New Cooperative, Inc.",,501 Lake St.,Blairsburg,IA,50034,(515) 325-6252,manager,Mike Nelson,blairsburg@newcoop.com,"1,667,000 bus up.",Grain,
"Greenfield Holdings, Llc",,501 Port R.,Lake Providence,LA,71254,(318) 559-2200,Louisiana District Manager,Bruce Copes,,"520,000 bus up. Rec: Truck.",Grain,
"Agspring, Llc",,501 Port Rd.,Lake Providence,LA,71254,(318) 559-2200,,,,"473,000 bus up",Grain,
"Wheeler Brothers Grain Co., Inc.",,501 Russworm Dr,Watonga,OK,73772,(580) 623-7223,President,Ladd Lafferty,laddlafferty@wheelerbrothers.com,"1,960,000 bus up.",Grain,
"Didion Milling, Inc.",,"501 S. Williams St., P.O. Box 495",Cambria,WI,53923,(920) 348-5868,CEO,John Didion,info@didionmilling.com,"4,200,000 bus up",Grain,
"Didion Milling, Inc.",,"501 S. Williams St., P.O. Box 495",Cambria,WI,53923,(920) 348-5868,CEO,John Didion,info@didionmilling.com,"14,000 bus",Specialty Mills,
"Didion Milling, Inc.",,"501 S. Williams St., P.O. Box 495",Cambria,WI,53923,(920) 348-5868,CEO,John Didion,info@didionmilling.com,"4,000 cwts.",Specialty Mills,
Grain Craft,,501 S.E.,Emigrant Pendleton,OR,97801,(541) 276-6511,Plant manager,Josey Steeples,,"6,000 cwts",Flour mills,
Grain Craft,,501 S.E. Emigrant,Pendleton,OR,97801,(541) 276-6511,Plant manager,Josey Steeples,,,Specialty Mills,
Azteca Milling,,501 W. Chapin Rd.,Edinburg,TX,78541,(956) 383-4911,Operations manager,Gerardo Solis,,"9,000 bus",Specialty Mills,
"Cormier Rice Milling Co., Inc.",,"501 W. Third St., P.O. Box 152",De Witt,AR,72042,(870) 946-3561,President,J.T. Ferguson,cormierrice@cormierrice.com,"3,200,000 cwts",Specialty Mills,
Adm Milling Co.,,5020 Shreve Ave.,St. Louis,MO,63115,(314) 385-9100,Operations Manager,Aaron Rusteberg,milling@adm.com,"2,000,000 bus up.",Grain,
Adm Milling Co.,,5020 Shreve Ave. St.,Louis,MO,63115,(314) 385-9100,Operations manager,Aaron Rusteberg,milling@adm.com,"17,500 cwts",Flour mills,
Archer Daniels Midland Co.,,503 S. Auger St. Mount,Auburn,IL,62547,(217) 676-3811,Manager,Eric Nieders,,"3,450,043 bus up; 412,957 bus fl",Grain,
"Viterra Usa Grain, Llc",,"505 E. Seventh St., P.O. Box 1480",Dubuque,IA,52001,(563) 564-4800,Manager,Mitch Montag,duncombe@newcoop.com,"435,000 bus up.",Grain,
Archer Daniels Midland Co.,,505 N. Fourth,Leoti,KS,67861,(620) 375-4811,Manager,Amy Varner,,"2,775,000 bus up; 500,000 bus fl.",Grain,
Bakemark,,5079 N. Blackstock Rd.,Spartanburg,SC,29303,(864) 578-4040,,,information@bakemark.com,,Mix Plants,
Ardent Mills,,508 E. 25th St. N.,Wichita,KS,67214,(316) 670-8011,Plant Manager,David Byers,david.byers@ardentmills.com,"5,000,000 bus up.",Grain,
"Northwest Grain Growers, Inc.",,50878 Hwy. 334,Athena,OR,97813,(509) 525-6510,,,jforsman@nwgrgr.com,"2,760,000 bus up.",Grain,
Alliance Grain Co.,,509 S.,Washington Saybrook,IL,61770,(309) 475-3361,,,,"308,000 bus up.",Grain,
"Cargill, Incorporated",,5092 26th St. S.E.,Gluek,MN,56260,(320) 847-3707,,,,"1,139,000 bus up.",Grain,
"Perdue Agribusiness Grain, Llc",,51 Kentucky Hwy. 2110,Livermore,KY,42352,(270) 278-8620,Manager,Sarah Scoggins,sarah.scoggins@perdue.com,"3,000,000 bus up",Grain,
"Viterra Usa Grain, Llc",,510 E. Bedford,Dimmitt,TX,79027,(806) 647-2802,Manager,Aaron McHargue,,"9,741,000 bus up.",Grain,
Landus Cooperative,,510 N. Fourth Ave.,Dedham,IA,51440,(712) 683-5515,Regional manager,Ethan Taube,,"1,511,000 bus up; 236,000 bus fl.",Grain,
"New Cooperative, Inc.",,511 Miller St.,Mallard,IA,50562,(712) 454-1040,Location manager,Andrew Fischer,,"4,575,000 bus up; 1,000,000 bus fl.",Grain,
"Greenfield Holdings, Llc",,5125 Hwy. 17,Winnsboro,LA,71295,(318) 722-3355,,,,"3,700,000 bus up.",Grain,
"Flint Hills Grain, Llc",,513 W. First,Abilene,KS,67410,(785) 263-7275,Manager,Austin Bechard,,"8,558,000 bus up.",Grain,
Consolidated Grain & Barge Co.,,5130 Port Rd.,Jeffersonville,IN,47130,(812) 283-9500,Regional manager,Jason Selking,,"3,116,000 bus up",Grain,
"Cargill, Incorporated",,5135 N.W. Hwy. 24,Topeka,KS,66608,(785) 235-3003,,,,,Grain,
Simplot Grower Solutions,,514 N. Sharpe Ave.,Cleveland,MS,38732,(662) 843-3626,manager,Chuck Williamson,,"520,000 bus up.",Grain,
"The Andersons, Inc.",,"515 Illinois Ave., P.O. Box 119",Maumee,OH,43537,(419) 891-2710,Sr. operations manager,Rick Donald,,"17,039,000 bus up.",Grain,
Landus Cooperative,,515 Jefferson St,Plainfield,IA,50666,(319) 276-4462,Regional manager,Amanda De Jong,,"1,185,000 bus up.",Grain,
"The Mennel Milling Co. Of Virginia, Inc.",,5185 Benois Rd.,Roanoke,VA,24018,(540) 776-6201; (800) 764-5517,Plant manager,Don Halling,jweidner@mennel.com,"10,000 cwts.",Flour mills,
"The Mennel Milling Co. Of Virginia, Inc.",,5185 Benois Rd.,Roanoke,VA,24018,(540) 776-6201,Plant manager,Don Halling,jweidner@mennel.com,,Specialty Mills,
Western Consolidated Cooperative,,520 County Rd.,Nine Holloway,MN,56249,(320) 394-2171; (800) 368-3310,,,deani@west-con.com,"8,600,000 bus up",Grain,
"Louis Dreyfus Company, Llc",,520 Elevator Rd. Port,Allen,LA,70767,(225) 388-1634,Superintendent,Dylan Haltom,,"8,843,000 bus up.",Grain,
Gilster Mary Lee Corp.,,520 Old St. Mary's Rd.,Perryville,MO,63775,(314) 547-8345,Cake mix plant superintendent,Mike Callier,,,Mix Plants,
"Western Foods, Llc",,5215 Industrial Dr. S.,Pine Bluff,AR,71612,(870) 341-1505,"VP, sales and business development",Tom Andringa,inquiries@westernfoodsco.com,,Flour mills,
"Western Foods, Llc",,5215 Industrial Dr. S.,Pine Bluff,AR,71612,(870) 341-1505,"VP, sales and business development",Tom Andringa,inquiries@westernfoodsco.com,,Specialty Mills,
"Western Foods, Llc",,5215 Industrial Dr. S.,Pine Bluff,AR,71612,(870) 341-1505,"VP, sales and business development",Tom Andringa,inquiries@westernfoodsco.com,,Specialty Mills,
"Western Foods, Llc",,5215 Industrial Dr. S.,Pine Bluff,AR,71612,(870) 341-1505,"VP, sales and business development",Tom Andringa,inquiries@westernfoodsco.com,,Specialty Mills,
"Western Foods, Llc",,5215 Industrial Dr. S.,Pine Bluff,AR,71612,(870) 341-1505,"VP, sales and business development",Tom Andringa,inquiries@westernfoodsco.com,,Specialty Mills,
"Western Foods, Llc",,5215 Industrial Dr. S.,Pine Bluff,AR,71612,(870) 341-1505,"VP, sales and business development",Tom Andringa,inquiries@westernfoodsco.com,,Specialty Mills,
"Western Foods, Llc",,5215 Industrial Dr. S.,Pine Bluff,AR,71612,(870) 341-1505,"VP, sales and business development",Tom Andringa,inquiries@westernfoodsco.com,,Specialty Mills,
"Western Foods, Llc",,5215 Industrial Dr. S.,Pine Bluff,AR,71612,(870) 341-1505,"VP, sales and business development",Tom Andringa,inquiries@westernfoodsco.com,,Mix Plants,
Archer Daniels Midland Co.,,52551 State Hwy. 14,Fullerton,NE,68638,(308) 536-2233,Manager,Don Brunsing,,"1,450,000 bus up.",Grain,
The Scoular Company,,529 E. Ave. T,Jerome,ID,83338,(208) 324-0147,Regional manager,Andy Hohwieler,ahohwieler@scoular.com,"900,000 bus up; 1,000,000 bus",Grain,
Landus Cooperative,,529 Third St.,Rockwell City,IA,50579,(712) 297-7511,Regional manager,Randy Main,,"2,010,000 bus up.",Grain,
Azteca Milling,,5301 Industrial Park Dr.,Henderson,KY,42420,(270) 826-2533,Operations manager,Felipe Sanchez,,,Specialty Mills,
Lundberg Family Farms,,"5311 Midway, P.O. Box 369",Richvale,CA,95974,(530) 538-3500,CEO,Grant Lundberg,info@lundberg.com,"10,000 cwts.",Specialty Mills,
Lundberg Family Farms,,"5311 Midway, P.O. Box 369",Richvale,CA,95974,(530) 538-3500,CEO,Grant Lundberg,info@lundberg.com,,Specialty Mills,
Archer Daniels Midland Co.,,5321 Mary Ingles Hwy,Silver Grove,KY,41085,(859) 781-2175,Manager,Bryce Huusley,,"393,000 bus up",Grain,
Northern Country Coop,,"53872 270th St., P.O. Box 110",Lansing,MN,55950,(507) 437-4696; (800) 297-0302,,,counter@ncountrycoop.com,"2,640,000 bus up.",Grain,
Archer Daniels Midland Co.,,53915 Hwy. 32,Newman Grove,NE,68758,(402) 447-9990,Manager,Megan Coover,,"1,450,000 bus up.",Grain,
"General Mills, Inc.",,54 S. Michigan Ave.,Buffalo,NY,14203,(716) 857-3600,,,,"4,616,000 bus up.",Grain,
"General Mills, Inc.",,54 S. Michigan Ave.,Buffalo,NY,14203,(716) 856-6060,Flour plant manager,Andy Malin,,"16,500 cwts",Flour mills,
Archer Daniels Midland Co.,,54 Stephenson St.,German Valley,IL,61039,(815) 362-2199,Superintendent,Josh Dedina,,"819,000 bus up.",Grain,
Adm Milling Co.,,540 South St.,Lincoln,NE,68502,(402) 477-4161,Commercial manager,Charlotte Montague,milling@adm.com,"3,000,000 bus up",Grain,
Adm Milling Co.,,"540 South St., P.O. Box 81308",Lincoln,NE,68502,(402) 477-4161,Operations manager,Adam White,milling@adm.com,"10,000 cwts",Flour mills,
Adm Milling Co.,,"540 South St., P.O. Box 81308",Lincoln,NE,68502,(402) 477-4161,Operations manager,Adam White,milling@adm.com,"10,000 cwts",Specialty Mills,
"Viterra Usa Grain, Llc",,5410 E. Channel Rd.,Catoosa,OK,74015,(918) 266-8777,Manager,Jay Boucher,,"5,485,000 bus up.",Grain,
"Viterra Usa Grain, Llc",,54300 Walnut Rd.,New Carlisle,IN,46552,(574) 797-7000,Location manager,Madison Plumer,,"1,588,000 bus up; 2,251,000 bus fl.",Grain,
Archer Daniels Midland Co.,,"546 S. Water St., P.O. Box 560",Havana,IL,62644,(309) 543-3392; (800) 322-6839,District Manager,Austin Ramsey,,"2,846,000 bus up.",Grain,
Miller Milling Co.,,5471 Ferguson Dr.,Los Angeles,CA,90022,(323) 725-0771,Manager,Gary Evelo,info@millermilling.com,"1,100,000 bus up.",Grain,
Miller Milling Co.,,5471 Ferguson Dr.,Commerce,CA,90022,(323) 725-0771,Plant manager,Gary Evelo,info@millermilling.com,"1,100,000 cwts",Flour mills,
"Pizza Blends, Llc",,5479 N. Marine Dr.,Portland,OR,97203,(503) 285-4000,Operations manager,John Mikkelson,,,Mix Plants,
"Cargill, Incorporated",,5495 River Rd,Cincinnati,OH,45233,(513) 941-7111; (800) 239-0381,,,,"423,000 bus up.",Grain,
Bay State Milling Co.,,55 Franklin St.,Winona,MN,55987,(507) 452-1770; (800) 533-8098,Plant manager,Dustin Sanborn,infobsm@bsm.com,"1,100,000 bus up",Grain,
Bay State Milling Co.,,55 Franklin St.,Winona,MN,55987,(507) 452-1770; (800) 533-8098,Plant manager,Dustin Sanborn,infobsm@bsm.com,"24,100 cwts",Flour mills,
Bay State Milling Co.,,55 Franklin St.,Winona,MN,55987,(507) 452-1770,Plant manager,Dustin Sanborn,infobsm@bsm.com,"2,500 cwts",Specialty Mills,
Bay State Milling Co.,,55 Franklin St.,Winona,MN,55987,(507) 452-1770,Plant manager,Dustin Sanborn,infobsm@bsm.com,,Specialty Mills,
Bay State Milling Co.,,55 Franklin St.,Winona,MN,55987,(507) 452-1770,Plant manager,Dustin Sanborn,infobsm@bsm.com,720 cwts.,Specialty Mills,
Bay State Milling Co.,,55 Franklin St.,Winona,MN,55987,(507) 452-1770,Plant manager,Dustin Sanborn,infobsm@bsm.com,,Mix Plants,
Canadian Oats Milling Ltd.,,"55021 Range Rd., Suite 234A Edmonton",AB,,T5B 4K3,(780) 973-9102,Operations manager,Jessica Marrotte,info@canadian-oats.com,"4,000 cwts",Specialty Mills,
"H.R. Wentzel Sons, Inc.",,5521 Waggoners Gap Rd.,Landisburg,PA,17040,(717) 789-3306,,,,"6,000 bus.",Specialty Mills,
"Bruce Oakley, Inc.",,5522 Levee Rd. N.,Arkansas City,AR,71630,(870) 877-2000,manager,Justin Bullock,justin.bullock@bruceoakley.com,"1,800,000 bus up.",Grain,
Heartland Co-Op,,"5550 S.E. Army Post Rd., P.O. Box A",Carlisle,IA,50047,(515) 266-4215,,,,"8,538,000 bus up.",Grain,
Grain Craft,,56 Silver St.,Kansas City,KS,66103,(913) 262-1779,Plant manager,Pat Eberle,,"466,000 bus up",Grain,
Grain Craft,,56 Silver St.,Kansas City,KS,66103,(913) 262-1779,Plant manager,Pat Eberle,,"10,400 cwts",Flour mills,
Minot Milling,,5600 Fourth Ave. N.E.,Minot,ND,58703,(701) 557-3700,Facility manager,Jason Smette,info@minotmilling.com,"6,000 cwts",Flour mills,
Minot Milling,,5600 Fourth Ave. N.E.,Minot,ND,58703,(701) 557-3700,Facility manager,Jason Smette,info@minotmilling.com,"8,800 cwts.",Specialty Mills,
Interstate Grain Corp.,,"5700 Up River Rd., P.O. Box 9924",Corpus Christi,TX,78469,(361) 289-5651,VP,Lloyd Schultz,lloyd@interstategrain.net,"4,500,000 bus up.",Grain,
"Agrex, Inc. (Western)",,57148 870th Rd.,Laurel,NE,68745,(402) 256-1200,Merchandiser,Darin Koepke,dkoepke@agrexinc.com,"1,700,000 bus up; 1,000,000 bus fl",Grain,
"The Andersons, Inc.",,5728 Sebring Warner Rd. E.,Greenville,OH,45331,(574) 737-2480,Plan operations manager,Ty Smith,,"3,100,000 bus up.",Grain,
Adm Benson Quinn,,575 Drake St.,St. Paul,MN,55102,(651) 292-9796,Manager,Erik Williams,,"2,187,000 bus up.",Grain,
"Viterra Usa Grain, Llc",,5755 S. Hoover Rd.,Wichita,KS,67215,(316) 226-7250,Manager,Alex Gerard,smitty@hop-elevator.com,"34,827,000 bus up.",Grain,
"Bartlett Grain Company, Lp",,5801 Birmingham Rd.,Kansas City,MO,64117,(816) 452-3134,Origination Manager,Rod Schlatter,r.schlatter@bartlettco.com,"4,307,000 bus up.",Grain,
Archer Daniels Midland Co.,,581 N. 43rd St.,Mendota,IL,61342,(815) 539-3040,Manager,Jeff Mauck,,"3,962,000 bus up",Grain,
Archer Daniels Midland Co.,,5848 Old Rte. 54,New Berlin,IL,62670,(217) 483-2442,Manager,Mark Hunsley,,"3,323,000 bus up.",Grain,
"Perdue Agribusiness Grain, Llc",,5915 Shiloh Camp Rd.,Shiloh,MD,21643,(410) 376-0003,manager,Joel Hurley,joel.hurley@perdue.com,"1,500,000 bus up.",Grain,
"Horse Heaven Grain, Llc",,60 Railroad Ave,Roosevelt,WA,99356,(509) 384-5411,Branch manager,Larry Jensen,hhg@gorge.net,"998,000 bus up",Grain,
"Columbia Grain International, Llc",,600 First St. N.,Havre,MT,59501,(406) 265-5451,Manager,Justin Smart,pdxmerchants@columbiagrain.com,"465,000 bus up.",Grain,
"Frontier Ag, Inc.",,"600 Genessee, P.O. Box 189",Burlington,CO,80807,(719) 346-9551,,,,"753,000 bus up.",Grain,
"Heritage Cooperative, Inc.",,600 River Rd.,East Liverpool,OH,43920,(330) 386-8229,,,,"160,000 bus up.",Grain,
"Falcon Rice Mill, Inc.",,"600 S. Ave. D, P.O. Box 771",Crowley,LA,70527,(337) 783-7114,President; CEO,Mona Trahan,,"4,000 cwts.",Specialty Mills,
"Arizona Grain, Inc.",,601 E. Main Ave.,Casa Grande,AZ,85122,(520) 836-8228; (800) 859-7333,President,Eric Wilkey,,"2,500,000 bus up; 2,500,000 bus fl.",Grain,
Adm Milling Co.,,601 First St.,Cheney,WA,99004,(509) 235-6216,Commercial manager,Shawn Lindhorst,milling@adm.com,"500,000 bus up",Grain,
Adm Milling Co.,,"601 First St., P.O. Box 248",Cheney,WA,99004,(509) 235-6216,Commercial manager,Shawn Lindhorst,milling@adm.com,"6,000 cwts",Flour mills,
Archer Daniels Midland Co.,,601 W. Division,Altamont,IL,62411,(618) 483-6171,Manager,Dennis Schaal,,"2,546,000 bus up; 800,000 bus fl.",Grain,
Producers Rice Ingredients,,"603 N. Park Ave., P.O. Box 1248",Stuttgart,AR,72160,(870) 673-4444,Plant manager,Justin McCormick,info@producersrice.com,,Specialty Mills,
"The Andersons, Inc.",,604 Blount St.,Lake Providence,LA,71254,(318) 66-7284,Operations manager,T-Bone Ellis,,"1,100,000 bus up",Grain,
Ardent Mills,,6041 Diana Toledo Almeida Rd.,Gibsonton,FL,33534,(813) 600-5475,manager,Steve Neely,steve.neely@ardentmills.com,"4,100,000 bus up.",Grain,
Ardent Mills,,6041 Diana Toledo Almeida Rd.,Gibsonton,FL,33534,(813) 600-3403,Plant manager,Steve Neely,steve.neely@ardentmills.com,"17,500 cwts",Flour mills,
"Riceland Foods, Inc.",,605 E. Commercial St.,Kennett,MO,63857,(573) 888-3458,District Manager,Daniel Bryant,riceland@riceland.com,"952,000 bus up.",Grain,
Landus Cooperative,,605 Fourth St.,Somers,IA,50586,(515) 467-5511,Regional manager,Randy Main,,"1,325,000 bus up; 879,000 bus fl.",Grain,
"Bunge North America, Llc",,605 Goodrich Rd.,Bellevue,OH,44811,(419) 483-5340,manager,Stewart Vetter,stewart.vetter@bunge.com,"6,537,000 bus up.",Grain,
"Grain Millers, Inc.",,"605 Grain Millers Dr., P.O. Box 399",St. Ansgar,IA,50472,(641) 713-4801,,,,,Specialty Mills,
"Grain Millers, Inc.",,"605 Grain Millers Dr., P.O. Box 399",St. Ansgar,IA,50472,(641) 713-4801,,,,,Mix Plants,
"Grain Millers, Inc.",,"605 Grain Millers Dr., P.O. Box 399 St.",Ansgar,IA,50472,(641) 713-4801,,,,,Specialty Mills,
"Grain Millers, Inc.",,"605 Grain Millers Dr., P.O. Box 399 St.",Ansgar,IA,50472,(641) 713-4801,,,,,Specialty Mills,
"Grain Millers, Inc.",,"605 Grain Millers Dr., P.O. Box 399 St.",Ansgar,IA,50472,(641) 713-4801,,,,,Specialty Mills,
"Grain Millers, Inc.",,"605 Grain Millers Dr., P.O. Box 399 St.",Ansgar,IA,50472,(641) 713-4801,,,,,Specialty Mills,
"Chs, Inc.",,605 S. Front St.,Pekin,IL,61554,(309) 346-2763,Terminal manager,Jeff Jefford,jeff.jefford@chsinc.com,"154,000 bus up.",Grain,
Archer Daniels Midland Co.,,605 S. Oak St.,Winslow,IN,47598,(812) 789-2830,Manager,Matt Stokebrand,,"704,664 bus up",Grain,
"Snavely'S Mill, Inc.",,607 Race St.,Mifflinville,PA,18631,(717) 626-6256,"Director, sales and marketing",Dave Braun,dbraun@snavelysmill.com,"2,400 cwts.",Flour mills,
"Snavely'S Mill, Inc.",,607 Race St.,Mifflinville,PA,18631,(717) 626-6256,"Director, sales and marketing",Dave Braun,dbraun@snavelysmill.com,,Specialty Mills,
"Snavely’S Mill, Inc.",,607 Race St.,Mifflinville,PA,18631,(717) 626-6256,"Director, sales and marketing",Dave Braun,dbraun@snavelysmill.com,,Specialty Mills,
"Snavely’S Mill, Inc.",,607 Race St.,Mifflinville,PA,18631,(717) 626-6256,GM,Sherry Hibshman,dbraun@snavelysmill.com,"1,200 cwts",Specialty Mills,
Archer Daniels Midland Co.,,609 N. S.R. 66,Rockport,IN,47635,(812) 649-9311,Superintendent,Ken Gibbs,,"2,469,334 bus up.",Grain,
Deseret Mills & Elevators,,61 S. 600,West Kaysville,UT,84037,(801) 544-3431,,,,"1,500 cwts",Flour mills,
Deseret Grain Storage,,61 S. 600 W.,Kaysville,UT,84037,(419) 399-9496,Manager,Walter Barnett,,"1,212,000 bus up",Grain,
Deseret Mills & Elevators,,61 S. 600 West,Kaysville,UT,84037,(801) 544-3431,,,,900 cwts.,Specialty Mills,
"General Mills, Inc.",,6101 S.E. 52nd St.,Carlisle,IA,50047,(515) 262-9353,,,,"1,624,000 bus up.",Grain,
"General Mills, Inc.",,6101 S.E. 52nd St.,Avon,IA,50047,(515) 262-9353,Plant manager,Anna Frey,,"11,300 cwts",Flour mills,
"General Mills, Inc.",,6101 S.E. 52nd St.,Avon,IA,50047,(515) 262-9353,Plant manager,Anna Frey,,,Mix Plants,
Consolidated Grain &Barge Co.,,613 County Hwy. 434,Portageville,MO,63873,(573) 379-5405; (800) 344-9285,regional manager,Murray Schwieger,,"2,759,000 bus up",Grain,
Adm Milling Co.,,614 W. Second St.,Mount Vernon,IN,47620,(812) 838-4445,Operations manager,Charlie Jackson,milling@adm.com,"1,200,000 bus up",Grain,
Adm Milling Co.,,614 W. Second St. Mount,Vernon,IN,47620,(812) 838-4445,Commercial manager,Charlie Jackson,milling@adm.com,"15,500 cwts",Flour mills,
"Columbia Grain International, Llc 6155 R. 1071",,6155 Rd 1071,Wolf Point,MT,59201,(406) 653-2809,manager,Dan Kohl,khiggins@columbiagrain.com,"788,000 bus up.",Grain,
"Columbia Grain International, Llc",,6155 Rd. 1071,Kasa Point,MT,59201,(406) 653-2810,Manager,Charlie Redfield,pdxmerchants@columbiagrain.com,"1,990,000 bus up.",Grain,
"Cargill, Incorporated",,616 Jefferson St.,Paris,IL,61944,(217) 465-5331,,,,,Specialty Mills,
"Cargill, Incorporated",,616 Jefferson St.,Paris,IL,61944,(217) 465-5331,,,,,Specialty Mills,
Landus Cooperative,,6173 158th Ave.,Storm Lake,IA,50588,(712) 732-2768,Regional manager,Randy Main,,"1,635,000 bus fl.",Grain,
Landus Cooperative,,619 E. Front St.,Lake City,IA,51449,(712) 464-3141,Regional manager,Randy Main,,"93,000 bus up; 898,000 bus fl.",Grain,
"Viterra Usa Grain, Llc",,620 N. Marrs,Amarillo,TX,79107,(806) 381-0331,Manager,Aaron McHargue,,"12,272,000 bus up.",Grain,
Adm Milling Co.,,620 W. 10th St.,Charlotte,NC,28202,(704) 332-3165,Commercial Manager,Jim Tobin,milling@adm.com,"1,300,000 bus up",Grain,
Adm Milling Co.,,"620 W. 10th St., P.O. Box 31155",Charlotte,NC,28202,(704) 332-3165,Operations manager,Mohammad Mohammad,milling@adm.com,"13,500 cwts",Flour mills,
Landus Cooperative,,620 W. Third St.,Carroll,IA,51401,(712) 792-3506,regional manager,Randy Main,,"1,510,000 bus up.",Grain,
"Chs, Inc.",,6200 W. Hwy. 13,Savage,MN,55378,(952) 894-9550; (800) 652-9727,,,,"1,448,000 bus up.",Grain,
Nutrasun Foods Ltd.,,6201 E. Primrose Green Dr.,Regina,SK,S4V 3L7,(306) 751-2040,GM,Bernie Moberly,info@nutrasunfoods.com,,Specialty Mills,
Nutrasun Foods Ltd.,,6201 E. Primrose Green Dr.,Regina,SK,S4V 3L7,(306) 751-2040,GM,Bernie Moberly,info@nutrasunfoods.com,,Specialty Mills,
Consolidated Grain & Barge Co.,,6206 Riverport Rd.,Henderson,KY,42420,(812) 833-3207,,,,,Grain,
Heartland Co-Op,,622 Marshall St.,Dexter,IA,50070,(515) 789-4230,manager,Justin Brummer,info@heartlandcoop.com,"2,800,000 bus up.",Grain,
"Attebury Grain, Inc.",,624 Burlington Rd.,Saginaw,TX,76179,(817) 847-8210,,,opsassistant@attebury.com,"6,636,000 bus up",Grain,
Landus Cooperative,,625 West St.,Bristow,IA,50615,,Regional manager,Amanda De Jong,,"515,000 bus up",Grain,
United Cooperative,,6250 Borden Rd.,Boscobel,WI,53805,(608) 375-2800,,,,"4,682,000 bus up",Grain,
Anne Arundel County Grain Elevator,,6272 S. Maryland Blvd.,Lothian,MD,20711,(301) 627-5100,,,,"995,000 bus up.",Grain,
"Dawn Food Products, Inc.",,"6303 Kenjoy Dr., P.O. Box 14032",Louisville,KY,40214,(502) 361-8471,,,questions@dawnfoods.com,,Specialty Mills,
"Dawn Food Products, Inc.",,"6303 Kenjoy Dr., P.O. Box 14032",Louisville,KY,40214,(502) 361-8471,,,questions@dawnfoods.com,,Mix Plants,
"Cargill, Incorporated",,"632 N. Center St., P.O. Box 39",Bremen,IN,46506,(574) 546-2457,,,,"747,000 bus up.",Grain,
Bakemark,,6325 S. Gateway Blvd.,Elyria,OH,44035,(440) 323-5100,,,information@bakemark.com,,Mix Plants,
"Pennant Ingredients, Inc.",,64 Chester St.,Rochester,NY,14611,(855) 783-3001,,,sales@pennant-ingredients.com,,Mix Plants,
Ingredion,,6400 S. Archer Ave.,Bedford Park,IL,60501,(708) 563-2400; (800) 443-2746,Plant manager,Ray Doogan,customer.service@ingredion.com,,Specialty Mills,
"Mfa, Inc.",,6438 N.E. Nettleton Rd.,Hamilton,MO,64644,(816) 465-4000,,,mfagrain@mfa-inc.com,"2,133,095 bus up.",Grain,
"Co-Alliance, Llp",,646 S. Meridin Rd.,Reynolds,IN,47980,(219) 984-5682,Facility manager,Steve Boyd,,"1,400,000 bus up; 550,000 bus fl",Grain,
"Cargill, Incorporated",,650 Industrial Park Dr.,Blair,NE,68008,(402) 533-4100,,,,,Specialty Mills,
Ardent Mills,,6509 77th Ave.,Kenosha,WI,53142,(262) 652-6756,Plant manager,Patrick Hicks,pat.hicks@ardentmills.com,"960,000 bus up",Grain,
Ardent Mills,,6509 77th Ave.,Kenosha,WI,53142,(262) 652-6756,Plant manager,Patrick Hicks,pat.hicks@ardentmills.com,"26,000 cwts",Flour mills,
"Cargill, Incorporated",,"651 81st St., P.O. Box 766",Pipestone,MN,56164,(507) 825-5841,,,,"1,682,000 bus up.",Grain,
"Bunge-Scf Grain, Llc",,651 N. Front St.,Fairmont City,IL,62201,(618) 271-2202,Manager,Jacob Meyer,jacob.meyer@bunge.com,"1,117,000 bus up",Grain,
"Cargill, Incorporated",,6526 County Rd. O,Shullsburg,WI,53586,(563) 556-4533,,,,"5,406,000 bus up",Grain,
California Family Foods,,"6550 Struckmeyer Rd., P.O. Box 1230",Arbuckle,CA,95912,(530) 476-3326,President,David Myers,alana@calrice.com,"4,500,000 cwts.",Specialty Mills,
"Chs, Inc.",,6603 S. Concord St.,Davenport,IA,52802,(563) 326-3581,Terminal manager,Mike Duncan,mike.duncan@chsinc.com,"1,000,000 bus up; 3,795,000 bus fl.",Grain,
"Central States Enterprises, Inc.",,"6627 N. 400 E., P.O. Box 25",Montpelier,IN,47359,(765) 728-9130,GM,Todd Rush,,"17,100,000 bus up.",Grain,
"Cargill, Incorporated",,6640 Ship Dr.,Portage (Burns Harbor),IN,46368,(219) 787-8613,,,,"7,768,000 bus up",Grain,
"Kokomo Grain Co., Inc.",,6672 E. 650 S.,Edinburgh,IN,46124,(812) 526-5574; (800) 284-2676,manager,Andy Fix,afix@kokomograin.com,"3,500,000 bus up; 8,500,000 bus fl.",Grain,
Consolidated Grain & Barge Co.,,6720 E Highway K,Charleston,MO,63834,(573) 675-3433; (888) 288-9830,general manager,Derek Oliver,,"146,000 bus up.",Grain,
"Cargill, Incorporated",,"6761 Kellogg Ave., P.O. Box 30347",Cincinnati,OH,45230,(513) 232-8981,,,,"440,000 bus up.",Grain,
"Columbia Grain International, Llc",,6776 18th St. N.E.,New Rockford,ND,58356,(701) 947-2560,GM,Jeff Knudson,jknudson@columbiagrain.com,"4,466,000 bus up",Grain,
Archer Daniels Midland Co.,,"6801 Memorial Hwy., P.O. Box 252",Ottawa Lake,MI,49267,(734) 856-3667,Manager,Brian Doellman,,"7,342,000 bus up.",Grain,
"Windmills Rice Co., Llc",,6875 Hwy. One S.,Jonesboro,AR,72404,(870) 932-0096,GM,Mary Hall,maryhall@windmillrice.com,,Specialty Mills,
"Perdue Agribusiness Grain, Llc",,6906 Zion Church Rd.,Salisbury,MD,21804,(410) 543-3463,Manager,Andrew Lee,andrew.lee@perdue.com,"9,400,000 bus up",Grain,
"Viterra Usa Grain, Llc",,6979 IL Rte. 78 N.,Warren,IL,61087,(815) 745-2900; (855) 551-1922,Manager,Ryan Horsfield,,"2,268,000 bus up.",Grain,
Landus Cooperative,,69866 Hwy. 210,Collins,IA,50055,(641) 385-2364,Regional manager,Amanda De Jong,,"2,261,000 bus up; 968,000 bus fl.",Grain,
"New Cooperative, Inc.",,700 Eagle St.,Duncombe,IA,50532,(515) 955-9001,Manager,Andrew Barton,duncombe@newcoop.com,"2,457,000 bus up; 1,398,000 bus fl.",Grain,
Grain Craft,,700 Milner Dr.,Birmingham,AL,35214,(205) 798-2360,Plant Manager,Bob Ruckman,,"1,750,000 bus up.",Grain,
Grain Craft,,700 Milner Dr.,Birmingham,AL,35214,(205) 798-2360,Plant manager,Bob Ruckman,,"18,500 cwts",Flour mills,
"Bunge North America, Llc",,700 N. Rangeline Rd.,Morristown,IN,46161,(765) 818-1111,Manager,Britt Kagay,britt.kagay@bunge.com,"4,744,000 bus up",Grain,
"Cargill, Incorporated",,700 Oregon St.,Muscatine,IA,52761,(563) 263-4343,,,,"1,256,000 bus up",Grain,
Archer Daniels Midland Co.,,701 Cash St.,Burlington,IA,52601,(319) 753-2857,Regional Manager,Dan Bowman,,"456,000 bus up; 1,5364,400 bus fl.",Grain,
Grain Craft,,701 E. 17th St.,Wichita,KS,67214,(316) 267-7311,Plant Manager,Andrew Moore,,"2,000,000 bus up.",Grain,
Grain Craft,,701 E. 17th St.,Wichita,KS,67214,(316) 267-7311,Plant superindendent,Andrew Moore,,"19,600 cwts.",Flour mills,
"Premier Cooperative, Inc.",,"701 N. Commercial Rd., P.O. Box 69",Thomasboro,IL,61878,(217) 643-3215,Regional Operations Manager,Jason Risley,,"3,600,000 bus up.",Grain,
"New Cooperative, Inc.",,701 N. Main St.,Everly,IA,51338,(712) 454-1038,Location Manager,Steve Loerts,,,Grain,
"Bartlett Milling Co., Lp",,701 S. Center St.,Statesville,NC,28677,(704) 872-9581,President,Bob Knief,,"15,000 cwts",Flour mills,
"Bartlett Milling Co., Lp",,701 S. Center St.,Statesville,NC,28677,(704) 872-9581,President,Bob Knief,,,Specialty Mills,
"Cargill, Incorporated",,702 Fair St.,Madison,MN,56256,(320) 598-7631,,,,"1,318,000 bus up.",Grain,
"Viterra Usa Grain, Llc",,70454 Hwy. 61,Benkelman,NE,69033,(308) 313-7820,Manager,Tracy Baker,,"1,387,000 bus up; 2,839,000 bus fl.",Grain,
Gilster Mary Lee Corp.,,"705 N. Sparta St., P.O. Box 98",Steeleville,IL,62288,(618) 965-3426,Plant superintendent,Louis Oulvey,,,Mix Plants,
Landus Cooperative,,"705 Packwaukee St., P.O. Box 307",New Hartford,IA,50660,(319) 983-2259,Regional manager,Amanda De Jong,,"2,680,000 bus up.",Grain,
Pride Ag Resources,,706 Bent St.,Ensign,KS,67841,(620) 865-4121,Branch manager,Jerry Pegelow,jpegelow@prideag.com,"4,248,000 bus up",Grain,
Siemer Milling Co.,,707 Harrison Brookville Rd.,West Harrison,IN,47060,(812) 637-4080,Plant manager,Sunil Maheshwari,,"2,227,000 bus up",Grain,
Siemer Milling Co.,,707 Harrison Brookville Rd.,West Harrison,IN,47060,(812) 637-4080,Plant manager,Sunil Maheshwari,,"10,500 cwts",Flour mills,
Siemer Milling Co.,,707 Harrison Brookville Rd.,West Harrison,IN,47060,(812) 637-4080,Plant manager,Sunil Maheshwari,,,Specialty Mills,
"Riceland Foods, Inc.",,708 Hwy. 11 N.,Des Arc,AR,72040,(870) 256-4125,District manager,Drew Widener,riceland@riceland.com,"2,778,000 bus up; 300,000 bus fl.",Grain,
Archer Daniels Midland Co.,,708 Water St,Henry,IL,61537,(309) 364-3344,Superintendent,Jeff Janusick,,"552,000 bus up.",Grain,
The Scoular Company,,709 Commercial St.,Downs,KS,67437,(785) 454-3513,Facility manager,Doug Lantz,information@scoular.com,"2,200,000 bus up",Grain,
Mennel Grain – Farm (Upper Sandusky),,7097 CR 47,Upper Sandusky,OH,43351,(419) 294-3078,Operations manager,Don Rall,graindivision@mennel.com,"905,000 bus up.",Grain,
"Columbia Grain International, Llc",,70th Ave. N.E.,Carrington,ND,58421,(701) 652-2831,Manager,Jeff Knudson,rmyers@columbiagrain.com,"334,000 bus up",Grain,
Pride Ag Resources,,"710 W. Trail St., P.O. Box 610",Dodge City,KS,67801,(620) 225-4193,Branch manager,Kim Snyder,ksnyder@prideag.com,"1,837,000 bus up",Grain,
"Viterra Usa Grain, Llc",,711 Old Brickyard Rd.,McLeansboro,IL,62859,(618) 643-2337,Regional Manager,Cody Smith,milling@adm.com,"775,000 bus up.",Grain,
"Michigan Agricultural Commodities, Inc.",,"7115 Maple Valley Rd., P.O. Box 399",Brown City,MI,48416,(810) 346-2711,Facility manager,Chuck Kunisch,ckunisch@michag.com,"3,600,000 bus up",Grain,
United Cooperative,,713 Stanton St.,Ripon,WI,54971,(920) 748-7488,,,,"7,292,549 bus up",Grain,
Farmers Cooperative,,71445-573rd Ave.,Jansen,NE,68377,(402) 424-2230; (800) 625-4807,Grain manager,Steven Arena,sarena@farmersco-operative.com,"4,465,286 bus up.",Grain,
Ardent Mills,,715 E. 13th St.,Wichita,KS,67214,(316) 670-8002,Regional plant manager,David Byers,david.byers@ardentmills.com,"27,000 cwts.",Flour mills,
Ardent Mills,,715 E. 13th St. N.,Wichita,KS,67214,(316) 670-8011,Manager,David Byers,david.byers@ardentmills.com,"2,500,000 bus up",Grain,
"Lakeside Mills, Inc.",,716 W. Main St.,Spindale,NC,28160,(828) 286-4866,VP,Aaron King,sales@lakesidemills.com,600 cwts,Flour mills,
"Lakeside Mills, Inc.",,716 W. Main St.,Spindale,NC,28160,(828) 286-4866,VP,Aaron King,sales@lakesidemills.com,"12,000 bus.",Specialty Mills,
"Lakeside Mills, Inc.",,716 W. Main St.,Spindale,NC,28160,(828) 286-4866,VP,Aaron King,sales@lakesidemills.com,,Mix Plants,
Frenchman Valley Farmers Co-Op,,71730 Hwy. 17,Culbertson,NE,69024,(308) 882-3200,Location Manager,Jay Pilgrim,info@fvcoop.com,"3,500,000 bus up",Grain,
"Viterra Usa Grain, Llc",,719 County Rd. 850 N.,Browns,IL,62818,(618) 446-5121,Manager,Brett Barnard,,"1,155,000 bus up; 2,245,000 bus fl",Grain,
Superior Ag,,719 Harvest Lane,Princeton,IN,47670,(812) 385-3487,Grain merchandiser,Sharon Manuell,,"2,214,000 bus up.",Grain,
"Hopkinsville Elevator Co., Inc.",,"720 Barge Point Rd., P.O. Box 2367",Clarksville,TN,37042,(931) 552-2418,Manager,Larry Waynick,larrywaynick@hop-elevator.com,"1,014,000 bus up",Grain,
United Cooperative,,720 N. Main St.,Oconto Falls,WI,54154,(920) 846-4775,,,,"2,598,000 bus up",Grain,
Cooperative Elevator Co.,,7211 E. Michigan Ave.,Pigeon,MI,48755,(989) 453-4500,CEO,Scott Gordon,info@coopelev.com,"7,000,000 bus up.",Grain,
Smithfield Grain,,"7211 Shawnee, P.O. Box 98",Harpster,OH,43323,(740) 692-7244,,,,"1,081,000 bus up.",Grain,
"Perdue Agribusiness Grain, Llc (Grain & Oilseed)",,73 Silverlake Rd.,Bridgeton,NJ,8302,(856) 455-1166,Manager,Matthew Colameco,matthew.colameco@perdue.com,"1,275,000 bus up",Grain,
P&H Milling Group,,730 Marginal Rd.,Halifax,NS,B3J 3C4,(902) 429-0622,Operations manager,Robert Bradford,info@phmilling.com,"7,700 cwts",Flour mills,
"Cargill, Incorporated",,"73033 L Rd., P.O. Box 468",Holdrege,NE,68949,(308) 995-8656,,,,"3,075,000 bus up",Grain,
Consolidated Grain & Barge Co.,,7305 Illinois Hwy. 26,Princeton,IL,61356,(815) 659-3366,GM,Nathan Schmidgall,,"1,292,000 bus up; 1,796,000 bus fl",Grain,
"Big J Milling & Elevator Co., Inc.",,"733 W. Forest, P.O. Box 717",Brigham City,UT,84302,(435) 723-3459,President,John Reese,,"1,920 cwts.",Flour mills,
Archer Daniels Midland Co.,,734 New Madrid Court,New Madrid,MO,63866,(573) 643-0055,Manager,Ryan Thurston,,"1,423,000 bus up.",Grain,
Bakemark,,7351 Crider Ave.,Pico Rivera,CA,90660,(562) 949-1054,,,information@bakemark.com,,Mix Plants,
"Bunge Milling, Inc.",,7383 N. 100 W.,Worthington,IN,47471,(812) 875-3113,Plant manager,Leonardo Olavarrieta,leonardo.olavarrieta@bunge.com,,Grain,
Bunge Milling,,7383 N. 100 W.,Worthington,IN,47471,(812) 875-3113,East region manager,John Greibat,millingsales@bunge.com,"3,333 bus.",Specialty Mills,
"Viterra Usa Grain, Llc",,7415 Terminal Rd.,Owensboro,KY,42355,(270) 264-5570,Manager,Trey Utsler,joe@hop-elevator.com,"1,445,000 bus up; 1,330,000 bus fl.",Grain,
Clifton Mill Co.,,"75 Water St., P.O. Box 100",Clifton,OH,45316,(937) 767-5501,Owner,Anthony Satariano Jr.,info@cliftonmill.com,400 cwts,Flour mills,
Clifton Mill Co.,,"75 Water St., P.O. Box 100",Clifton,OH,45316,(937) 767-5501,Owner,Anthony Satariano Jr.,info@cliftonmill.com,400 cwts,Specialty Mills,
Clifton Mill Co.,,"75 Water St., P.O. Box 100",Clifton,OH,45316,(937) 767-5501,Owner,Anthony Satariano Jr.,info@cliftonmill.com,,Specialty Mills,
Clifton Mill Co.,,"75 Water St., P.O. Box 100",Clifton,OH,45316,(937) 767-5501,Owner,Anthony Satariano Jr.,info@cliftonmill.com,"12,000 bus.",Specialty Mills,
Clifton Mill Co.,,"75 Water St., P.O. Box 100",Clifton,OH,45316,(937) 767-5501,Owner,Anthony Satariano Jr.,info@cliftonmill.com,,Mix Plants,
"Riceland Foods, Inc.",,755 Main St,Knobel,AR,72435,(870) 259-3244,Manager,David Burkheart,riceland@riceland.com,"808,000 bus up.",Grain,
"Cargill, Incorporated",,758 State Hwy.,NCharleston,MO,63834,(573) 683-3358,,,,"2,615,000 bus up.",Grain,
The Scoular Company,,75875 Grainton Rd. 351,Wallace,NE,69169,(402) 528-3515,Facility Manager,Blake Miller,information@scoular.com,"2,500,000 bus up.",Grain,
"Viterra Usa Grain, Llc",,7646 County Rd. 125 E.,Shelburn,IN,47879,(812) 397-5710,Manager,Jason Tutt,,"1,641,000 bus up; 3,108,000 bus fl",Grain,
The Scoular Company,,766 E. 20th St. S.,Wellington,KS,67152,(620) 326-3313,Facility Manager,Vince Utter,information@scoular.com,"3,377,000 bus up.",Grain,
Heartland Co-Op,,770 City Rd. DD,Farwell,TX,79325,(806) 825-2565,Manager,Alan Bilyeu,info@heartlandcoop.com,"5,900,000 bus up.",Grain,
"Lindley Mills, Inc.",,7763 Lindley Mill Rd.,Graham,NC,27253,(336) 376-6190,President,Joe Lindley,orders@lindleymills.com,,Flour mills,
"Lindley Mills, Inc.",,7763 Lindley Mill Rd.,Graham,NC,27253,(336) 376-6190,President,Joe Lindley,orders@lindleymills.com,,Specialty Mills,
"Lindley Mills, Inc.",,7763 Lindley Mill Rd.,Graham,NC,27253,(336) 376-6190,President,Joe Lindley,orders@lindleymills.com,,Specialty Mills,
"Lindley Mills, Inc.",,7763 Lindley Mill Rd.,Graham,NC,27253,(336) 376-6190,President,Joe Lindley,orders@lindleymills.com,,Mix Plants,
The Krusteaz Co.,,7851 S. 192nd St.,Kent,WA,98032,(206) 816-7799,"Sr. VP, operations",Mike Meredith,,,Flour mills,
The Krusteaz Co.,,7851 S. 192nd St.,Kent,WA,98032,(206) 816-7799,"Sr. VP, operations",Mike Meredith,,,Mix Plants,
Italgrani Elevator Co.,,7900 Van Buren,St. Louis,MO,63111,(314) 638-1447; (800) 274-1274,President,James Meyer,info@italgraniusa.com,"4,000,000 bus up.",Grain,
"U.S. Durum Milling, Inc.",,7900 Van Buren St.,St. Louis,MO,63111,(314) 638-1447,President,James Meyer,jmeyer@italgraniusa.com,"30,000 cwts.",Specialty Mills,
"U.S. Durum Milling, Inc. (Italgrani Usa, Inc./Richardson International)",,7900 Van Buren St.,St. Louis,MO,63111,(314) 638-1447,President,James Meyer,jmeyer@italgraniusa.com,"30,000 cwts",Specialty Mills,
Cpi,,7940 N. Hayland Ave.,Prosser,NE,68883,(402) 744-2361,,,jyoesel@cpicoop.com,"3,506,000 bus up;",Grain,
Doguet’S Rice Milling Co.,,795 S. Major Dr.,Beaumont,TX,77707,(409) 866-2297,President,Debbie Robbins,aray@doguets.com,"400,000 cwts",Specialty Mills,
Archer Daniels Midland Co.,,7979 S State Line Rd,State Line City,IN,47982,(765) 793-2512,Manager,George Greenwood,,"2,385,858 bus up; 750,00 bus",Grain,
Mennel Grain – C&O (Upper Sandusky),,798 Lincoln Way W.,Upper Sandusky,OH,43351,(410) 294-2179,Operations manager,Tracy Bollinger,graindivision@mennel.com,"1,987,000 bus up.",Grain,
"Ag Processing, Inc.",,800 Diagonal St,Dawson,MN,56232,(612) 769-4386,Plant merchandising manager,Jon Wager,jwager@agp.com,,Specialty Mills,
Farmers Cooperative,,800 Market St. N.E.,Decatur,AL,35601,(256) 308-1718,manager,David Mcgraw,info@woodallgrain.com,"2,331,000 bus up.",Grain,
Temco,,800 N. River St.,Portland,OR,97227,(503) 281-9177,,,,"1,200,000 bus up.",Grain,
"Viterra Usa Grain, Llc",,800 N. Villa Louis Rd.,Prairie du Chien,WI,53821,(608) 326-6111,Manager,Heath Thomas,heath.thomas@gavilon.com,"176,000 bus up",Grain,
"The Andersons, Inc.",,801 S. Reynolds Rd.,Toledo,OH,43615,(800) 433-3287,Operations manager,Chris McCullough,,"1,200,000 bus up.",Grain,
"Riceland Foods, Inc.",,802 E Harrison St,Stuttgart,AR,72160,(870) 349-2254,District Manager,Nick Kelley,riceland@riceland.com,"5,826,000 bus up.",Grain,
Allen Brothers Milling Co.,,804 Gervais St.,Columbia,SC,29201,(803) 779-2460; (800) 692-3584,President,William Allen,info@adluh.com,"1,000 cwts.",Flour mills,
Allen Brothers Milling Co.,,804 Gervais St.,Columbia,SC,29201,(803) 779-2460,President,William Allen,info@adluh.com,"2,000 bus.",Specialty Mills,
Allen Brothers Milling Co.,,804 Gervais St.,Columbia,SC,29201,(803) 779-2460,President,William Allen,info@adluh.com,,Mix Plants,
"Ag Processing, Inc.",,"804 Second Ave., P.O. Box 220",Sheldon,IA,51201,(712) 852-3334,Plant merchandising manager,Wayne Johnson,wjohnson@agp.com,,Specialty Mills,
"Skyland Grain, Llc",,80492 W. Hwy. 54,Pratt,KS,67124,(620) 895-6411,Manager,Todd Dean,contact@skylandgrain.com,"1,700,000 bus up",Grain,
"Riceland Foods, Inc.",,805 N Front,Gillett,AR,72055,(870) 548-2786,District Manager,Nick Kelley,riceland@riceland.com,"864,000 bus up.",Grain,
"Riceland Foods, Inc.",,809 W Front St,Altheimer,AR,72004,(870) 766-8667,District Manager,Nick Kelley,riceland@riceland.com,"1,235,000 bus up.",Grain,
"Bolton'S Crown Quality, Inc.",,"810 Fannin St., P.O. Box 1539",Vernon,TX,76398,(940) 552-9311,COO,Britt Ferguson,brittferguson@yahoo.com,"1,030,000 bus up",Grain,
"Red Wing Grain, Llc",,810 Levee Rd.,Red Wing,MN,55066,(651) 388-0731,manager,Jim Larson,jim@redwinggrain.com,"5,100,000 bus up.",Grain,
Agwrx Cooperative,,811 Burlington Northern Dr.,Watertown,SD,57201,(605) 886-3039,CEO,Lanny Kirsch,,"2,625,000 bus up",Grain,
"Cargill, Incorporated",,812 S. 250 W.,Aylesworth,IN,46341,(219) 996-2500,,,,"996,000 bus up",Grain,
"The Andersons, Inc.",,81244 Rd. 429,Anselmo,NE,68813,(308) 749-2571,"Director,",Adam Weedman,,"2,546,000 bus up",Grain,
Archer Daniels Midland Co.,,814 Uhlhorn Ave.,Evansville,IN,47710,(812) 422-1513,Superintendent,Cj Yeakley,,"2,116,211 bus up.",Grain,
"Cargill, Incorporated",,814 W. Main,Beardstown,IL,62618,(217) 323-3333,,,,"1,490,000 bus up",Grain,
"The Andersons, Inc.",,815 Hwy. 26,Bliss,ID,83314,(208) 352-4411,Operations manager,Doug Larson,,"1,400,000 bus up; 7,500,000",Grain,
"Riceland Foods, Inc.",,815 W. Third St.,Lonoke,AR,72086,(501) 676-6100,Manager,Sherman Taylor,riceland@riceland.com,"4,533,000 bus up.",Grain,
Archer Daniels Midland Co.,,816 N. Halstead,Hutchinson,KS,67504,(620) 663-4811,Manager,Cody Rine,,"6,336,000 bus up",Grain,
P&H Milling Group,,817 - 48th St. E.,Saskatoon,SK,S7K 0X5,(306) 931-1655,Operations manager,Francisco Gardulski,info@phmilling.com,,Specialty Mills,
Parrheim Foods,,817 48th St. E.,Saskatoon,SK,S7K 0X5,(306) 931-1655,GM,Glenn O’ Hara,parrheimsales@phmilling.com,"2,200 cwts.",Specialty Mills,
"Perdue Agribusiness Grain, Llc",,82 Steamboat Landing,Kinsale,VA,22488,(804) 472-3200,Manager,Sterling Lee,sterling.lee@perdue.com,"166,000 bus up",Grain,
Morrow County Grain Growers,,82014 Paterson Ferry Rd.,Irrigon,OR,97844,(541) 922-8221,"Manager, grain department",Duane Disque,duane@mcgg.net,"3,800,000 bus up.",Grain,
"Columbia Grain International,",,8214 138th Ave. N.E.,Crystal,ND,58222,(701) 657-2116,Manager,Larry Mccollum,pdxmerchants@columbiagrain.com,"1,761,000 bus up.",Grain,
Owensboro Grain Co.,,822 E. Second St.,Owensboro,KY,42303,(270) 926-2032; (800) 874-0305,,,,"1,600,000 bus up; 1,600,000 bus fl.",Grain,
Archer Daniels Midland Co.,,822 W. Tinkham,Havana,IL,62644,(309) 543-2267; (800) 322-6839,District Manager,Austin Ramsey,,"178,000 bus up.",Grain,
"Cargill, Incorporated",,830 S. Crescent,Gilman,IL,60938,(815) 265-7251,,,,"10,804,000 bus up.",Grain,
Hansen-Mueller Co.,,8300 High Level Rd.,Houston,TX,77029,(713) 672-8069,,,,"6,649,000 bus up",Grain,
"Lehi Roller Mills, Llc",,"833 E. Main St., P.O. Box 217",Lehi,UT,84043,(801) 768-4401; (877) 311-3566,COO,Brock Knight,customerservice@lehirollermills.com,"1,000 cwts.",Flour mills,
"Lehi Roller Mills, Llc",,"833 E. Main St., P.O. Box 217",Lehi,UT,84043,(801) 768-4401,COO,Brock Knight,customerservice@lehirollermills.com,,Mix Plants,
Archer Daniels Midland Co.,,837 N. Market St.,Hoopeston,IL,60942,(217) 283-5147; (800) 472-4623,Manager,Charlie Smith,,"1,943,000 bus up; 2,400,000 bus fl.",Grain,
"Agrex, Inc.",,83720 553 Ave.,Enola,NE,68701,(402) 454-3366; (800) 523-8181,Merchandiser,Scott Mason,jweidner@agrexinc.com,"2,320,000 bus up; 1,100,000 bus fl.",Grain,
Frontier Cooperative Co.,,840 W. 13th St.,Schuyler,NE,68661,(402) 352-2471,Branch manager,Andy Ziemba,andy.ziemba@frontiercooperative.com,"3,180,000 bus up",Grain,
"Attebury Grain, Inc. (Lakeside)",,8501 S.E.,First Amarillo,TX,79118,(806) 372-4323,,,opsassistant@attebury.com,"5,481,000 bus up",Grain,
Archer Daniels Midland Co.,,8524 Indigo Rd.,St. Cloud,MN,56301,(320) 252-5253,Manager,Mark Joplin,,"3,200,000 bus up.",Grain,
Adm Milling Co.,,854 Bethel Ave,Beech Grove,IN,46107,(317) 783-3321,Operations manager,Tim Maisch,milling@adm.com,"26,400 cwts",Flour mills,
Adm Milling Co.,,"854 Bethel Ave., P.O. Box 610",Beech Grove,IN,46107,(317) 783-3321,Commercial Manager,Andy Spirek,milling@adm.com,"4,400,000 bus up",Grain,
"Cargill, Incorporated",,"858 S.W. Vene, R.R. 3, Box 107",Kingman,KS,67068,(620) 532-2992,Manager,Jeff Neighbors Jr.,,"384,000 bus up",Grain,
Central Valley Ag,,"86288 516th Ave., P.O. Box 316",Orchard,NE,68764,,manager,Jeff Krebs,info@cvacoop.com,"500,000 bus up.",Grain,
"Viterra Usa Grain, Llc",,866 N. 600 E.,Rushville (Glenwood),IN,46173,(765) 304-7000,Manager,Josh Perkins,,"895,000 bus up; 799,000 bus fl",Grain,
"Cargill, Incorporated",,"87087-494th Ave., P.O. Box 724",O'Neill,NE,68763,(402) 336-4010,"Operations Manager, East Grain Region",Tracy Denton,info@cvacoop.com,"6,432,000 bus up.",Grain,
"The Andersons, Inc.",,875 W. Railroad Dr.,Glenns Ferry,ID,83623,(208) 366-2229,Operations manager,Doug Larson,,"524,000 bus up.",Grain,
"Columbia Grain International, Llc",,883 Mountain View Rd.,Carter,MT,59420,(406) 734-5336,Area Manager,Greg Smith,pdxmerchants@columbiagrain.com,"1,196,000 bus up.",Grain,
Zen-Noh Grain Corp.,,8886 LA 44,Convent,LA,70723,(225) 562-3571,,,,"4,000,000 bus up.",Grain,
Consolidated Grain & Barge Co.,,8902 Trulock Bay Rd.,Sherrill,AR,72152,(870) 535-3335,Regional Manager,Jason Herr,,"4,687,000 bus up.",Grain,
Consolidated Grain & Barge Co.,,896 S. Walker St.,West Memphis,AR,72301,(870) 735-3330,Regional Manager,Murray Schwieger,,"964,000 bus up.",Grain,
Grain Craft,,900 16th St. N.,Great Falls,MT,59401,(406) 727-7366,Plant Manager,Monte Thompson,,"1,000,000 bus up; 500,000 bus fl.",Grain,
"Cargill, Incorporated",,"900 Catlett St., P.O. Box 267",Hickman,KY,42050,(270) 236-9000,,,zack@hop-elevator.com,"2,494,000 bus up. Svc: Automat",Grain,
"Chs, Inc.",,"900 E. Columbia Dr., P.O. Box 6267",Kennewick,WA,99336,(509) 586-1128,Manager,Dennis Spangler,,"1,100,000 bus up; 4,100,000 bus fl.",Grain,
"Ag Processing, Inc.",,"900 Lower Lake Rd., P.O. Box 427",St. Joseph,MO,64502,(816) 238-1700,Plant merchandising manager,Reggie Kock,rkock@agp.com,,Specialty Mills,
Landus Cooperative,,900 W. First St.,Ida Grove,IA,51445,(712) 364-3013,Regional manager,Randy Main,,"4,956,000 bus up; 976,000 bus fl.",Grain,
"Premier Cooperative, Inc.",,901 N. Plum St.,Farmer City,IL,61842,(309) 928-2185,,,,"4,270,636 bus up; 917,364 bus fl.",Grain,
Grain Craft,,901 W. 16th St. N.,Great Falls,MT,59401,(406) 727-7366,Plant manager,Travis Devlin,,"7,500 cwts",Flour mills,
Farmers Cooperative Elevator,,9011 N. A St.,Wellington,KS,67152,(620) 326-7496; (800) 993-7280,,,curt@wellingtoncoop.com,"2,108,000 bus up.",Grain,
Agtegra Cooperative,,902 Railway Ave.,Alpena,SD,57312,(605) 849-3252,Regional manager,Jack Nelson,,"2,170,000 bus up.",Grain,
"Attebury Grain, Inc.",,902 W.,Broadway Brownfield,TX,79316,,,,,"3,623,000 bus up",Grain,
"The Andersons, Inc.",,904 Verona Lane,Newellton,LA,71357,(318) 467-5147,Operations manager,T-Bone Ellis,,"686,000 bus up",Grain,
Ardent Mills,,905 W. Marion St.,Lake City,MN,55041,(651) 345-3351,Plant manager,Seth Beyer,seth.beyer@ardentmills.com,"868,000 bus up",Grain,
Ardent Mills,,905 W. Marion St.,Lake City,MN,55041,(651) 345-3351,Plant manager,Seth Beyer,seth.beyer@ardentmills.com,"16,000 cwts",Flour mills,
"West Plains, Llc",,9155 RL Ostos Rd.,Brownsville,TX,78521,(225) 439-8173,Regional manager,Blake Ducote,,"3,000,000 bus up.",Grain,
"Mid-Columbia Producers, Inc.",,91589 Bargeway,Biggs,OR,97065,(541) 739-2400,,,,"1,799,000 bus up.",Grain,
Archer Daniels Midland Co.,,9179 W. State Rd. 14,Rensselaer,IN,47978,(219) 866-8244,Manager,George Greenwood,,"4,320,000 bus up.",Grain,
"Riceland Foods, Inc.",,918 New Madrid County Port,AuthorityMarston,MO,63866,(573) 643-2241,Manager,Kevin Lyons,riceland@riceland.com,"2,807,000 bus up",Grain,
"Riceland Foods, Inc.",,918 New Madrid County Port,Authority Marston,MO,63866,(573) 643-2241,Manager,Kevin Lyons,riceland@riceland.com,"341,000 bus up",Grain,
"New Cooperative, Inc.",,92 First Ave. E.,Knierim,IA,50552,(515) 463-2331,Manager,Lukis Anderson,knierim@newcoop.com,"2,062,000 bus up; 2,998,000 bus fl.",Grain,
"Cargill, Incorporated",,"920 E. U.S. Hwy. 36, P.O. Box 230",Tuscola,IL,61953,(217) 253-3389,,,,"7,942,000 bus up.",Grain,
Aurora Cooperative Elevator Co.,,920 Shady Bend Rd.,Grand Island,NE,68801,(308) 384-2323,,,,"1,200,000 bus up",Grain,
The Scoular Company,,925 Factory St.,Fremont,NE,68025,(888) 950-0083,Asset Trade Unit Manager,Landon Cousins,information@scoular.com,"2,080,746 bus up; 2,440,913 bus fl.",Grain,
"Cargill, Incorporated",,933 River Rd.,Westwego,LA,70094,(504) 436-5800,,,,"4,733,000 bus up.",Grain,
Ardent Mills,,9345 Hwy. 127,Fairmount,ND,58030,(701) 474-5414,Plant Manager,Don Niblock,don.niblock@ardentmills.com,"305,000 bus up.",Grain,
Ardent Mills,,9345 Hwy. 127,Fairmount,ND,58030,(701) 474-5414,Plant manager,Don Niblock,don.niblock@ardentmills.com,"7,600 cwts",Flour mills,
"Cargill, Incorporated",,935 S 4th St W,Cheyenne Wells,CO,80810,(719) 767-5625,,,,"3,248,000 bus up.",Grain,
Farmers Cooperative,,940 Calvert St.,Lincoln,NE,68542,(402) 423-8977,Branch Manager,Craig Beguin,avavra@farmersco-operative.com,"4,400,000 bus up; 2,000,000 bus fl.",Grain,
"Bartlett Grain Company, Lp",,940 Kindleberger Rd.,Kansas City,KS,66115,(913) 321-1696,Origination manager,Rod Schlatter,r.schlatter@bartlettco.com,"10,031,000 bus up",Grain,
"Premier Cooperative, Inc.",,949 CR 700 N,Tolono,IL,61880,(217) 485-3133,Regional Operations Manager,Josh Likeric,,"2,200,000 bus up; 1,125,000 bus fl.",Grain,
Ardent Mills,,95 33rd St. E.,Saskatoon,SK,S7K 0R8,(306) 665-7200,Plant manager,Erica Porter,erica.porter@ardentmills.com,"6,700 cwts",Specialty Mills,
Ardent Mills,,95 33rd St. E.,Saskatoon,SK,S7K 0R8,(306) 665-7200,Plant manager,Erica Porter,erica.porter@ardentmills.com,,Mix Plants,
Adm Milling Co.,,950 rue Mill,Montreal,QC,H3C 1Y4,(514) 846-8500,Commercial manager,Sophie Kut,milling@adm.com,"4,400 cwts",Specialty Mills,
"French Camp Grain Elevators, Llc",,"9504 S. Harlan Rd., P.O. Box 97",French Camp,CA,95231,(209) 982-1121,Manager,Jack Grunsky,jack@frenchcampgrain.com,"1,000,000 bus up; 300,000 bus fl.",Grain,
Archer Daniels Midland Co.,,9521 W. S.R. 662,Newburgh,IN,47630,(812) 853-2986,Superintendent,Cj Yeakley,,"2,486,691 bus up.",Grain,
"Louis Dreyfus Company, Llc",,"955 Alaskan Way W., Pier 86",Seattle,WA,98119,(206) 284-4851,Superintendent,Mitch Hutchinson,,"4,200,000 bus up",Grain,
Corbion,,96 E. Union Ave.,East Rutherford,NJ,7073,(201) 672-0510,,,milling@corbion.com,,Mix Plants,
"Cofco International Grains Usa, Llc",,960 E. Bay St.,Milwaukee,WI,53207,(414) 482-1900,,,,"3,263,000 bus up",Grain,
Mennel Grain – Foraker,,9603 CR 89,Alger,OH,45812,(419) 675-2655,"Director, grain operations",Mike MaGinn,graindivision@mennel.com,"880,000 bus up",Grain,
"Nunn Milling Co., Inc.",,9634 Hedden Rd.,Evansville,IN,47725,(812) 867-4500,Branch manager,Richard Nunn,,700 cwts,Flour mills,
"Nunn Milling Co., Inc.",,9634 Hedden Rd.,Evansville,IN,47725,(812) 867-4500,Branch manager,Richard Nunn,,"less than 12,000 bus.",Specialty Mills,
Cooperative Elevator Co.,,969 E. Pine St.,Sebewaing,MI,48759,(989) 883-3030,,,info@coopelev.com,"400,000 bus up.",Grain,
Bucyrus Flour Mill,,970 Nevada Rd.,Bucyrus,OH,44820,(419) 562-7565,Manager,Keith Koehler,bucyrusflourmill@mennel.com,"5,000 cwts",Flour mills,
Bucyrus Flour Mill (The Mennel Milling Co.),,970 Nevada Rd.,Bucyrus,OH,44820,(419) 562-7565,Manager,Keith Koehler,bucyrusflourmill@mennel.com,"5,000 cwts",Specialty Mills,
Archer Daniels Midland Co. (Hooker),,98-37th,Mile Hooker,OK,73945,(580) 652-2623,Manager,Jayson Featherston,,"1,548,000 bus up.",Grain,
Archer Daniels Midland Co.,,"9808 N. Wood St., P.O. Box 356",Brookston,IN,47923,(765) 563-3181,Manager,George Greenwood,,"3,557,000 bus up.",Grain,
"Chs, Inc.",,988 Riverview Dr,Winona,MN,55987,(507) 452-1992,Manager,Larry Laber,,"354,000 bus up.",Grain,
Consolidated Grain & Barge Co.,,992 River Grain Rd.,Greenville,MS,38701,(662) 378-8135,Regional Manager,Jason Herr,,"3,188,000 bus up.",Grain,
"Perdue Agribusiness Grain, Llc",,9924 Bishop Rd.,Bishopville,MD,21813,(410) 352-3598,manager,Eddie Hill,eddie.hill@perdue.com,"1,800,000 bus up.",Grain,
Consolidated Grain & Barge Co.,,AR 198 Hwy.,Osceola,AR,72370,,Regional manager,Murray Schwieger,,"609,000 bus up; 3,597,000 bus fl.",Grain,
Sem-Chi Rice Products Corp.,,Atlantic Sugar Rd.,Belle Glade,FL,33430,(561) 996-6054,Plant manager,Rene Gonzalez,,"1,000,000 cwts.",Specialty Mills,
"Columbia Grain International, Llc",,"Border Rd., R.R. Yard, P.O. Box 607",Sweetgrass,MT,59484,(406) 335-2530,manager,Steve Olsen,pdxmerchants@columbiagrain.com,"1,453,000 bus up",Grain,
Consolidated Grain & Barge Co.,,"Church St., P.O. Box 312",Enfield,IL,62835,(618) 963-2316,GM,Derek Oliver,,"1,215,000 bus up",Grain,
Richardson Milling Ltd.,,Corman Park,No. 344,SK,S0K 2T0,(306) 975-0083,Plant manager,Dan Charbonneau,communications@richardson.ca,"10,000 cwts",Specialty Mills,
Richardson Milling Ltd.,,County of Barrhead No. 11,AB,,T7N 0H8,(780) 674-4669,Plant manager,Tony Hiscock,communications@richardson.ca,"2,000 cwts",Specialty Mills,
Richardson Milling Ltd.,,County of Barrhead No. 11,AB,,T7N 0H8,(780) 674-4669,Plant manager,Tony Hiscock,communications@richardson.ca,,Specialty Mills,
"Cargill, Incorporated",,"County Rd. 1100 N., P.O. Box 117",Linden,IN,47955,(765) 339-7251,,,,"3,311,000 bus up.",Grain,
Archer Daniels Midland Co.,,E. 17th,Hutchinson,KS,67501,(620) 663-7957,Manager,Cody Rine,,"4,071,000 bus up",Grain,
Adm Milling Co.,,E. 2301 Trent Ave.,Spokane,WA,99202,(509) 534-2636,Commercial manager,Shawn Lindhorst,milling@adm.com,"850,000 bus up",Grain,
"Viterra Usa Grain, Llc",,"E. Hwy. 30, P.O. Box 225",Cozad,NE,69130,(308) 784-3611,Manager,Aaron Richards,,"1,101,000 bus up",Grain,
Landus Cooperative,,E. Paton St.,Paton,IA,50217,(515) 968-4112,Regional manager,Randy Main,,"770,000 bus up; 344,000 bus fl",Grain,
Adm Milling Co.,,"East 2301 Trent Ave., P.O. Box 2545",Spokane,WA,99202,(509) 534-2636,Commercial manager,Shawn Lindhorst,milling@adm.com,"12,500 cwts",Flour mills,
Adm Milling Co.,,"East 2301 Trent Ave., P.O. Box 2545",Spokane,WA,99202,(509) 534-2636,Commercial manager,Shawn Lindhorst,milling@adm.com,,Mix Plants,
"Ray-Carroll County Grain Growers, Inc.",,First and Cherry,streets Norborne,MO,64668,(660) 593-3327,Branch Manager,Troy Tague,,"2,026,000 bus up.",Grain,
Buffalo Creek Mills,,"Five Park Ave., RM of Rhineland Industrial",Park Altona,MB,R0G0B0,(204) 324-0214,"Director, sales & purchasing",Tyson Fehr,info@buffalocreekmills.com,,Specialty Mills,
Buffalo Creek Mills,,"Five Park Ave., RM of Rhineland Industrial",Park Altona,MB,R0G0B0,(204) 324-0214,"Director, sales & purchasing",Tyson Fehr,info@buffalocreekmills.com,,Specialty Mills,
Buffalo Creek Mills,,"Five Park Ave., RM of Rhineland Industrial Park",Altona,MB,R0G0B0,(204) 324-0214,"Director, sales & purchasing",Tyson Fehr,info@buffalocreekmills.com,,Specialty Mills,
"Riceland Foods, Inc.",,Four Country Rd. 503,McCrory,AR,72101,(870) 697-2277,District Manager,Rob Wilson,riceland@riceland.com,"2,330,000 bus up.",Grain,
"Supreme Rice, Llc",,Four S. Ave. D.,Crowley,LA,70526,(337) 783-9777,Chairman; CEO,Bobby Hanks,sales@supremerice.com,,Specialty Mills,
Farmers Co-Op Association,,"Fourth and Barnes streets, P.O. Box 603",Alva,OK,73717,(580) 327-3854,GM,Ronnie Truelock,ronnie@alvacoop.com,"1,000,000 bus up.",Grain,
Farmers Co-Op Association,,"Fourth and Barnes streets, P.O. Box 603",Alva,OK,73717,(580) 327-3854,GM,Ronnie Truelock,ronnie@alvacoop.com,"2,000,000 bus up.",Grain,
"Cargill, Incorporated",,"Front St., P.O. Box 350",Hennepin,IL,61272,(815) 925-7311,,,,"100,000 bus up.",Grain,
"Cargill, Incorporated",,"Gruver Hwy. 15, P.O. Box 265",Spearman,TX,79081,(806) 659-3554,,,,"6,995,000 bus up",Grain,
Archer Daniels Midland Co. (Hooker),,H. 54 County Rd. 42,Hooker,OK,73945,(580) 652-3761,Manager,Jayson Featherston,,"2,263,000 bus up.",Grain,
Kansas State University,,"Hal Ross Flour Mill, 1980 Kimball Ave.",Manhattan,KS,66502,(785) 532-6161,Department head,Hulya Dogan,grains@ksu.edu,400 cwts,Flour mills,
Consolidated Grain & Barge Co.,,"Hwy. 100 and Arkansas River, P.O. Box 425",Webbers Falls,OK,74470,(918) 464-2296,Regional manager,Tim Simmons,,"1,230,000 bus up.",Grain,
Western Consolidated Cooperative,,"Hwy. 119 S., 458 Munsterman St.",Appleton,MN,56208,(320) 669-7501,,,dadams@cfscoop.com,"3,450,000 bus up.",Grain,
Archer Daniels Midland Co.,,Hwy. 156 and Hwy. 15,Novelty,MO,63460,(660) 739-4323,Manager,Brian Doellman,,"1,400,000 bus up.",Grain,
Consolidated Grain & Barge Co.,,Hwy. 164 and Front St.,Oquawka,IL,61469,(309) 867-3131,Regional Manager,Russ Leuck,,"1,593,000 bus up.",Grain,
"Ray-Carroll County Grain Growers, Inc. Hwy. 24 E., P.O. Box 249",,"Hwy. 24 E., P.O. Box 249",Carrollton,MO,64633,(660) 542-2745,Manager,David Heddings,,"3,857,000 bus up.",Grain,
Agriservices Of Brunswick,,"Hwy. 24 W., P.O. Box 38",Brunswick,MO,65236,(660) 549-3351; (800) 279-4229,Grain Merchandiser,Kevin Holcer,mike@agriservices.com,"1,946,000 bus up; 1,900,000 bus fl.",Grain,
"Cargill, Incorporated",,Hwy. 40 and First St.,Cheyenne Wells,CO,80810,(719) 767-5625,,,,"20,000 bph",Grain,
"Cargill, Incorporated",,"Hwy. 47 S., P.O. Box 31",Gibson City,IL,60936,(815) 265-7251,,,,,Grain,
"The Andersons, Inc.",,Hwy. 50 and Addison Ave. E.,Hansen,ID,83334,(208) 423-4197,Operations supervisor,Stephen Frampton,,"111,000 bus up.",Grain,
"Cargill, Incorporated",,Hwy. 59 W.,Atchison,KS,66002,(913) 367-1621,,,,"6,568,000 bus up.",Grain,
"Producers Rice Mill, Inc.",,"Hwy. 61 S., P.O. Box 246",Wilson,AR,72395,(870) 655-8718,manager,Spencer White,info@producersrice.com,"742,000 bus up.",Grain,
"Producers Rice Mill, Inc.",,"Hwy. 61 S., P.O. Box 457",Boyle,MS,38730,(662) 843-6346,manager,William Hairston,info@producersrice.com,"1,967,000 bus up.",Grain,
"Producers Rice Mill, Inc.",,Hwy. 82 W. and Producers Dr.,Greenville,MS,38701,(662) 334-6266,Plant Manager,Chris Holliman,info@producersrice.com,"1,783,000 bus up.",Grain,
"Producers Rice Mill, Inc.",,Hwy. 82 W. and Producers Dr.,Greenville,MS,38701,(662) 334-6266,"VP, operations",Steven Carver,info@producersrice.com,,Specialty Mills,
Assumption Co-Op Grain Co.,,Hwy. Rte. 29,Owaneco,IL,62555,(217) 879-2363,,,acoop@acoop.com,"473,500 bus up",Grain,
Archer Daniels Midland Co.,,"Illinois Rte. 17, P.O. Box 117",Keithsburg,IL,61442,(309) 374-2252; (800) 322-0350,Manager,Dan Bowman,,"340,000 bus up.",Grain,
"Riviana Foods, Inc.",,Junction Hwy. 11 & 70,Hazen,AR,72064,(870) 255-3345,,,,,Specialty Mills,
Consolidated Grain & Barge Co.,,Lock and Dam Rd. 18,Gladstone,IL,61437,(309) 325-7100,Regional Manager,Russ Leuck,,"710,000 bus up; 909,000 bus fl.",Grain,
"Attebury Grain, Inc.",,Loop 335 S.,Amarillo,TX,79118,(806) 335-1639,,,opsassistant@attebury.com,"6,337,000 bus up",Grain,
Consolidated Grain & Barge Co.,,Main and Carroll,streets Naples,IL,62665,(217) 754-3331,GM,Jay Day,,"7,122,000 bus up; 2,010,000 bus fl.",Grain,
Agwrx Cooperative,,"Main and Second streets, P.O. Box 66",Henry,SD,57243,(605) 532-5812,Manager,John Guest,,"2,500,000 bus up.",Grain,
"Cargill, Incorporated",,Main St,Vienna,SD,57271,(605) 625-3301,,,,"2,059,000 bus up",Grain,
"Perdue Agribusiness Grain, Llc",,Mechanics Valley Rd.,North East,MD,21901,(410) 287-3030,manager,Cale Adams,cale.adams@perdue.com,"670,000 bus up.",Grain,
"Producers Rice Mill, Inc.",,N Anna St,Stuttgart,AR,72160,(870) 673-4444,President,Keith Glover,info@producersrice.com,"12,598,000 bus up; 780,000 bus fl.",Grain,
"Producers Rice Mill, Inc.",,N Anna St,Stuttgart,AR,72160,(870) 673-4444,manager,Richard Turney,info@producersrice.com,"2,284,000 bus fl.",Grain,
Consolidated Grain & Barge Co. (Enid),,N. 30th St.,Enid,OK,73702,(580) 233-5800,Regional manager,Tim Simmons,,"19,507,000 bus up.",Grain,
Archer Daniels Midland Co.,,"N. River Rd., P.O. Box 352",Morris,IL,60450,(815) 942-3700,Superintendent,Jay Sarver,,"242,000 bus up.",Grain,
Ludlow Coop Elevator,,"N. Rte 45, P.O. Box 322",Paxton,IL,60957,(217) 379-4366; (800) 858-3569,Paxton manager,Myron Rust,info@ludlowcoop.com,"6,200,000 bus up; 2,150,000 bus fl",Grain,
Northern Crops Institute,,"NDSU Dept. 7400, P.O. Box 6050",Fargo,ND,58108,(701) 231-7736,Director,Mark Jirik,nci@ndsu.edu,25 cwts,Flour mills,
Northern Crops Institute,,"NDSU Dept. 7400, P.O. Box 6050",Fargo,ND,58108,(701) 231-7736,Director,Mark Jirik,nci@ndsu.edu,25 cwts.,Specialty Mills,
"Agrex, Inc. (Western)",,NE - 8,Superior,NE,68978,(402) 879-4702,Merchandiser,Max Hoskinson,mhoskinson@agrexinc.com,"2,800,000 bus up",Grain,
The Scoular Company,,NE-23,Venango,NE,69168,(800) 328-3268,Asset trade unit manager,Bryant Benson,information@scoular.com,"2,400,000 bus up",Grain,
"Ag Processing, Inc.",,"North Commercial, Box 85",Eagle Grove,IA,50533,(515) 448-4711,Merchandising manager,Shara Schmeling,sschmeling@agp.com,,Specialty Mills,
Archer Daniels Midland Co.,,"North Prairie St., P.O. Box 39",Lacon,IL,61540,(309) 246-2515,Superintendent,Gordon Crank,,"189,718 bus up.",Grain,
Ardent Mills,,One B Riverside Lane,Chattanooga,TN,37406,(423) 698-4431,Plant manager,Alex Stewart,alex.stewart@ardentmills.com,"18,000 cwts.",Flour mills,
"Cargill, Incorporated",,One Cargill Dr.,Eddyville,IA,52553,(641) 969-4511,,,,,Specialty Mills,
Archer Daniels Midland Co.,,One E. Grand Ave. St.,Louis,MO,63147,(314) 241-9113,Manager,Brian Doellman,,"1,573,000 bus up.",Grain,
Grain Millers Canada Corp.,,"One Grain Millers Dr., P.O. Box 5040",Yorkton,SK,S3N 3Z4,(306) 783-2931,,,,,Specialty Mills,
Grain Millers Canada Corp.,,"One Grain Millers Dr., P.O. Box 5040",Yorkton,SK,S3N 3Z4,(306) 783-2931,,,,,Specialty Mills,
Grain Millers Canada Corp.,,"One Grain Millers Dr., P.O. Box 5040",Yorkton,SK,S3N 3Z4,(306) 783-2931,,,,"80,000 cwts.",Specialty Mills,
Adm Milling Co.,,"One King St., P.O. Box 310 Port",Colborne,ON,L3K 4E6,(905) 835-4515,Commercial manager,Quinn Debrouwer,milling@adm.com,,Mix Plants,
The Birkett Mills,,"One Main St., P.O. Box 440",Penn Yan,NY,14527,(315) 536-3311,Branch manager,Jeff Gifford,contact@thebirkettmills.com,,Specialty Mills,
The Birkett Mills,,"One Main St., P.O. Box 440",Penn Yan,NY,14527,(315) 536-3311,Branch manager,Jeff Gifford,contact@thebirkettmills.com,,Specialty Mills,
Archer Daniels Midland Co.,,One N. Halstead,Hutchinson,KS,67501,(620) 662-0601,Manager,Cody Rine,,"18,307,000 bus up",Grain,
Edwards Mill & General Store,,One Opportunity Ave.,College of the Ozarks Point Lookout,MO,65726,(417) 690-3355,Miller,Chad Dardenne,cdardenne@cofo.edu,,Flour mills,
Edwards Mill & General Store,,One Opportunity Ave.,College of the Ozarks Point Lookout,MO,65726,(417) 690-3355,Miller,Chad Dardenne,cdardenne@cofo.edu,,Specialty Mills,
Edwards Mill & General Store,,"One Opportunity Ave., College of the Ozarks",Point Lookout,MO,65726,(417) 690-3355,Miller,Chad Dardenne,cdardenne@cofo.edu,,Mix Plants,
Dakota Growers Pasta Co.,,One Pasta Ave.,Carrington,ND,58421,(701) 652-2855,,,jjarrett@dakotagrowers.com,"17,000 cwts.",Specialty Mills,
"Mid-Columbia Producers, Inc.",,One Port Island,Arlington,OR,97812,(541) 454-2751,,,,"769,000 bus up.",Grain,
The Mennel Milling Co.,,One W. Front St.,Logan,OH,43138,(740) 385-6824,Plant manager,Caleb Peck,sales@mennel.com,,Specialty Mills,
Consolidated Grain & Barge Co.,,P.O. Box 10,Utica,IL,61373,(815) 667-5141,GM,Nathan Schmidgall,,"3,571,000 bus up",Grain,
"Cargill, Incorporated",,P.O. Box 1018,South Sioux City,NE,68776,(402) 879-4702; (800) 228-1004,Grain Merchandising Manager,Jon Johnson,info@cvacoop.com,"1,506,000 bus up.",Grain,
"Columbia Grain International, Llc",,P.O. Box 108,Grafton,ND,58237,(701) 352-0461,Manager,Larry McCollum,pdxmerchants@columbiagrain.com,"700,000 bus up",Grain,
"Riceland Foods, Inc.",,P.O. Box 113,Poplar Bluff,MO,63901,(573) 785-6821,Manager,Danny Curtis,riceland@riceland.com,"2,475,000 bus up.",Grain,
Ursa Farmers Coop,,P.O. Box 118,Warsaw,IL,62379,(217) 256-4215,manager,Truman Phillips,truman@ursacoop.com,"2,194,000 bus up.",Grain,
"Producers Rice Mill, Inc.",,P.O. Box 1248,Stuttgart,AR,72160,(870) 673-4444,President,Keith Glover,info@producersrice.com,,Specialty Mills,
"Riceland Foods, Inc.",,P.O. Box 128,New Madrid,MO,63869,(573) 643-2241,Manager,Kevin Lyons,riceland@riceland.com,"7,700,000 cwts",Specialty Mills,
Consolidated Grain & Barge Co.,,P.O. Box 1293,Princeton,IN,47670,(812) 385-3487,GM,Derek Oliver,,"1,531,000 bus up",Grain,
"Riceland Foods, Inc.",,P.O. Box 130,Waldenburg,AR,72475,(870) 934-3000,Manager,Allen Tennyson,riceland@riceland.com,,Grain,
"Riceland Foods, Inc.",,P.O. Box 130,Weiner,AR,72479,(870) 934-3015,Manager,Allen Tennyson,riceland@riceland.com,"3,212,000 bus up.",Grain,
"Riceland Foods, Inc.",,P.O. Box 130,Waldenburg,AR,72475,(870) 934-3000,Manager,Allen Tennyson,riceland@riceland.com,"5,400,000 cwts.",Specialty Mills,
Agtegra Cooperative,,P.O. Box 138,Roscoe,SD,57471,(605) 287-4311,Location manager,Tom Bass,,"1,600,000 bus up",Grain,
Adm Corn Processing,,P.O. Box 1470,Decatur,IL,62525,(800) 553-8411,,,,,Specialty Mills,
Agstate,,P.O. Box 154,Hartley,IA,51346,(712) 728-2382,Location manager,Eric Jordan,,"3,944,000 bus up; 4,354,000 bus fl.",Grain,
Ardent Mills,,"P.O. Box 193, Rte. 611",Martins Creek,PA,18063,(484) 373-4206,Plant manager,Aaron Black,aaron.black@ardentmills.com,"16,500 cwts",Flour mills,
"Premier Cooperative, Inc.",,P.O. Box 200,Ivesdale,IL,61851,(217) 564-2271; (800) 348-4724,Regional operations manager,Josh Likeric,,"3,250,000 bus up.",Grain,
Consolidated Grain & Barge Co. (Inola Catoosa),,P.O. Box 219,Inola (Catoosa),OK,74036,(918) 266-5494,Regional manager,Tim Simmons,,"1,840,000 bus up.",Grain,
Agstate,,P.O. Box 220,Fonda,IA,50540,(712) 288-4453; (800) 474-9076,Location Manager,Jamie Tauber,,"1,688,000 bus up; 1,932,000 bus fl.",Grain,
"Pomeroy Grain Growers, Inc.",,P.O. Box 220,Pomeroy,WA,99347,(509) 843-1694,,,,"2,647,000 bus up",Grain,
"Lakeside Mills, Inc.",,P.O. Box 230,Rutherfordton,NC,28139,(828) 286-4866,VP,Aaron King,sales@lakesidemills.com,,Flour mills,
"Lakeside Mills, Inc.",,P.O. Box 230,Rutherfordton,NC,28139,(828) 286-4866,VP,Aaron King,sales@lakesidemills.com,"12,000 bus.",Specialty Mills,
"Lakeside Mills, Inc.",,P.O. Box 230,Rutherfordton,NC,28139,(828) 286-4866,VP,Aaron King,sales@lakesidemills.com,,Mix Plants,
"Cargill, Incorporated",,P.O. Box 263,Emery,SD,57332,(605) 449-4255,,,,"1,416,000 bus up.",Grain,
Star Of The West Milling Co.,,P.O. Box 31,Ligonier,IN,46767,(260) 894-4114,Plant manager,Kate Knowlton,,"1,955,000 bus up",Grain,
Star Of The West Milling Co.,,P.O. Box 31,Ligonier,IN,46767,(260) 894-4114,Plant manager,Kate Knowlton,info@starofthewest.com,"8,100 cwts",Flour mills,
"Northwest Grain Growers, Inc.",,P.O. Box 310,Walla Walla,WA,99362,(509) 525-6510,,,nwgrgr@nwgrgr.com,"2,256,000 bus up",Grain,
"Riceland Foods, Inc.",,P.O. Box 335,Weiner,AR,72479,(870) 684-2217,Manager,Jon Murray,riceland@riceland.com,"5,533,000 bus up.",Grain,
Jersey County Grain Co.,,P.O. Box 336,Hardin,IL,62047,(618) 576-2519,President,Brad Welsh,,"683,000 bus up; 125,000 bus fl.",Grain,
Agstate,,P.O. Box 399,Alton,IA,51003,(712) 756-5460; (877) 756-5460,Location Manager,Eric Zylstra,,"3,345,000 bus up; 3,675,000.",Grain,
"Cargill, Incorporated",,P.O. Box 410,Seneca,IL,61360,(815) 357-8760,,,,"1,594,000 bus up.",Grain,
"House-Autry Mills, Inc.",,P.O. Box 460,Four Oaks,NC,27524,(919) 963-6200,President,Craig Hagood,info@house-autry.com,,Specialty Mills,
"House-Autry Mills, Inc.",,P.O. Box 460,Four Oaks,NC,27524,(919) 963-6200,President,Craig Hagood,info@house-autry.com,,Mix Plants,
Richardson Milling Ltd.,,P.O. Box 520,Portage La Prairie,MB,R1N 3W1,(204) 857-9700,Plant manager,Ian Currie,communications@richardson.ca,"7,400 cwts",Specialty Mills,
Richardson Milling Ltd.,,P.O. Box 520,Portage La Prairie,MB,R1N 3W1,(204) 857-9700,Plant manager,Ian Currie,communications@richardson.ca,,Specialty Mills,
"Perdue Agribusiness Grain, Llc",,P.O. Box 539,Washington,IN,47501,,Manager,Erin Batchelor,erin.batchelor@perdue.com,"860,000 bus up",Grain,
"Producers Rice Mill, Inc.",,P.O. Box 566,Wynne,AR,72396,(870) 238-2355,GM,Mike Fisher,info@producersrice.com,"4,149,000 bus up; 1,203,000 bus fl.",Grain,
"Producers Rice Mill, Inc.",,P.O. Box 6,Wilmot,AR,71676,(870) 473-2741,manager,Mike Griever,info@producersrice.com,"1,379,000 bus up.",Grain,
"Highline Grain Growers, Inc.",,P.O. Box 649,Waterville,WA,98858,(509) 745-8551,CEO,Paul Katovich,paulk@highlinegrain.com,"2,100,000 bus up",Grain,
"Hopkinsville Elevator Co., Inc.",,P.O. Box 669,Guthrie,KY,42234,(888) 834-7042,Manager,Charles Smith,smitty@hop-elevator.com,"2,224,000 bus up",Grain,
"Perdue Agribusiness Grain, Llc (Grain & Oilseed)",,P.O. Box 7,Plymouth,NC,27962,(252) 793-9119,Manager,Chris Towne,chris.towne@perdue.com,"1,200,000 bus up",Grain,
Archer Daniels Midland Co.,,P.O. Box 734,Ottawa,IL,61350,(815) 433-3635,Manager,Jay Sarver,,"988,000 bus up; 330,000 bus fl.",Grain,
"Hopkinsville Elevator Co., Inc.",,P.O. Box 767,Hopkinsville,KY,42241,(270) 886-5191,Manager,Thomas Kumpfmiller,thomas@hop-elevator.com,"1,729,000 bus up.",Grain,
Essential Eating Sprouted Flours,,P.O. Box 771,Waverly,PA,18471,(570) 561-8475,CEO,Janie Quinn,jquinn@essentialeating.com,100 cwts,Flour mills,
Essential Eating Sprouted Flours,,P.O. Box 771,Waverly,PA,18471,(570) 561-8475,CEO,Janie Quinn,jquinn@essentialeating.com,,Specialty Mills,
Essential Eating Sprouted Flours,,P.O. Box 771,Waverly,PA,18471,(570) 561-8475,CEO,Janie Quinn,jquinn@essentialeating.com,,Specialty Mills,
Essential Eating Sprouted Flours,,P.O. Box 771,Waverly,PA,18471,(570) 561-8475,CEO,Janie Quinn,jquinn@essentialeating.com,,Specialty Mills,
Essential Eating Sprouted Flours,,P.O. Box 771,Waverly,PA,18471,(570) 561-8475,CEO,Janie Quinn,jquinn@essentialeating.com,,Mix Plants,
Consolidated Grain & Barge Co.,,P.O. Box 790,Wagoner,OK,74477,(918) 485-5711,Regional manager,Tim Simmons,,"1,009,000 bus up.",Grain,
Consolidated Grain & Barge Co.,,P.O. Box 849,Caruthersville,MO,63830,(573) 359-0036,Regional Manager,Murray Schwieger,,"850,000 bus up.",Grain,
"Northwest Grain Growers, Inc.",,P.O. Box 90,Dayton,WA,99328,(509) 382-2571,,,nwgrgr@nwgrgr.com,"4,124,000 bus up",Grain,
"Ag Processing, Inc.",,P.O. Box 98,Emmetsburg,IA,50536,(712) 852-3334,Merchandising manager,Shara Schmeling,sschmeling@agp.com,,Specialty Mills,
Archer Daniels Midland Co.,,R.R. #1,Shobonier,IL,62885,(618) 846-3663,Manager,Justin Engel,,"888,812 bus up; 321,000 bus fl.",Grain,
"Ray-Carroll County Grain Growers, Inc.",,"R.R. 2, Box 4A",Slater,MO,65349,(660) 529-2676,Manager,Mike Barringhaus,,"6,866,000 bus up.",Grain,
"Bunge-Scf Grain, Llc",,"R.R. 5, Box 328, Coal Mine Rd.",McLeansboro,IL,62859,(618) 643-3204,Manager,Stefan Clenin,stefan.clenin@bunge.com,"4,482,000 bus up.",Grain,
Consolidated Grain & Barge Co.,,"Rte. 2, 703 First St.",Clayton,IA,52049,(563) 964-2651,Manager,David Schnack,g.clark@bartlettco.com,"476,000 bus up; 12,567,000 bus fl.",Grain,
Archer Daniels Midland Co.,,"Rte. 2, Box 194",Beardstown,IL,62618,(217) 323-3393,District Manager,Austin Ramsey,,"701,476 bus up; 3,200,000 bus fl.",Grain,
Archer Daniels Midland Co.,,"Rte. 26, P.O. Box 260",Hennepin,IL,61327,(815) 925-7361,Superintendent,Jeff Janusick,,"500,000 bus up.",Grain,
Ardent Mills,,"Rte. 611, P.O. Box 193",Martins Creek,PA,18063,(484) 373-4206,Plant manager,Aaron Black,aaron.black@ardentmills.com,"3,910,000 bus up.",Grain,
Ardent Mills,,"Rte. 611, P.O. Box 193",Martins Creek,PA,18063,(484) 373-4206,Plant manager,Aaron Black,aaron.black@ardentmills.com,,Specialty Mills,
Archer Daniels Midland Co.,,"Rte. 89 S., P.O. Box 212",Spring Valley,IL,,(815) 663-2850,Manager,Jeff Mauck,,"113,271 bus up.",Grain,
"Cargill, Incorporated",,"Rte. 89 S., P.O. Box 232",Spring Valley,IL,,(815) 663-1500,,,,"1,433,000 bus up.",Grain,
"Cargill, Incorporated",,"Rte. 89 S., P.O. Box 232",Spring Valley,IL,,(815) 663-1500,,,,"102,000 bus up.",Grain,
"Cargill, Incorporated",,"Santa Fe Trail, P.O. Box 517",Kerrick,TX,79051,(806) 727-4618,,,,"1,464,000 bus up",Grain,
Tyson Foods Local Grain Services,,Seven Tyson Dr.,Humboldt,TN,38343,(731) 784-3212,Sales manager,Paige Acklie,localgrainservices@tyson.com,"3,000,000 bus up",Grain,
Adm Milling Co.,,"Spangler Rd., P.O. Box 3100",Camp Hill,PA,17011,(717) 737-0529,Commercial manager,Mike Sistler,milling@adm.com,"1,000,000 bus up.",Grain,
Adm Milling Co.,,"Spangler Rd., P.O. Box 3100",Camp Hill,PA,17011,(717) 737-0529,Commercial manager,John Sigler,milling@adm.com,"12,500 cwts",Flour mills,
Consolidated Grain & Barge Co.,,Three Cargill Elevator Rd.,Cahokia,IL,62206,(618) 337-3700,GM,Jay Day,,"899,000 bus up; 1,081,000 bus fl.",Grain,
Adm Milling Co.,,V47M+34 Buffalo,New York,NY,,(716) 849-7333; (716) 849-7311,Operations Manager,Frank Campbell,milling@adm.com,"5,000,000 bus up.",Grain,
United Cooperative,,W. 13136 County Rd.,KK Ripon,WI,54971,(920) 748-7999,,,,"1,442,000 bus up",Grain,
Archer Daniels Midland Co.,,"W. Hwy. 60, County Rd. 1 P.O. Box 1946",Hereford,TX,79045,(806) 357-2260,Manager,Randy Paetzold,,"1,000,000 bus up",Grain,
"Riceland Foods, Inc.",,WF3X+WM Mitchellville,Arkansas,AR,,(870) 382-4828,District manager,Nick Kelley,riceland@riceland.com,"3,675,000 bus up.",Grain,
"Northwest Grain Growers, Inc.",,XMG5+48 Milton-Freewater,Oregon,OR,,(509) 525-6510,,,jforsman@nwgrgr.com,"2,220,000 bus up.",Grain,
"Premier Cooperative, Inc.",,One S. Calhoun ,Tolono,IL,61880,(217) 485-6630,Regional Operations Manager,Josh Likeric,,"1,811,000 bus up.",Grain,
"Farmers Grain Terminal, Inc. Hwy. 568, P.O. Box 398",,,Waterproof,LA,71375,(318) 749-3762,Manager,Robert Bethel,,"2,584,000 bus up.",Grain,
Consolidated Grain & Barge Co.,,Mhoon Landing Parkway ,Tunica,MS,38676,,Regional Manager,Jason Herr,,"609,000 bus up.",Grain,
"Columbia Grain International, Llc",,,Choteau,MT,59422,(406) 466-5371,Manager,Chris Harvey,pdxmerchants@columbiagrain.com,"459,000 bus up.",Grain,
Ardent Mills,"18.43256635651203, -66.11170998134057",,,PR,,(787) 793-1111,GM,Miguel Alameda,miguel.alamdea@ardentmills.com,"3,000,000 bus up.",Grain,
"General Mills, Inc.",,St. Louis Bay ,Superior,WI,,(218) 722-7759,,,,"13,573,000 bus up",Grain,
Ardent Mills,"18.43256635651203, -66.11170998134057",,,PR,,(787) 775-6267,President; GM,Miguel Alameda,miguel.alameda@ardentmills.com,"10,000 cwts.",Flour mills,
Adm Milling Co.,,Seven Higgins Ave. ,Winnipeg,MB,,(204) 925-2100,Commercial manager,Stefanie Fryza,milling@adm.com,"3,200 cwts",Flour mills,
Ardent Mills,"18.43256635651203, -66.11170998134057",,,PR,,(787) 775-6267,GM,Miguel Alameda,miguel.alameda@ardentmills.com,"7,000 bus.",Specialty Mills,
Ardent Mills,"18.43256635651203, -66.11170998134057",,,PR,,(787) 775-6267,President; GM,Miguel Alameda,miguel.alameda@ardentmills.com,"6,000 cwts",Specialty Mills,
ADM Red Wing,,,,,,,,,,,,