business_name,business_phone,email_1,email_2,business_website,sub_types,street,city,state,postal_code,facebook,linkedin
Consolidated Grain and Barge Co.,+1 573-675-3433,info@cgbgrain.com,cgbgrainsupport@cgb.com,http://www.cgbgrain.com/,Grain elevator,6720 N Hwy K,Charleston,Missouri,63834.0,https://www.facebook.com/cgbgrain,https://www.linkedin.com/company/151628
Barnesville Elevator,+1 218-354-2134,,,,Grain elevator,111 2nd Ave NE,Barnesville,Minnesota,56514.0,,
Grainland Co-Op,+1 309-467-2355,dtyler@grainlandcooperative.com,jgrilli@grainlandcooperative.com,https://www.grainlandcooperative.com/,Grain elevator,927 County Hwy 3,Eureka,Illinois,61530,https://www.facebook.com/106959101711836,https://www.linkedin.com/company/grainland-cooperative
Farmers Elevator Associates,+1 419-395-1557,sales@thefarmerselevator.com,d.mangas@thefarmerselevator.com,https://www.thefarmerselevator.com/,Grain elevator,18873 Co Rd H,Holgate,Ohio,43527,https://www.facebook.com/139158016131433,http://www.linkedin.com/company/8995953
Lake Phelps Grain,+1 252-792-6516,,,,Grain elevator,1188 Cargill Rd,Williamston,North Carolina,27892,,
Olson Grain,+1 608-884-8348,,,,Grain elevator,34 US-51,Edgerton,Wisconsin,53534,,
Latty Grain,+1 419-399-4603,,,,Grain elevator,7506 US-127,Paulding,Ohio,45879,,
Mercer Landmark - Latty Grain Elevator,+1 419-567-6322,jerry@mercerlandmark.com,norm.c@mercerlandmark.com,http://mercerlandmark.com/,Grain elevator,14260 OH-613,Paulding,Ohio,45879,http://www.facebook.com/MercerLandmark,http://www.linkedin.com/company/5931307
Mercer Landmark - Latty Agronomy,+1 419-567-6322,jerry@mercerlandmark.com,norm.c@mercerlandmark.com,http://mercerlandmark.com/,Grain elevator,14170 OH-613,Paulding,Ohio,45879,http://www.facebook.com/MercerLandmark,http://www.linkedin.com/company/5931307
Albert Lea Elevator Co,+1 507-373-3133,,,,Grain elevator,1301 W 9th St,Albert Lea,Minnesota,56007,,
"Creston FS GRAIN, LLC",+1 815-384-4011,brrader@fsgrain.com,,http://www.fsgrain.com/,Grain elevator,IL-38,Rochelle,Illinois,61068,,
Viterra,+1 309-315-7070,ryan.eckstein@viterra.com,jay.priefert@viterra.com,https://viterra.us/,Grain elevator,75 Maple Ave,Galesburg,Illinois,61401,https://www.facebook.com/ViterraUS/,
Consolidated Grain & Barge,+1 618-395-7356,info@cgbgrain.com,cgbgrainsupport@cgb.com,http://www.cgbgrain.com/,Grain elevator,3854 IL-130,Olney,Illinois,62450,https://www.facebook.com/cgbgrain,https://www.linkedin.com/company/151628
ADM Mendota (Elevator),+1 815-539-7491,suzanne.richardson@sharpspring.com,,https://admadvantage.com/contact-us/?location=Mendota~Illinois_(ELEVATOR),Grain elevator,110 E 12th St,Mendota,Illinois,61342,https://www.facebook.com/ADMFarmerServices/,
Graymont Cooperative Associates,+1 815-358-2222,,,,Grain elevator,309 Main St,Cornell,Illinois,61319.0,,
Stokes Mayberry Grain,+1 573-276-2861,,,,Grain elevator,310 S Marion St,Malden,Missouri,63863,,
Ceres Solutions - Fremont,+1 231-924-3852,info@ceres.coop,credit@ceres.coop,http://ceres.coop/,"Grain elevator, Agricultural cooperative",720 W Main St,Fremont,Michigan,49412,https://www.facebook.com/Ceres-Solutions-Cooperative-Inc-112695575433948/,http://www.linkedin.com/company/2950977
Bab Grain,+1 217-438-3316,greg@babgrain.com,office@babgrain.com,http://www.babgrain.com/,Grain elevator,14273 Bab Rd,Auburn,Illinois,62615,,
Star of the West Milling Co.,+1 810-327-1333,ryan.green@starofthewest.com,debbie.lackowski@starofthewest.com,https://www.starofthewest.com/,Grain elevator,7863 Babcock Rd,Jeddo,Michigan,48032,https://www.facebook.com/Star-of-the-West-Milling-Company-66596276711/,https://www.linkedin.com/company/star-of-the-west-milling-co
Mid Kansas Coop wild horse,,kwhitehair@mkcoop.com,wswartz@mkcoop.com,http://mkcoop.com/,Grain elevator,3945-3999 Ontario St,Plains,Kansas,67869,https://www.facebook.com/pages/Mid-Kansas-Cooperative/258505330862882,https://www.linkedin.com/company/mid-kansas-coop
GMC Grain,+1 910-653-2748,,,,Grain elevator,1160 Willoughby Rd,Tabor City,North Carolina,28463,,
Burlington Cooperative,+1 620-364-8061,,,,Grain elevator,1202 Neosho St,Burlington,Kansas,66839,,
Wolfe-Reece & Lynch Inc.,+1 336-367-7121,roger@wrlgrain.com,wilson@wrlgrain.com,http://www.wrlgrain.com/,"Grain elevator, Hardware store",107 Mill St,Boonville,North Carolina,27011,,
Scott Equity Exchange,+1 419-238-1515,cthatcher@scottequityexchange.com,jon.etzler@scottequityexchange.com,http://www.scottequityexchange.com/,Grain elevator,308 Bonnewitz Ave,Van Wert,Ohio,45891,https://www.facebook.com/162345470460148,
Adm Grain,+1 309-543-2267,,,http://www.facebook.com/pages/Adm-Grain-Co/123658327683062,Grain elevator,822 W Tinkham St,Havana,Illinois,62644,,
Roggen Farmers Elevator Assn.,+1 303-849-5506,ssteinbar@roggenfarmerselev.com,schauhan@roggenfarmerselev.com,https://www.roggenfarmerselev.com/,Grain elevator,36402 County Rd 24 1/2,Roggen,Colorado,80652,https://facebook.com/roggenelevator,http://www.linkedin.com/company/4016512
Star of the West Milling Co.,+1 989-269-7957,ryan.green@starofthewest.com,debbie.lackowski@starofthewest.com,https://www.starofthewest.com/,"Grain elevator, Agricultural service",2222 Verona Rd,Bad Axe,Michigan,48413,https://www.facebook.com/Star-of-the-West-Milling-Company-66596276711/,https://www.linkedin.com/company/star-of-the-west-milling-co
ADM Edible Bean Specialties Inc - Kinde,+1 989-874-4720,,,,Grain elevator,4950 Railroad St,Kinde,Michigan,48445,,
AG Opportunities Inc,+1 605-624-5510,,,,"Grain elevator, School",611 W Broadway St,Vermillion,South Dakota,57069,,
Cummings Ag,+1 701-636-4879,dschneider@cummingsag.com,golson@cummingsag.com,https://www.cummingsag.com/,Grain elevator,201 Front St,Cummings,North Dakota,58223,,
Saxman - Central Prairie Co-op,+1 620-257-2614,,,,Grain elevator,2015 Ave R,Sterling,Kansas,67579,,
Viterra,+1 608-965-3040,ryan.eckstein@viterra.com,jay.priefert@viterra.com,https://www.viterra.us/,Grain elevator,6526 Co Rd O,Shullsburg,Wisconsin,53586,https://www.facebook.com/ViterraUS/,
Musgrove Grain,+1 616-374-7027,jeff@musgrovegrain.com,joel@musgrovegrain.com,http://www.musgrovegrain.com/,Grain elevator,13058 S State Rd,Lake Odessa,Michigan,48849,,
ADM Memphis,+1 901-946-2593,,,,Grain elevator,1795 Dock St,Memphis,Tennessee,38113,,
Moore Elevator Inc,+1 325-576-3654,,,,Grain elevator,423 E Lake Dr,Hamlin,Texas,79520,,
Kelley Bean Co Inc,+1 307-532-2131,jbartsch@kelleybean.com,ssnyder@kelleybean.com,https://www.kelleybean.com/,Grain elevator,335 W Valley Rd,Torrington,Wyoming,82240,https://www.facebook.com/156787921027540,https://www.linkedin.com/company/kelleybeanco
Tri-Cities Grain LLC,+1 509-545-0900,d.filan@tcgrain.com,kaci@tcgrain.com,https://www.tcgrain.com/,Grain elevator,600 Tank Farm Rd,Pasco,Washington,99301,,http://www.linkedin.com/company/8928321
"ALCIVIA - Ellsworth Agronomy, Grain, and Energy",+1 715-273-4075,cdl.examiner@alcivia.com,mark.handel@alcivia.com,https://www.alcivia.com/wisconsin-grain-services/?utm_source=Organic&utm_medium=GMB&utm_term=Ellsworth+Grain+Elevator,"Grain elevator, Agricultural cooperative, Fertilizer supplier, Propane supplier",W6311 US-63,Ellsworth,Wisconsin,54011,https://www.facebook.com/ALCIVIACOOP,https://www.linkedin.com/company/alciviacoop
Azteca Milling LP,+1 806-272-6701,horacio.gaitan@gruma.com,hector_parada@gruma.com,https://www.gruma.com/en/our-brands/companies/azteca-milling-lp.aspx,Grain elevator,1972 Co Rd 1068,Muleshoe,Texas,79347,http://www.facebook.com/GrumaGlobal,http://www.linkedin.com/company/34040
"Bartlett Grain Company, L.P.",+1 712-382-2110,kgerstner@bartlettandco.com,k.bond@bartlettandco.com,http://www.bartlettandco.com/,Grain elevator,3126 274th Ave,Hamburg,Iowa,51640,https://www.facebook.com/204731773197317,https://www.linkedin.com/company/bartlettco
Vance Cupp & Sons Inc,+1 870-573-6785,,,,Grain elevator,16871 US-412,Walnut Ridge,Arkansas,72476,,
Viterra,+1 815-745-2900,ryan.eckstein@viterra.com,jay.priefert@viterra.com,http://viterra.us/,Grain elevator,6979 IL-78,Warren,Illinois,61087,https://www.facebook.com/ViterraUS/,
The Andersons,+1 800-332-8236,trayburn@andersonsgrain.com,lhansens@andersonsgrain.com,https://www.andersonsgrain.com/locations/mi/reading/,Grain elevator,313 S Ann St,Reading,Michigan,49274,https://www.facebook.com/159968937368912,
"Absolute Energy, LLC",+1 641-326-2220,greg.goplerud@absenergy.org,rick.schwarck@absenergy.org,http://www.absenergy.org/home.html,Grain elevator,1372 State Line St,St Ansgar,Iowa,50472,https://www.facebook.com/people/Absolute-Energy-LLC/100045481277086/,
Perdue AgriBusiness - Lumberton Grain Elevator,+1 910-738-8581,j.wright@perdueagribusiness.com,t.ferguson@perdueagribusiness.com,http://www.perdueagribusiness.com/,Grain elevator,1801 Godwin Ave,Lumberton,North Carolina,28358,https://www.facebook.com/160327367324124,http://www.linkedin.com/company/8877712
Dwain R Anderson & Sons Inc,+1 402-685-5693,,,,Grain elevator,,Oakland,Nebraska,68045,,
Star of the West Milling Co.,+1 989-872-5847,ryan.green@starofthewest.com,debbie.lackowski@starofthewest.com,https://www.starofthewest.com/,Grain elevator,4075 N Cemetery Rd,Cass City,Michigan,48726,https://www.facebook.com/Star-of-the-West-Milling-Company-66596276711/,https://www.linkedin.com/company/star-of-the-west-milling-co
Frontier Ag,,rmclemore@frontieraginc.com,dfrederking@frontieraginc.com,https://www.frontieraginc.com/,Grain elevator,300 U.S. Hwy 40,Oakley,Kansas,67748,https://www.facebook.com/FrontierAgInc,http://www.linkedin.com/company/3618828
Frontier Ag,,rmclemore@frontieraginc.com,dfrederking@frontieraginc.com,https://www.frontieraginc.com/,Grain elevator,300 U.S. Hwy 40,Oakley,Kansas,67748,https://www.facebook.com/FrontierAgInc,http://www.linkedin.com/company/3618828
Frontier AG Inc.,+1 785-672-4371,rmclemore@frontieraginc.com,dfrederking@frontieraginc.com,https://www.frontieraginc.com/,Grain elevator,1195 Albert St,Oakley,Kansas,67748,https://www.facebook.com/FrontierAgInc,http://www.linkedin.com/company/3618828
Frontier AG Inc.,+1 785-672-4371,rmclemore@frontieraginc.com,dfrederking@frontieraginc.com,https://www.frontieraginc.com/,Grain elevator,1195 Albert St,Oakley,Kansas,67748,https://www.facebook.com/FrontierAgInc,http://www.linkedin.com/company/3618828
Two Rivers Cooperative,+1 641-949-6411,geest@tworivers.coop,nsteinbach@tworiverscoop.net,https://www.tworivers.coop/,"Grain elevator, Agricultural service, Animal feed store, Fertilizer supplier, Propane supplier",1004 265th St,Tracy,Iowa,50256,https://www.facebook.com/tworiverscoop,https://www.linkedin.com/company/two-rivers-cooperative
Reist Popcorn Transload Facility,,,,http://www.reistlogistics.com/,Grain elevator,900 Square St,Mount Joy,Pennsylvania,17552,,
Co-Op Association,+1 620-872-3758,,,,Grain elevator,206 Wayne St,Scott City,Kansas,67871,,
Welch Grain Co,+1 806-244-4517,twelch@welchgrain.com,mwelch@welchgrain.com,http://www.welchgrain.com/,Grain elevator,115 E 2nd St,Dalhart,Texas,79022,http://facebook.com/welchgrain,http://linkedin.com/company/welch-grain-company
Columbia Grain - Carrington,+1 701-652-2831,mmorgan@columbiagrain.com,jsung@columbiagrain.com,https://www.columbiagrain.com/,Grain elevator,90 70th Ave NE,Carrington,North Dakota,58421,https://www.facebook.com/cgicolumbiagraininternational/,https://www.linkedin.com/company/columbia-grain
Perdue AgriBusiness - Plymouth Grain Office,+1 252-358-8259,j.wright@perdueagribusiness.com,t.ferguson@perdueagribusiness.com,https://www.perdueagribusiness.com/,Grain elevator,77 US-64,Plymouth,North Carolina,27962,https://www.facebook.com/160327367324124,http://www.linkedin.com/company/8877712
Arizona Grain Inc,+1 520-836-8228,ewilkey@arizonagrain.com,kdouglas@arizonagrain.com,http://www.arizonagrain.com/,Grain elevator,38501 Cowtown Rd,Maricopa,Arizona,85138,https://www.facebook.com/155477944488532,http://linkedin.com/company/arizona-grain-inc-
Frenchman Valley Co-Op,+1 308-235-3562,edittler@fvcoop.com,jkler@fvcoop.com,http://www.fvcoop.com/,Grain elevator,3980 W Main St,Kimball,Nebraska,69145,https://www.facebook.com/FrenchmanValleyCoop,https://www.linkedin.com/company/frenchman-valley-coop
Riverland Ag Shakopee River Terminal,+1 952-445-8672,paul@ceresglobalagcorp.com,cfabisch@ceresglobalagcorp.com,http://www.ceresglobalagcorp.com/,Grain elevator,3251 County Rd 101,Shakopee,Minnesota,55379,,http://www.linkedin.com/company/4820055
The Arthur Companies - Rockford,+1 208-785-4460,jholder@arthurcompanies.com,jmelland@arthurcompanies.com,https://arthurcompanies.com/idaho/,Grain elevator,1198 ID-39,Blackfoot,Idaho,83221,https://www.facebook.com/ArthurCompanies,http://www.linkedin.com/company/220697
Star of the West Milling Co.,+1 517-541-1449,ryan.green@starofthewest.com,debbie.lackowski@starofthewest.com,https://www.starofthewest.com/,Grain elevator,421 N Cochran Ave,Charlotte,Michigan,48813,https://www.facebook.com/Star-of-the-West-Milling-Company-66596276711/,https://www.linkedin.com/company/star-of-the-west-milling-co
Star of the West Milling Co.,+1 517-645-2421,ryan.green@starofthewest.com,debbie.lackowski@starofthewest.com,https://www.starofthewest.com/,"Grain elevator, Agricultural service",415 N Nelson St,Potterville,Michigan,48876,https://www.facebook.com/Star-of-the-West-Milling-Company-66596276711/,https://www.linkedin.com/company/star-of-the-west-milling-co
Demeter Lp,+1 765-884-9320,,,,Grain elevator,98 S 100 E,Fowler,Indiana,47944,,
Gavilon Grain LLC,+1 618-643-2337,,,,Grain elevator,1 Pillsbury Rd,McLeansboro,Illinois,62859,,
"The DeLong Co., Inc.",+1 315-370-9700,skranig@delongcompany.com,jtaft@delongcompany.com,http://www.delongcompany.com/,Grain elevator,2916 NY-14,Geneva,New York,14456,https://www.facebook.com/delongcompany,http://www.linkedin.com/company/4301399
Dakota Dry Bean Inc,+1 701-398-3112,todd@dakotadrybean.com,,https://dakotaingredients.com/,Grain elevator,215 Main St,Crary,North Dakota,58327,https://www.facebook.com/pages/,https://www.linkedin.com/company/dakota-dry-bean-inc./
Farmers Milling Co,+1 940-549-1484,mbryant@fmcfeeds.com,tblomquist@fmcfeeds.com,https://www.fmcfeeds.com/,"Grain elevator, Store",406 6th St,Graham,Texas,76450,https://www.facebook.com/1410491965871342,http://www.linkedin.com/company/4202458
Farmers Milling Co,+1 940-549-1484,mbryant@fmcfeeds.com,tblomquist@fmcfeeds.com,https://www.fmcfeeds.com/,"Grain elevator, Store",406 6th St,Graham,Texas,76450,https://www.facebook.com/1410491965871342,http://www.linkedin.com/company/4202458
Consolidated Grain and Barge Co.,+1 309-867-3049,info@cgbgrain.com,cgbgrainsupport@cgb.com,https://www.cgbgrain.com/,Grain elevator,441 S N Front St,Oquawka,Illinois,61469,https://www.facebook.com/cgbgrain,https://www.linkedin.com/company/151628
RCM CO-OP,+1 217-626-4204,smith@rcmcoop.com,,http://www.rcmcoop.com/ashland,Grain elevator,220 N Niagara St,Ashland,Illinois,62612,,
AG Processing Inc.,+1 712-653-3985,mcaswell@agp.com,jhills@agp.com,https://www.agp.com/,Grain elevator,1000 300th St,Manning,Iowa,51455,https://www.facebook.com/439967499366884,https://www.linkedin.com/company/ag-processing-inc
Busch Agricultural Resources,+1 218-233-8531,,,http://www.buschagbarley.com/html/index.html,Grain elevator,2101 26th St S,Moorhead,Minnesota,56560,http://facebook.com/anheuserbusch,http://linkedin.com/company/busch-agricultural-resources-inc
Nebraska AG Products Corporation,+1 402-529-6884,,,,Grain elevator,881 US-275,Wisner,Nebraska,68791,,
Wisner Farmers Elevator LLC,+1 402-529-3293,,,http://www.wisnerelevator.com/,Grain elevator,1015 Railroad Ave E,Wisner,Nebraska,68791,,
Canby Farmers Grain Dawson,+1 320-769-2408,cfgrain@cfgrain.com,,http://www.cfgrain.com/,Grain elevator,511 Walnut St,Dawson,Minnesota,56232,,
West Plains LLC,+1 970-674-1154,nathanf@westplainsllc.com,fladc@westplainsllc.com,http://westplainsllc.com/cbloc-462,Grain elevator,8714 CO-60,Johnstown,Colorado,80534,https://www.facebook.com/pages/Commodity-Trading/136801119697310,http://www.linkedin.com/company/6942315
J&R Grain Solutions,+1 660-947-7575,,,,"Grain elevator, Welder",12102 Co Hwy UU,Unionville,Missouri,63565,,
Equity Exchange,+1 806-435-3362,shughes@myequityexchange.com,kseemann@myequityexchange.com,https://www.myequityexchange.com/,Grain elevator,13101 TX-15,Perryton,Texas,79070,https://www.facebook.com/PerrytonEquityExchange/,
Farmers Co-Op Elevator,+1 806-385-6067,,,,Grain elevator,1840 Farm to Market Rd 54,Littlefield,Texas,79339,,
Northern Farmers Co-Op Exchange,+1 218-783-2215,,,,Grain elevator,275 MN-11,Williams,Minnesota,56686,,
ADM Collingwood Grain,+1 620-375-4811,,,,Grain elevator,KS-25,Leoti,Kansas,67861,,
Agwrx Cooperative,+1 605-886-3039,lspringer@agwrxcoop.com,bbisgard@agwrxcoop.com,https://www.agwrxcoop.com/,Grain elevator,811 Burlington Northern Dr,Watertown,South Dakota,57201,https://www.facebook.com/Agwrxcooperative/,
Lucerne Feed & Grain LLC,+1 574-889-2475,,,,Grain elevator,1429 W Frushour St,Lucerne,Indiana,46950,,
21st Century Co-Op,+1 641-743-2161,randyd@21stcoop.com,j.paxton@21stcoop.com,http://www.21stcoop.com/,Grain elevator,601 SW 2nd St,Greenfield,Iowa,50849,https://www.facebook.com/118927608159526,http://www.linkedin.com/company/4470730
United Western Co-Op,+1 712-647-2511,janderson@heartlandcoop.com,jjones@heartlandcoop.com,https://www.heartlandcoop.com/pages/custom.php?id=167,Grain elevator,104 Ely St,Woodbine,Iowa,51579,https://www.facebook.com/HeartlandCoop,http://www.linkedin.com/company/798805
Irsik & Doll Garden City Elevator,+1 620-275-7120,rkenyon@irsikanddoll.com,jbuckley@irsikanddoll.com,http://www.irsikanddoll.com/,Grain elevator,1807 W Kansas Ave,Garden City,Kansas,67846,https://www.facebook.com/irsikanddoll/,http://linkedin.com/company/irsik-&-doll-feed-services-inc.
Kentland Elevator & Supply Inc,+1 219-474-5128,,,,Grain elevator,15920 S 150 W,Kentland,Indiana,47951,,
Heartland Co-Op,+1 515-961-2505,janderson@heartlandcoop.com,jjones@heartlandcoop.com,https://www.heartlandcoop.com/,Grain elevator,505 E Girard Ave,Indianola,Iowa,50125,https://www.facebook.com/HeartlandCoop,http://www.linkedin.com/company/798805
Heartland Co-Op,+1 515-961-2505,janderson@heartlandcoop.com,jjones@heartlandcoop.com,https://www.heartlandcoop.com/,Grain elevator,505 E Girard Ave,Indianola,Iowa,50125,https://www.facebook.com/HeartlandCoop,http://www.linkedin.com/company/798805
River Valley Co-Op,+1 563-285-9615,kpeterson@rivervalleycoop.com,nhughes@rivervalleycoop.com,http://rivervalleycoop.com/,Grain elevator,111 W Davenport St,Eldridge,Iowa,52748,https://www.facebook.com/rivervalleycoop,https://www.linkedin.com/company/river-valley-cooperative
ADM Grand Ledge,+1 517-627-4017,tech-3668700@admfarmview.com.whoisprivacyservice.org,,https://www.admfarmview.com/cash-bids/bids/grandledge,Grain elevator,16994 Wright Rd,Grand Ledge,Michigan,48837,,
Ottawa Feed & Grain,+1 419-523-3843,,,http://www.ottawafeedandgrainco.com/index.cfm,"Grain elevator, Animal feed store",206 S Oak St,Ottawa,Ohio,45875,,
Heritage Cooperative,+1 740-943-2334,cellington@heritagecooperative.com,lbaughman@heritagecooperative.com,https://www.heritagecooperative.com/,Grain elevator,252 N Franklin St,Richwood,Ohio,43344,https://www.facebook.com/heritagecooperative,https://www.linkedin.com/company/1st-choiceenergyservices
Kerens Grain Elevator,+1 903-396-7760,,,,Grain elevator,935 NW 2nd St,Kerens,Texas,75144,,
D P Terminal Inc,+1 701-237-0310,,,,"Grain elevator, Freight Forwarding Agency, Packaging company, Railway services, Storage facility, Warehouse",2715 12th Ave N,Fargo,North Dakota,58102,,
AG Specialists,+1 507-932-4800,,,,Grain elevator,1407 Whitewater Ave,St Charles,Minnesota,55972,,
New Vision Co-Op,+1 507-831-0016,gglasford@newvision.coop,bphillips@newvision.coop,https://newvision.coop/,Grain elevator,125 16th St,Windom,Minnesota,56101,http://facebook.com/newvisioncoop,http://www.linkedin.com/company/2227741
Caledonia Farmers Elevator Co,+1 616-891-8108,sbuche@cfeco.com,dshellenbarger@cfeco.com,http://www.cfeco.com/,"Grain elevator, Agricultural service, Animal feed store, Fence supply store",146 E Main St SE,Caledonia,Michigan,49316,https://www.facebook.com/214540265234726,http://www.linkedin.com/company/6761010
AGrowStar - Sylvania,+1 912-564-7473,,,,Grain elevator,129 Ennis St,Sylvania,Georgia,30467,,
Ray Carroll Carrollton,+1 800-722-4482,davidm@ray-carroll.com,arung@ray-carroll.com,http://www.ray-carroll.com/,Grain elevator,26274 US-24,Carrollton,Missouri,64633,,http://linkedin.com/company/ray-carroll-county-grain-growers-inc.
Heartland Feed Services - St. Henry,+1 419-678-2348,social@heartlandfeedservices.com,,https://heartlandfeedservices.com/,"Grain elevator, Agricultural cooperative, Animal feed store",281 W Main St,St Henry,Ohio,45883,https://www.facebook.com/heartlandfeedservices,https://www.linkedin.com/company/heartland-feed-services
Gateway FS Inc,+1 618-282-4000,jherzog@gatewayfs.com,dschrader@gatewayfs.com,https://www.gatewayfs.com/,Grain elevator,221 E Pine St,Red Bud,Illinois,62278,https://www.facebook.com/GatewayFS.Inc/,http://linkedin.com/company/gateway-fs-inc.
Louis Dreyfus Company GRAND JUNCTION,+1 515-738-2800,bonnie.penner@ldc.com,bobby.casey@ldc.com,https://www.ldc.com/us/en/our-facilities/grand-junction-ia/,"Grain elevator, Agricultural service, Alcohol Manufacturer",1149 U Ave,Grand Junction,Iowa,50107,https://www.facebook.com/563055560399112,https://www.linkedin.com/company/louis-dreyfus-company
Northwest Grain Growers,+1 509-525-6510,cpeha@nwgrgr.com,dgordon@nwgrgr.com,https://www.nwgrgr.com/,Grain elevator,850 N 4th Ave,Walla Walla,Washington,99362,https://www.facebook.com/243358472355161,http://www.linkedin.com/company/8512951
Dakota AG Marketing,+1 605-338-8500,swilde@splinternetmarketing.com,rventura@splinternetmarketing.com,https://splinternetmarketing.com/local-pros/new-jersey/brick/military-veterans-affairs/,Grain elevator,2404 E 6th St,Sioux Falls,South Dakota,57103,https://www.facebook.com/106140462775983,https://www.linkedin.com/company/seo-llc
Star of the West Milling Co.,+1 218-964-3000,ryan.green@starofthewest.com,debbie.lackowski@starofthewest.com,https://www.starofthewest.com/,Grain elevator,415 MN-32,St Hilaire,Minnesota,56754,https://www.facebook.com/Star-of-the-West-Milling-Company-66596276711/,https://www.linkedin.com/company/star-of-the-west-milling-co
ADM Farina,+1 618-245-3333,suzanne.richardson@sharpspring.com,,https://admadvantage.com/contact-us/?location=Farina~Illinois,Grain elevator,500 N Oak St,Farina,Illinois,62838,https://www.facebook.com/ADMFarmerServices/,
Lisbon Elevator,+1 701-683-4161,tbrandt@plainsgrain.com,emacdonald@plainsgrain.com,http://www.plainsgrain.com/,Grain elevator,1227 Main St,Lisbon,North Dakota,58054,,https://www.linkedin.com/company/plains-grain-and-agronomy-llc
England Marketing Services,+1 501-842-3756,swilde@splinternetmarketing.com,rventura@splinternetmarketing.com,https://splinternetmarketing.com/local-pros/georgia/waynesboro-5/mundy-inc-est-1907-grain-elevator-cotton-gin-grain-marketing/,Grain elevator,1435 US-165,England,Arkansas,72046,https://www.facebook.com/106140462775983,https://www.linkedin.com/company/seo-llc
Alsen Farmers Elevator,+1 701-682-5156,,,,Grain elevator,101 ND-66,Alsen,North Dakota,58311,,
Cargill Inc,+1 815-663-1500,angela_taulbee@cargill.com,christian_butler@cargill.com,http://www.cargill.com/,Grain elevator,13853 IL-89,Granville,Illinois,61326,https://www.facebook.com/CargillCares/,https://www.linkedin.com/company/cargill
Geneva Milling Co Inc,+1 402-759-3419,gemco@genevamail.com,mc.gemco@gmail.com,https://genevamill.com/,Grain elevator,210 S 7th St,Geneva,Nebraska,68361,https://www.facebook.com/Geneva-Milling-Co-210748585624939/,http://linkedin.com/company/geneva-milling-co
Apex grain marketing LLC,+1 419-785-1940,alanb@bruglermktg.com,,https://www.apexgrainmarketing.com/,Grain elevator,11859 Krouse Rd,Defiance,Ohio,43512,https://www.facebook.com/apexgrainmarketingllc/,
"Western Grain Marketing, LLC",+1 217-632-7307,trouse@westerngrainmarketing.com,rmiller@westerngrainmarketing.com,http://www.westerngrainmarketing.com/,"Grain elevator, Agricultural service",13955 High St,Petersburg,Illinois,62675,https://www.facebook.com/165466153480477,http://www.linkedin.com/company/4264512
Total Grain Marketing,+1 217-543-2173,,,,Grain elevator,360 N Co Rd 425E,Arthur,Illinois,61911,,
Muennink Grain Merchandising,+1 830-985-3877,holly@muennink.com,rich@muennink.com,https://muennink.com/,Grain elevator,10375 Farm to Market Rd 471,Lacoste,Texas,78039,,
Miller Grain,+1 605-853-2158,,,,Grain elevator,103 S Broadway,Miller,South Dakota,57362,,
Miller Grain & Performance Sd,+1 605-853-2590,,,,Grain elevator,213 E 1st Ave,Miller,South Dakota,57362,,
"Western Grain Marketing, LLC",+1 309-289-2321,trouse@westerngrainmarketing.com,rmiller@westerngrainmarketing.com,http://www.westerngrainmarketing.com/,"Grain elevator, Agricultural service",311 N Hebard St,Knoxville,Illinois,61448,https://www.facebook.com/165466153480477,http://www.linkedin.com/company/4264512
Concordia Terminal LLC,+1 785-243-1797,jbechard@agmarkllc.com,mhafliger@agmarkllc.com,http://www.agmarkllc.com/terminal,Grain elevator,1111 W 4th St,Concordia,Kansas,66901,https://www.facebook.com/AgMarkLLC,
Crossroads Cooperative Association,+1 308-550-8016,rich@crossroadscoop.com,joe@crossroadscoop.com,http://www.crossroadscoop.com/,Grain elevator,1940 22nd Ave,Mitchell,Nebraska,69357,http://www.facebook.com/crossroadscoop,http://www.linkedin.com/company/4551133
"McGeary Organics, Inc.",+1 800-624-3279,,,https://mcgearyorganics.com/,"Grain elevator, Agricultural service, Flour mill",3004 Hempland Rd Ste 4,Lancaster,Pennsylvania,17601,,
Woodall Grain Company,+1 931-968-1070,info@woodallgrain.com,j.woodall@woodallgrain.com,http://www.woodallgrain.com/,Grain elevator,1805 Penile Hill Rd,Decherd,Tennessee,37324,https://www.facebook.com/WoodallGrain,
Coastal Warehouse Ltd,+1 979-532-8550,armour@coastalwarehouse.com,wittig@coastalwarehouse.com,https://coastalwarehouse.com/,Grain elevator,602 N Sunset St,Wharton,Texas,77488,https://www.facebook.com/133920033325763,
Midland Marketing Co-Op Inc,+1 785-222-2553,vance.westhusin@midlandmarketing.org,harvey@midlandmarketing.org,http://www.midlandmarketing.org/,Grain elevator,1505 Oak St,La Crosse,Kansas,67548,https://www.facebook.com/mm1915/,http://www.linkedin.com/company/4455655
Valley Center Farmers Co-Op,+1 316-755-1261,,,,Grain elevator,101 S Ash Ave,Valley Center,Kansas,67147,,
Shepherd Elevator,+1 989-828-5985,daleb@brownmilling.com,markw@brownmilling.com,http://www.brownmilling.com/,Grain elevator,414 W Wright Ave,Shepherd,Michigan,48883,,http://www.linkedin.com/company/6035771
AGP Grain Marketing LLC,+1 806-825-2566,,,,Grain elevator,Oklhm Ln,Farwell,Texas,79325,,
Bartlett,+1 620-702-1050,info@bartlettandco.com,jeffhymas@savageservices.com,https://bartlettco.com/locations/ks/cherryvale/,Grain elevator,4208 County Rd 5300,Cherryvale,Kansas,67335,https://www.facebook.com/BartlettCo,https://www.linkedin.com/company/bartlettco
Wheaton Dumont Co-Op Elevator,+1 320-563-8152,dwight.nelson@wdcoop.com,alexis.doll@wdcoop.com,https://www.wdcoop.com/,Grain elevator,US-75,Wheaton,Minnesota,56296,https://www.facebook.com/1521621651468814,
The Arthur Companies - Arthur Elevator,+1 701-997-6101,jholder@arthurcompanies.com,jmelland@arthurcompanies.com,http://www.arthurcompanies.com/,"Grain elevator, Fertilizer Store",429 Main St,Arthur,North Dakota,58006,https://www.facebook.com/ArthurCompanies,http://www.linkedin.com/company/220697
The Arthur Companies - Ayr Terminal,+1 701-997-6102,jholder@arthurcompanies.com,jmelland@arthurcompanies.com,http://www.arthurcompanies.com/,"Grain elevator, Fertilizer Store, Agricultural Seed Store",11 Main Ave,Ayr,North Dakota,58007,https://www.facebook.com/ArthurCompanies,http://www.linkedin.com/company/220697
Two Rivers Cooperative,+1 641-259-2232,geest@tworivers.coop,nsteinbach@tworiverscoop.net,https://www.tworivers.coop/,"Grain elevator, Agricultural service, Animal feed store, Fertilizer Store, Propane supplier",201 Mills St,Monroe,Iowa,50170,https://www.facebook.com/tworiverscoop,https://www.linkedin.com/company/two-rivers-cooperative
CHS Agri Services,+1 308-928-2332,mychs@chsinc.com,managercharles.miller@chsinc.com,https://www.chsholdrege.com/,"Grain elevator, Store",603 10th St,Alma,Nebraska,68920,https://www.facebook.com/CHSagri/,https://www.linkedin.com/company/chs
"Western Grain Marketing, LLC",+1 217-216-2188,trouse@westerngrainmarketing.com,rmiller@westerngrainmarketing.com,http://www.westerngrainmarketing.com/,"Grain elevator, Agricultural service",20259 Gridley Rd,Virginia,Illinois,62691,https://www.facebook.com/165466153480477,http://www.linkedin.com/company/4264512
Centerra Co-op,+1 419-281-2153,dwertz@centerracoop.com,,http://www.centerracoop.com/,Grain elevator,951 Mechanic St,Grafton,Ohio,44044,https://www.facebook.com/CenterraCoop/,
Andrews Grain LLC,,w.hostetter@hostettergrain.com,jarrett@hostettergrain.com,http://www.hostettergrain.com/,"Grain elevator, Weigh station",1214 Beaver Valley Pike,Willow Street,Pennsylvania,17584,http://www.facebook.com/pages/,
High Line Grain Elevators,+1 509-745-8551,info@highlinegrain.com,facebook@highlinegrain.com,http://www.highlinegrain.com/,Grain elevator,,Spokane,Washington,99224,https://www.facebook.com/HighLineGrain/,https://www.linkedin.com/company/highline-grain-growers-inc
Bartlett,+1 712-382-1238,info@bartlettandco.com,jeffhymas@savageservices.com,https://bartlettco.com/locations/ia/hamburg/,Grain elevator,408 Washington St,Hamburg,Iowa,51640,https://www.facebook.com/BartlettCo,https://www.linkedin.com/company/bartlettco
Frederick Farmers Elevator,+1 605-329-2411,,,,Grain elevator,502 5th St,Frederick,South Dakota,57441,,
Curry Grain Storage,+1 208-733-4766,,,,Grain elevator,21357 US-30,Filer,Idaho,83328,,
Cargill Inc,+1 308-647-6221,t.manternach@cargillag.com,m.wallace@cargillag.com,https://www.cargillag.com/locations/gibbon-cah,Grain elevator,46750 70th Rd,Gibbon,Nebraska,68840,https://www.facebook.com/132988303474951,
Cargill Inc,,t.manternach@cargillag.com,m.wallace@cargillag.com,https://www.cargillag.com/locations/lacon-cah,Grain elevator,101 S Water St,Lacon,Illinois,61540,https://www.facebook.com/132988303474951,
Northwest Investments LLC,+1 580-541-6105,alanb@bruglermktg.com,,http://www.nwinvestmentsllc.com/,Grain elevator,52496 S CR 271,Ames,Oklahoma,73718,,
Cargill AgHorizons,+1 402-395-5206,angela_taulbee@cargill.com,christian_butler@cargill.com,http://www.cargill.com/,Grain elevator,"Highway 11 E,",Ord,Nebraska,68862,https://www.facebook.com/CargillCares/,https://www.linkedin.com/company/cargill
Valley Farmers Co-Op,+1 318-932-0600,,,,Grain elevator,1414 Ringgold Ave,Coushatta,Louisiana,71019,,
Cargill Reserve Grain Terminal,+1 985-536-1500,angela_taulbee@cargill.com,christian_butler@cargill.com,https://www.cargill.com/,Grain elevator,2154 LA-44,Reserve,Louisiana,70084,https://www.facebook.com/CargillCares/,https://www.linkedin.com/company/cargill
Cargill Reserve Grain Terminal,+1 985-536-1500,angela_taulbee@cargill.com,christian_butler@cargill.com,https://www.cargill.com/,Grain elevator,2154 LA-44,Reserve,Louisiana,70084,https://www.facebook.com/CargillCares/,https://www.linkedin.com/company/cargill
Nash Grain & Trading Co,+1 701-352-2131,,,,Grain elevator,211 Nash Pl,Nash,North Dakota,58237,,
Total Grain Marketing,+1 618-783-8233,b.brown@totalgrainmarketing.com,j.ham@totalgrainmarketing.com,http://www.totalgrainmarketing.com/,Grain elevator,205 S Maple St,Newton,Illinois,62448,https://www.facebook.com/southcentralfs/,https://www.linkedin.com/company/total-grain-marketing-llc
Total Grain Marketing,+1 217-932-2151,b.brown@totalgrainmarketing.com,j.ham@totalgrainmarketing.com,https://www.totalgrainmarketing.com/TGM-Locations/location-detail/casey,Grain elevator,403 S Central Ave,Casey,Illinois,62420,https://www.facebook.com/southcentralfs/,https://www.linkedin.com/company/total-grain-marketing-llc
Mid-State Milling,+1 641-483-2239,,,,Grain elevator,408 3rd St NW,State Center,Iowa,50247,,
Poinsett Rice & Grain Inc.,+1 870-358-2130,,,,Grain elevator,300 Adamson Rd,Marked Tree,Arkansas,72365,,
Minco Elevator & Supply,+1 405-352-0880,,,,Grain elevator,22 NE Railroad St,Minco,Oklahoma,73059,,
Dell Rapids Co-Op Grain Co,+1 605-428-5494,dellcoop@siouxvalley.net,,http://dellrapidscoopgrain.com/,Grain elevator,211 Ladelle Ave,Dell Rapids,South Dakota,57022,,
Wedekemper's Inc,+1 618-226-3285,krisg@wedekempers.com,,https://www.wedekempers.com/,Grain elevator,13405 Ferrin Rd,Carlyle,Illinois,62231,,https://www.linkedin.com/company/wedekempers-inc-
Mc Cune Farmers Co-Op Association,+1 620-632-4226,,,,Grain elevator,"8th St & Main St, 708 Main St",McCune,Kansas,66753,,
Heartland Cooperative,+1 515-462-4611,janderson@heartlandcoop.com,jjones@heartlandcoop.com,https://www.heartlandcoop.com/,Grain elevator,215 E Lane St,Winterset,Iowa,50273,https://www.facebook.com/HeartlandCoop,http://www.linkedin.com/company/798805
Heartland Cooperative,+1 515-462-4611,janderson@heartlandcoop.com,jjones@heartlandcoop.com,https://www.heartlandcoop.com/,Grain elevator,215 E Lane St,Winterset,Iowa,50273,https://www.facebook.com/HeartlandCoop,http://www.linkedin.com/company/798805
Skyland Grain LLC,+1 620-384-7311,lynngiessel@skylandgrain.com,stevearnold@skylandgrain.com,http://skylandgrain.com/,Grain elevator,5 1/2 Main St,Syracuse,Kansas,67878,https://www.facebook.com/Skylandgrain/,http://www.linkedin.com/company/4704307
Weston Burley House Inc,+1 816-386-2722,,,,Grain elevator,357 Main St,Weston,Missouri,64098,,
Clarkson Grain Mattoon Plant,+1 217-235-1020,kathy.handley@clarksongrain.com,rick@clarksongrain.com,https://clarksongrain.com/about/our-facilities/profile/mattoon,Grain elevator,2808 Thomasina Drive,Mattoon,Illinois,61938,https://www.facebook.com/clarksongrain/,http://www.linkedin.com/company/6040432
"Custom Agri Systems, Inc.",+1 785-740-2400,rick.storch@casindustries.com,storch@casindustries.com,https://casindustries.com/locations/hiawatha-kansas/,Grain elevator,105 S 1st St,Hiawatha,Kansas,66434,https://www.facebook.com/CustomAgIndustries/,https://www.linkedin.com/company/custom-agri-systems-inc
Snow Hill Grain Inc,+1 410-632-1388,,,,Grain elevator,313 Timmons St,Snow Hill,Maryland,21863,,
Cheney Co-Op Elevator Associates,+1 316-542-3112,,,,Grain elevator,101 S Adams St,Cheney,Kansas,67025,,
Falmouth Co-Op Co,+1 231-826-3301,wes@falmouthcoop.com,mike@falmouthcoop.com,http://www.falmouthcoop.com/index.cfm,"Grain elevator, Deli, Animal feed store, Fertilizer Store",260 E Prosper Rd,Falmouth,Michigan,49632,,
Penn Acres,+1 517-423-5955,pennacresgrain@frontier.com,,http://www.cornstovescentral.com/,"Grain elevator, Heating equipment supplier, Hydraulic repair service, Sand & gravel supplier",6830 Clinton Macon Rd,Clinton,Michigan,49236,https://www.facebook.com/pennacresgrain,
Growmark Inc /seneca,+1 815-357-6721,bhannah@growmark.com,driskedal@growmark.com,https://www.growmark.com/,Grain elevator,500 E Shipyard Rd,Seneca,Illinois,61360,https://www.facebook.com/growmark,http://www.linkedin.com/company/82112
CHS Illinois - Seneca,+1 815-357-8760,derek.kahl@chsinc.com,joseph.huebener@chsinc.com,https://www.chs-illinois.com/,Grain elevator,455 S Main St,Seneca,Illinois,61360,https://www.facebook.com/CHSInc,https://www.linkedin.com/company/chs
Hartung Feed & Grain,+1 563-689-5881,,,,Grain elevator,23 N Mitchell St,Preston,Iowa,52069,,
Farmers Cooperative-Conway Spr,+1 620-488-3537,p.leise@cscoop.net,matt@totalfarmmarketing.com,http://cscoop.net/,Grain elevator,125 S Lincoln St,Belle Plaine,Kansas,67013,,
Washington Elevator,+1 586-781-4822,rob@washingtonelevator.com,d.williams@washingtontownship.org,https://washingtonelevator.com/,Grain elevator,7030 West Rd,Washington,Michigan,48094,https://www.facebook.com/washingtonelevator,http://www.linkedin.com/company/9148184
Winchester Ag Service a Division of Wheaton Grain,+1 937-695-0388,alanb@bruglermktg.com,,http://winchesteragservice.com/,Grain elevator,1350 Tri-County Rd,Winchester,Ohio,45697,,
AG Depot,+1 406-586-5890,agdepot@agdepotinc.com,,http://agdepotinc.com/,Grain elevator,24 N Wallace Ave,Bozeman,Montana,59715,,http://linkedin.com/company/ag-depot-inc.
Smithfield Grain (Hobbsville),+1 252-221-4463,kbass@smithfield.com,mmparker@smithfield.com,http://www.smithfieldgrain.com/,Grain elevator,4033 Virginia Rd,Hobbsville,North Carolina,27946,https://www.facebook.com/1835940583377171,
Agtegra Cooperative Oakes,+1 701-658-2204,lance.koch@agtegra.com,joe.airheart@agtegra.com,https://www.agtegra.com/,"Grain elevator, Farm, Fertilizer Store, Food products supplier",600 D 7th St S,Oakes,North Dakota,58474,https://www.facebook.com/agtegra,https://www.linkedin.com/company/agtegracooperative/
James Valley Grain Llc,+1 701-742-3363,myron.jepson@jamesvalleygrain.com,wendy.franklin@jamesvalleygrain.com,https://www.jamesvalleygrain.com/,Grain elevator,600 7th St S,Oakes,North Dakota,58474,https://www.facebook.com/James-Valley-Grain-107294282069871,http://www.linkedin.com/company/8631740
Schmitz Grain,,support@cropsafe.com,,https://www.agprices.com/elevator/schmitz-grain-slayton-mn-1ab653497443b5f8c77f2f9f69f0e415,Grain elevator,1823 US-59,Slayton,Minnesota,56172,,
"Ag Partners Cooperative, Inc. - St. Marys, Kansas",+1 785-437-2984,psmith@agpartnerscoop.com,jtammet@agpartnerscoop.com,http://www.agpartnerscoop.com/,"Grain elevator, Agricultural cooperative",717 W Bertrand Ave,St Marys,Kansas,66536,https://www.facebook.com/agpartnerscoopinc/,http://www.linkedin.com/company/6364117
Cooperative Grain & Supply,+1 620-382-2263,gshattak@cgsmc.com,jklenda@cgsmc.com,https://www.cgsmc.com/,Grain elevator,320 Third,Marion,Kansas,66861,https://www.facebook.com/cgsmc,https://www.linkedin.com/company/the-cooperative-grain-and-supply
Fleming Feed & Grain,+1 620-221-6697,,,,Grain elevator,9068 72nd Rd,Winfield,Kansas,67156,,
Sinclair Elevator Inc,+1 319-346-1954,,,,Grain elevator,32746 Sinclair Ave,Parkersburg,Iowa,50665,,
M & R Grains,+1 717-653-8846,,,,Grain elevator,1106 Newcomer Rd,Mount Joy,Pennsylvania,17552,,
Southern Rice & Cotton LLC,+1 870-578-9551,,,,Grain elevator,408 Cole St,Harrisburg,Arkansas,72432,,
Farmers Elevator Co,+1 580-349-2221,,,,Grain elevator,247 Main St,Goodwell,Oklahoma,73939,,
Co-Op Grain & Supply,+1 620-947-3799,gshattak@cgsmc.com,jklenda@cgsmc.com,http://www.cgsmc.com/,"Grain elevator, Petrol Pump",121 Santa Fe St,Hillsboro,Kansas,67063,https://www.facebook.com/cgsmc,https://www.linkedin.com/company/the-cooperative-grain-and-supply
Barton Brothers Grain Co,+1 859-361-3907,,,http://www.bartonbrothers.com/,Grain elevator,748 Lisle Rd,Georgetown,Kentucky,40324,,
Kanza Cooperative Association- Colwich Branch,+1 316-796-1314,cdrake@kanzacoop.com,j.brown@kanzacoop.com,https://www.kanzacoop.com/,Grain elevator,143 N Colorado Ave,Colwich,Kansas,67030,https://www.facebook.com/KanzaCoop/,https://www.linkedin.com/company/8334765/
Total Grain Marketing,+1 217-895-2217,b.brown@totalgrainmarketing.com,j.ham@totalgrainmarketing.com,https://www.totalgrainmarketing.com/TGM-Locations/location-detail/neoga,"Grain elevator, Agricultural cooperative",397 N Locust,Neoga,Illinois,62447,https://www.facebook.com/southcentralfs/,https://www.linkedin.com/company/total-grain-marketing-llc
Mid-Iowa Cooperative Conrad,+1 641-366-2040,mkistenmacher@midiowacoop.com,jberrey@midiowacoop.com,http://www.midiowacoop.com/,Grain elevator,201 S Main St,Conrad,Iowa,50621,,http://www.linkedin.com/company/4713562
Western Consolidated Co-op Appleton,+1 800-368-3310,troya@west-con.com,greg@west-con.com,https://www.west-con.com/appleton2,Grain elevator,,Appleton,Minnesota,56208,https://www.facebook.com/WestConCOOP,http://linkedin.com/company/western-consolidated-cooperatives
Perdue AgriBusiness - Hurlock Feed Mill and Grain Elevator,+1 410-943-0512,j.wright@perdueagribusiness.com,t.ferguson@perdueagribusiness.com,https://www.perdueagribusiness.com/,"Grain elevator, Feed manufacturer",37 Delaware Ave,Hurlock,Maryland,21643,https://www.facebook.com/160327367324124,http://www.linkedin.com/company/8877712
Morales Graphic Printing Sublimation,+1 912-224-9964,,,http://wwwmoralesgraphicprintingsublimation.com/,Grain elevator,231 Quacco Rd,Savannah,Georgia,31419,,
Tony's Seed & Feed Inc,+1 940-665-2121,tonyssandf@ntin.net,kmentrick@gmail.com,http://www.tonysseedandfeed.com/,Grain elevator,1211 N Dixon St,Gainesville,Texas,76240,https://www.facebook.com/163256890370858,
Farmers Grain Company,+1 620-221-0154,jjohndrow@farmersgrain.net,mobrien@farmersgrain.net,http://www.farmersgraincompany.com/,Grain elevator,16101 23rd Rd,Winfield,Kansas,67156,https://www.facebook.com/farmersgraincompany,
Ruff Brothers Grain - Budd Station,+1 815-265-6720,,,,Grain elevator,32586 N 1600 E Rd,Blackstone,Illinois,61313,,
Adm,+1 620-563-7218,,,,Grain elevator,304 Grand Ave,Plains,Kansas,67869,,
Atmore Truckers Association,+1 251-368-2191,,,http://atmore-truckers.keeq.io/,Grain elevator,210 W Ridgeley St,Atmore,Alabama,36502,,
ADM Center,+1 573-267-3692,suzanne.richardson@sharpspring.com,,https://admadvantage.com/contact-us/?location=Center~Missouri,Grain elevator,200 W Lamb St,Center,Missouri,63436,https://www.facebook.com/ADMFarmerServices/,
Heartland Co-op,+1 515-685-3571,janderson@heartlandcoop.com,jjones@heartlandcoop.com,http://heartlandcoop.com/,Grain elevator,1120 1st Ave N,Slater,Iowa,50244,https://www.facebook.com/HeartlandCoop,http://www.linkedin.com/company/798805
Granger Farm Products,+1 512-859-2877,,,,Grain elevator,206 N Walton,Granger,Texas,76530,,
Farmer's Co-Op,+1 319-885-4391,readcoop@rtc279.com,rwurzer@hotmail.com,http://www.readlynshellrockcoop.com/,Grain elevator,705 S Cherry St,Shell Rock,Iowa,50670,,
Mo Valley Grain Inc,+1 712-642-3111,,,,Grain elevator,122 S 1st St,Missouri Valley,Iowa,51555,,
Big Dog Wholesale Distribution,+1 716-945-5723,,,,Grain elevator,255 Rochester St # B2,Salamanca,New York,14779,,
ALCIVIA - Elmwood Grain,+1 715-304-3737,cdl.examiner@alcivia.com,mark.handel@alcivia.com,https://www.alcivia.com/?utm_source=Organic&utm_medium=GMB&utm_term=+Elmwood+Convenience%2C+Tire+Center%2C+Feed+Mill+%26+Grain,"Grain elevator, Agricultural cooperative",404 Omaha Ave,Elmwood,Wisconsin,54740,https://www.facebook.com/ALCIVIACOOP,https://www.linkedin.com/company/alciviacoop
Central Valley Bean Co-Op,+1 701-847-2622,gary@centralvalleybean.com,rick@centralvalleybean.com,http://www.centralvalleybean.com/,Grain elevator,401 Broadway,Buxton,North Dakota,58218,,https://www.linkedin.com/company/central-valley-bean-co-op
O'Brien Seed Inc,+1 701-788-9118,,,,Grain elevator,42 1st Ave NE,Mayville,North Dakota,58257,,
"Riverside Feeds, L.L.C.",+1 641-985-2494,riversidefeeds@gmail.com,,http://www.riversidefeeds.net/,"Grain elevator, Feed manufacturer, Animal feed store",300 Forest St,Riceville,Iowa,50466,https://www.facebook.com/riversidefeeds/,
Central Missouri Agri Services Llc,+1 660-529-3419,,,,Grain elevator,305 Industrial Blvd,Slater,Missouri,65349,,
Ridgeville Elevator,+1 419-237-2581,richard.strow@ridgeville-elevator.com,corkey.haines@ridgeville-elevator.com,https://ridgeville-elevator.com/,Grain elevator,108 S Fayette St,Fayette,Ohio,43521,,
"Ag Partners Cooperative - Seneca, KS",+1 785-336-3510,psmith@agpartnerscoop.com,jtammet@agpartnerscoop.com,https://www.agpartnerscoop.com/,"Grain elevator, Agricultural cooperative, Petrol Pump",223 E Main St,Seneca,Kansas,66538,https://www.facebook.com/agpartnerscoopinc/,http://www.linkedin.com/company/6364117
AG Partners Co-Op,+1 507-263-4651,cedgar@agpartners.net,bahlbrecht@agpartners.net,http://agpartners.net/,Grain elevator,721 St Clair St W,Cannon Falls,Minnesota,55009,https://www.facebook.com/AgPartnersMN,https://www.linkedin.com/company/agpartners
Walsh Grain Farms,+1 608-847-7291,jason.jenkins@dtn.com,todd.neeley@dtn.com,http://www.walshgrain.com/,Grain elevator,12 WI-16,Mauston,Wisconsin,53948,,http://linkedin.com/company/walsh-grain-farms
"Cargill, Inc.",+1 217-909-3004,t.manternach@cargillag.com,m.wallace@cargillag.com,https://www.cargillag.com/locations/beardstown-cah,Grain elevator,814 W Main St,Beardstown,Illinois,62618,https://www.facebook.com/132988303474951,
Bunge Delphos,,kaylan.kinman@bunge.com,patrick.hegarty@bunge.com,https://www.bungeag.com/cash-bids/,Grain elevator,301 S Cass St,Delphos,Ohio,45833,https://www.facebook.com/Bunge/,https://www.linkedin.com/company/bunge/
Grain Inspection Inc,+1 320-289-0030,nsgrain@westriv.com,grain5@csicable.net,https://www.graininspectionservices.com/,Grain elevator,124 Lhotka Ave West,Appleton,Minnesota,56208,https://www.facebook.com/Grain-Inspection-Inc-483001741768390/,
Viterra,+1 608-326-6111,ryan.eckstein@viterra.com,jay.priefert@viterra.com,https://viterra.us/,Grain elevator,800 N Villa Louis Rd,Prairie du Chien,Wisconsin,53821,https://www.facebook.com/ViterraUS/,
Malt Europ North America Inc,+1 507-454-1535,mark.black@malteurop.com,dwest@malteurop.com,http://www.malteurop.com/,Grain elevator,500 W 3rd St,Winona,Minnesota,55987,https://www.facebook.com/1905913829436710,https://www.linkedin.com/company/malteurop
Frontier Ag,+1 785-462-2033,rmclemore@frontieraginc.com,dfrederking@frontieraginc.com,https://www.frontieraginc.com/cbloc-2189,Grain elevator,116 Misner Ave,Colby,Kansas,67701,https://www.facebook.com/FrontierAgInc,http://www.linkedin.com/company/3618828
Perdue AgriBusiness - Elizabeth City Grain Elevator,+1 252-335-4887,j.wright@perdueagribusiness.com,t.ferguson@perdueagribusiness.com,http://www.perdueagribusiness.com/,Grain elevator,1268 US-17,Elizabeth City,North Carolina,27909,https://www.facebook.com/160327367324124,http://www.linkedin.com/company/8877712
Andersons Albion Ethanol LLC,+1 517-629-9427,trayburn@andersonsgrain.com,lhansens@andersonsgrain.com,https://www.andersonsgrain.com/locations/mi/albion/,Grain elevator,26250 B Dr N,Albion,Michigan,49224,https://www.facebook.com/159968937368912,
Seatonville Elevator,+1 815-894-2013,philj@seatonvilleelevator.com,afrederick@seatonvilleelevator.com,http://www.seatonvilleelevator.com/,Grain elevator,703 US-6,Seatonville,Illinois,61359,,
Dyersburg Elevator,+1 731-287-7272,,,,Grain elevator,300 Pressler Rd,Dyersburg,Tennessee,38024,,
D & F Grain,+1 229-468-9694,,,,Grain elevator,722 Fitzgerald Hwy,Fitzgerald,Georgia,31750,,
Tama-Benton Co-Op,+1 319-472-4791,veryl@tamabentoncoop.com,val@tamabentoncoop.com,https://www.tamabentoncoop.com/markets/cash.php,Grain elevator,711 S K Ave,Vinton,Iowa,52349,https://www.facebook.com/169315346416184,http://www.linkedin.com/company/8755965
Total Grain Marketing,+1 217-342-9412,b.brown@totalgrainmarketing.com,j.ham@totalgrainmarketing.com,http://www.totalgrainmarketing.com/,"Grain elevator, Agricultural cooperative",405 S Banker St,Effingham,Illinois,62401,https://www.facebook.com/southcentralfs/,https://www.linkedin.com/company/total-grain-marketing-llc
United Cooperative,+1 608-489-4120,daveb@unitedcooperative.com,garys@unitedcooperative.com,http://www.unitedcooperative.com/,"Grain elevator, Fertilizer Store, Agricultural Seed Store",S1729 County Rd HH,Hillsboro,Wisconsin,54634,https://www.facebook.com/UnitedCooperative1936/,http://www.linkedin.com/company/854027
The DeLong Co. Inc.,+1 815-335-2323,skranig@delongcompany.com,jtaft@delongcompany.com,http://www.delongcompany.com/,"Grain elevator, Agricultural service",2758 Alworth Rd,Winnebago,Illinois,61088,https://www.facebook.com/delongcompany,http://www.linkedin.com/company/4301399
Anchor Ingredients - Hillsboro East Plant,+1 701-499-1480,rebecca.lahlum@anchoringredients.com,brad.lindemann@anchoringredients.com,http://www.anchoringredients.com/,Grain elevator,13 1st St NE,Hillsboro,North Dakota,58045,https://www.facebook.com/anchoringredients/,https://www.linkedin.com/company/anchor-ingredients
Superior AG Resources Co-Op,+1 812-683-8382,bday@superiorag.com,jwilkerson@superiorag.com,https://www.superiorag.com/,Grain elevator,998 W Phoenix Dr,Huntingburg,Indiana,47542,https://www.facebook.com/SuperiorAgCooperative/,https://www.linkedin.com/company/superioragcoop
Adm Growmark Grain,+1 402-721-3733,karsten.schumaker@adm.com,,https://adm.gradable.com/market/Fremont--NE-Elevator,Grain elevator,4410 W Military Ave,Fremont,Nebraska,68025,,
Cargill Inc,+1 740-474-6061,t.manternach@cargillag.com,m.wallace@cargillag.com,https://www.cargillag.com/locations/circleville-cah,Grain elevator,309 W Main St,Circleville,Ohio,43113,https://www.facebook.com/132988303474951,
Total Grain Marketing,+1 618-665-3366,b.brown@totalgrainmarketing.com,j.ham@totalgrainmarketing.com,http://www.totalgrainmarketing.com/,Grain elevator,444 Broadway St,Louisville,Illinois,62858,https://www.facebook.com/southcentralfs/,https://www.linkedin.com/company/total-grain-marketing-llc
ADM Altamont,+1 618-483-6171,suzanne.richardson@sharpspring.com,,https://admadvantage.com/contact-us/?location=Altamont~Illinois,Grain elevator,601 W Division St,Altamont,Illinois,62411,https://www.facebook.com/ADMFarmerServices/,
Delta Grain Company LLC,+1 662-233-9080,accounts@deltagrain.com,,https://deltagrain.com/,Grain elevator,23248 Co Rd 512,Sidon,Mississippi,38954,https://www.facebook.com/Delta-Grain-110887875020647,
Tchula Grain & Warehouse Co,+1 662-235-5590,,,,Grain elevator,516 Front St,Tchula,Mississippi,39169,,
Farmers Grain Terminal Inc,+1 662-332-0987,cc.craig@fgtcoop.com,richard.watkins@fgtcoop.com,http://www.fgtcoop.com/,Grain elevator,1977 Harbor Front Rd,Greenville,Mississippi,38701,https://www.facebook.com/156426661063745,http://linkedin.com/company/farmers-grain-terminal-inc.
Total Grain Marketing,+1 618-752-5252,b.brown@totalgrainmarketing.com,j.ham@totalgrainmarketing.com,http://www.totalgrainmarketing.com/,Grain elevator,102 East Main,Ingraham,Illinois,62434,https://www.facebook.com/southcentralfs/,https://www.linkedin.com/company/total-grain-marketing-llc
Farmers Elevator & Supply Co,+1 660-885-5578,,,http://www.farmerselevatorco.com/,Grain elevator,511 Center St,Clinton,Missouri,64735,,
"Ag Partners Cooperative - Wamego, KS",+1 785-456-9600,psmith@agpartnerscoop.com,jtammet@agpartnerscoop.com,https://www.agpartnerscoop.com/,"Grain elevator, Agricultural cooperative",200 E Valley St,Wamego,Kansas,66547,https://www.facebook.com/agpartnerscoopinc/,http://www.linkedin.com/company/6364117
Holschlag Bin Sales,+1 641-394-3057,sales@grainbinsales.com,j.holschlag@grainbinsales.com,https://grainbinsales.com/,"Grain elevator, Real Estate Builders & Construction Company, Electric motor store",2196 250th St,New Hampton,Iowa,50659,,
Farmers Marketing Associates,+1 662-489-5841,,,,Grain elevator,550 Cruse Dr,Pontotoc,Mississippi,38863,,
Rudy Inc,+1 937-473-2066,anessa@rudyinc.com,brian@rudyinc.com,http://www.rudyinc.com/,Grain elevator,200 Hazel St,Covington,Ohio,45318,https://www.facebook.com/465703086919883,http://www.linkedin.com/company/5413578
Heartland Electric & Eqpt Inc,+1 217-433-8379,callen@heartlandee.com,,http://www.heartlandee.com/,"Grain elevator, Agricultural Product Wholesaler, Farm equipment supplier",48 N 600 East Rd,Hammond,Illinois,61929,https://www.facebook.com/HeartlandEandEInc/,
Frontier Trading Co.,+1 888-421-9400,warren@frontier-trading.com,roger@frontier-trading.com,http://www.frontier-trading.com/,"Grain elevator, Agricultural service, Animal feed store",731 Kerr Research Dr,Ada,Oklahoma,74820,https://www.facebook.com/frontiertradingcompanyroff/,http://www.linkedin.com/company/4221457
Heritage Cooperative,+1 937-553-9870,cellington@heritagecooperative.com,lbaughman@heritagecooperative.com,https://www.heritagecooperative.com/locations/marysville-ag-campus,"Grain elevator, Crop grower, Diesel fuel supplier, Fertilizer Store, Fuel supplier, Heating oil supplier, Propane supplier, Agricultural Seed Store",15090 Scottslawn Rd,Marysville,Ohio,43040,https://www.facebook.com/heritagecooperative,https://www.linkedin.com/company/1st-choiceenergyservices
Star of the West,+1 517-639-3165,ryan.green@starofthewest.com,debbie.lackowski@starofthewest.com,http://www.starofthewest.com/,"Grain elevator, Wholesaler",14 Church St,Quincy,Michigan,49082,https://www.facebook.com/Star-of-the-West-Milling-Company-66596276711/,https://www.linkedin.com/company/star-of-the-west-milling-co
MaxYield Cooperative,+1 515-200-5140,bvanderpool@newcoop.com,bcarman@newcoop.com,https://www.newcoop.com/,"Grain elevator, Professional services",1304 River Ave S,Belmond,Iowa,50421,https://www.facebook.com/192202364746656,https://www.linkedin.com/company/new-cooperative-inc
TGM Services inc.,+1 217-948-5161,b.brown@totalgrainmarketing.com,j.ham@totalgrainmarketing.com,https://www.totalgrainmarketing.com/,Grain elevator,213 Grant Ave,Chrisman,Illinois,61924,https://www.facebook.com/southcentralfs/,https://www.linkedin.com/company/total-grain-marketing-llc
Riceland Foods Inc,+1 870-857-3582,rball@riceland.com,tthompson@riceland.com,http://www.riceland.com/,Grain elevator,111 Wooten St,Corning,Arkansas,72422,https://www.facebook.com/ricelandusa,http://www.linkedin.com/company/70902
Alliance Commodities,+1 815-809-2667,kvandeberg@pce-coops.com,pgroezinger@pce-coops.com,https://pce-coops.com/locations/alliance-commodities/,Grain elevator,4306 W Galena Rd,Lena,Illinois,61048,https://www.facebook.com/pearlcityelevator/,http://www.linkedin.com/company/3941659
Star of the West Milling Co.,+1 260-894-4119,ryan.green@starofthewest.com,debbie.lackowski@starofthewest.com,https://www.starofthewest.com/,Grain elevator,100 Richmond St,Ligonier,Indiana,46767,https://www.facebook.com/Star-of-the-West-Milling-Company-66596276711/,https://www.linkedin.com/company/star-of-the-west-milling-co
Morris Grainery Inc,+1 870-731-2518,,,,Grain elevator,109 Edmonds Ave,McCrory,Arkansas,72101,,
ADM Velva,+1 833-498-3248,adam.demuth@grainbridge.com,terry.chvatal@grainbridge.com,http://www.grainbridge.com/ADM/Velva,Grain elevator,1388 ND-97,Velva,North Dakota,58790,https://www.facebook.com/pages/grainbridge/190080531043754,http://www.linkedin.com/company/586683
Dennis Commodities,+1 402-336-4947,,,,Grain elevator,49166 US-20,O'Neill,Nebraska,68763,,
"FS GRAIN, LLC",+1 815-857-2058,brrader@fsgrain.com,,http://www.fsgrain.com/,Grain elevator,1193 Rock Rd,Amboy,Illinois,61310,,
Rouse Co,+1 252-522-2783,,,,Grain elevator,360 Gold Dollar Ln,Kinston,North Carolina,28504,,
Heartland Co-Op,+1 515-992-3767,janderson@heartlandcoop.com,jjones@heartlandcoop.com,https://www.heartlandcoop.com/,Grain elevator,1107 Sycamore St,Dallas Center,Iowa,50063,https://www.facebook.com/HeartlandCoop,http://www.linkedin.com/company/798805
Heartland Co-Op,+1 515-992-3767,janderson@heartlandcoop.com,jjones@heartlandcoop.com,https://www.heartlandcoop.com/,Grain elevator,1107 Sycamore St,Dallas Center,Iowa,50063,https://www.facebook.com/HeartlandCoop,http://www.linkedin.com/company/798805
Primient Grain Watseka,+1 815-432-4169,rosario.hiser@primient.com,peopleservices@primient.com,http://primientgrain.com/,Grain elevator,212 W Oak St,Watseka,Illinois,60970,,
Keller Grain Inc,+1 830-931-2294,team@latofonts.com,kgicorn@gmail.com,http://kgicorn.com/,Grain elevator,1150 US-90,Castroville,Texas,78009,,
Midland Marketing Co-Op Inc,+1 785-434-4826,vance.westhusin@midlandmarketing.org,harvey@midlandmarketing.org,https://www.midlandmarketing.org/,Grain elevator,101 S Cemetery Rd,Plainville,Kansas,67663,https://www.facebook.com/mm1915/,http://www.linkedin.com/company/4455655
Labudde group,+1 563-927-2188,joe@labudde.com,rich@labudde.com,https://www.labudde.com/,Grain elevator,1004 Grant St,Manchester,Iowa,52057,http://facebook.com/labuddegroup,https://www.linkedin.com/company/labudde-group-incorporated
Meriden Grain Co,+1 815-539-6904,info@gfai.org,,https://web.gfai.org/CityTown/Meriden-Grain-Co-5890,Grain elevator,684 N 44th Rd,Mendota,Illinois,61342,,
NEW Cooperative,+1 515-295-2741,bvanderpool@newcoop.com,bcarman@newcoop.com,https://www.newcoop.com/,Grain elevator,419 S Phillips St,Algona,Iowa,50511,https://www.facebook.com/192202364746656,https://www.linkedin.com/company/new-cooperative-inc
ADM,+1 573-581-4195,,,,Grain elevator,400 E Holt St,Mexico,Missouri,65265,,
Wapello County Grain Inc,+1 641-934-5432,,,,Grain elevator,12421 Agency Hedrick Rd,Ottumwa,Iowa,52501,,
Ionia Grain LLC,+1 616-527-2763,,,,Grain elevator,3244 E Bluewater Hwy,Ionia,Michigan,48846,,
The Andersons Marathon Ethanol,+1 937-316-3700,trayburn@andersonsgrain.com,lhansens@andersonsgrain.com,https://www.andersonsgrain.com/locations/oh/greenville/,Grain elevator,5728 Sebring Warner Rd # E,Greenville,Ohio,45331,https://www.facebook.com/159968937368912,
Centennial Grain,+1 208-356-5531,s.campbell@centennialgrain.com,tyson.centgran@gmail.com,http://centennialgrain.com/,Grain elevator,164 W 1st N,Rexburg,Idaho,83440,,
Farmers Union Coop Postville,+1 563-864-7234,brentr@farmerunion.net,adamk@farmerunion.net,http://www.farmerunion.net/,Grain elevator,325 Coop Dr,Postville,Iowa,52162,,
Tyson Foods Local Grain Services - Kenton,+1 731-749-5421,legalprivacy@tyson.com,localgrainservices@tyson.com,https://www.localgrainservices.com/,Grain elevator,201 E Church St,Kenton,Tennessee,38233,,
Andersons Grain & Ethanol,+1 269-483-7691,trayburn@andersonsgrain.com,lhansens@andersonsgrain.com,https://www.andersonsgrain.com/locations/mi/white-pigeon/,Grain elevator,13600 Anderson Rd,White Pigeon,Michigan,49099,https://www.facebook.com/159968937368912,
Premier Grains Elevator,+1 361-771-2003,,,,Grain elevator,9042 US-59,Ganado,Texas,77962,,
"Edon Farmers Cooperative Association, Inc.",+1 419-298-2317,rdunbar@edonfarmerscoop.com,knester@edonfarmerscoop.com,http://www.edonfarmerscoop.com/,Grain elevator,117 E Morrison St,Edgerton,Ohio,43517,https://www.facebook.com/Edon-Farmers-Co-op-162000213885568/,http://www.linkedin.com/company/8552733
"Edon Farmers Cooperative Association, Inc.",+1 419-298-2317,rdunbar@edonfarmerscoop.com,knester@edonfarmerscoop.com,http://www.edonfarmerscoop.com/,Grain elevator,117 E Morrison St,Edgerton,Ohio,43517,https://www.facebook.com/Edon-Farmers-Co-op-162000213885568/,http://www.linkedin.com/company/8552733
Cargill Inc,+1 309-543-3351,t.manternach@cargillag.com,m.wallace@cargillag.com,https://www.cargillag.com/locations/havana-cah,Grain elevator,310 S Water St,Havana,Illinois,62644,https://www.facebook.com/132988303474951,
Yuhasz Brothers,+1 440-422-3353,,,,Grain elevator,8549 OH-46,Orwell,Ohio,44076,,
United Cooperative,+1 920-485-9707,daveb@unitedcooperative.com,garys@unitedcooperative.com,http://www.unitedcooperative.com/,Grain elevator,101 Clinton St,Horicon,Wisconsin,53032,https://www.facebook.com/UnitedCooperative1936/,http://www.linkedin.com/company/854027
The Andersons,+1 989-662-4423,trayburn@andersonsgrain.com,lhansens@andersonsgrain.com,https://www.andersonsgrain.com/locations/mi/auburn/,Grain elevator,315 N Auburn Rd,Auburn,Michigan,48611,https://www.facebook.com/159968937368912,
ADM,+1 620-375-2574,,,,Grain elevator,101 N County Road 2 1/2,Leoti,Kansas,67861,,
Cargill Animal Nutrition,+1 318-776-9361,angela_taulbee@cargill.com,christian_butler@cargill.com,http://www.cargill.com/,Grain elevator,16 Feed Mill Rd,Lecompte,Louisiana,71346,https://www.facebook.com/CargillCares/,https://www.linkedin.com/company/cargill
Cargill Animal Nutrition,+1 717-273-1133,angela_taulbee@cargill.com,christian_butler@cargill.com,http://www.cargill.com/,Grain elevator,320 N 16th St,Lebanon,Pennsylvania,17046,https://www.facebook.com/CargillCares/,https://www.linkedin.com/company/cargill
TriOak Foods,+1 319-766-2230,,,,Grain elevator,106 Industrial Park Rd,Bushnell,Illinois,61422,,
Perdue AgriBusiness - Greenville Grain Elevator,+1 252-758-2141,j.wright@perdueagribusiness.com,t.ferguson@perdueagribusiness.com,http://www.perdueagribusiness.com/,Grain elevator,1623 N Greene St,Greenville,North Carolina,27834,https://www.facebook.com/160327367324124,http://www.linkedin.com/company/8877712
Lakephelps Grain,+1 336-835-3258,,,,Grain elevator,5808 Howell School Rd,Jonesville,North Carolina,28642,,
"DFS Oskaloosa, LLC",+1 641-673-9731,dee@dfsfeed.com,bmoens@dfsfeed.com,http://www.dfsfeed.com/,"Grain elevator, Feed manufacturer",2905 S 33rd St,Oskaloosa,Iowa,52577,https://www.facebook.com/101112305209272,
ADM Havana,+1 309-543-3392,suzanne.richardson@sharpspring.com,,https://admadvantage.com/contact-us/?location=Havana~Illinois,Grain elevator,546 S Water St,Havana,Illinois,62644,https://www.facebook.com/ADMFarmerServices/,
"Heritage Cooperative, Inc",+1 330-537-4631,cellington@heritagecooperative.com,lbaughman@heritagecooperative.com,https://www.heritagecooperative.com/,"Grain elevator, Store",15970 Front St,Salem,Ohio,44460,https://www.facebook.com/heritagecooperative,https://www.linkedin.com/company/1st-choiceenergyservices
Brubaker Grain Inc.,+1 937-839-4636,gbrubaker@brubakergrain.com,roland.brubaker@brubakergrain.com,https://brubakergrain.com/,Grain elevator,2918 Quaker Trace Rd,West Alexandria,Ohio,45381,https://www.facebook.com/thebrubakergrain,http://www.linkedin.com/company/6694212
Perdue AgriBusiness - Kilmarnock Grain Elevator,+1 804-435-1672,j.wright@perdueagribusiness.com,t.ferguson@perdueagribusiness.com,http://www.perdueagribusiness.com/,Grain elevator,1671 Waverly Ave,Kilmarnock,Virginia,22482,https://www.facebook.com/160327367324124,http://www.linkedin.com/company/8877712
Williams Feed Mill LLC,+1 260-724-3175,,,https://www.facebook.com/profile.php?id=100089480178537&mibextid=ZbWKwL,"Grain elevator, Store",1988 W 1200 N,Decatur,Indiana,46733,,
Falmouth Farm Supply Inc,+1 765-679-5245,gclark@falmouthfarmsupply.com,jstodda@falmouthfarmsupply.com,http://www.falmouthfarmsupply.com/,"Grain elevator, Farm equipment supplier, Store",4378 N County Road 850 W,Falmouth,Indiana,46127,https://www.facebook.com/FalmouthFarmSupply/,
Falmouth Farm Supply Inc- Glenwood,+1 765-679-5232,gclark@falmouthfarmsupply.com,jstodda@falmouthfarmsupply.com,http://www.falmouthfarmsupply.com/,"Grain elevator, Farm, Store",413 N Main St,Glenwood,Indiana,46133,https://www.facebook.com/FalmouthFarmSupply/,
Heartland Co-op,+1 641-792-5169,janderson@heartlandcoop.com,jjones@heartlandcoop.com,https://www.heartlandcoop.com/,"Grain elevator, Feed manufacturer, Animal feed store",3785 HWY 14 N,Newton,Iowa,50208,https://www.facebook.com/HeartlandCoop,http://www.linkedin.com/company/798805
Heartland Co-op,+1 641-792-5169,janderson@heartlandcoop.com,jjones@heartlandcoop.com,https://www.heartlandcoop.com/,"Grain elevator, Feed manufacturer, Animal feed store",3785 HWY 14 N,Newton,Iowa,50208,https://www.facebook.com/HeartlandCoop,http://www.linkedin.com/company/798805
Key Cooperative,+1 641-791-0740,justin.crocheck@keycoop.com,matt.james@keycoop.com,http://www.keycoop.com/,"Grain elevator, Agricultural cooperative, Animal feed store, Fertilizer Store, Propane supplier",1669 IA-14,Newton,Iowa,50208,,https://www.linkedin.com/company/key-cooperative
Hill Seed & Elevator,+1 870-382-4912,,,,Grain elevator,310 S Main St,Dumas,Arkansas,71639,,
Tronson Grain,+1 701-395-4334,pat.tronson@tronsongrain.com,,https://www.tronsongrain.com/,Grain elevator,121 Garske St,Webster,North Dakota,58382,,
AG Vantage FS - Eldora,+1 641-939-2146,matthewhillesland@agvantagefs.com,bbahe@agvantagefs.com,https://www.agvantagefs.com/locations/location-detail/eldora-iowa,Grain elevator,29234 IA-175,Eldora,Iowa,50627,https://www.facebook.com/agvantagefs/,http://www.linkedin.com/company/4634522
J R Jones Grain Inc,+1 910-843-3682,,,,Grain elevator,1108 Daniel McLeod Rd,Red Springs,North Carolina,28377,,
Andover Grain & Fertilizer,+1 563-682-7599,,,,Grain elevator,1394 432nd Ave,Andover,Iowa,52701,,
Elbow Lake Co-Op Grain Co,+1 218-369-2181,,,,Grain elevator,,Nashua,Minnesota,56565,,
"United Equity, Inc - Neptune",+1 419-586-2196,justin@unitedequityinc.com,delkins@unitedequities.com,http://unitedequityinc.com/locations/,"Grain elevator, Agricultural cooperative, Agricultural service, Animal feed store","8731 St, OH-197",Celina,Ohio,45822,https://www.facebook.com/unitedequityinc/,
CHS,+1 701-662-5726,mychs@chsinc.com,jayme.burkhart@chsinc.com,https://www.chsdevilslake.com/,Grain elevator,4215 14th St NW,Devils Lake,North Dakota,58301,https://www.facebook.com/CHSDevilsLake,https://www.linkedin.com/company/chs
East Central Iowa Co-Op,+1 319-827-6226,mkistenmacher@midiowacoop.com,jberrey@midiowacoop.com,https://www.midiowacoop.com/,Grain elevator,661 Douglas St,Jesup,Iowa,50648,,http://www.linkedin.com/company/4713562
Smithfield Grain Bethany East Elevator,+1 660-425-3014,kbass@smithfield.com,mmparker@smithfield.com,https://smithfieldgrain.com/cbloc-1957,Grain elevator,31019 E 260th Ave,Bethany,Missouri,64424,https://www.facebook.com/1835940583377171,
Smithfield Grain Bethany West Elevator,+1 660-425-6343,,,,Grain elevator,19765 W 320th St,Bethany,Missouri,64424,,
Fousek Grain,+1 605-384-5474,,,,Grain elevator,106 N Railroad St,Wagner,South Dakota,57380,,
Consolidated Grain and Barge Co.,+1 870-563-6002,info@cgbgrain.com,cgbgrainsupport@cgb.com,http://www.cgbgrain.com/,Grain elevator,"2440 East, 2440 State Hwy 198",Osceola,Arkansas,72370,https://www.facebook.com/cgbgrain,https://www.linkedin.com/company/151628
Agtegra Cooperative Redfield Grain,+1 605-472-2290,lance.koch@agtegra.com,joe.airheart@agtegra.com,https://www.agtegra.com/Locations/Redfield-Elevator,Grain elevator,1005 W Commercial Ln,Redfield,South Dakota,57469,https://www.facebook.com/agtegra,https://www.linkedin.com/company/agtegracooperative/
Bridgeport Grain Inc,+1 618-945-5711,,,,Grain elevator,123 N Main St,Bridgeport,Illinois,62417,,
DeWitt Grain,+1 517-669-5950,,,,Grain elevator,1540 W Round Lake Rd,DeWitt,Michigan,48820,,
Carver Company,+1 612-418-8610,dustin@carvercompany.com,gwp@carvercompany.com,http://carvercompany.com/,"Grain elevator, Electrician",10330 Kentucky Ave N,Brooklyn Park,Minnesota,55445,,
"Agco of Spearman, Inc.",+1 806-659-3751,,,,"Grain elevator, Fertilizer Store, Agricultural Seed Store",821 TX-207,Spearman,Texas,79081,,
Tiffin Farmer's Co-Op Inc,+1 419-447-0366,tfcfeed@gmail.com,tfcagronomy2@gmail.com,http://tiffin-farmers.com/,Grain elevator,585 S County Rd 13,Tiffin,Ohio,44883,https://www.facebook.com/tiffinfarmers/,
Norder Supply,+1 402-768-6540,knorder@nordersupply.com,jrexing@nordersupply.com,https://www.nordersupply.com/,Grain elevator,201 N 1st St,Hebron,Nebraska,68370,https://www.facebook.com/nordersupply,https://www.linkedin.com/company/norder-supply-inc
MFA Agri Services,+1 660-582-2102,dmoore@mfa-inc.com,skoch@mfa-inc.com,https://mfa-inc.com/,Grain elevator,221 N Depot St,Maryville,Missouri,64468,https://www.facebook.com/mfaincorporated,https://www.linkedin.com/company/mfa-incorporated
Riverdale Feed & Grain,+1 989-833-7757,,,,"Grain elevator, Feed manufacturer, Animal feed store",6658 Mill St,Riverdale,Michigan,48877,,
Central City Grain,+1 701-652-2828,support@cropsafe.com,,https://www.agprices.com/elevator/central-city-grain-carrington-nd-b41e0a31f07b6d07be6fe3f72d4b4da3,Grain elevator,1000 9th St N,Carrington,North Dakota,58421,,
S & F Grain Co Inc,+1 843-387-5855,,,,Grain elevator,6908 US-521,Salters,South Carolina,29590,,
Ottawa Cooperative,+1 785-371-4013,rgerste@ottawacoop.com,mmcinni@ottawacoop.com,https://www.ottawacoop.com/,Grain elevator,114 Maple St,Overbrook,Kansas,66524,,https://www.linkedin.com/company/the-ottawa-cooperative-association
Caledonia Farmers Elevator,+1 517-543-1160,sbuche@cfeco.com,dshellenbarger@cfeco.com,https://www.cfeco.com/,"Grain elevator, Diesel fuel supplier, Animal feed store, Fertilizer Store, Heating oil supplier, Agricultural Seed Store, Tire shop",2166 E Clinton Trail,Charlotte,Michigan,48813,https://www.facebook.com/214540265234726,http://www.linkedin.com/company/6761010
Tuscarora Processors,+1 717-535-5100,,,,Grain elevator,35 Oberlin Rd,Thompsontown,Pennsylvania,17094,,
Farmers Co-Op Elevator,+1 605-698-3221,,,,Grain elevator,101 Oak St W,Sisseton,South Dakota,57262,,
Cargill Inc,,t.manternach@cargillag.com,m.wallace@cargillag.com,https://www.cargillag.com/locations/shelton-cah,Grain elevator,19849 US-30,Shelton,Nebraska,68876,https://www.facebook.com/132988303474951,
Midwest Agri-Chemico Inc,+1 573-335-5775,ram@midwestagri-chemico.com,clape@midwestagri-chemico.com,https://midwestagri-chemico.com/,"Grain elevator, Store",4868 Nash Rd,Cape Girardeau,Missouri,63701,,
MFA Agri Services,+1 660-727-3371,shayle.stewart@dtn.com,,http://www.kahokamfa.com/,Grain elevator,State Hwy EE,Kahoka,Missouri,63445,,
Midwest Compost,+1 419-547-7979,,,,Grain elevator,7250 OH-101,Clyde,Ohio,43410,,
Ritchie Grain Elevator,+1 815-476-7919,,,,Grain elevator,34511 Elevator Rd,Wilmington,Illinois,60481,,
S & S Grain Co,+1 361-865-3585,,,,Grain elevator,202 S Faires St,Flatonia,Texas,78941,,
Mica Grain Co,+1 361-865-3339,,,,Grain elevator,1426 Slaughter House Rd,Flatonia,Texas,78941,,
Hamilton Feed,+1 269-751-1010,,,,Grain elevator,4670 Washington Ave,Hamilton,Michigan,49419,,
Riceland Foods Inc,+1 870-382-4828,rball@riceland.com,tthompson@riceland.com,http://www.riceland.com/,Grain elevator,,,Arkansas,,https://www.facebook.com/ricelandusa,http://www.linkedin.com/company/70902
MFA Farmers Elevator Co,+1 573-422-3182,,,,"Grain elevator, Car repair and maintenance service, Animal feed store, Hardware store",243 State Hwy 42,Vienna,Missouri,65582,,
Wheatfield Grain Co LLC,+1 219-866-3164,g.lucas@wheatfieldgrain.com,k.hayworth@wheatfieldgrain.com,https://www.wheatfieldgrain.com/markets/cash.php,Grain elevator,702 N McKinley Ave,Rensselaer,Indiana,47978,,http://www.linkedin.com/company/3094025
"Townsend Grain Company, LLC",+1 859-355-5799,,,http://www.townsendgrain.com/,Grain elevator,5799 Rockwell Rd,Winchester,Kentucky,40391,,
Heritage Cooperative,+1 937-585-5871,cellington@heritagecooperative.com,lbaughman@heritagecooperative.com,https://www.heritagecooperative.com/locations/degraff,Grain elevator,113 N Koke St,De Graff,Ohio,43318,https://www.facebook.com/heritagecooperative,https://www.linkedin.com/company/1st-choiceenergyservices
North Mississippi Grain Co,+1 662-563-8356,,,,Grain elevator,145 Peyton Rd,Coldwater,Mississippi,38618,,
Cargill Inc,+1 315-622-3533,angela_taulbee@cargill.com,christian_butler@cargill.com,https://www.cargill.com/,Grain elevator,7700 Maltlage Dr,Liverpool,New York,13090,https://www.facebook.com/CargillCares/,https://www.linkedin.com/company/cargill
Cargill Inc,+1 315-622-3533,angela_taulbee@cargill.com,christian_butler@cargill.com,https://www.cargill.com/,Grain elevator,7700 Maltlage Dr,Liverpool,New York,13090,https://www.facebook.com/CargillCares/,https://www.linkedin.com/company/cargill
Key Cooperative,+1 515-382-5461,justin.crocheck@keycoop.com,matt.james@keycoop.com,http://www.keycoop.com/,"Grain elevator, Diesel fuel supplier, Propane supplier",22703 600th Ave,Nevada,Iowa,50201,,https://www.linkedin.com/company/key-cooperative
Key Cooperative,+1 515-733-4358,justin.crocheck@keycoop.com,matt.james@keycoop.com,http://www.keycoop.com/,"Grain elevator, Agricultural cooperative, Agricultural service, Animal feed store, Propane supplier",633 Market Ave,Story City,Iowa,50248,,https://www.linkedin.com/company/key-cooperative
Key Cooperative,+1 515-769-2244,justin.crocheck@keycoop.com,matt.james@keycoop.com,http://www.keycoop.com/,"Grain elevator, Agricultural cooperative, Agricultural service, Animal feed store, Fertilizer Store, Propane supplier",27948 530th Ave,Kelley,Iowa,50134,,https://www.linkedin.com/company/key-cooperative
Key Cooperative,+1 641-477-8244,justin.crocheck@keycoop.com,matt.james@keycoop.com,http://www.keycoop.com/,"Grain elevator, Agricultural cooperative, Propane supplier",102 W 3rd St,St Anthony,Iowa,50239,,https://www.linkedin.com/company/key-cooperative
Success Grain Inc-Corning,+1 870-857-6666,,,,Grain elevator,311 E Walnut St,Corning,Arkansas,72422,,
Frontier AG Inc,+1 785-672-3300,rmclemore@frontieraginc.com,dfrederking@frontieraginc.com,https://www.frontieraginc.com/,"Grain elevator, Petrol Pump",415 W 2nd St,Oakley,Kansas,67748,https://www.facebook.com/FrontierAgInc,http://www.linkedin.com/company/3618828
Frontier AG Inc,+1 785-672-3300,rmclemore@frontieraginc.com,dfrederking@frontieraginc.com,https://www.frontieraginc.com/,"Grain elevator, Petrol Pump",415 W 2nd St,Oakley,Kansas,67748,https://www.facebook.com/FrontierAgInc,http://www.linkedin.com/company/3618828
Trotter Grain & Fertilizer,+1 308-789-6200,a.whitis@trotterinc.com,,http://www.trotterinc.com/,"Grain elevator, Fertilizer Store, Propane supplier",300 W Railway St,Arcadia,Nebraska,68815,https://www.facebook.com/Trotter-Grain-And-Fertilizer-Loup-City-866986120106528/,
Wicomico Grain Elevator,+1 301-884-5667,,,,"Grain elevator, Animal feed store",12585 Olde Mill Rd,Charlotte Hall,Maryland,20622,,
Heartland Cooperative,+1 515-987-4511,janderson@heartlandcoop.com,jjones@heartlandcoop.com,https://www.heartlandcoop.com/,"Grain elevator, Petrol Pump",529 Ashworth Dr,Waukee,Iowa,50263,https://www.facebook.com/HeartlandCoop,http://www.linkedin.com/company/798805
Heartland Cooperative,+1 515-987-4511,janderson@heartlandcoop.com,jjones@heartlandcoop.com,https://www.heartlandcoop.com/,"Grain elevator, Petrol Pump",529 Ashworth Dr,Waukee,Iowa,50263,https://www.facebook.com/HeartlandCoop,http://www.linkedin.com/company/798805
CHS,+1 405-853-7104,,,,Grain elevator,121 W Kansas St,Hennessey,Oklahoma,73742,,
CHS Pipestone Grain,+1 507-825-8541,t.manternach@cargillag.com,m.wallace@cargillag.com,https://www.cargillag.com/locations/pipestone-south-cah,Grain elevator,651 81st St,Pipestone,Minnesota,56164,https://www.facebook.com/132988303474951,
Vita Plus,+1 800-362-8334,anytes@vitaplus.com,nbrown@vitaplus.com,https://www.vitaplus.com/,Grain elevator,319 N Dickason Blvd,Columbus,Wisconsin,53925,http://www.facebook.com/pages/,https://www.linkedin.com/company/vita-plus-corporation
Consolidated Grain and Barge Co.,+1 765-827-3937,info@cgbgrain.com,cgbgrainsupport@cgb.com,http://www.cgbgrain.com/,Grain elevator,306 E 10th St,Connersville,Indiana,47331,https://www.facebook.com/cgbgrain,https://www.linkedin.com/company/151628
Gateway FS Inc,+1 618-226-3275,jherzog@gatewayfs.com,dschrader@gatewayfs.com,https://www.gatewayfs.com/,"Grain elevator, Store",12805 Ferrin Rd,Carlyle,Illinois,62231,https://www.facebook.com/GatewayFS.Inc/,http://linkedin.com/company/gateway-fs-inc.
"Byron Agri Center - Gilbertson Feed & Grain, Inc.",+1 800-944-2297,cgallion@nerstrandag.com,jmerhavy@nerstrandag.com,http://nerstrandag.com/,Grain elevator,302 Byron Ave N,Byron,Minnesota,55920,https://www.facebook.com/NerstrandAgriCenter,
Memphis Feed & Supply,+1 810-392-2361,,,,Grain elevator,81560 Main St,Memphis,Michigan,48041,,
AGT Foods Williston,+1 701-572-4070,skilincci@agtfoods.com,wthompson@agtfoods.com,http://agtfoods.com/about-agt/agtfoods-usa.html,Grain elevator,505 26th Ave NE,Williston,North Dakota,58801,https://www.facebook.com/agtfoodsretail,http://www.linkedin.com/company/1400294
Diversified Ingredients- Meadville,+1 814-807-0005,,,,Grain elevator,10730 McHenry St,Meadville,Pennsylvania,16335,,
Akron Services Inc.,+1 309-249-2700,asi@akronservices.com,twagenbach@akronservices.com,https://www.akronservices.com/,Grain elevator,17705 N Elevator Rd,Edelstein,Illinois,61526,https://www.facebook.com/709014135869691,https://www.linkedin.com/company/akron-services-inc
Coshocton Grain Co,+1 740-928-0941,rcrown@coshoctongrain.net,d.gilmore@coshoctongrain.net,https://www.coshoctongrain.net/,Grain elevator,129 O Neill Dr,Hebron,Ohio,43025,,
Gavilon Grain,+1 608-849-7090,gary.acromite@gavilon.com,sean.anderson@gavilon.com,https://www.gavilon.com/location/mt-horeb,"Grain elevator, Agricultural Product Wholesaler",9920 Co Rd ID,Mt Horeb,Wisconsin,53572,https://www.facebook.com/GavilonAg/,http://linkedin.com/company/gavilon-fertilizer-llc
Allied Cooperative,+1 715-423-3000,mwhalen@allied.coop,nausen@allied.coop,https://www.allied.coop/,Grain elevator,3990 Commerce Dr,Wisconsin Rapids,Wisconsin,54494,https://www.facebook.com/194995080689117,http://www.linkedin.com/company/10311285
Cedar Bend Industries,,blake@cedarbend.net,,https://www.cedarbend.net/,Grain elevator,708 S 8th Ave,Vinton,Iowa,52349,,
"Frontier Ag, Inc., Goodland,KS",+1 785-899-3681,rmclemore@frontieraginc.com,dfrederking@frontieraginc.com,https://www.frontieraginc.com/,Grain elevator,1202 Old US Hwy 24,Goodland,Kansas,67735,https://www.facebook.com/FrontierAgInc,http://www.linkedin.com/company/3618828
"Frontier Ag, Inc., Goodland,KS",+1 785-899-3681,rmclemore@frontieraginc.com,dfrederking@frontieraginc.com,https://www.frontieraginc.com/,Grain elevator,1202 Old US Hwy 24,Goodland,Kansas,67735,https://www.facebook.com/FrontierAgInc,http://www.linkedin.com/company/3618828
AGP Grain Marketing LLC,+1 402-460-4420,,,,Grain elevator,2315 US-6,Hastings,Nebraska,68901,,
Chief Ethanol Fuel,+1 402-463-6885,tory.kort@chiefethanol.com,,http://www.chiefethanol.com/,Grain elevator,4225 E South St,Hastings,Nebraska,68901,https://www.facebook.com/chiefind,
Central States Enterprise,+1 260-897-3100,,,,Grain elevator,200 Collins St,Laotto,Indiana,46763,,
Prairie Creek Grain,+1 708-258-3928,carol@pcgrain.com,melissa@pcgrain.com,http://pcgrain.com/,Grain elevator,32207 US-45,Peotone,Illinois,60468,,
Viserion Grain Mcgregor,+1 563-584-8610,aaron.taylor@viseriongrain.com,,https://www.viseriongrain.com/,Grain elevator,311 B St,McGregor,Iowa,52157,,
Cornerstone Ag (Terminal),+1 785-462-3354,juchaker@cornerstone-ag.com,terber@cornerstone-ag.com,http://www.cornerstone-ag.com/,Grain elevator,2148 Co Rd Q,Colby,Kansas,67701,,
Riviana Foods,+1 337-783-2285,rjones@riviana.com,sstanphill@riviana.com,http://www.riviana.com/,Grain elevator,2034 W Mill St,Crowley,Louisiana,70526,https://www.facebook.com/111007458963128,https://www.linkedin.com/company/riviana-foods-inc.-usa
Hemmer Grain,+1 605-530-1111,,,,Grain elevator,23718 474th Ave,Dell Rapids,South Dakota,57022,,
J M Grain Inc,+1 701-463-7261,nbarta@jmgrain.com,bnavarr@jmgrain.com,http://www.jmgrain.com/,Grain elevator,12 Railroad St,Garrison,North Dakota,58540,,https://www.linkedin.com/company/jm-grain-inc
Kanza Cooperative Association- Pratt Grain Office,+1 800-536-5614,cdrake@kanzacoop.com,j.brown@kanzacoop.com,https://www.kanzacoop.com/locations/pratt-office/,Grain elevator,20112 US-54,Pratt,Kansas,67124,https://www.facebook.com/KanzaCoop/,https://www.linkedin.com/company/8334765/
O'Neals Millwright & Services,+1 302-542-5811,onealsmillwright@comcast.net,,https://www.onealsmillwrightandservicesllc.com/about,"Grain elevator, Contractor, Material handling equipment supplier, Repair service",18063 Johnson Rd,Lincoln,Delaware,19960,https://www.facebook.com/Oneals-MillwrightServices-Grain-Storage-Material-Handling-1813913342204650/,
New Vision Co-Op,+1 507-376-4114,gglasford@newvision.coop,bphillips@newvision.coop,http://www.newvision.coop/,Grain elevator,1301 Co Rd 5,Worthington,Minnesota,56187,http://facebook.com/newvisioncoop,http://www.linkedin.com/company/2227741
Racine Grain Co,+1 262-878-4435,,,,Grain elevator,1313 S Colony Ave,Union Grove,Wisconsin,53182,,
Kelley Bean Co Inc,+1 308-586-1515,jbartsch@kelleybean.com,ssnyder@kelleybean.com,https://www.kelleybean.com/,Grain elevator,128 W 1st St,Bayard,Nebraska,69334,https://www.facebook.com/156787921027540,https://www.linkedin.com/company/kelleybeanco
Cargill Inc,+1 308-995-8656,angela_taulbee@cargill.com,christian_butler@cargill.com,http://www.cargill.com/,Grain elevator,73033 L Rd,Holdrege,Nebraska,68949,https://www.facebook.com/CargillCares/,https://www.linkedin.com/company/cargill
"Western Grain Marketing, LLC",+1 309-543-0060,trouse@westerngrainmarketing.com,rmiller@westerngrainmarketing.com,http://www.westerngrainmarketing.com/,"Grain elevator, Agricultural service",1216 S Water St,Havana,Illinois,62644,https://www.facebook.com/165466153480477,http://www.linkedin.com/company/4264512
Pride AG Resources,+1 620-865-2200,bboyd@prideag.com,gfriesen@prideag.com,https://www.prideag.com/,Grain elevator,19502 US Hwy. 56,Cimarron,Kansas,67835,https://www.facebook.com/PrideAgResources/,https://www.linkedin.com/company/pride-ag-resources
Beachner Grain Inc,+1 785-448-3712,t.rasmussen@beachnergrain.com,d.schmidt@beachnergrain.com,https://www.beachnergrain.com/,Grain elevator,807 E 6th Ave,Garnett,Kansas,66032,https://www.facebook.com/beachnergraininc/,
"Valley R Agri-Service, Inc.",+1 785-448-6533,,,http://valleyragriservice.com/index.cfm,Grain elevator,20379 NW 1600th Rd,Garnett,Kansas,66032,https://www.facebook.com/acreview1865,
Cargill Dry Corn Ingredients,+1 217-465-5331,t.manternach@cargillag.com,m.wallace@cargillag.com,https://www.cargillag.com/,Grain elevator,616 S Jefferson St,Paris,Illinois,61944,https://www.facebook.com/132988303474951,
Lyons - Central Prairie Co-op,+1 620-257-2181,dgaeddert@cpcoop.us,brooks@cpcoop.us,https://www.cpcoop.us/home/locations/lyons/,Grain elevator,321 N Grand Ave,Lyons,Kansas,67554,https://www.facebook.com/centralprairiecoop,http://www.linkedin.com/company/8948132
Valley Systems,+1 507-867-9009,,,,Grain elevator,1200 Main St NE,Chatfield,Minnesota,55923,,
Keller Grain & Feed Inc,+1 937-448-2284,karl@kellergrain.com,ckeller@kellergrain.com,http://www.kellergrain.com/,Grain elevator,7977 Main St,Greenville,Ohio,45331,https://www.facebook.com/111820318830028,http://linkedin.com/company/keller-grain-feed
Keller Grain & Feed Inc,+1 937-692-5181,karl@kellergrain.com,ckeller@kellergrain.com,http://www.kellergrain.com/,Grain elevator,113 N Jefferson St,Pitsburg,Ohio,45358,https://www.facebook.com/111820318830028,http://linkedin.com/company/keller-grain-feed
Revillo Farmers Elevator,+1 605-623-4411,johns@revillofarmers.com,,https://www.revillofarmers.com/,Grain elevator,200 N 2nd Ave,Revillo,South Dakota,57259,,
Reus Grain LP,+1 210-844-4015,,,,Grain elevator,740 Co Rd 431,Hondo,Texas,78861,,
West Point Custom Feeders,+1 402-372-2658,,,,Grain elevator,1977 D Rd,West Point,Nebraska,68788,,
Farmers Grain Terminal Inc,+1 662-759-0000,cc.craig@fgtcoop.com,richard.watkins@fgtcoop.com,http://www.fgtcoop.com/,Grain elevator,445 Port Terminal Road,Rosedale,Mississippi,38769,https://www.facebook.com/156426661063745,http://linkedin.com/company/farmers-grain-terminal-inc.
Pitchford Elevator Co,+1 618-542-6950,,,,Grain elevator,1640 Old Du Quoin Rd,Du Quoin,Illinois,62832,,
Mc Intosh-Watauga Equity,+1 605-273-4266,,,,Grain elevator,101 Railroad St W,McIntosh,South Dakota,57641,,
Schneider's Milling Inc,+1 319-352-4421,,,http://www.schneidersmillinginc.com/,Grain elevator,3601 E Bremer Ave,Waverly,Iowa,50677,,
Desgranges Bros Inc,+1 419-264-8885,,,,Grain elevator,17698 OH-18,Holgate,Ohio,43527,,
United AG Services,+1 620-653-4941,,,,Grain elevator,202 E Railroad St,Hoisington,Kansas,67544,,
Anchor Ingredients – Hillsboro South Plant,+1 701-941-8060,rebecca.lahlum@anchoringredients.com,brad.lindemann@anchoringredients.com,https://anchoringredients.com/,Grain elevator,313 1st St SE,Hillsboro,North Dakota,58045,https://www.facebook.com/anchoringredients/,https://www.linkedin.com/company/anchor-ingredients
Ervin Feedmill,+1 731-538-2386,,,http://www.ervinfeedandgrain.com/,Grain elevator,4851 Jim Carver Rd,Obion,Tennessee,38240,,
"EGT, LLC",+1 406-433-3322,kaylan.kinman@bunge.com,patrick.hegarty@bunge.com,http://www.bungeag.com/?utm_source=extnet&utm_medium=yext,Grain elevator,35146 Co Rd 126,Sidney,Montana,59270,https://www.facebook.com/Bunge/,https://www.linkedin.com/company/bunge/
Nexus,+1 563-637-2285,ddavis@nexus.coop,mruggles@nexus.coop,https://www.nexus.coop/,Grain elevator,18862 60th St,Oelwein,Iowa,50662,http://www.facebook.com/NexusCooperative,https://www.linkedin.com/company/nexuscooperative
CHS Inc,+1 507-629-3780,barbara.shiell@chsinc.com,kent.mulder@chsinc.com,http://chsbrandon.com/,Grain elevator,301 South St,Tracy,Minnesota,56175,https://www.facebook.com/CHSIncBrandon,https://www.linkedin.com/company/chs
Total Grain Marketing,+1 217-268-4953,ngould@okawcoop.com,lgillig@okawcoop.com,http://okawcoop.com/,Grain elevator,305 S Chestnut St,Arcola,Illinois,61910,https://www.facebook.com/330538084040626,
Tyson Foods Local Grain Services - Humboldt,+1 731-784-3212,legalprivacy@tyson.com,localgrainservices@tyson.com,https://www.localgrainservices.com/,Grain elevator,7 Tyson Dr,Humboldt,Tennessee,38343,,
The DeLong Co. Inc.,+1 608-882-5756,skranig@delongcompany.com,jtaft@delongcompany.com,http://www.delongcompany.com/,"Grain elevator, Agricultural service",340 N Union Rd,Evansville,Wisconsin,53536,https://www.facebook.com/delongcompany,http://www.linkedin.com/company/4301399
Pointe Coupee Farmers Elevator Inc,+1 225-492-2342,,,,Grain elevator,5049 LA-1,Batchelor,Louisiana,70715,,
Panhandle Compress Co,+1 940-663-5327,wendell@panhandlecompress.com,ecampbe@panhandlecompress.com,https://www.panhandlecompress.com/,Grain elevator,1200 W 2nd St,Quanah,Texas,79252,,http://www.linkedin.com/company/4358628
United Quality Cooperative Grain Elevator - Parshall,+1 701-862-3404,jeremyb@uqcoop.com,garyu@uqcoop.com,http://www.uqcoop.com/,Grain elevator,14 Railroad Ave South,Parshall,North Dakota,58770,https://www.facebook.com/uqcoop/,https://www.linkedin.com/company/61028121/
Carson Grain Inc,+1 319-224-3296,carsongrain@hotmail.com,cpcarsongrain@hotmail.com,https://carsongrain.com/closing-bids,Grain elevator,5889 Main St,Troy Mills,Iowa,52344,https://www.facebook.com/122618574461453,
Cooperative Elevator Co.,+1 989-375-2288,bherzog@coopelev.com,aspannagel@coopelev.com,https://www.coopelev.com/,"Grain elevator, Agricultural association, Agricultural cooperative, Agricultural service, Chemical Exporter, Fertilizer Store, Food Processing Company",4245 Pigeon Rd,Elkton,Michigan,48731,https://www.facebook.com/CooperativeElevator/,https://www.linkedin.com/company/cooperative-elevator
D & K Supply Inc,+1 574-896-2188,,,,Grain elevator,615 Keller Ave,North Judson,Indiana,46366,,
Bee Ag Co is Now Amigos Grain Elevators,+1 361-358-3470,,,,Grain elevator,1004 S Washington St,Beeville,Texas,78102,,
"Premier Grain, Jamestown",+1 937-584-2411,,,http://premiergrainllc.com/,Grain elevator,25 S Church St,Jamestown,Ohio,45335,https://www.facebook.com/Premier-Grain-LLC-113421368701326/,
Bagley Co-op Elevator,+1 218-694-2256,bca@gvtel.com,,https://www.bagleycoopassn.com/grain-elevator/,Grain elevator,103 Waterplant Dr SW,Bagley,Minnesota,56621,https://www.facebook.com/778886652213030,
Taylor JP TOB Co,+1 434-676-2831,,,,Grain elevator,VA-138,Kenbridge,Virginia,23944,,
CHS Savage Terminal,+1 800-642-0046,agdigital@chsinc.com,beyerbrady.beyer@chsinc.com,https://chsag.com/locations/savage/,Grain elevator,6200 State Hwy 13,Savage,Minnesota,55378,https://www.facebook.com/221201188694000,https://www.linkedin.com/company/chs
Riceland Foods Inc,+1 573-785-6821,rball@riceland.com,tthompson@riceland.com,https://www.riceland.com/,Grain elevator,3295 Cravens Rd,Poplar Bluff,Missouri,63901,https://www.facebook.com/ricelandusa,http://www.linkedin.com/company/70902
Cargill,+1 870-400-3802,angela_taulbee@cargill.com,christian_butler@cargill.com,http://www.cargill.com/,Grain elevator,4600 S Loop Dr,West Memphis,Arkansas,72301,https://www.facebook.com/CargillCares/,https://www.linkedin.com/company/cargill
Superior Ag Co-Op,+1 812-683-2809,bday@superiorag.com,jwilkerson@superiorag.com,https://www.superiorag.com/,Grain elevator,664 US-41,Princeton,Indiana,47670,https://www.facebook.com/SuperiorAgCooperative/,https://www.linkedin.com/company/superioragcoop
Yaggies Inc,+1 605-665-7801,,,,Grain elevator,220 Mulberry St #4536,Yankton,South Dakota,57078,,
Russellville Elevators,+1 270-726-7636,,,,Grain elevator,333 Watermelon Rd,Russellville,Kentucky,42276,,
Baltz Feed Co,,support@cropsafe.com,,https://www.agprices.com/elevator/baltz-feed-co-pocahontas-ar-f3574d0bf5cda6b3ebe80f34009e2f16,Grain elevator,828 US-67,Pocahontas,Arkansas,72455,,
Montgomery City Grain Elevator,+1 573-564-2089,,,,Grain elevator,320 Short St,Montgomery City,Missouri,63361,,
Midwestern Soybean International,+1 641-424-5669,,,,Grain elevator,500 3rd St NE,Mason City,Iowa,50401,,
Consolidated Grain & Barge Co.,,info@cgbgrain.com,cgbgrainsupport@cgb.com,https://www.cgbgrain.com/,Grain elevator,337 Port Rd,Lake Providence,Louisiana,71254,https://www.facebook.com/cgbgrain,https://www.linkedin.com/company/151628
Primient Grain Pittwood,+1 815-432-4169,rosario.hiser@primient.com,peopleservices@primient.com,http://primientgrain.com/,Grain elevator,"E, 2111 E Co Rd 2130 N",Watseka,Illinois,60970,,
Osage Co-Op Elevator,+1 641-732-3768,dale@osage.net,jherrick@osage.net,https://osagecoop.com/,Grain elevator,216 Mechanic St,Osage,Iowa,50461,,
Rocky Mountain Milling LLC,+1 970-785-0383,,,,Grain elevator,400 Platte St,Platteville,Colorado,80651,,
Jbs United,+1 217-285-2121,george.visinescu@bunge.com,kwagner@bunge.com,https://www.bunge.com/,"Grain elevator, Agricultural service",502 N Madison St,Pittsfield,Illinois,62363,https://www.facebook.com/Bunge,https://www.linkedin.com/company/bunge
Farmers Elevator & Supply Co,+1 660-885-5620,,,https://www.farmerselevatorco.com/,Grain elevator,131 MO-52,Clinton,Missouri,64735,,
Farmers Elevator & Supply Co,+1 660-885-5620,,,https://www.farmerselevatorco.com/,Grain elevator,131 MO-52,Clinton,Missouri,64735,,
Riceland Foods Inc,+1 870-523-6251,rball@riceland.com,tthompson@riceland.com,https://www.riceland.com/,Grain elevator,200 Plum St,Newport,Arkansas,72112,https://www.facebook.com/ricelandusa,http://www.linkedin.com/company/70902
Johnson Grain Inc,+1 307-886-9332,,,,Grain elevator,40 E 5th Ave,Afton,Wyoming,83110,,
Sheppard Grain Inc,+1 315-548-9271,ssheppard@sheppardgrain.com,dchristensen@sheppardgrain.com,http://www.sheppardgrain.com/,Grain elevator,1615 Maryland Rd,Phelps,New York,14532,,
Two Rivers Consumers Cooperative Association,+1 580-362-2109,alanb@bruglermktg.com,mstrelow@totalfarmmarketing.com,http://www.tworiversks.coop/,Grain elevator,116 E 6th St,Newkirk,Oklahoma,74647,,
Werner Grain & Feed,+1 641-484-2621,wernersgrain@gmail.com,,http://wernersgrain.com/,Grain elevator,404 E 3rd St,Tama,Iowa,52339,,
Synergy Cooperative,+1 715-458-3346,info@synergycoop.com,dianek@synergycoop.com,https://www.synergycoop.com/markets/cash.php?location_filter=47366,Grain elevator,2031 13 - 12 1/2 Ave,Cameron,Wisconsin,54822,https://www.facebook.com/SynergyCoopUSA,https://www.linkedin.com/company/synergy-cooperative
Garden City Co-Op - Lakin Elevator,+1 620-355-6341,ahamm@gccoop.com,jboyd@gccoop.com,https://www.gccoop.com/,Grain elevator,206 S Main St,Lakin,Kansas,67860,https://www.facebook.com/gardencitycoop/,http://www.linkedin.com/company/3298335
United Cooperative,+1 608-375-2800,daveb@unitedcooperative.com,garys@unitedcooperative.com,http://www.unitedcooperative.com/,Grain elevator,6250 Borden Rd,Boscobel,Wisconsin,53805,https://www.facebook.com/UnitedCooperative1936/,http://www.linkedin.com/company/854027
Martinek Grain and Bins,+1 972-382-8500,,,,"Grain elevator, Farm shop",104 E Ash St,Celina,Texas,75009,,
Beachner Grain Inc,+1 620-331-1880,t.rasmussen@beachnergrain.com,d.schmidt@beachnergrain.com,https://www.beachnergrain.com/,Grain elevator,701 W Railroad St,Independence,Kansas,67301,https://www.facebook.com/beachnergraininc/,
Total Grain Marketing,+1 217-774-3901,b.brown@totalgrainmarketing.com,j.ham@totalgrainmarketing.com,https://www.totalgrainmarketing.com/TGM-Locations/location-detail/shelbyville,"Grain elevator, Agricultural cooperative",2000 W South 5th St,Shelbyville,Illinois,62565,https://www.facebook.com/southcentralfs/,https://www.linkedin.com/company/total-grain-marketing-llc
Total Grain Marketing,+1 217-774-2888,b.brown@totalgrainmarketing.com,j.ham@totalgrainmarketing.com,http://www.totalgrainmarketing.com/,Grain elevator,RR 4 Box 64B,Shelbyville,Illinois,62565,https://www.facebook.com/southcentralfs/,https://www.linkedin.com/company/total-grain-marketing-llc
Perdue AgriBusiness - Bainbridge Grain Elevator and Oilseed Crush,+1 717-426-7950,j.wright@perdueagribusiness.com,t.ferguson@perdueagribusiness.com,http://www.perdueagribusiness.com/,Grain elevator,1897 River Rd,Marietta,Pennsylvania,17547,https://www.facebook.com/160327367324124,http://www.linkedin.com/company/8877712
Sunrise Foods,+1 507-236-0628,,,,Grain elevator,31557 170th St,Huntley,Minnesota,56047,,
Dakota City Organic Elevator,+1 402-833-6999,jemeuretgrain@jemeuretgrain.com,pat.meuret@jemeuretgrain.com,http://jemeuretgrain.com/,Grain elevator,1633 E Ave,Dakota City,Nebraska,68731,,http://linkedin.com/company/j.-e.-meuret-grain-co.-inc.
Sanders Grain,+1 479-795-4110,,,,"Grain elevator, Store",14350 Bethlehem Rd,Gravette,Arkansas,72736,,
Moberly Natural Crush,+1 314-809-9499,pconners@moberlynaturalcrush.com,,http://moberlynaturalcrush.com/,Grain elevator,609 W Fowler Rd,Moberly,Missouri,65270,,
Producers Rice Mill Inc,+1 870-674-2388,greifeiss@producersrice.com,mfisher@producersrice.com,https://www.producersrice.com/,Grain elevator,340 S Main St,Eudora,Arkansas,71640,https://www.facebook.com/producersrice,http://www.linkedin.com/company/6698227
Continental Agra Grain Equipment,+1 316-283-9602,elisabet@continentalagra.com,tom@continentalagra.com,https://continentalagra.com/,Grain elevator,1400 S Spencer Rd,Newton,Kansas,67114,https://www.facebook.com/continentalagraequipment,http://www.linkedin.com/company/8341054
"Yagel Grain Systems, LLC",+1 260-248-2311,tyagel@yagelgrainsystems.com,,https://www.yagelgrainsystems.com/,"Grain elevator, Agricultural machinery manufacturer, Agricultural service, Farm Equipment Repair Shop, Farm equipment supplier",550 W Business 30,Columbia City,Indiana,46725,,http://www.linkedin.com/company/8723249
Frontier AG,+1 785-743-2530,rmclemore@frontieraginc.com,dfrederking@frontieraginc.com,https://www.frontieraginc.com/,"Grain elevator, Petrol Pump",427 S Railroad Ave,WaKeeney,Kansas,67672,https://www.facebook.com/FrontierAgInc,http://www.linkedin.com/company/3618828
Frontier AG,+1 785-743-2530,rmclemore@frontieraginc.com,dfrederking@frontieraginc.com,https://www.frontieraginc.com/,"Grain elevator, Petrol Pump",427 S Railroad Ave,WaKeeney,Kansas,67672,https://www.facebook.com/FrontierAgInc,http://www.linkedin.com/company/3618828
Brown Milling Inc,+1 989-433-5335,daleb@brownmilling.com,markw@brownmilling.com,http://www.brownmilling.com/,Grain elevator,8731 E Rosebush Rd,Mt Pleasant,Michigan,48858,,http://www.linkedin.com/company/6035771
Crescent Co-Op Association,+1 405-969-3334,support@cropsafe.com,,https://www.agprices.com/elevator/crescent-coop-crescent-ok-edfd33764f0400ab702bf561a23b450c,Grain elevator,215 E Madison St,Crescent,Oklahoma,73028,,
Boise City Farmer's COOP,+1 580-544-2819,bccoop@outlook.com,evonbccoop@outlook.com,http://www.bcfarmerscoop.com/,Grain elevator,US-56,Boise City,Oklahoma,,,
Viserion Grain Helena,+1 870-338-8112,aaron.taylor@viseriongrain.com,,https://www.viseriongrain.com/,Grain elevator,103 Hanks Ln,Helena,Arkansas,72342,,
ADM Milling Co.,+1 785-263-1631,media-eu@adm.com,alan.marsh@adm.com,https://www.adm.com/en-us/,Grain elevator,223 Cottage Ave,Abilene,Kansas,67410,https://www.facebook.com/ADMCorporate/posts/way-to-go-adm-clinton-ia/1842744839336138/,https://www.linkedin.com/company/adm
Clarkson Grain Beardstown Facility,+1 217-323-2350,kathy.handley@clarksongrain.com,rick@clarksongrain.com,https://clarksongrain.com/about/our-facilities/profile/beardstown,Grain elevator,601 E 2nd St,Beardstown,Illinois,62618,https://www.facebook.com/clarksongrain/,http://www.linkedin.com/company/6040432
Vogelsberg Grain Co,+1 810-387-3498,w.vogelsberg@vgrain.com,b.vogelsberg@vgrain.com,https://www.vgrain.com/,Grain elevator,11570 Jeddo Rd,Brockway,Michigan,48097,,
stanaland and son,+1 229-221-5365,,,,Grain elevator,1931 US-19,Pelham,Georgia,31779,,
Total Grain Marketing,+1 618-664-2497,b.brown@totalgrainmarketing.com,j.ham@totalgrainmarketing.com,http://www.totalgrainmarketing.com/,Grain elevator,822 S 2nd St,Greenville,Illinois,62246,https://www.facebook.com/southcentralfs/,https://www.linkedin.com/company/total-grain-marketing-llc
Heritage Cooperative,+1 419-294-2371,cellington@heritagecooperative.com,lbaughman@heritagecooperative.com,https://www.heritagecooperative.com/locations/upper-sandusky-grain,Grain elevator,520 W Wyandot Ave,Upper Sandusky,Ohio,43351,https://www.facebook.com/heritagecooperative,https://www.linkedin.com/company/1st-choiceenergyservices
McKimmy Ag Services,+1 989-426-1816,mckimmyag@att.net,,https://mckimmyagservices.com/,Grain elevator,1925 Nickless Rd,Gladwin,Michigan,48624,https://www.facebook.com/McKimmy-Ag-Services-374367833379860/,
Scott & Scott Grain Co,+1 512-859-2262,,,,Grain elevator,Fm 972,Granger,Texas,76530,,
Arkansas Valley Farmers Association,+1 479-968-4660,,,,Grain elevator,3889 AR-124,Russellville,Arkansas,72802,,
"TEMCO LLC, Kalama WA Terminal",+1 360-673-2011,customercare@temcologistics.com,,https://temcologistics.com/,Grain elevator,400 Toteff Rd,Kalama,Washington,98625,,https://www.linkedin.com/company/temcologistics
Total Grain Marketing,+1 618-247-3266,b.brown@totalgrainmarketing.com,j.ham@totalgrainmarketing.com,http://www.totalgrainmarketing.com/,Grain elevator,910 County Rd 1100 N,Sandoval,Illinois,62882,https://www.facebook.com/southcentralfs/,https://www.linkedin.com/company/total-grain-marketing-llc
Beachner Grain Inc,+1 620-449-2286,t.rasmussen@beachnergrain.com,d.schmidt@beachnergrain.com,https://www.beachnergrain.com/,"Grain elevator, Store",616 7th St,St Paul,Kansas,66771,https://www.facebook.com/beachnergraininc/,
Melvin Grain,+1 937-218-3476,,,,Grain elevator,413 Melvin Rd,Wilmington,Ohio,45177,,
Tama Benton Co-Op Co,+1 319-476-3666,veryl@tamabentoncoop.com,val@tamabentoncoop.com,https://www.tamabentoncoop.com/,"Grain elevator, Store",504 Estelle St,Dysart,Iowa,52224,https://www.facebook.com/169315346416184,http://www.linkedin.com/company/8755965
Sorenson Grain,+1 715-758-7990,,,,Grain elevator,205 South St,Bonduel,Wisconsin,54107,,
United Grain,+1 605-448-2261,mheidegger@ugcpnw.com,abassanini@ugcpnw.com,https://www.ugcpnw.com/,Grain elevator,11081 SD-27,Britton,South Dakota,57430,https://www.facebook.com/ugcpnw/,http://www.linkedin.com/company/2213581
Northwest Grain Equipment,+1 715-877-2922,,,,Grain elevator,502 E Lincoln Ave,Fall Creek,Wisconsin,54742,,
Pandora Grain & Supply Inc,+1 419-643-4135,g.luginbill@pandoragrain.com,g.luginvill@pandoragrain.com,http://www.pandoragrain.com/,Grain elevator,229 W Pearl St,Beaverdam,Ohio,45808,https://www.facebook.com/123126771078460,
Buckeye Feed & Grain,+1 937-526-3914,b.brumfield@weavereggs.com,,https://www.buckeyefeedandgrain.com/,Grain elevator,895 E Main St,Versailles,Ohio,45380,,
Equity Exchange,+1 806-659-2420,shughes@myequityexchange.com,kseemann@myequityexchange.com,https://www.myequityexchange.com/,Grain elevator,104 Collard St,Spearman,Texas,79081,https://www.facebook.com/PerrytonEquityExchange/,
Equity Exchange,+1 806-659-2390,shughes@myequityexchange.com,kseemann@myequityexchange.com,https://www.myequityexchange.com/locations,Grain elevator,"5614, 10735 FM281",Spearman,Texas,79081,https://www.facebook.com/PerrytonEquityExchange/,
Ursa Farmers Co-Op,+1 217-593-7722,ray@ursacoop.com,truman@ursacoop.com,https://www.ursacoop.com/,Grain elevator,1947 E 2400th St,Camp Point,Illinois,62320,https://www.facebook.com/UrsaFarmersCooperative/,https://www.linkedin.com/company/ursa-farmers-co-op-co
Pomeroy Grain Growers,+1 509-843-3851,,,,Grain elevator,1442 WA-127,Pomeroy,Washington,99347,,
Baldwyn Grains,+1 662-365-5918,,,,Grain elevator,206 Prentiss St,Baldwyn,Mississippi,38824,,
Farmers Elevator Co,+1 580-753-4220,,,,"Grain elevator, Auto repair shop, Farm Equipment Repair Shop",100 Main St,Ames,Oklahoma,73718,,
American Rice Growers Co-Op,+1 936-258-2968,,,,Grain elevator,,Dayton,Texas,77535,,
Northern Grain Equipment LLC,+1 701-280-2816,,,,"Grain elevator, Farm equipment supplier",2210 Main Ave W,West Fargo,North Dakota,58078,,
Ruff Brothers Grain Co,+1 815-863-5114,d.ruff@ruffrail.com,m.loudon@ruffrail.com,http://www.ruffrail.com/,Grain elevator,2990 County Road 500 North,Toluca,Illinois,61369,https://www.facebook.com/RuffGrainCo/,https://www.linkedin.com/company/ruff-brothers-grain-co
Crawford Grain International Inc,+1 815-478-4962,,,,Grain elevator,27955 Wilton Rd,Manhattan,Illinois,60442,,
Duffy Grain Inc.,+1 920-623-4160,norri.brozek@duffygrain.com,pat.duffy@duffygrain.com,http://www.duffygrain.com/,"Grain elevator, Trucking company",6107 Twin Lane Rd,Marshall,Wisconsin,53559,https://www.facebook.com/duffygrain/,http://www.linkedin.com/company/6476209
E B Grain Co Inc,+1 252-977-1554,,,,"Grain elevator, Store",5249 Hathaway St,Battleboro,North Carolina,27809,,
R O Shelling Grain & Feed,+1 707-762-2779,,,,Grain elevator,909 Petaluma Blvd N,Petaluma,California,94952,,
Sunnyside Grain Co,+1 573-246-3359,,,,"Grain elevator, Agricultural service, Fertilizer Store",16165 State Hwy DD,Campbell,Missouri,63933,,
Gold-Eagle Cooperative - Clarion,+1 515-532-2881,gjensen@goldeaglecoop.com,rheiden@goldeaglecoop.com,http://www.goldeaglecoop.com/,"Grain elevator, Agricultural service",221 4th Ave NW,Clarion,Iowa,50525,https://www.facebook.com/167460496953012,http://www.linkedin.com/company/5790024
Top Flight Grain,+1 217-762-2163,,,,Grain elevator,420 W Marion St,Monticello,Illinois,61856,,
Troy Elevator Inc,+1 641-664-1393,cganim@troyelevatorinc.com,emeggin@troyelevatorinc.com,http://www.troyelevatorinc.com/,Grain elevator,506 Weaver Rd,Bloomfield,Iowa,52537,https://www.facebook.com/154551477917098,
CHS Eastern Farmers,+1 605-987-2714,micaela.dorn@chsinc.com,,http://www.chseasternfarmers.com/,Grain elevator,415 E 5th St,Canton,South Dakota,57013,,
Key Cooperative,+1 641-479-2800,justin.crocheck@keycoop.com,matt.james@keycoop.com,http://www.keycoop.com/,"Grain elevator, Agricultural cooperative, Agricultural service, Propane supplier",1004 Co Hwy E49,Marshalltown,Iowa,50158,,https://www.linkedin.com/company/key-cooperative
MFA Agri Service Elevator,+1 816-633-7858,,,,"Grain elevator, Agrochemicals Supplier, Fertilizer Store",1300 W Main St,Odessa,Missouri,64076,,
J & J Grain,+1 320-980-1730,,,,Grain elevator,9901 Hwy 23 N.E.,Foley,Minnesota,56329,,
Frontier Cooperative Co,+1 402-352-2471,kkazimour@frontiercooperative.com,ldurnal@frontiercooperative.com,https://www.frontiercooperative.com/,Grain elevator,840 W 13th St,Schuyler,Nebraska,68661,https://www.facebook.com/frontiercooperative,http://www.linkedin.com/company/6137354
Frontier Cooperative Co,+1 402-352-2471,kkazimour@frontiercooperative.com,ldurnal@frontiercooperative.com,https://www.frontiercooperative.com/,Grain elevator,840 W 13th St,Schuyler,Nebraska,68661,https://www.facebook.com/frontiercooperative,http://www.linkedin.com/company/6137354
Ray Carroll Slater,+1 877-289-2676,davidm@ray-carroll.com,arung@ray-carroll.com,http://www.ray-carroll.com/,Grain elevator,29261 MO-240,Slater,Missouri,65349,,http://linkedin.com/company/ray-carroll-county-grain-growers-inc.
Fiegel Grain & Farm Supply,+1 501-796-2421,,,,Grain elevator,9 AR-36,Vilonia,Arkansas,72173,,
Alliance Grain Co.,,cmr@alliance-grain.com,cab@alliance-grain.com,https://www.alliance-grain.com/,Grain elevator,232 W 8th St,Gibson City,Illinois,60936,https://www.facebook.com/AllianceGrain,https://www.linkedin.com/company/alliance-grain-company
Cargill Animal Nutrition,+1 717-530-7778,angela_taulbee@cargill.com,christian_butler@cargill.com,http://www.cargill.com/,Grain elevator,580 N Morris St,Shippensburg,Pennsylvania,17257,https://www.facebook.com/CargillCares/,https://www.linkedin.com/company/cargill
Anchor Ingredients - East Grand Forks Plant,+1 218-773-0029,rebecca.lahlum@anchoringredients.com,brad.lindemann@anchoringredients.com,http://anchoringredients.com/,Grain elevator,43485 Bus Hwy 2,East Grand Forks,Minnesota,56721,https://www.facebook.com/anchoringredients/,https://www.linkedin.com/company/anchor-ingredients
"MGI Grain, Inc.",+1 218-773-7564,,,,Grain elevator,316 5th Ave NE,East Grand Forks,Minnesota,56721,,
Frontier Cooperative,+1 402-335-3351,kkazimour@frontiercooperative.com,ldurnal@frontiercooperative.com,http://frontiercooperative.com/,Grain elevator,600 S 10th St,Tecumseh,Nebraska,68450,https://www.facebook.com/frontiercooperative,http://www.linkedin.com/company/6137354
"The DeLong Co., Inc.",+1 608-563-6000,skranig@delongcompany.com,jtaft@delongcompany.com,http://www.delongcompany.com/,"Grain elevator, Agricultural service",9231 Avalon Rd,Avalon,Wisconsin,53505,https://www.facebook.com/delongcompany,http://www.linkedin.com/company/4301399
Southeast Nebraska Co-Op Co,+1 785-562-5371,dhayek@farmersco-operative.com,tgarner@farmersco-operative.com,http://www.farmersco-operative.com/,Grain elevator,,Marysville,Kansas,66508,https://www.facebook.com/farmerscooperative,http://www.linkedin.com/company/1053427
Bocker Ruff Grain LLC,+1 815-946-2033,,,http://bockerruff.com/,Grain elevator,13155 US-52,Polo,Illinois,61064,,
"FS GRAIN, LLC",+1 815-946-2718,brrader@fsgrain.com,,http://www.fsgrain.com/,Grain elevator,12472 W Penn Corner Rd,Polo,Illinois,61064,,
The DeLong Co. Inc.,+1 262-724-5077,skranig@delongcompany.com,jtaft@delongcompany.com,http://www.delongcompany.com/,"Grain elevator, Agricultural service",N1962 Co Rd K,Sharon,Wisconsin,53585,https://www.facebook.com/delongcompany,http://www.linkedin.com/company/4301399
French Camp Grain Elevators,+1 209-982-1121,jack@frenchcampgrain.com,,http://www.frenchcampgrain.com/pages/custom.php?id=40184,Grain elevator,9504 S Harlan Rd,French Camp,California,95231,,
Country Visions Cooperative,+1 920-894-3715,info@countryvisionscoop.com,psattler@countryvisionscoop.com,https://www.countryvisionscoop.com/,"Grain elevator, Agricultural cooperative, Agricultural service, Diesel fuel supplier, Fuel supplier, Propane supplier",1220 W Park Ave,Kiel,Wisconsin,53042,http://facebook.com/countryvisionscoop,http://www.linkedin.com/company/8502747
Country Visions Cooperative,+1 920-894-3715,info@countryvisionscoop.com,psattler@countryvisionscoop.com,https://www.countryvisionscoop.com/,"Grain elevator, Agricultural cooperative, Agricultural service, Diesel fuel supplier, Fuel supplier, Propane supplier",1220 W Park Ave,Kiel,Wisconsin,53042,http://facebook.com/countryvisionscoop,http://www.linkedin.com/company/8502747
Beardsley Equity Co-op Association,+1 785-538-2386,beardsley@ruraltel.net,becoop@ruraltel.net,https://beardsleycoop.com/,"Grain elevator, Association / Organization",Co Rd 407,Atwood,Kansas,67730,,
"Grain Millers, Inc.",+1 541-687-8000,andrew.eilertson@grainmillers.com,darren.schubert@grainmillers.com,https://www.grainmillers.com/,Grain elevator,315 Madison St #5034,Eugene,Oregon,97402,https://www.facebook.com/grainmillersinc/,http://www.linkedin.com/company/1122480
MFA Grain Marketing,+1 417-682-5593,,,,Grain elevator,1801 S State Hwy Kk,Lamar,Missouri,64759,,
Cogdill Farm Supply,+1 712-799-4291,p.cogdill@cogdillfarmsupply.com,j.henscheid@cogdillfarmsupply.com,http://www.cogdillfarmsupply.com/,Grain elevator,949 Rd M56,Harlan,Iowa,51537,https://www.facebook.com/CogdillFarmSupply/,http://linkedin.com/company/cogdill-farm-supply-inc.
Sunrise Foods International,+1 806-315-2031,,,,Grain elevator,1281 US-84 W,Muleshoe,Texas,79347,,
Western Grain Mill,+1 620-767-5105,,,,Grain elevator,1216 Old Hwy 56,Council Grove,Kansas,66846,,
Frontier Cooperative Company,,kkazimour@frontiercooperative.com,ldurnal@frontiercooperative.com,https://www.frontiercooperative.com/locations/wahoo,Grain elevator,3190 Ponderosa St,Wahoo,Nebraska,68066,https://www.facebook.com/frontiercooperative,http://www.linkedin.com/company/6137354
Frontier Cooperative Company,,kkazimour@frontiercooperative.com,ldurnal@frontiercooperative.com,https://www.frontiercooperative.com/locations/wahoo,Grain elevator,3190 Ponderosa St,Wahoo,Nebraska,68066,https://www.facebook.com/frontiercooperative,http://www.linkedin.com/company/6137354
Heritage Cooperative,+1 419-674-4045,cellington@heritagecooperative.com,lbaughman@heritagecooperative.com,https://www.heritagecooperative.com/,Grain elevator,13118 OH-31,Kenton,Ohio,43326,https://www.facebook.com/heritagecooperative,https://www.linkedin.com/company/1st-choiceenergyservices
Valley Grain Milling Inc,+1 701-347-4353,whitney.nottestad@valleygrainmilling.com,beulah@valleygrainmilling.com,http://www.valleygrainmilling.com/,Grain elevator,823 1st St S,Casselton,North Dakota,58012,,
St Paul Co-Op Grain Association,+1 308-754-4116,,,,Grain elevator,612 L St,St Paul,Nebraska,68873,,
Wheatfield Grain,+1 219-987-4343,g.lucas@wheatfieldgrain.com,k.hayworth@wheatfieldgrain.com,http://www.wheatfieldgrain.com/markets/cash.php?location_filter=7385,Grain elevator,424 15th St SE,De Motte,Indiana,46310,,http://www.linkedin.com/company/3094025
Rogers Grain Inc,+1 937-473-2025,,,,Grain elevator,5750 Greenville Falls-Clayton Rd,Covington,Ohio,45318,,
Hoffman AG Services,(269) 781-2245,hoffmanag269@gmail.com,,https://hoffmanag.com/,Grain elevator,21521 Michigan Ave,Marshall,Michigan,49068,http://www.facebook.com/HoffmanAgServiceLtd,
Adm Grain,(402) 528-3515,,,,Grain elevator,1918 12th Rd,Wisner,Nebraska,68791,,
Howlett Farms - Lakeville Facility,(585) 226-8340,mhowlett@howlettfarms.com,bhowlett@howlettfarms.com,http://www.howlettfarms.com/,Grain elevator,3142 Bronson Hill Rd,Livonia,New York,14487,https://www.facebook.com/howlettfarms/,http://linkedin.com/company/howlett-farms
B & B Grain,(509) 542-1334,,,,Grain elevator,13485 Dodd Rd,Burbank,Washington,99323,,
Mid Missouri Agri Services,(660) 463-0888,todd.neeley@dtn.com,lance.woodbury@kcoe.com,http://www.midmomfa.com/,Grain elevator,"Central Park, 618 S Gordon St",Concordia,Missouri,64020,,
FS GRAIN Kankakee Shuttle,(815) 802-2789,brrader@fsgrain.com,,http://fsgrain.com/,Grain elevator,896 S 7000 West Rd,Kankakee,Illinois,60901,,
Kankakee Grain Inspection,(815) 365-2268,bradford@kankakeegrain.com,maximus@nsimail.com,http://www.kankakeegrain.com/,Grain elevator,702 N East St,Essex,Illinois,60935,,http://www.linkedin.com/company/4456694
Cando Farmers Grain & Oil,(701) 266-5650,sean.slowinski@legacy-cooperative.com,alexis.disher@legacy-cooperative.com,http://www.legacy-cooperative.com/,"Grain elevator, Cars",7155 ND-66,Egeland,North Dakota,58331,https://www.facebook.com/Legacy-Cooperative-1416274575295490/,
Cando Farmers Grain-Oil Co-Op,(701) 968-4325,,,,"Grain elevator, Gas and automotive",7398 70th Ave NE,Cando,North Dakota,58324,,
Agri Trails Co-Op,(785) 922-6505,ckremeier@agritrails.com,ddillon@agritrails.com,https://www.agritrails.com/,Grain elevator,301 E 3rd St,Chapman,Kansas,67431,,
Saturn Agricultural Facility,(815) 569-4984,operation@saturn-agriculture.net,danny@saturn-agriculture.net,https://www.saturnagriculturefacility.com/,Grain elevator,1700 Centerpoint Way,Joliet,Illinois,60436,http://facebook.com/squarespace,
Farmers Elevator Co,(605) 337-3356,,,,Grain elevator,12 E Railway St,Platte,South Dakota,57369,,
Maria Stein Grain,(419) 925-4414,contact@msgrain.com,jason@msgfert.com,https://www.msgrain.com/contact,Grain elevator,8010 OH-119,Maria Stein,Ohio,45860,https://www.facebook.com/mariasteingrain,https://www.linkedin.com/company/maria-stein-grain-co/
St Clair Services Co,(618) 475-2131,dtippey@stclairfs.com,roberto@stclairfs.com,https://www.stclairfs.com/locations/location-detail/new-athens-elevator,Grain elevator,309 N Van Buren St,New Athens,Illinois,62264,https://www.facebook.com/stclairservice,https://www.linkedin.com/company/st-clair-service-company
Midwest Farmers Cooperative,(402) 781-2305,kkazimour@frontiercooperative.com,ldurnal@frontiercooperative.com,https://www.frontiercooperative.com/news/coop-news/frontier-coop-midwest-farmers-cooperative-announce-name-headquarters,"Grain elevator, Wholesaler",400 Railway St,Eagle,Nebraska,68347,https://www.facebook.com/frontiercooperative,http://www.linkedin.com/company/6137354
Midwest Farmers Cooperative,(402) 781-2305,kkazimour@frontiercooperative.com,ldurnal@frontiercooperative.com,https://www.frontiercooperative.com/news/coop-news/frontier-coop-midwest-farmers-cooperative-announce-name-headquarters,"Grain elevator, Wholesaler",400 Railway St,Eagle,Nebraska,68347,https://www.facebook.com/frontiercooperative,http://www.linkedin.com/company/6137354
ADM Brookston,(765) 563-3181,media-eu@adm.com,alan.marsh@adm.com,http://www.adm.com/,Grain elevator,N Wood St,Brookston,Indiana,47923,https://www.facebook.com/ADMCorporate/posts/way-to-go-adm-clinton-ia/1842744839336138/,https://www.linkedin.com/company/adm
Central Farm Service,(507) 462-3315,ehopp@cfscoop.com,mnims@cfscoop.com,https://www.cfscoop.com/,Grain elevator,750 Main St N,Minnesota Lake,Minnesota,56068,https://www.facebook.com/CentralFarmService/,https://www.linkedin.com/company/central-farm-service
Rural Farm Distributors,(419) 886-3840,,,,Grain elevator,25 E Ogle St,Bellville,Ohio,44813,,
Central Plains Co-Op Mill,(785) 282-6813,,,,Grain elevator,318 S Madison St,Smith Center,Kansas,66967,,
Heartland Co-Op,(319) 478-2147,janderson@heartlandcoop.com,jjones@heartlandcoop.com,https://www.heartlandcoop.com/,Grain elevator,216 S Main St,Traer,Iowa,50675,https://www.facebook.com/HeartlandCoop,http://www.linkedin.com/company/798805
Heartland Co-Op,(319) 478-2147,janderson@heartlandcoop.com,jjones@heartlandcoop.com,https://www.heartlandcoop.com/,Grain elevator,216 S Main St,Traer,Iowa,50675,https://www.facebook.com/HeartlandCoop,http://www.linkedin.com/company/798805
MFA Agri Services,(660) 674-2291,,,,Grain elevator,106 Collins St,Alma,Missouri,64001,,
ALCIVIA - Fall Creek Grain,(715) 877-2661,cdl.examiner@alcivia.com,mark.handel@alcivia.com,https://www.alcivia.com/?utm_source=Organic&utm_medium=GMB&utm_term=+Fall+Creek+Animal+Feed+and+Grain,"Grain elevator, Agricultural cooperative",211 Miami Ave,Fall Creek,Wisconsin,54742,https://www.facebook.com/ALCIVIACOOP,https://www.linkedin.com/company/alciviacoop
United Plains AG,(785) 852-4241,hans.krohn@chsinc.com,mychs@chsinc.com,https://chsunitedplainsag.com/,Grain elevator,102 N Boeke St,Sharon Springs,Kansas,67758,,https://www.linkedin.com/company/chs
Wheeler Brothers Grain Co,(580) 832-5304,,,,Grain elevator,315 W 3rd St,New Cordell,Oklahoma,73632,,
Starke County Co-Op,(574) 867-2411,mshireman@starkecountycoop.com,rpumphr@starkecountycoop.com,https://www.starkecountycoop.com/,Grain elevator,17 Railroad St,Hamlet,Indiana,46532,https://www.facebook.com/starkecountycoop,
AG Opportunities Inc,(605) 624-6240,,,https://m.facebook.com/pages/category/Agricultural-Service/AG-OPPortunities-Inc-196773277020637/,Grain elevator,1919 W Cherry St,Vermillion,South Dakota,57069,,
Farm City Elevator Inc,(608) 868-7521,roger@farmcityelevator.com,randall@farmcityelevator.com,https://farmcityelevator.com/,Grain elevator,302 Vincent St,Milton,Wisconsin,53563,https://www.facebook.com/farmcityelevator,https://www.linkedin.com/company/farm-city-elevator
Anton Co-Op Association-Fertilizer,(970) 383-2455,,,,Grain elevator,12151 CO-63,Anton,Colorado,80801,,
Perdue AgriBusiness - South Seaford Grain Elevator,(302) 629-3216,j.wright@perdueagribusiness.com,t.ferguson@perdueagribusiness.com,http://www.perdueagribusiness.com/,Grain elevator,1001 Nanticoke Ave,Seaford,Delaware,19973,https://www.facebook.com/160327367324124,http://www.linkedin.com/company/8877712
Chebanse Ag,(815) 697-2392,,,,Grain elevator,,Chebanse,Illinois,60922,,
Howesville Farm Services,(812) 939-2124,,,,Grain elevator,1390 IN-246,Clay City,Indiana,47841,,
Bay State Milling Co,(704) 664-4873,cpoland@bsm.com,rpatel@bsm.com,http://www.bsm.com/,Grain elevator,448 N Main St,Mooresville,North Carolina,28115,https://www.facebook.com/994540570570125,
Farmers Grain Terminal Inc,(662) 453-5423,,,,Grain elevator,2000 Garrard Ave,Greenwood,Mississippi,38930,,
Farmers Elevator & Supply Co,(636) 338-4346,,,,Grain elevator,520 Washington St.,Hawk Point,Missouri,63349,,
Cotton Center Grain Co,(806) 879-2166,,,,Grain elevator,2314 FM 179,Cotton Center,Texas,79021,,
Farmers coop Association,(641) 585-2814,semming@farmersca.com,tsimmon@farmersca.com,http://farmersca.com/,Grain elevator,215 N West St,Forest City,Iowa,50436,https://www.facebook.com/farmersca/,
Grassland Grain & Irrigation,(402) 925-2224,,,,Grain elevator,47901 N State Hwy 11,Atkinson,Nebraska,68713,,
Farmers Cooperative Elevator,(507) 872-6134,stephanieh@farmerscoopelevator.com,scott.dubbelde@farmerscoopelevator.com,https://www.farmerscoopelevator.com/,Grain elevator,215 E 1st St,Minneota,Minnesota,56264,https://www.facebook.com/fcecompany/,http://www.linkedin.com/company/6523259
Farmers Cooperative Elevator,(507) 872-6134,stephanieh@farmerscoopelevator.com,scott.dubbelde@farmerscoopelevator.com,https://www.farmerscoopelevator.com/,Grain elevator,215 E 1st St,Minneota,Minnesota,56264,https://www.facebook.com/fcecompany/,http://www.linkedin.com/company/6523259
West Central AG Services,(218) 935-9356,ava.friederichs@westcentralag.com,john.eidenshink@westcentralag.com,https://www.westcentralag.com/locations/mahnomen,Grain elevator,,Mahnomen,Minnesota,56557,https://www.facebook.com/WestCentralAgServices,http://www.linkedin.com/company/4698897
"Akron Services, Inc.",(309) 446-9987,asi@akronservices.com,twagenbach@akronservices.com,http://akronservices.com/,Grain elevator,106 S Cramer Rd,Elmwood,Illinois,61529,https://www.facebook.com/709014135869691,https://www.linkedin.com/company/akron-services-inc
MFA Agri Services,(417) 926-5900,,,,Grain elevator,8990 1st Rd,Mountain Grove,Missouri,65711,,
Cooperative Farmers Elevator,(712) 451-6280,mfinck@coopfe.com,kflick@coopfe.com,https://www.coopfe.com/,Grain elevator,1219 Main St,Rock Valley,Iowa,51247,https://www.facebook.com/CooperativeFE/photos/?ref=page_internal&mt_nav=0,http://linkedin.com/company/farmers-cooperative-elevator-company
Perry Farm Service,(573) 565-2805,,,,Grain elevator,1309 E Main St,Perry,Missouri,63462,,
Cargill AG Horizons,(641) 637-4050,,,,Grain elevator,1034 IA-146,New Sharon,Iowa,50207,,
AgState,(712) 376-4147,slovin@agstate.org,cherih@agpartners.com,http://www.agstate.org/,Grain elevator,200 North IA-143,Marcus,Iowa,51035,https://www.facebook.com/AgStateLLC,
Farm Service Elevator,(320) 235-8870,mike.heideman@willmarpoultry.com,brendat@willmarpoultry.com,http://www.fsemn.com/,Grain elevator,3939 County Rd 5 W,Willmar,Minnesota,56201,,
Sylte Grain Main Office,(605) 426-6271,,,,Grain elevator,35963 US-12,Ipswich,South Dakota,57451,,
Kanza Cooperative Association- Furley Branch,(316) 744-0438,,,,Grain elevator,10745 N Avenue F St,Valley Center,Kansas,67147,,
Litchfield Farmers Grain,(217) 324-3915,rachel.meinhart@lfdfarmers.com,s.janssen@lfdfarmers.com,https://www.lfdfarmers.com/,Grain elevator,503 W Tyler Ave,Litchfield,Illinois,62056,https://www.facebook.com/litchfieldfarmersgrain/,http://linkedin.com/company/litchfield-farmers-grain
ADM Parr,(317) 352-5811,,,,Grain elevator,"9179 W, IN-14",Rensselaer,Indiana,47978,,
M and M Grain Bin Systems,(620) 521-8421,m.mgrainbinsystems@gmail.com,,http://www.mmgrainbinsystems.com/,"Grain elevator, Farm",665 Air Links Rd,Garden City,Kansas,67846,,
Crossroads Cooperative Association,(308) 436-3646,rich@crossroadscoop.com,joe@crossroadscoop.com,http://www.crossroadscoop.com/,Grain elevator,220435 U St,Gering,Nebraska,69341,http://www.facebook.com/crossroadscoop,http://www.linkedin.com/company/4551133
Agri Service of Brunswick LLC,(660) 272-3213,kevin@agriservices.com,lucy@agriservices.com,http://agriservices.com/,Grain elevator,1 S Brunswick St,Mendon,Missouri,64660,https://www.facebook.com/1461437987497996,https://www.linkedin.com/company/agriservices-of-brunswick
St Clair Services Co,(618) 233-0595,dtippey@stclairfs.com,roberto@stclairfs.com,https://www.stclairfs.com/,Grain elevator,2542 Old Freeburg Rd,Belleville,Illinois,62220,https://www.facebook.com/stclairservice,https://www.linkedin.com/company/st-clair-service-company
Perdue AgriBusiness - Greencastle Grain Elevator,(717) 597-1602,j.wright@perdueagribusiness.com,t.ferguson@perdueagribusiness.com,http://www.perdueagribusiness.com/,Grain elevator,11612 Molly Pitcher Hwy,Greencastle,Pennsylvania,17225,https://www.facebook.com/160327367324124,http://www.linkedin.com/company/8877712
Pro-Ag Farmers Co-Op,(218) 338-6051,support@cropsafe.com,,https://www.agprices.com/elevator/pro-ag-farmers-coop-hoffman-mn-793d3983a029a173994ce564f1e07d54,"Grain elevator, Agricultural cooperative, Feed manufacturer",,Parkers Prairie,Minnesota,,,
Frontier Ag Burlington CO,(719) 346-9551,rmclemore@frontieraginc.com,dfrederking@frontieraginc.com,https://www.frontieraginc.com/,Grain elevator,600 Genessee St,Burlington,Colorado,80807,https://www.facebook.com/FrontierAgInc,http://www.linkedin.com/company/3618828
Frontier Ag Burlington CO,(719) 346-9551,rmclemore@frontieraginc.com,dfrederking@frontieraginc.com,https://www.frontieraginc.com/,Grain elevator,600 Genessee St,Burlington,Colorado,80807,https://www.facebook.com/FrontierAgInc,http://www.linkedin.com/company/3618828
Central Farm Service - Grain,(507) 553-3142,ehopp@cfscoop.com,mnims@cfscoop.com,http://cfscoop.com/,Grain elevator,390 1st St NW,Wells,Minnesota,56097,https://www.facebook.com/CentralFarmService/,https://www.linkedin.com/company/central-farm-service
Centerra Co-op,(440) 576-1050,dwertz@centerracoop.com,,http://centerracoop.com/,"Grain elevator, Service establishment",,,,,https://www.facebook.com/CenterraCoop/,
Heritage Cooperative,(330) 386-8229,cellington@heritagecooperative.com,lbaughman@heritagecooperative.com,http://www.heritagecooperative.com/,Grain elevator,621 River Rd,East Liverpool,Ohio,43920,https://www.facebook.com/heritagecooperative,https://www.linkedin.com/company/1st-choiceenergyservices
Okarche Grain & Feed,(405) 263-4566,,,https://www.facebook.com/Okarche.Grain.Feed,Grain elevator,20625 N Calumet Rd,Okarche,Oklahoma,73762,https://www.facebook.com/Okarche.Grain.Feed,
County Wide AG Services Inc,(563) 649-2233,,,,Grain elevator,127 US-6,Atalissa,Iowa,52720,,
ADM River South,(812) 422-2965,,,,Grain elevator,2730 Dixie Flyer Rd,Evansville,Indiana,47712,,
"Ag Plus, Inc.",(260) 357-5432,,,,Grain elevator,2006 Co Rd 48,Garrett,Indiana,46738,,
AG Junction LLC,(319) 728-2264,,,,Grain elevator,3102 Center St,Columbus Junction,Iowa,52738,,
Spring Valley AG Services,(913) 837-2983,,,,Grain elevator,26295 Spring Valley Rd,Louisburg,Kansas,66053,,
United AG Services Inc,(620) 935-4204,onlinehelp@dtn.com,bryce.anderson@dtn.com,http://www.unitedag.coop/,Grain elevator,101 Steinert St,Galatia,Kansas,67565,https://www.facebook.com/146799795364258,
Farmers Pride Cooperative,(402) 454-2999,dspencer@farmerspridecoop.com,jweidner@farmerspridecoop.com,https://www.farmerspridecoop.com/,Grain elevator,700 W 3rd St,Madison,Nebraska,68748,https://facebook.com/farmerspridecoop,http://www.linkedin.com/company/3840975
Farmers Pride Cooperative,(402) 454-2999,dspencer@farmerspridecoop.com,jweidner@farmerspridecoop.com,https://www.farmerspridecoop.com/,Grain elevator,700 W 3rd St,Madison,Nebraska,68748,https://facebook.com/farmerspridecoop,http://www.linkedin.com/company/3840975
Smoky Mountain Farmers Co-op Fertilizer,(865) 674-2328,award@smfc.coop,,http://www.smfc.coop/,"Grain elevator, Agricultural cooperative",2208 Walnut St,White Pine,Tennessee,37890,https://www.facebook.com/SmokyMountainFarmersCoop/,
Robert Payne Agri-Business,(254) 675-3551,,,,"Grain elevator, Professional services",122 S Avenue D,Clifton,Texas,76634,,
Clara City Farmers Elevator,(320) 847-3330,rsportel@prccoop.com,eps@prccoop.com,http://www.prccoop.com/,Grain elevator,,Clara City,Minnesota,,,https://www.linkedin.com/company/prinsburg-farmers-co-op
Ag Plus,(260) 244-5188,dreichhart@agplusinc.com,jmize@agplusinc.com,http://www.agplusinc.com/,Grain elevator,5480 S Raber Rd,Columbia City,Indiana,46725,https://www.facebook.com/agplusinc/,http://www.linkedin.com/company/4018325
Busch Agricultural Resources,(701) 282-5350,,,,Grain elevator,1002 Main Ave W,West Fargo,North Dakota,58078,,
West Central AG Services,(660) 656-3311,rmorris@mfa-inc.com,,http://www.wc-agriservices.com/,Grain elevator,103 N Main St,Centerview,Missouri,64019,,
United AG Services Inc,(785) 735-2705,,,,Grain elevator,305 Main St,Victoria,Kansas,67671,,
Clearwater Cooperative,(620) 584-2011,,,,Grain elevator,9700 S 135th St W,Clearwater,Kansas,67026,,
Central Missouri Agri Services Llc,(660) 595-2213,gaber@cm-as.com,barbb@cm-as.com,http://www.cm-as.com/,Grain elevator,1 E Pacific St,Malta Bend,Missouri,65339,https://www.facebook.com/200981614052548,http://www.linkedin.com/company/5824312
Clarksville AG Services,(937) 289-2311,,,,"Grain elevator, Store",410 Main St,Clarksville,Ohio,45113,,
Innovative AG Services Co,(641) 393-2260,donna.swanson@innovativeag.com,robyn.goeders@innovativeag.com,https://www.innovativeag.com/,Grain elevator,305 Busti Ave,Elma,Iowa,50628,https://www.facebook.com/InnovativeAgServices/,https://www.linkedin.com/company/innovative-ag-services
FRONTIER AG,(785) 672-4662,rmclemore@frontieraginc.com,dfrederking@frontieraginc.com,https://www.frontieraginc.com/,Grain elevator,201 Airport Dr,Oakley,Kansas,67748,https://www.facebook.com/FrontierAgInc,http://www.linkedin.com/company/3618828
FRONTIER AG,(785) 672-4662,rmclemore@frontieraginc.com,dfrederking@frontieraginc.com,https://www.frontieraginc.com/,Grain elevator,201 Airport Dr,Oakley,Kansas,67748,https://www.facebook.com/FrontierAgInc,http://www.linkedin.com/company/3618828
Agrowstar,(478) 247-0392,jredmon@agrowstar.com,dbrown@agrowstar.com,https://www.agrowstar.com/,"Grain elevator, Entertainment",12389 GA-24,Davisboro,Georgia,31018,https://www.facebook.com/1441572222762778,https://www.linkedin.com/company/agrowstar-llc
CHS High Plains-Brush,(970) 842-5512,970-854-2254evan.fust@chsinc.com,sueann.schilling@chsinc.com,http://www.chshighplains.com/,Grain elevator,215 N Railway St,Brush,Colorado,80723,https://www.facebook.com/CHSColorado,https://www.linkedin.com/company/chs
Ag Partners - Ellsworth,(515) 836-2126,,,,Grain elevator,3364 Vail Ave,Ellsworth,Iowa,50075,,
Cargill AG Horizons,(608) 782-5126,t.manternach@cargillag.com,m.wallace@cargillag.com,https://www.cargillag.com/,Grain elevator,816 Bainbridge St # 1,La Crosse,Wisconsin,54603,https://www.facebook.com/132988303474951,
AgFirst Farmers Cooperative,(605) 693-3304,terry.knudson@agfirstfarmers.com,chad.schultz@agfirstfarmers.com,http://agfirstfarmers.com/,Grain elevator,100 S Broadway Ave,Aurora,South Dakota,57002,,https://www.linkedin.com/company/agfirst-farmers-cooperative
Farmers Co-Op Feed Office,(712) 786-1134,bohm@remsenfc.com,hbrotherson@remsenfc.com,https://www.remsencoop.com/feed,"Grain elevator, Store",109 E Nothem Ave,Remsen,Iowa,51050,https://www.facebook.com/remsenfc/,
Deerfield Ag Services,(330) 584-4715,info@deerfieldagservices.com,bill.wallbrown@deerfieldagservices.com@deerfieldagservices.com,https://www.deerfieldagservices.com/,Grain elevator,5114 Oakhill Ave NE #9516,Louisville,Ohio,44641,https://www.facebook.com/DeerfieldAgServices,http://www.linkedin.com/company/2615713
United Cooperative,(920) 748-7999,daveb@unitedcooperative.com,garys@unitedcooperative.com,http://www.unitedcooperative.com/,Grain elevator,W13136 Co Rd KK,Ripon,Wisconsin,54971,https://www.facebook.com/UnitedCooperative1936/,http://www.linkedin.com/company/854027
United Cooperative,(920) 748-7488,daveb@unitedcooperative.com,garys@unitedcooperative.com,http://www.unitedcooperative.com/,Grain elevator,713 Stanton St,Ripon,Wisconsin,54971,https://www.facebook.com/UnitedCooperative1936/,http://www.linkedin.com/company/854027
Mickey's Grain Inc,(252) 356-2636,,,,Grain elevator,117 Meadow Rd,Colerain,North Carolina,27924,,
Cooperative Farmers Elevator,(712) 551-2064,mfinck@coopfe.com,kflick@coopfe.com,http://www.coopfe.com/,"Grain elevator, Department store",902 7th St,Hawarden,Iowa,51023,https://www.facebook.com/CooperativeFE/photos/?ref=page_internal&mt_nav=0,http://linkedin.com/company/farmers-cooperative-elevator-company
Country Partners Co-Op,(308) 728-3254,tconnelly@countrypartnerscoop.com,fjasa@countrypartnerscoop.com,http://countrypartnerscoop.com/,Grain elevator,528 N 14th St,Ord,Nebraska,68862,https://www.facebook.com/CountryPartnersCooperative/,http://www.linkedin.com/company/8574116
United Farmers Cooperative,(507) 228-8221,bob.rehbein@ufcmn.com,charles.spigner@ufcmn.com,http://www.ufcmn.com/,"Grain elevator, Agricultural cooperative",640 Skyview Ave,Lafayette,Minnesota,56054,https://www.facebook.com/UnitedFarmersCooperative/,http://www.linkedin.com/company/3520124
Labolt Farmers Elevator,(605) 947-4711,c.steinocker@laboltfarmersgrain.com,dfiala@futuresone.com,http://www.laboltfarmersgrain.com/,Grain elevator,US-12,Waubay,South Dakota,57273,https://www.facebook.com/105044168686597,
Farmers Grain Services,(815) 249-5515,l.stisser@farmersgrainservice.com,matt.wilde@dtn.com,http://www.farmersgrainservice.com/,Grain elevator,550 Railroad Ave,Grand Ridge,Illinois,61325,,
River Valley AG,(660) 778-3322,hopkins@embarqmail.com,,https://hopkinsmogov.com/river-valley-ag,Grain elevator,401 E Warren St,Hopkins,Missouri,64461,https://www.facebook.com/NodawayHumaneSociety/,
Agrex Inc.,(402) 879-4702,mfetterly@agrexinc.com,skobayashi@agrexinc.com,https://www.agrexinc.com/cbloc-2422,Grain elevator,1401 E 3rd St,Superior,Nebraska,68978,https://www.facebook.com/AgrexInc,https://www.linkedin.com/company/agrex-inc.
Northwest Grain Growers,(509) 525-6510,cpeha@nwgrgr.com,dgordon@nwgrgr.com,https://www.nwgrgr.com/,Grain elevator,206 N Guernsey Ave,Dayton,Washington,99328,https://www.facebook.com/243358472355161,http://www.linkedin.com/company/8512951
Lansing Grain,(208) 366-2229,,,,Grain elevator,,Glenns Ferry,Idaho,83623,,
River Country Co - Op,(715) 723-2828,sleepinnsales@rivercountrycoop.com,bruce@rivercountrycoop.com,https://www.rivercountrycoop.com/,Grain elevator,County Hwy SS,Bloomer,Wisconsin,54724,http://www.facebook.com/RiverCountryCoop,http://www.linkedin.com/company/2730609
Heartland Cooperative,(319) 444-3612,janderson@heartlandcoop.com,jjones@heartlandcoop.com,https://www.heartlandcoop.com/,Grain elevator,708 1st Ave,Belle Plaine,Iowa,52208,https://www.facebook.com/HeartlandCoop,http://www.linkedin.com/company/798805
Heartland Cooperative,(319) 444-3612,janderson@heartlandcoop.com,jjones@heartlandcoop.com,https://www.heartlandcoop.com/,Grain elevator,708 1st Ave,Belle Plaine,Iowa,52208,https://www.facebook.com/HeartlandCoop,http://www.linkedin.com/company/798805
Busch Agricultural Resources,(208) 524-1080,,,,Grain elevator,2121 W 145 N,Idaho Falls,Idaho,83402,,
Elite Bin Builders,(320) 979-0896,elitebins24@gmail.com,,https://www.elitebinbuilders.com/,"Grain elevator, Service establishment",,,,,,
Heartland Co-op,(515) 994-2651,janderson@heartlandcoop.com,jjones@heartlandcoop.com,https://www.heartlandcoop.com/,"Grain elevator, Diesel fuel supplier",117 S Main St,Prairie City,Iowa,50228,https://www.facebook.com/HeartlandCoop,http://www.linkedin.com/company/798805
Heartland Co-op,(515) 994-2651,janderson@heartlandcoop.com,jjones@heartlandcoop.com,https://www.heartlandcoop.com/,"Grain elevator, Diesel fuel supplier",117 S Main St,Prairie City,Iowa,50228,https://www.facebook.com/HeartlandCoop,http://www.linkedin.com/company/798805
Jewell Grain Co,(419) 658-2319,brentp@jewellgrain.com,bpetersen@jewellgrain.com,https://www.jewellgrain.com/,Grain elevator,370 W Main St,Ney,Ohio,43549,https://www.facebook.com/1734859583400289,http://www.linkedin.com/company/4767979
Riviana Mill,(870) 734-1616,,,,Grain elevator,25 W Maple St,Brinkley,Arkansas,72021,,
Irsik & Doll Cimarron Elevator,(620) 855-2444,rkenyon@irsikanddoll.com,jbuckley@irsikanddoll.com,http://www.irsikanddoll.com/,Grain elevator,200 S Main St,Cimarron,Kansas,67835,https://www.facebook.com/irsikanddoll/,http://linkedin.com/company/irsik-&-doll-feed-services-inc.
Doane Grain Services Inc,(507) 534-3165,,,,Grain elevator,1100 W Broadway,Plainview,Minnesota,55964,,
Mountaire Farms Grain Elevator -- Townsend,(302) 378-2271,khalsted@mountaire.com,tjohnson@mountaire.com,https://mountaire.com/,Grain elevator,402 Main St,Townsend,Delaware,19734,https://www.facebook.com/MountaireFarms,http://linkedin.com/company/mountaire-farms-of-delmarva-inc.
Farmers Elevator Co,(920) 324-3593,,,,Grain elevator,2 W Main St,Waupun,Wisconsin,53963,,
Alaska Farmers Co-Op Elevator,(907) 895-4645,,,,Grain elevator,2 Hanson Rd,Delta Junction,Alaska,99737,,
Pride Ag Resources-Springfield,(719) 523-6281,bboyd@prideag.com,gfriesen@prideag.com,http://www.prideag.com/,Grain elevator,288 W 13th Ave,Springfield,Colorado,81073,https://www.facebook.com/PrideAgResources/,https://www.linkedin.com/company/pride-ag-resources
Ladd Elevator Co,(815) 894-2321,drew@laddelevator.com,willie.vogt@farmprogress.com,https://www.laddelevator.com/,Grain elevator,33040 County Rd 1800 N,Ladd,Illinois,61329,https://www.facebook.com/181570371925712,
Woodall Grain Company,(931) 968-1070,info@woodallgrain.com,j.woodall@woodallgrain.com,http://woodallgrain.com/,Grain elevator,62 Old Huntland Rd,Elora,Tennessee,37328,https://www.facebook.com/WoodallGrain,
Mountaire Farms Grain Elevator -- Trappe,(410) 476-3155,khalsted@mountaire.com,tjohnson@mountaire.com,http://www.mountaire.com/,Grain elevator,4645 Ocean Gateway,Trappe,Maryland,21673,https://www.facebook.com/MountaireFarms,http://linkedin.com/company/mountaire-farms-of-delmarva-inc.
Cooperative Farmers Elevator SIBLEY,(712) 754-2526,,,,Grain elevator,1107 2nd Ave,Sibley,Iowa,51249,,
Aurora Cooperative Elevator Co,(402) 879-4915,psmith@auroracoop.com,glenschrage@auroracoop.com,https://auroracoop.com/,Grain elevator,161 W 2nd St,Superior,Nebraska,68978,https://www.facebook.com/auroracooperative,http://www.linkedin.com/company/4010700
"Bunge-SCF Grain, LLC",(618) 643-3204,kaylan.kinman@bunge.com,patrick.hegarty@bunge.com,http://www.bungeag.com/?utm_source=extnet&utm_medium=yext,Grain elevator,10998 Coal Mine Rd,McLeansboro,Illinois,62859,https://www.facebook.com/Bunge/,https://www.linkedin.com/company/bunge/
"The DeLong Co., Inc.",(608) 676-2255,skranig@delongcompany.com,jtaft@delongcompany.com,https://www.delongcompany.com/,Grain elevator,4739 Prairie Hill Rd,South Beloit,Illinois,61080,https://www.facebook.com/delongcompany,http://www.linkedin.com/company/4301399
Waller Rice Drier Inc,(936) 372-3624,s.hold@wallerricedrier.com,ricedrier@sbcglobal.net,http://wallerricedrier.com/,Grain elevator,2703 Washington St,Waller,Texas,77484,https://www.facebook.com/411069192405327,
Littlejohn Grain Inc,(217) 382-4158,suron@littlejohngrain.com,d.redman@littlejohngrain.com,http://www.littlejohngrain.com/,Grain elevator,8801 U.S. Hwy 40,Martinsville,Illinois,62442,https://www.facebook.com/111832215546856,https://www.linkedin.com/company/littlejohn-grain-inc
GreenAmerica Biofuels,(308) 496-4800,,,https://www.greenamericabiofuels.com/,"Grain elevator, Oilfield",48267 Val-E,Ord,Nebraska,68862,,
IBEC - Iroquois Bio-Energy Company,(219) 866-5990,rboer@ibecethanol.com,kgibson@ibecethanol.com,http://ibecethanol.com/,Grain elevator,IN-114,Rensselaer,Indiana,47978.0,,
Elkhart Grain Co,(217) 792-5433,jfunk@elkhartgrain.com,aschiff@elkhartgrain.com,https://www.elkhartgrain.com/,Grain elevator,1290 IL-54,Lake Fork,Illinois,62541,,http://www.linkedin.com/company/5623715
ADM grain,(580) 652-3761,,,,Grain elevator,Rd 43,Hooker,Oklahoma,73945,,
Neff Mill,(775) 779-2285,,,,Grain elevator,HC 60 Box 587,Ruby Valley,Nevada,89833,,
SRS Commodities Limited,(701) 786-3402,rick@srscommodities.com,tyge@srscommodities.com,http://www.srscommodities.com/,Grain elevator,411 2nd Ave NE,Mayville,North Dakota,58257,,
Cline Farms Grain,(317) 539-4584,,,,Grain elevator,6980 W U.S. Hwy 36,Danville,Indiana,46122,,
Legacy Farmers Cooperative,(419) 293-2311,ebowman@legacyfarmers.com,rdigby@legacyfarmers.com,https://www.legacyfarmers.com/,Grain elevator,104 N Todd St,McComb,Ohio,45858,https://www.facebook.com/legacyfarmers/,http://www.linkedin.com/company/7143041
Consolidated Grain and Barge Co.,(580) 654-1166,info@cgbgrain.com,cgbgrainsupport@cgb.com,https://www.cgbgrain.com/,Grain elevator,33069 OK-58,Carnegie,Oklahoma,73015,https://www.facebook.com/cgbgrain,https://www.linkedin.com/company/151628
The Arthur Companies - Pillsbury,(701) 997-6104,jholder@arthurcompanies.com,jmelland@arthurcompanies.com,http://www.arthurcompanies.com/,Grain elevator,12785 15th St SE,Pillsbury,North Dakota,58065,https://www.facebook.com/ArthurCompanies,http://www.linkedin.com/company/220697
Co-Op Robertson Cheatham Farmers,(615) 654-2497,,,,Grain elevator,8448 Hwy 49 E,Orlinda,Tennessee,37141,,
Connel Grain - New Bruce Facility,(509) 488-3118,,,,Grain elevator,Bruce Rd,Othello,Washington,99344,,
Roanoke Farmers Association,(815) 853-4311,sales@roanokefarmers.com,m.barisch@roanokefarmers.com,https://www.roanokefarmers.com/,Grain elevator,762 County Rd 2800 E,Wenona,Illinois,61377,,
Anthony Farmers Co-Op Elevator,(620) 842-5181,csteffen@anthonycoop.com,smhatre@anthonycoop.com,https://www.anthonycoop.com/,Grain elevator,519 W Main St,Anthony,Kansas,67003,,https://www.linkedin.com/company/anthony-farmers-coop-elevator
Agrowstar,(706) 748-7361,jredmon@agrowstar.com,dbrown@agrowstar.com,http://www.agrowstar.com/,Grain elevator,5871 GA-305,Louisville,Georgia,30434,https://www.facebook.com/1441572222762778,https://www.linkedin.com/company/agrowstar-llc
RS Grain LLC,(218) 281-1705,,,,Grain elevator,13197 273rd St SW,Euclid,Minnesota,56722,,
Wheeler Brothers Grain Co,(580) 327-0141,,,,Grain elevator,420 Santa Fe St,Alva,Oklahoma,73717,,
CHS Elburn,(815) 825-2435,clint.vaughan@elburncoop.com,d.kleckner@elburncoop.com,https://www.chselburn.com/,Grain elevator,101 S 1st St,Malta,Illinois,60150,https://www.facebook.com/chselburn,http://www.linkedin.com/company/1417748
NEW Cooperative,(515) 335-1014,bvanderpool@newcoop.com,bcarman@newcoop.com,https://www.newcoop.com/,Grain elevator,2200-2398 Neola Ave,Jefferson,Iowa,50129,https://www.facebook.com/192202364746656,https://www.linkedin.com/company/new-cooperative-inc
Adrian Cooperative Elevator,(507) 483-2348,,,,Grain elevator,100 1st St E,Adrian,Minnesota,56110,,
Ursa Farmers Co-Op,(217) 256-4215,ray@ursacoop.com,truman@ursacoop.com,https://www.ursacoop.com/,Grain elevator,1 Water St,Warsaw,Illinois,62379,https://www.facebook.com/UrsaFarmersCooperative/,https://www.linkedin.com/company/ursa-farmers-co-op-co
Beachner Grain Inc,(620) 421-1170,gary@beachner.com,dplake@beachner.com,http://www.beachner.com/,Grain elevator,2615 Orchard Ave,Parsons,Kansas,67357,,http://linkedin.com/company/beachner-grain-inc
Skyland Grain,(620) 373-2411,lynngiessel@skylandgrain.com,stevearnold@skylandgrain.com,https://www.skylandgrain.com/,Grain elevator,100 Main St #2,Kendall,Kansas,67857,https://www.facebook.com/Skylandgrain/,http://www.linkedin.com/company/4704307
Frontier Cooperative,(402) 782-2295,kkazimour@frontiercooperative.com,ldurnal@frontiercooperative.com,http://frontiercooperative.com/,Grain elevator,,Bennet,Nebraska,68317,https://www.facebook.com/frontiercooperative,http://www.linkedin.com/company/6137354
Central Kentucky Grain,(502) 233-4165,info@ckygrain.com,,http://ckygrain.com/,Grain elevator,101 Bourbon Dr,Lebanon,Kentucky,40033,,
Mid States Coop,(785) 372-4239,,,,Grain elevator,819 W Union St,Rush Center,Kansas,67575,,
ADM Rockport,(812) 649-9311,support@grainbridge.com,support@bushelpowered.com,https://web.grainbridge.com/location/ADM-103450148/cashbids,Grain elevator,609 IN-66,Rockport,Indiana,47635,,
The DeLong Company,(608) 676-2255,skranig@delongcompany.com,jtaft@delongcompany.com,http://www.delongcompany.com/,Grain elevator,116 Poinier St,Newark,New Jersey,07114,https://www.facebook.com/delongcompany,http://www.linkedin.com/company/4301399
Itasca Co-Op Grain Co,(254) 687-2931,,,,Grain elevator,800 S Hill St,Itasca,Texas,76055,,
Cissna Park Co-Op,(815) 457-2181,jon@cissnaparkcoop.com,rowdy@cissnaparkcoop.com,http://www.cissnaparkcoop.com/,"Grain elevator, Animal feed store",317 W Garfield Ave,Cissna Park,Illinois,60924,https://www.facebook.com/140676746552525,
MRGA,(701) 347-4465,tmcdaniel@mrga.com,mkeefauver@mrga.com,https://www.mrga.com/,Grain elevator,1630 1st Ave S,Casselton,North Dakota,58012,https://www.facebook.com/MapleRiverGrain,https://www.linkedin.com/company/maple-river-grain-
Hettinger Co-Op Equity Exchng,(701) 567-2408,support@cropsafe.com,,https://www.agprices.com/elevator/hettinger-coop-equity-hettinger-nd-09acf2fdbcbfe14b8b1141d2ad9a3b40,Grain elevator,302 Elevator Rd,New England,North Dakota,58639,,
Jennings-Gomer Equity Inc,(419) 659-2676,,,,Grain elevator,111 N Main St,Columbus Grove,Ohio,45830,,
Cargill Inc,(573) 683-3751,angela_taulbee@cargill.com,christian_butler@cargill.com,http://www.cargill.com/,Grain elevator,758 State Hwy N,Charleston,Missouri,63834,https://www.facebook.com/CargillCares/,https://www.linkedin.com/company/cargill
"Petre Construction, Inc.",(765) 650-6007,,,,"Grain elevator, Service establishment",,,,,,
Tillman Producers Co-Op,(580) 335-2107,,,,Grain elevator,218 S 7th St,Frederick,Oklahoma,73542,,
Cassidy Grain Co,(580) 335-2104,william.cassidy@cassidygrain.com,brent@cassidygrain.com,http://www.cassidygrain.com/,Grain elevator,321 W Dahlia Ave,Frederick,Oklahoma,73542,https://www.facebook.com/CassidyGrainCo/,
CHS Eastern Farmers,(507) 283-9116,micaela.dorn@chsinc.com,,http://www.chseasternfarmers.com/,"Grain elevator, Car wash, Gas station",402 S Freeman Ave,Luverne,Minnesota,56156,,
Pro Partners Milling,(507) 215-3453,,,,Grain elevator,624 S Freeman Ave,Luverne,Minnesota,56156,,
"FS GRAIN, LLC",(815) 933-4045,brrader@fsgrain.com,,http://fsgrain.com/,Grain elevator,"4887 N, 1220 E Rd",Bourbonnais,Illinois,60914,,
Farmers Cooperative Elevators,(320) 269-6531,stephanieh@farmerscoopelevator.com,scott.dubbelde@farmerscoopelevator.com,http://www.farmerscoopelevator.com/,Grain elevator,4097 US-212,Montevideo,Minnesota,56265,https://www.facebook.com/fcecompany/,http://www.linkedin.com/company/6523259
ADM,(218) 493-4481,d.noreen@agassizvalleygrain.com,jschecher@rrt.net,http://www.agassizvalleygrain.com/,Grain elevator,17770 150th Ave S,Barnesville,Minnesota,56514,,
Bunkie Elevator & Gin Co,(318) 346-6376,,,,Grain elevator,105 E Pine St,Bunkie,Louisiana,71322,,
AgState,(712) 852-3722,slovin@agstate.org,cherih@agpartners.com,http://www.agstate.org/,Grain elevator,1800 11th St,Emmetsburg,Iowa,50536,https://www.facebook.com/AgStateLLC,
Northstar Grain,(269) 423-2201,,,,Grain elevator,110 E Sherwood St,Decatur,Michigan,49045,,
Twomey Co-Larchland,(309) 734-3031,,,,Grain elevator,1303 US-67,Monmouth,Illinois,61462,,
Consolidated Grain and Barge Co.,(580) 938-2593,info@cgbgrain.com,cgbgrainsupport@cgb.com,https://www.cgbgrain.com/,Grain elevator,400 North Santa Fe St,Shattuck,Oklahoma,73858,https://www.facebook.com/cgbgrain,https://www.linkedin.com/company/151628
Full Circle Ag Forman Elevator,(701) 997-2970,satrangt@fullcircleag.com,loebsj@fullcircleag.com,https://www.fullcircleag.com/,"Grain elevator, Energy supplier, Fuel supplier, Propane supplier",8997 ND-32,Forman,North Dakota,58032,https://www.facebook.com/FullCircleAg/,https://www.linkedin.com/company/full-circle-ag
Full Circle Ag Forman Elevator,(701) 997-2970,satrangt@fullcircleag.com,loebsj@fullcircleag.com,https://www.fullcircleag.com/,"Grain elevator, Energy supplier, Fuel supplier, Propane supplier",8997 ND-32,Forman,North Dakota,58032,https://www.facebook.com/FullCircleAg/,https://www.linkedin.com/company/full-circle-ag
R B & C Grain Inc,(406) 252-4749,mhirv@rbcgrain.com,rockmiralia@rbcgrain.com,http://www.rbcgrain.com/,Grain elevator,532 Klenck Ln,Billings,Montana,59101,,
Decatur Cooperative Association,(785) 475-2234,bfought@decaturcoop.net,apereira@decaturcoop.net,https://www.decaturcoop.net/,Grain elevator,298 S Penn Ave,Oberlin,Kansas,67749,https://www.facebook.com/Decatur-Cooperative-Association-138970709463570/,https://www.linkedin.com/company/decatur-cooperative-association
"Central Ohio Farmers Co-op, Inc.",(740) 494-2713,hferrell@centralohfarm.com,mlongley@centralohfarm.com,https://www.centralohfarm.com/,Grain elevator,1007 E Water St,Prospect,Ohio,43342,https://www.facebook.com/COFCinc/,http://www.linkedin.com/company/7071527
Catlin Elevator,(217) 427-5371,,,,Grain elevator,304 S Sandusky St # 304,Catlin,Illinois,61817.0,,
Milford Grain Co,(302) 422-6752,milfordgrainde@gmail.com,,https://www.facebook.com/Milford-Grain-Co-101919134948944/,Grain elevator,6789 Shawnee Rd,Milford,Delaware,19963,https://www.facebook.com/people/Milford-Grain-Co/100067688180443/,
Farmers Union Co-Op,(402) 947-4291,,,,Grain elevator,101 N Main St,Friend,Nebraska,68359,,
Fairview Mills,(785) 336-2043,troy@fairviewmills.com,wade@fairviewmills.com,https://jsixenterprises.com/,Grain elevator,32 S 6th St,Seneca,Kansas,66538,https://www.facebook.com/jsixenterprises/,https://www.linkedin.com/company/j-six-enterprises
Viterra,(575) 762-2946,,,,Grain elevator,1327 US-60,Clovis,New Mexico,88101,,
Heritage Grain Co-Op,(217) 665-3392,stacey@heritagegrain.com,cory@heritagegrain.com,http://www.heritagegrain.com/,Grain elevator,,Bethany,Illinois,,,
Farmers Co-Op Grain Elevator,(605) 448-2261,,,,Grain elevator,610 Vander Horck St,Britton,South Dakota,57430,,
Northern Ohio Grain Co-Op,(419) 669-2265,shayle.stewart@dtn.com,,http://www.northernohiograin.com/index.cfm,Grain elevator,20589 Taylor St,Weston,Ohio,43569,,
Leiters Grain LLC,(574) 542-4030,,,https://leitersgrain.com/,Grain elevator,4275 N 750 W,Leiters Ford,Indiana,46945,,
Adm Grain,(309) 246-2515,,,,Grain elevator,807 N Prairie St,Lacon,Illinois,61540,,
RCM CO-OP,(217) 364-4439,smith@rcmcoop.com,,http://www.rcmcoop.com/,Grain elevator,208 N Grant St,Edinburg,Illinois,62531,,
Ursa Farmers Co-Op Co,(217) 647-3215,ray@ursacoop.com,truman@ursacoop.com,https://www.ursacoop.com/,Grain elevator,2625 E 30th St,Warsaw,Illinois,62379,https://www.facebook.com/UrsaFarmersCooperative/,https://www.linkedin.com/company/ursa-farmers-co-op-co
Ag Producers Coop,(806) 948-4121,lynngiessel@skylandgrain.com,stevearnold@skylandgrain.com,https://www.skylandgrain.com/ag-producers-co-op-membership-application/,Grain elevator,101 Main St,Sunray,Texas,79086,https://www.facebook.com/Skylandgrain/,http://www.linkedin.com/company/4704307
"The DeLong Co., Inc.",(815) 943-7424,skranig@delongcompany.com,jtaft@delongcompany.com,http://www.delongcompany.com/,Grain elevator,23619 IL-173,Harvard,Illinois,60033,https://www.facebook.com/delongcompany,http://www.linkedin.com/company/4301399
Farmers Co-Op Grain & Seed,(218) 681-6281,,,,Grain elevator,503 8th St E,Thief River Falls,Minnesota,56701,,
"Farmers Grain, LLC",(218) 653-1152,mckensie.phillips@uwyo.edu,,http://www.farmersgrain.com/,Grain elevator,823 Dewey Ave N,Thief River Falls,Minnesota,56701,,
Kelley Bean Co Inc,(308) 623-2611,jbartsch@kelleybean.com,ssnyder@kelleybean.com,http://www.kelleybean.com/,Grain elevator,1802 13th St,Mitchell,Nebraska,69357,https://www.facebook.com/156787921027540,https://www.linkedin.com/company/kelleybeanco
Stockman's Mill & Grain Inc,(918) 762-2520,,,,Grain elevator,600 Kansas St,Pawnee,Oklahoma,74058,,
W. R. Yakey Grain Co.,(217) 774-3360,yakeygrain@stewstras.net,todd.neeley@dtn.com,http://www.yakeygrain.com/,Grain elevator,2176 East 335 North Rd,Mode,Illinois,62444,,
CHS Southwest Grain,(701) 853-2302,patron.equities@chsinc.com,dustin.elkins@chsinc.com,http://www.chssouthwestgrain.com/,"Grain elevator, Agricultural cooperative, Feed manufacturer, Seed supplier",502 Railroad Ave,Reeder,North Dakota,58649,https://www.facebook.com/paybackdickinson/,https://www.linkedin.com/company/chs
ADM Macon,(217) 764-3345,suzanne.richardson@sharpspring.com,,https://admadvantage.com/contact-us/?location=Macon~Illinois,Grain elevator,910 N Woodcock St,Macon,Illinois,62544,https://www.facebook.com/ADMFarmerServices/,
Mathis Mills,(361) 547-3266,,,,Grain elevator,9635 FM 3377,Mathis,Texas,78368,,
Leffingwell AG Sales Co,(559) 562-4946,,,,Grain elevator,942 E Honolulu St,Lindsay,California,93247,,
ACN AGRIPRODUCTS LLC,(956) 363-2205,,,,Grain elevator,1512 Rancho Toluca Rd,Mercedes,Texas,78570,,
"HighLine Grain Growers, Inc",(509) 754-2832,info@highlinegrain.com,facebook@highlinegrain.com,http://highlinegrain.com/,Grain elevator,255 A St SE,Ephrata,Washington,98823,https://www.facebook.com/HighLineGrain/,https://www.linkedin.com/company/highline-grain-growers-inc
Ray Farmers Union Elevator,(701) 568-3343,aweyrauch@rayfue.com,,https://rayfue.com/cash-bids,Grain elevator,11445 US-2,Ray,North Dakota,58849,,
CHS Inc,(701) 662-5377,mychs@chsinc.com,jayme.burkhart@chsinc.com,https://www.chsdevilslake.com/,Grain elevator,3919 14th St NW,Devils Lake,North Dakota,58301,https://www.facebook.com/CHSDevilsLake,https://www.linkedin.com/company/chs
RCM CO-OP,(217) 566-3321,p.edwards@rpafarmers.com,t.harms@rpafarmers.com,https://www.rpafarmers.com/,Grain elevator,201 Jones St,Williamsville,Illinois,62693,,
"The Andersons, Inc.",(318) 878-5589,trayburn@andersonsgrain.com,lhansens@andersonsgrain.com,https://www.andersonsgrain.com/locations/la/delhi/,Grain elevator,200 Hydro Way,Delhi,Louisiana,71232,https://www.facebook.com/159968937368912,
Elkhart Co-Op Equity Exchange,(620) 697-2135,christie@elkhart.coop,,http://www.elkhart.coop/,Grain elevator,840 Border Ave,Elkhart,Kansas,67950,,
Heartland Co-Op,(515) 967-4288,janderson@heartlandcoop.com,jjones@heartlandcoop.com,https://www.heartlandcoop.com/,Grain elevator,101 Center Ave S,Mitchellville,Iowa,50169,https://www.facebook.com/HeartlandCoop,http://www.linkedin.com/company/798805
Heartland Co-Op,(515) 967-4288,janderson@heartlandcoop.com,jjones@heartlandcoop.com,https://www.heartlandcoop.com/,Grain elevator,101 Center Ave S,Mitchellville,Iowa,50169,https://www.facebook.com/HeartlandCoop,http://www.linkedin.com/company/798805
Rumbold & Kuhn,(309) 286-2461,brucegraham@rkgrain.com,dennisaupperle@rkgrain.com,https://www.rkgrain.com/,"Grain elevator, Agricultural service",214 E Greenwood St,Toulon,Illinois,61483,,http://linkedin.com/company/rumbold-&-kuhn-inc.
Yoder Grain,(260) 622-4511,support@cropsafe.com,,https://www.agprices.com/elevator/adm-paducah-ky-cb152679d85625c74a60a16831aeb39c,Grain elevator,3226 Yoder Rd,Yoder,Indiana,46798,,
Yoder Farm Center,(620) 465-9888,,,,Grain elevator,3419 Lawrence St,Haven,Kansas,67543,,
"Gold Star FS, Inc",(309) 659-2281,dcooper@goldstarfs.com,steve.swanstrom@goldstarfs.com,https://www.goldstarfs.com/,Grain elevator,1005 7th Ave,Erie,Illinois,61250,https://www.facebook.com/GoldStarFS/,http://linkedin.com/company/gold-star-fs-inc
Stratford Grain Co,(806) 396-5541,sanderson@stratfordgrainco.com,d.riffe@stratfordgrainco.com,https://stratfordgrainco.com/,Grain elevator,4 N Main St,Stratford,Texas,79084,https://www.facebook.com/Stratford-Grain-Co-170422426433346/,
NORAG LLC,(563) 873-2588,cfuksa@norag-us.com,kmull@norag-us.com,https://www.norag-us.com/markets/cash.php?location_filter=15901,Grain elevator,29953 141st St,McGregor,Iowa,52157,,http://www.linkedin.com/company/8898274
Frontier AG Inc,(785) 421-2314,rmclemore@frontieraginc.com,dfrederking@frontieraginc.com,https://www.frontieraginc.com/,Grain elevator,,Hill City,Kansas,67642,https://www.facebook.com/FrontierAgInc,http://www.linkedin.com/company/3618828
Frontier AG Inc,(785) 421-2314,rmclemore@frontieraginc.com,dfrederking@frontieraginc.com,https://www.frontieraginc.com/,Grain elevator,,Hill City,Kansas,67642,https://www.facebook.com/FrontierAgInc,http://www.linkedin.com/company/3618828
Northwest Grain Growers,(509) 648-3316,cpeha@nwgrgr.com,dgordon@nwgrgr.com,http://nwgrgr.com/,Grain elevator,33 Front St,St John,Washington,99171,https://www.facebook.com/243358472355161,http://www.linkedin.com/company/8512951
Leland Farmers Co,(815) 498-2046,cchismarick@lelandfarmers.com,info@lelandfarmers.com,http://www.lelandfarmers.com/,Grain elevator,130 N Depot St,Somonauk,Illinois,60552,https://www.facebook.com/LelandFarmers/,
"The Andersons, Inc.",(217) 489-2007,trayburn@andersonsgrain.com,lhansens@andersonsgrain.com,https://www.andersonsgrain.com/products-and-services/products/food-grade-corn/,Grain elevator,503 W Newton,Mansfield,Illinois,61854,https://www.facebook.com/159968937368912,
Reed Grain & Bean Co Inc,(208) 543-4306,ereed@reedgrain.com,,http://reedgrain.com/,Grain elevator,903 Elm St,Buhl,Idaho,83316.0,,
D & M Community Grain LLC,(254) 642-3388,,,,Grain elevator,116 Depot Ave,Rogers,Texas,76569,,
Weaver Family Farms Grain Elevator,(717) 251-1022,,,http://www.wff-llc.com/,Grain elevator,2265 Schoolhouse Rd,Hershey,Pennsylvania,17033,,
Columbia Grain International,(406) 335-2530,mmorgan@columbiagrain.com,jsung@columbiagrain.com,https://www.columbiagrain.com/,Grain elevator,Border Rd,Sweet Grass,Montana,59484.0,https://www.facebook.com/cgicolumbiagraininternational/,https://www.linkedin.com/company/columbia-grain
Stricks AG,(406) 759-6489,smcgowan@stricksag.com,tstreit@stricksag.com,http://www.stricksag.com/,"Grain elevator, Fertilizer supplier, Seed supplier",114 Washington Ave,Chester,Montana,59522.0,https://www.facebook.com/179821965743849,
Jennie-O Turkey Feed Mill,(320) 974-8891,support@cropsafe.com,,https://www.agprices.com/elevator/jennie-o-turkey-feed-mill-atwater-mn-713bea002a111f17680af8ca8d6e1a39,Grain elevator,502 Pleasant Ave E,Atwater,Minnesota,56209,,
Grand Prairie Co-Op Inc,(217) 684-2682,,,,Grain elevator,"2R4R+WX6, 104 N Harrison St",Philo,Illinois,61864,,
Consolidated Grain & Barge Co.,(318) 336-5235,info@cgbgrain.com,cgbgrainsupport@cgb.com,https://www.cgbgrain.com/,Grain elevator,106 LA-131,Vidalia,Louisiana,71373,https://www.facebook.com/cgbgrain,https://www.linkedin.com/company/151628
Mac Grain-Mac Peanut Co,(229) 835-2253,,,,Grain elevator,35 Mac Rd,Edison,Georgia,39846,,
"C&O Grain, a division of Mennel",(419) 294-2337,,,,Grain elevator,798 Lincoln Way W,Upper Sandusky,Ohio,43351,,
Gateway FS Inc,(618) 281-4396,,,,Grain elevator,9518 B Rd,Valmeyer,Illinois,62295,,
CHS Southwest Grain,(701) 974-3831,patron.equities@chsinc.com,dustin.elkins@chsinc.com,https://chssouthwestgrain.com/,"Grain elevator, Agricultural cooperative, Agrochemicals supplier, Animal feed store, Fertilizer supplier",351 North Ave E,Richardton,North Dakota,58652,https://www.facebook.com/paybackdickinson/,https://www.linkedin.com/company/chs
Farm-City Elevator Inc,(608) 897-2100,roger@farmcityelevator.com,randall@farmcityelevator.com,https://farmcityelevator.com/,Grain elevator,4121 S Co Rd T,Brodhead,Wisconsin,53520,https://www.facebook.com/farmcityelevator,https://www.linkedin.com/company/farm-city-elevator
Neusch Farm Site,(507) 235-9335,,,,Grain elevator,2144 80th St,Fairmont,Minnesota,56031,,
Farmers Supply Grainery,(870) 295-3978,gene@farmersupply.com,matthew@farmersupply.com,http://farmersupply.com/,Grain elevator,211 Robertson Ave,Marianna,Arkansas,72360,,
Federal Drier & Storage Co,(501) 842-2301,dan.miller@dtn.com,katie.dehlinger@dtn.com,http://federaldrier.com/,Grain elevator,1155 US-165,England,Arkansas,72046,,
CFS,(507) 776-1256,ehopp@cfscoop.com,mnims@cfscoop.com,http://www.cfscoop.com/,Grain elevator,110 S 2nd Ave W,Truman,Minnesota,56088,https://www.facebook.com/CentralFarmService/,https://www.linkedin.com/company/central-farm-service
Wheeler Bros Grain Co Inc,(580) 623-7223,cbaptiste@wheelerbrothers.com,mmahoney@wheelerbrothers.com,http://www.wheelerbrothers.com/,Grain elevator,501 Russworm Dr,Watonga,Oklahoma,73772,https://www.facebook.com/196747084007135,http://linkedin.com/company/wheeler-brothers-inc
CHS,(405) 263-7289,mychs@chsinc.com,jason.kroener@chsinc.com,https://www.chs-texoma.com/,Grain elevator,115 E Oklahoma,Okarche,Oklahoma,73762,https://www.facebook.com/380708715764656,https://www.linkedin.com/company/chs
East Arkansas Grain Drying,(870) 755-5482,,,,Grain elevator,109 Co Rd 819,Earle,Arkansas,72331,,
Viterra,(931) 219-4037,ryan.eckstein@viterra.com,jay.priefert@viterra.com,https://viterra.us/,Grain elevator,305 Herbert Rd,New Johnsonville,Tennessee,37134,https://www.facebook.com/ViterraUS/,
Raile Organic Grain,(785) 332-7064,tim@raile.farm,,http://www.raile.farm/,Grain elevator,602 Felzien St,St Francis,Kansas,67756,,
Little Sioux Corn Processors,(712) 376-2800,sroe@littlesiouxcornprocessors.com,daryl.haack@littlesiouxcornprocessors.com,https://www.littlesiouxcornprocessors.com/,Grain elevator,4808 F Ave,Marcus,Iowa,51035,,http://www.linkedin.com/company/8470203
St Francis Equity,(785) 332-2113,mbandel@stfrancisequity.com,llaten@stfrancisequity.com,https://www.stfrancisequity.com/,Grain elevator,202 North St,St Francis,Kansas,67756,https://www.facebook.com/165739493517380,
Heritage Cooperative,(937) 465-4041,cellington@heritagecooperative.com,lbaughman@heritagecooperative.com,https://www.heritagecooperative.com/,Grain elevator,420 Runkle St,West Liberty,Ohio,43357,https://www.facebook.com/heritagecooperative,https://www.linkedin.com/company/1st-choiceenergyservices
Woodsboro Farmers Co-Op,(361) 543-4591,,,https://www.facebook.com/profile.php?id=61558275402348,Grain elevator,19 Locke St,Woodsboro,Texas,78393,,
Prairie Central Co-Op Lexington,(309) 365-2251,lwade@prairiecentralcoop.com,ethumith@prairiecentralcoop.com,https://www.prairiecentralcoop.com/,Grain elevator,405 W Walnut St,Lexington,Illinois,61753,https://www.facebook.com/PrairieCentralCoop/,http://linkedin.com/company/prairie-central-coop-inc
Danvers Farmers Elevator,(309) 963-4305,wade@dfefarmpartners.com,jimvierling@dowjones.com,https://www.dfefarmpartners.com/,"Grain elevator, Service establishment",,,,,https://www.facebook.com/135097309874226,
Ittner Bean & Grain,(989) 662-4461,t.ittner@ittnerbg.com,john.baranick@dtn.com,http://www.ittnerbg.com/,Grain elevator,301 Park Ave,Auburn,Michigan,48611,,
Circle S Seeds,(406) 616-0718,circles@circlesseeds.com,g.carriere@circlesseeds.com,http://www.circlesseeds.com/,Grain elevator,150 First Ave E,Three Forks,Montana,59752,https://www.facebook.com/circlesseedsofmt/,
The Arthur Companies - Idaho Falls,(208) 522-2413,jholder@arthurcompanies.com,jmelland@arthurcompanies.com,https://arthurcompanies.com/idaho/,Grain elevator,1475 Lindsay Blvd,Idaho Falls,Idaho,83402,https://www.facebook.com/ArthurCompanies,http://www.linkedin.com/company/220697
Agtegra Cooperative Grebner Grain,(605) 225-0522,lance.koch@agtegra.com,joe.airheart@agtegra.com,http://www.agtegra.com/,Grain elevator,105 392nd Ave S,Aberdeen,South Dakota,57401,https://www.facebook.com/agtegra,https://www.linkedin.com/company/agtegracooperative/
Agtegra Cooperative West Terminal,(605) 225-7081,lance.koch@agtegra.com,joe.airheart@agtegra.com,https://www.agtegra.com/Locations/West-Terminal,Grain elevator,38457 133rd St,Aberdeen,South Dakota,57401,https://www.facebook.com/agtegra,https://www.linkedin.com/company/agtegracooperative/
Irsik & Doll Hutchinson Elevator,(620) 662-0239,rkenyon@irsikanddoll.com,jbuckley@irsikanddoll.com,https://irsikanddoll.com/locations/grain-elevators/,Grain elevator,100 S Lorraine St,Hutchinson,Kansas,67501,https://www.facebook.com/irsikanddoll/,http://linkedin.com/company/irsik-&-doll-feed-services-inc.
ADM J Elevator,(620) 663-4811,,,,Grain elevator,816 N Halstead St,Hutchinson,Kansas,67501,,
KAAPA Ethanol LLC,(308) 743-2217,jmontbriand@rpmgllc.com,mniemeyer@rpmgllc.com,https://kaapaethanolcommodities.com/,Grain elevator,8450 Kaapa Ln,Minden,Nebraska,68959,,https://www.linkedin.com/company/kaapa-ethanol-llc/
Hopkinsville Elevator Co Inc,(270) 483-2555,,,,Grain elevator,200 N Ewing St,Guthrie,Kentucky,42234,,
Bottineau Farmers Elevator 1,(701) 228-2294,wayne.johnson@bottineaufarmers.com,jhanson@bottineaufarmers.com,http://www.bottineaufarmers.com/,Grain elevator,510 Railroad Ave,Bottineau,North Dakota,58318,,http://www.linkedin.com/company/8950607
Heritage Cooperative,(419) 365-5124,cellington@heritagecooperative.com,lbaughman@heritagecooperative.com,https://www.heritagecooperative.com/locations/arlington,Grain elevator,301 Sumner St,Arlington,Ohio,45814,https://www.facebook.com/heritagecooperative,https://www.linkedin.com/company/1st-choiceenergyservices
Southland Grain LLC,(229) 382-1520,southlandgrain@bellsouth.net,,https://www.facebook.com/SouthlandGrain,"Grain elevator, Animal feed store",25 Arnett Mill Rd,Tifton,Georgia,31794,https://www.facebook.com/SouthlandGrain,
Consolidated Grain & Barge,(513) 941-3400,info@cgbgrain.com,cgbgrainsupport@cgb.com,http://www.cgbgrain.com/,Grain elevator,300 Three Rivers Pkwy,North Bend,Ohio,45052.0,https://www.facebook.com/cgbgrain,https://www.linkedin.com/company/151628
Risser Grain Benton,(570) 925-6200,rgcc@thewengergroup.com,,https://www.rissergrain.com/,Grain elevator,4064 Maple Grove Rd,Benton,Pennsylvania,17814,,
St Charles Grain Elevator Co,(985) 764-7586,,,,Grain elevator,12710 River Rd,Destrehan,Louisiana,70047,,
Bocker Grain,(815) 946-2600,g.bocker@bockergrain.com,,https://www.bockergrain.com/,Grain elevator,"10566, 10998 IL-64",Polo,Illinois,61064,https://www.facebook.com/888111747914327,
Farmers Alliance,(605) 234-6522,mychs@chsinc.com,,https://www.chsfarmersalliance.com/,"Grain elevator, Gas station",500 Prospect Ave,Chamberlain,South Dakota,57325,https://www.facebook.com/CHSfarmersalliance,https://www.linkedin.com/company/chs
Pandora Grain & Supplies Inc,(419) 643-6500,,,,Grain elevator,6805 Dixie Hwy,Bluffton,Ohio,45817.0,,
Alliance Grain Co,(815) 426-1232,cmr@alliance-grain.com,cab@alliance-grain.com,https://www.alliance-grain.com/cbloc-1041,Grain elevator,33573 E 1300 N Rd,Chatsworth,Illinois,60921,https://www.facebook.com/AllianceGrain,https://www.linkedin.com/company/alliance-grain-company
ADM Sullivan,(217) 728-7541,suzanne.richardson@sharpspring.com,,https://admadvantage.com/contact-us/?location=Sullivan~Illinois,Grain elevator,417 E Water St,Sullivan,Illinois,61951,https://www.facebook.com/ADMFarmerServices/,
Pro Co-op Ag Center Grain Elevator,(406) 783-5519,jnasby@procoopag.com,ldighans@procoopag.com,http://procoopag.com/,Grain elevator,"1, Railroad Ave",Four Buttes,Montana,59263,https://www.facebook.com/ProCoopAg/,
Kramer Seed Farms,(620) 544-1579,angela_taulbee@cargill.com,christian_butler@cargill.com,https://www.cargill.com/,Grain elevator,1149 Rd 9,Hugoton,Kansas,67951,https://www.facebook.com/CargillCares/,https://www.linkedin.com/company/cargill
Kramer Seed Farms,(620) 544-1579,angela_taulbee@cargill.com,christian_butler@cargill.com,https://www.cargill.com/,Grain elevator,1149 Rd 9,Hugoton,Kansas,67951,https://www.facebook.com/CargillCares/,https://www.linkedin.com/company/cargill
"Flatlands Grain, LLC",(806) 839-2522,wmote@midplains.coop,,https://www.evansgrainkress.com/,Grain elevator,417 Stevenson Ave,Hale Center,Texas,79041,,
Kanza Cooperative Association- Sedgwick Branch,(316) 772-5141,cdrake@kanzacoop.com,j.brown@kanzacoop.com,https://www.kanzacoop.com/locations/andale/,Grain elevator,204 E 4th St,Sedgwick,Kansas,67135,https://www.facebook.com/KanzaCoop/,https://www.linkedin.com/company/8334765/
Decatur Cooperative Association,(800) 886-2293,bfought@decaturcoop.net,apereira@decaturcoop.net,http://decaturcoop.net/,Grain elevator,305 S York Ave,Oberlin,Kansas,67749,https://www.facebook.com/Decatur-Cooperative-Association-138970709463570/,https://www.linkedin.com/company/decatur-cooperative-association
ADM Grain,(806) 364-3811,media-eu@adm.com,alan.marsh@adm.com,http://www.adm.com/,Grain elevator,3746 S Progressive Rd,Hereford,Texas,79045,https://www.facebook.com/ADMCorporate/posts/way-to-go-adm-clinton-ia/1842744839336138/,https://www.linkedin.com/company/adm
S&S Repairs Inc,(402) 462-8885,ssrepairs.efrain@gmail.com,,https://www.facebook.com/ssrepairs55/,"Grain elevator, Crane service",1615 W B St,Hastings,Nebraska,68901,https://www.facebook.com/ssrepairs55,
S&S Repairs Inc,(402) 462-8885,ssrepairs.efrain@gmail.com,,https://www.facebook.com/ssrepairs55/,"Grain elevator, Crane service",1615 W B St,Hastings,Nebraska,68901,https://www.facebook.com/ssrepairs55,
Handlos Feedmill,(712) 563-4445,,,,Grain elevator,1830 130th St,Audubon,Iowa,50025,,
Grain Moisture Traceability,(217) 553-2196,grainmoisture@outlook.com,team@latofonts.com,https://grainmoisture.com/,Grain elevator,304 E State St,Waverly,Illinois,62692,,
Busch Agricultural Resources,(307) 754-9539,,,,Grain elevator,611 E North St,Powell,Wyoming,82435,,
Gavilon Grain,(515) 697-4410,gary.acromite@gavilon.com,sean.anderson@gavilon.com,http://www.gavilon.com/location/gavilon-grain-creston,Grain elevator,300 N Osage St,Creston,Iowa,50801,https://www.facebook.com/GavilonAg/,http://linkedin.com/company/gavilon-fertilizer-llc
Citizens LLC,(517) 645-2421,jmurry@citizenselevator.com,rpeper@citizenselevator.com,https://www.citizenselevator.com/,Grain elevator,415 N Nelson St,Potterville,Michigan,48876,https://www.facebook.com/Citizens-LLC-176396685744335/,https://www.linkedin.com/company/citizens-l-l-c
Todd Elevator,(507) 932-3470,g.todd@toddelevator.com,,http://toddelevator.com/,Grain elevator,1012 St Charles Ave,St Charles,Minnesota,55972,,
Ag Valley Co-op,(308) 534-7636,ddodson@agvalley.com,mtyrrell@agvalley.com,http://www.agvalley.com/,Grain elevator,402 E 7th St,North Platte,Nebraska,69101,https://www.facebook.com/AgValleyCoop/,https://www.linkedin.com/company/agvalleycoop
"Bunge-SCF Grain, LLC",+1 217-833-2527,kaylan.kinman@bunge.com,patrick.hegarty@bunge.com,http://www.bungeag.com/?utm_source=extnet&utm_medium=yext,Grain elevator,42231 Co Hwy 2,Griggsville,Illinois,62340,https://www.facebook.com/Bunge/,https://www.linkedin.com/company/bunge/
Holly Ridge Rice & Grain Co,+1 318-728-5955,,,,Grain elevator,2238 US-80,Rayville,Louisiana,71269,,
Jewell Grain Okolona Branch,+1 419-758-3513,brentp@jewellgrain.com,bpetersen@jewellgrain.com,https://www.jewellgrain.com/okolona,Grain elevator,M937 County Road 17D,Napoleon,Ohio,43545,https://www.facebook.com/1734859583400289,http://www.linkedin.com/company/4767979
Equity Exchange,+1 806-435-4016,shughes@myequityexchange.com,kseemann@myequityexchange.com,http://www.myequityexchange.com/,Grain elevator,4219 S Main St,Perryton,Texas,79070,https://www.facebook.com/PerrytonEquityExchange/,
ADM Beech Grove,+1 317-784-2200,karsten.schumaker@adm.com,,https://adm.gradable.com/market/Beech-Grove-Elevator,Grain elevator,1901 S Sherman Dr,Indianapolis,Indiana,46203,,
Fairview Mills Inc,+1 785-336-2148,troy@fairviewmills.com,wade@fairviewmills.com,https://www.jsixenterprises.com/,Grain elevator,604 Nemaha St,Seneca,Kansas,66538,https://www.facebook.com/jsixenterprises/,https://www.linkedin.com/company/j-six-enterprises
Cargill Inc,+1 573-748-5576,t.manternach@cargillag.com,m.wallace@cargillag.com,https://www.cargillag.com/locations/new-madrid-cah,Grain elevator,300 Levee Rd,New Madrid,Missouri,63869,https://www.facebook.com/132988303474951,
Thunderbird Commodities Inc.,+1 218-935-2772,,,,Grain elevator,424 N Railway St,Mahnomen,Minnesota,56557,,
CHS Northern Grain,+1 218-935-2261,robert.staehnke@chsinc.com,justin.haus@chsinc.com,http://www.chsmahnomen.com/,"Grain elevator, Animal feed store",106 S Railway St,Mahnomen,Minnesota,56557,,https://www.linkedin.com/company/chs
Triple Crown Nutrition Inc,+1 218-784-2021,,,,Grain elevator,301 E Main St,Ada,Minnesota,56510,,
Sandhill Elevator,+1 806-983-3632,,,,Grain elevator,511 FM784,Floydada,Texas,79235,,
West Plains LLC,+1 308-436-2840,nathanf@westplainsllc.com,fladc@westplainsllc.com,http://www.westplainsllc.com/,Grain elevator,130829 Lockwood Rd,Gering,Nebraska,69341,https://www.facebook.com/pages/Commodity-Trading/136801119697310,http://www.linkedin.com/company/6942315
Fremar Farmer's Co-Op Inc,+1 605-925-4245,djacobson@cenfarmcoop.com,dkoch@cenfarmcoop.com,http://www.cenfarmcoop.com/,Grain elevator,124 E Railway St,Freeman,South Dakota,57029.0,https://www.facebook.com/Central-Farmers-Cooperative-1196323993725616/,http://www.linkedin.com/company/5531599
"Jeffersonville Grain, a Division of Mennel",+1 740-426-6332,jauch@mennel.com,crams@mennel.com,https://mennel.com/locations/jeffersonville,Grain elevator,12574 State Rte 41,Jeffersonville,Ohio,43128,https://www.facebook.com/MennelMilling,https://www.linkedin.com/company/the-mennel-milling-company
Beachner Grain Inc,+1 620-244-3224,t.rasmussen@beachnergrain.com,d.schmidt@beachnergrain.com,https://www.beachnergrain.com/,"Grain elevator, Store",15050 KS-47,Erie,Kansas,66733,https://www.facebook.com/beachnergraininc/,
Beachner Grain Inc,+1 620-244-3277,t.rasmussen@beachnergrain.com,d.schmidt@beachnergrain.com,https://www.beachnergrain.com/,Grain elevator,725 N Main St,Erie,Kansas,66733,https://www.facebook.com/beachnergraininc/,
Gerken's Feed & Grain LLC,+1 651-565-2611,,,,Grain elevator,423 2nd St W,Wabasha,Minnesota,55981,,
Farmers Cooperative Exchange,+1 580-832-2364,,,,Grain elevator,200 S West St,New Cordell,Oklahoma,73632.0,,
Farmers Elevator Grain & Supply,+1 419-653-4132,sales@thefarmerselevator.com,d.mangas@thefarmerselevator.com,http://thefarmerselevator.com/,Grain elevator,16917 Co Rd B,New Bavaria,Ohio,43548,https://www.facebook.com/139158016131433,http://www.linkedin.com/company/8995953
Anthony Farmers Co-Op Elevator,+1 620-896-7511,csteffen@anthonycoop.com,smhatre@anthonycoop.com,https://www.anthonycoop.com/,Grain elevator,202 W 6th St,Harper,Kansas,67058,,https://www.linkedin.com/company/anthony-farmers-coop-elevator
Maness Family Farm,+1 970-565-3501,,,,Grain elevator,25080 Road H,Cortez,Colorado,81321.0,,
Consolidated Grain & Barge Co.,+1 217-896-2494,info@cgbgrain.com,cgbgrainsupport@cgb.com,https://www.cgbgrain.com/,"Grain elevator, Agricultural service",402 E Coffeen St,Homer,Illinois,61849,https://www.facebook.com/cgbgrain,https://www.linkedin.com/company/151628
Tisch Mills Fertilizer,+1 920-776-1299,,,,Grain elevator,2207 E County Rd BB,Denmark,Wisconsin,54208,,
Citizens LLC,+1 517-541-1449,jmurry@citizenselevator.com,rpeper@citizenselevator.com,http://www.citizenselevator.com/,Grain elevator,421 N Cochran Ave,Charlotte,Michigan,48813,https://www.facebook.com/Citizens-LLC-176396685744335/,https://www.linkedin.com/company/citizens-l-l-c
Pettisville Grain Co,+1 419-822-3210,jbeck@pettisvillegrain.com,pgrainco@live.com,http://pettisvillegrain.com/,Grain elevator,600 Providence St,Delta,Ohio,43515,https://www.facebook.com/466034273577220,http://www.linkedin.com/company/4520489
Howlett Farms,+1 585-226-8340,mhowlett@howlettfarms.com,bhowlett@howlettfarms.com,http://www.howlettfarms.com/,Grain elevator,1112 E River Rd,Avon,New York,14414,https://www.facebook.com/howlettfarms/,http://linkedin.com/company/howlett-farms
Osgood Grain Inc. - Moreland,+1 208-709-5471,,,,Grain elevator,138 N 740 W,Moreland,Idaho,83256,,
Pioneer Grain,+1 208-684-9157,,,,Grain elevator,618 W 100 Rd N,Blackfoot,Idaho,83221,,
Alliance One International Inc,,bavery@aointl.com,ssumrell@aointl.com,http://www.aointl.com/,Grain elevator,204 S Main St,Robersonville,North Carolina,27871,https://www.facebook.com/462777834192221,http://www.linkedin.com/company/34505
Alabama Farmer's Corporation,+1 334-628-6726,kyle@alafarm.com,fred.cespedes@alafarm.com,http://www.alafarm.com/,Grain elevator,Noel Cir,Uniontown,Alabama,36786,https://www.facebook.com/alafarm/photos/a.10153231423009489/10153231423094489/?type=3,https://www.linkedin.com/company/alabama-farmers-cooperative-inc-
Frontier AG Inc,+1 785-421-2396,rmclemore@frontieraginc.com,dfrederking@frontieraginc.com,http://www.frontieraginc.com/,Grain elevator,,Penokee,Kansas,67659,https://www.facebook.com/FrontierAgInc,http://www.linkedin.com/company/3618828
S T Organics,+1 970-305-3798,info@storganics.net,n.smith@storganics.net,http://www.storganics.net/,Grain elevator,39525 Weld County Rd 136,Hereford,Colorado,80732,https://www.facebook.com/storganics/,
Sangerfield Grain Co,+1 315-841-4147,,,,Grain elevator,7598 US-20,Sangerfield,New York,13455,,
Consolidated Grain and Barge Co.,+1 402-245-6450,info@cgbgrain.com,cgbgrainsupport@cgb.com,https://www.cgbgrain.com/,Grain elevator,303 US-73,Falls City,Nebraska,68355,https://www.facebook.com/cgbgrain,https://www.linkedin.com/company/151628
Legacy Farmers Cooperative,+1 419-859-2172,ebowman@legacyfarmers.com,rdigby@legacyfarmers.com,https://www.legacyfarmers.com/,Grain elevator,8935 Co Rd 84,Findlay,Ohio,45840.0,https://www.facebook.com/legacyfarmers/,http://www.linkedin.com/company/7143041
Mills Seed Co. Building,(319) 430-8536,,,,Grain elevator,212 N Iowa Ave,Washington,Iowa,52353,,
United Co-Op,(515) 832-6373,jmcgonegle@unitedcoop.com,hstearns@unitedcoop.com,https://www.unitedcoop.com/,Grain elevator,1932 2nd St,Webster City,Iowa,50595,,http://www.linkedin.com/company/5635049
Van Dyke Grain Elevators Inc,(503) 647-2281,,,,Grain elevator,9620 NW 307th Ave,North Plains,Oregon,97133,,
CHS Kanaranzi,,barbara.shiell@chsinc.com,kent.mulder@chsinc.com,https://www.chsbrandon.com/about-us/locations/#kanaranzi,Grain elevator,,Magnolia,Minnesota,56158,https://www.facebook.com/CHSIncBrandon,https://www.linkedin.com/company/chs
Orleans Hay & Grain,(218) 762-4341,,,,Grain elevator,2374 County Rd 55,Lancaster,Minnesota,56735,,
CHS Inc,(701) 454-6363,cynthia.clanton@chsinc.com,nanci.lilja@chsinc.com,https://www.chsinc.com/,Grain elevator,9721 1st St,Joliette,North Dakota,58271,https://www.facebook.com/CHS-Inc-1704140756493533/,https://www.linkedin.com/company/chs/
Midland Marketing Co-Op Inc,(785) 394-2244,vance.westhusin@midlandmarketing.org,harvey@midlandmarketing.org,https://www.midlandmarketing.org/,Grain elevator,127 Main St,McCracken,Kansas,67556,https://www.facebook.com/mm1915/,http://www.linkedin.com/company/4455655
Fuhrman Grain,(913) 886-6501,,,,Grain elevator,14049 238th Rd,Cummings,Kansas,66016,,
Ismay Grain Co LLC,(406) 772-5743,,,,Grain elevator,101 Railroad St,Ismay,Montana,59336,,
Columbia Grain International Inc.,(208) 962-3261,mmorgan@columbiagrain.com,jsung@columbiagrain.com,https://columbiagrain.com/,Grain elevator,99 Broadway St,Cottonwood,Idaho,83522,https://www.facebook.com/cgicolumbiagraininternational/,https://www.linkedin.com/company/columbia-grain
Motley Gin Inc,(580) 688-2595,,,,Grain elevator,609 E Broadway St,Hollis,Oklahoma,73550,,
High Country Elevators Inc,(970) 677-2251,,,,Grain elevator,7026 US-491,Dove Creek,Colorado,81324,,
Baker Grain Elevator,(406) 778-2511,,,,Grain elevator,3 Milwaukee Ave,Baker,Montana,59313,,
Elkhart Grain Co,(217) 792-5711,jfunk@elkhartgrain.com,aschiff@elkhartgrain.com,https://www.elkhartgrain.com/,Grain elevator,404 W Lipp Rd,Mt Pulaski,Illinois,62548,,http://www.linkedin.com/company/5623715
Skyland Grain LLC,(620) 492-6210,lynngiessel@skylandgrain.com,stevearnold@skylandgrain.com,http://www.skylandgrain.com/,Grain elevator,202 S Main St,Johnson City,Kansas,67855,https://www.facebook.com/Skylandgrain/,http://www.linkedin.com/company/4704307
Mid-West Fertilizer,(913) 886-3435,d.jones@midwestfertilizerinc.com,j.novotney@midwestfertilizerinc.com,https://www.midwestfertilizerinc.com/,"Grain elevator, Agricultural service, Animal feed store",602 Main St,Nortonville,Kansas,66060,https://www.facebook.com/MWFertilizer,http://linkedin.com/company/mid-west-fertilizer-inc.
Dakota Mill & Grain,(605) 843-2277,tlien@dakotamill.com,aberihu@dakotamill.com,https://www.dakotamill.com/,Grain elevator,505 SD-63,Midland,South Dakota,57552.0,https://www.facebook.com/dakotamillandgrain/,
"Sweet Water Grain, LLC",(361) 998-2525,info@sweetwatergrain.com,,https://sweetwatergrain.com/,Grain elevator,1903 2nd St,Agua Dulce,Texas,78330,,
Columbia Grain North,(406) 278-7532,,,,Grain elevator,3 8th Ave NE,Conrad,Montana,59425,,
Columbia Grain Central,(406) 278-3256,mmorgan@columbiagrain.com,jsung@columbiagrain.com,https://columbiagrain.com/location/conrad-mt/,Grain elevator,116 S Dakota St,Conrad,Montana,59425,https://www.facebook.com/cgicolumbiagraininternational/,https://www.linkedin.com/company/columbia-grain
Star of the West Milling Co.,(517) 639-3165,ryan.green@starofthewest.com,debbie.lackowski@starofthewest.com,https://www.starofthewest.com/,Grain elevator,4151 Squires Rd,Quincy,Michigan,49082,https://www.facebook.com/Star-of-the-West-Milling-Company-66596276711/,https://www.linkedin.com/company/star-of-the-west-milling-co
Top Flight Grain Co-Op Maroa,(217) 794-5533,,,,Grain elevator,103 S Oak St,Maroa,Illinois,61756,,
Kelley Bean Co Inc,(308) 783-2200,jbartsch@kelleybean.com,ssnyder@kelleybean.com,http://www.kelleybean.com/,Grain elevator,140179 Co Rd 29,Minatare,Nebraska,69356,https://www.facebook.com/156787921027540,https://www.linkedin.com/company/kelleybeanco
Consolidated Grain and Barge Co.,(870) 827-3288,info@cgbgrain.com,cgbgrainsupport@cgb.com,https://www.cgbgrain.com/,Grain elevator,379 Phillips County 423 Road,Helena,Arkansas,72342,https://www.facebook.com/cgbgrain,https://www.linkedin.com/company/151628
Habots Grain,(406) 337-3332,,,,Grain elevator,,Kevin,Montana,59454,,
Adm Grain,(815) 638-2400,,,,Grain elevator,102 Gurney St,La Moille,Illinois,61330,,
Farmers Grain Terminal LLC,(660) 529-2676,,,,Grain elevator,29261 MO-240,Slater,Missouri,65349,,
Prairie Land Millwright,(815) 538-3085,al@prairielandmillwright.com,ken@prairielandmillwright.com,http://prairielandmillwright.com/,Grain elevator,617 US-34,Mendota,Illinois,61342,,
CHS Inc,(701) 257-6421,tryan@chsdrayton.com,r.williams@chsdrayton.com,http://www.chsdrayton.com/,Grain elevator,14808 6th St,Glasston,North Dakota,58236,,https://www.linkedin.com/company/chs
Lotex Grain Inc,(325) 344-5703,,,,Grain elevator,61 County Rd 340,Lohn,Texas,76852,,
Viterra,(574) 797-7000,ryan.eckstein@viterra.com,jay.priefert@viterra.com,http://viterra.us/,Grain elevator,54300 Walnut Rd,New Carlisle,Indiana,46552,https://www.facebook.com/ViterraUS/,
Western Grain Marketing LLC,(309) 772-3180,trouse@westerngrainmarketing.com,rmiller@westerngrainmarketing.com,http://www.westerngrainmarketing.com/,"Grain elevator, Agricultural service",294 W Davis St,Bushnell,Illinois,61422,https://www.facebook.com/165466153480477,http://www.linkedin.com/company/4264512
Total Grain Marketing,(618) 783-3670,b.brown@totalgrainmarketing.com,j.ham@totalgrainmarketing.com,http://www.totalgrainmarketing.com/,Grain elevator,11753 N 600th St,Newton,Illinois,62448,https://www.facebook.com/southcentralfs/,https://www.linkedin.com/company/total-grain-marketing-llc
Hutchinson Coop Grain Elevator,(320) 587-4647,mconner@hutchcoop.com,pbarchenger@hutchcoop.com,http://hutchcoop.com/,"Grain elevator, Agricultural service, Animal feed store",1060 5th Ave SE,Hutchinson,Minnesota,55350,,https://www.linkedin.com/company/hutchinson-co-op
PRIDE AG RESOURCES,(620) 357-8314,bboyd@prideag.com,gfriesen@prideag.com,http://www.prideag.com/,Grain elevator,1220 Main St,Jetmore,Kansas,67854,https://www.facebook.com/PrideAgResources/,https://www.linkedin.com/company/pride-ag-resources
Gerald Grain Center Delta,(419) 337-0093,aaron.schnitkey@geraldgrain.com,bridgette.brady@geraldgrain.com,http://geraldgrain.com/,Grain elevator,6480 Co Rd 11,Wauseon,Ohio,43567,https://www.facebook.com/geraldgrain/,https://www.linkedin.com/company/gerald-grain-center-inc
ADM Edible Bean Specialties,(320) 289-2430,media-eu@adm.com,alan.marsh@adm.com,https://www.adm.com/en-us/products-services/services/farmer-services/seedwest-edible-bean-seeds/,Grain elevator,550 W Christenson Ave,Appleton,Minnesota,56208,https://www.facebook.com/ADMCorporate/posts/way-to-go-adm-clinton-ia/1842744839336138/,https://www.linkedin.com/company/adm
Viterra,(618) 445-8020,ryan.eckstein@viterra.com,jay.priefert@viterra.com,https://viterra.us/,Grain elevator,719 CR 850 N,Browns,Illinois,62818,https://www.facebook.com/ViterraUS/,
ADM Edible Bean Specialties,(701) 257-6721,media-eu@adm.com,alan.marsh@adm.com,https://www.adm.com/en-us/products-services/services/farmer-services/seedwest-edible-bean-seeds/,Grain elevator,755 Industry Rd,St Thomas,North Dakota,58276,https://www.facebook.com/ADMCorporate/posts/way-to-go-adm-clinton-ia/1842744839336138/,https://www.linkedin.com/company/adm
Bruellman Bin Moving Inc,(712) 848-3247,bill@farmshow.com,mark@farmshow.com,https://www.farmshow.com/a_article.php?aid=15600,Grain elevator,29731 410th St,Rolfe,Iowa,50581.0,https://www.facebook.com/FARMSHOWMagazine,
Bruellman Bin Moving Inc,(712) 848-3247,bill@farmshow.com,mark@farmshow.com,https://www.farmshow.com/a_article.php?aid=15600,Grain elevator,29731 410th St,Rolfe,Iowa,50581.0,https://www.facebook.com/FARMSHOWMagazine,
Chs Garrison,(701) 463-2244,cody.schulz@chsinc.com,mychs@chsinc.com,https://www.chsgarrison.com/,Grain elevator,205 2nd St SW,Garrison,North Dakota,58540,https://www.facebook.com/CHS-Inc-1704140756493533/,https://www.linkedin.com/company/chs
Milledgeville Farmers Elevator,(815) 225-7145,,,,Grain elevator,314 N Cochran Ave,Milledgeville,Illinois,61051,,
United Cooperative,(262) 673-8960,daveb@unitedcooperative.com,garys@unitedcooperative.com,http://www.unitedcooperative.com/,"Grain elevator, Fuel supplier, Propane supplier",1112 W Sumner St,Hartford,Wisconsin,53027,https://www.facebook.com/UnitedCooperative1936/,http://www.linkedin.com/company/854027
Anthony Farmer's Co-Op,(620) 294-5530,csteffen@anthonycoop.com,smhatre@anthonycoop.com,https://www.anthonycoop.com/,Grain elevator,119 Broadway St,Sharon,Kansas,67138,,https://www.linkedin.com/company/anthony-farmers-coop-elevator
Sublette Farmers Elevator Co.,(815) 849-5222,js@sublettefarmerselevator.com,office@sublettefarmerselevator.com,http://www.sublettefarmerselevator.com/,"Grain elevator, Ammunition supplier, Animal feed store, Fence supply store, Hardware store, Lumber store, Seed supplier",100 W Main St,Sublette,Illinois,61367,,
Midstates Millwrights,(320) 269-2103,,,,Grain elevator,4326 US-212,Montevideo,Minnesota,56265,,
Rock River Lumber & Grain Co,(815) 537-5131,joerosengren@rockriverag.com,g.forward@rockriverag.com,https://www.rockriverag.com/,Grain elevator,2809 W Lincolnway,Sterling,Illinois,61081,,http://www.linkedin.com/company/6361612
Rooks Farm Services Inc,(800) 459-2170,kelly@rooksfarmservice.com,rooks_inc@bellsouth.net,http://www.rooksfarmservice.com/,Grain elevator,501 N Dudley St,Burgaw,North Carolina,28425,,
Forsman Farms Elevator,(320) 299-9802,,,,"Grain elevator, Transportation service",9880 60th St SW,Howard Lake,Minnesota,55349,,
Farmers Cooperative Elevator,(620) 326-7496,stephanieh@farmerscoopelevator.com,scott.dubbelde@farmerscoopelevator.com,http://www.farmerscoopelevator.com/,Grain elevator,9011 N A St,Wellington,Kansas,67152,https://www.facebook.com/fcecompany/,http://www.linkedin.com/company/6523259
Lathrop Fsg,,kellen.bounous@theredwoodgroup.com,eric.noel@theredwoodgroup.com,https://theredwoodgroup.com/lathropfsg/,Grain elevator,105 Welsh St,Pleasant Hill,Missouri,64080,https://www.facebook.com/the-redwood-group-1462569610706121,http://www.linkedin.com/company/3863352
Farmers Grain Company,(620) 221-4370,jjohndrow@farmersgrain.net,mobrien@farmersgrain.net,http://www.farmersgraincompany.com/,Grain elevator,22324 71st Rd,Winfield,Kansas,67156,https://www.facebook.com/farmersgraincompany,
Valley Cooperative Inc,(620) 221-4343,,,,Grain elevator,811 Mill St,Winfield,Kansas,67156,,
Skyland Grain LLC,,lynngiessel@skylandgrain.com,stevearnold@skylandgrain.com,https://www.skylandgrain.com/,Grain elevator,4591 US-54,Dalhart,Texas,79022,https://www.facebook.com/Skylandgrain/,http://www.linkedin.com/company/4704307
AGrowStar-Estill,(803) 893-2444,jredmon@agrowstar.com,dbrown@agrowstar.com,http://www.agrowstar.com/,Grain elevator,282 3rd St W,Estill,South Carolina,29918,https://www.facebook.com/1441572222762778,https://www.linkedin.com/company/agrowstar-llc
Montague Farms,(757) 242-9092,chi@montaguefarms.com,tim@montaguefarms.com,http://montaguefarms.com/,Grain elevator,10075 Cut Thru Rd,Windsor,Virginia,23487,,http://www.linkedin.com/company/8250461
Skyland Grain,(620) 356-7800,lynngiessel@skylandgrain.com,stevearnold@skylandgrain.com,https://www.skylandgrain.com/,Grain elevator,1125 W Oklahoma Ave,Ulysses,Kansas,67880,https://www.facebook.com/Skylandgrain/,http://www.linkedin.com/company/4704307
Rovey Specialty Grains LLC,(217) 227-4541,derekr@roveyseed.com,christ@roveyseed.com,https://roveyseed.com/,"Grain elevator, Store",109 N Depot Ave,Inland,Nebraska,68954.0,https://www.facebook.com/Rovey-Seed-108472432634673/,http://www.linkedin.com/company/4646491
Skyland Grain,(620) 544-2017,lynngiessel@skylandgrain.com,stevearnold@skylandgrain.com,https://www.skylandgrain.com/,Grain elevator,509 Northwest Ave,Hugoton,Kansas,67951,https://www.facebook.com/Skylandgrain/,http://www.linkedin.com/company/4704307
Unruh Farms Grain Company,(662) 361-7028,unruhfarms@gmail.com,,http://unruhfarms.com/,Grain elevator,3054 Stan Tabor Rd,Macon,Mississippi,39341,,
Topflight Grain Co,(217) 677-2111,chuck@topflightgrain.com,richardlarimore@topflightgrain.com,http://topflightgrain.com/,Grain elevator,111 W Front,La Place,Illinois,61936,https://www.facebook.com/142965542416378,http://linkedin.com/company/topflight-grain-cooperative-inc.
"Mesa Farmers Cooperative, Inc.",(575) 233-3112,,,,Grain elevator,18320 Stern Dr,Vado,New Mexico,88072,,
Heartland Co-op Marengo,(319) 642-5557,janderson@heartlandcoop.com,jjones@heartlandcoop.com,http://www.heartlandcoop.com/pages/custom.php?id=585,Grain elevator,2285 Hwy 6 Trail,Marengo,Iowa,52301,https://www.facebook.com/HeartlandCoop,http://www.linkedin.com/company/798805
Dumas Cooperative Elevators,(806) 935-6440,,,,Grain elevator,600 S Twichell Ave,Dumas,Texas,79029,,
Farmward Cooperative,(320) 329-8377,jhennen@farmward.net,chebrink@farmward.net,https://farmward.net/,Grain elevator,340 Dupont Ave NE,Renville,Minnesota,56284,https://www.facebook.com/farmwardcoop/,https://www.linkedin.com/company/farmward-cooperative
Mid-Iowa Cooperative La Porte City,(319) 342-3013,mkistenmacher@midiowacoop.com,jberrey@midiowacoop.com,https://www.midiowacoop.com/,Grain elevator,106 Cedar St,La Porte City,Iowa,50651,,http://www.linkedin.com/company/4713562
Okaw Farmers Co-Op,(217) 873-4301,,,,Grain elevator,101 Al Best Dr,Lovington,Illinois,61937,,
Central Farmers Co-Op Elevator,(605) 425-2280,djacobson@cenfarmcoop.com,dkoch@cenfarmcoop.com,http://www.cenfarmcoop.com/,Grain elevator,320 Rutan Ave,Salem,South Dakota,57058,https://www.facebook.com/Central-Farmers-Cooperative-1196323993725616/,http://www.linkedin.com/company/5531599
Equity Exchange,(806) 259-2335,shughes@myequityexchange.com,kseemann@myequityexchange.com,https://www.myequityexchange.com/,Grain elevator,309 2nd St,Memphis,Texas,79245,https://www.facebook.com/PerrytonEquityExchange/,
CHS,(701) 265-8439,tryan@chsdrayton.com,r.williams@chsdrayton.com,http://www.chsdrayton.com/,Grain elevator,104 Airport Rd,Cavalier,North Dakota,58220,,https://www.linkedin.com/company/chs
Gage Fertilizer & Grain Mill,(660) 726-3919,,,,Grain elevator,805 W Mill St,Albany,Missouri,64402,,
Hi Plains Co-Op,(785) 675-3412,,,,Grain elevator,117 Main St,Hoxie,Kansas,67740,,
McDougal-Sager & Snodgrass,(785) 626-3302,,,,Grain elevator,13306 KS-25,Atwood,Kansas,67730,,
Conslidated Grain & Barge Co.,(662) 759-3532,info@cgbgrain.com,cgbgrainsupport@cgb.com,https://www.cgbgrain.com/,Grain elevator,271 David Work Dr,Rosedale,Mississippi,38769,https://www.facebook.com/cgbgrain,https://www.linkedin.com/company/151628
Andersons Clymers Ethanol LLC,(574) 722-2627,trayburn@andersonsgrain.com,lhansens@andersonsgrain.com,https://www.andersonsgrain.com/locations/in/clymers/,Grain elevator,3389 W County Rd 300 S,Logansport,Indiana,46947,https://www.facebook.com/159968937368912,
Farmers Co-Op Elevator Co,(316) 542-3182,sherridarling@gardenplaincoop.com,rsimon@gardenplaincoop.com,http://www.gardenplaincoop.com/,Grain elevator,106 E South Ave,Cheney,Kansas,67025,,
Ruff Brothers Grain,(815) 265-6717,d.ruff@ruffrail.com,m.loudon@ruffrail.com,http://www.ruffrail.com/,Grain elevator,222 N Center St,Gridley,Illinois,61744,https://www.facebook.com/RuffGrainCo/,https://www.linkedin.com/company/ruff-brothers-grain-co
Cargill AgHorizons Grain Elevator,(320) 598-7351,t.manternach@cargillag.com,m.wallace@cargillag.com,http://www.cargillag.com/,Grain elevator,Fair St,Madison,Minnesota,56256,https://www.facebook.com/132988303474951,
Garden City Co-Op - Lowe,(620) 277-2230,ahamm@gccoop.com,jboyd@gccoop.com,https://www.gccoop.com/locations,Grain elevator,6915 W Lowe Rd,Holcomb,Kansas,67851.0,https://www.facebook.com/gardencitycoop/,http://www.linkedin.com/company/3298335
United Co-Op,(515) 832-5671,jmcgonegle@unitedcoop.com,hstearns@unitedcoop.com,https://www.unitedcoop.com/,Grain elevator,2156 N Stonega Ave,Webster City,Iowa,50595,,http://www.linkedin.com/company/5635049
AG-Land FS,(309) 392-2314,bielma@aglandfs.com,tim.bennett@aglandfs.com,http://www.aglandfs.com/,Grain elevator,4139 Minier Rd,Armington,Illinois,61721,https://www.facebook.com/Ag-Land-FS-572525409486343/,http://linkedin.com/company/ag-land-fs-inc
Lost Creek Feed & Grain,(812) 347-2412,trutledge@black-walnuts.com,brian@black-walnuts.com,https://black-walnuts.com/locations/lost-creek-feed-grain/,"Grain elevator, Pet store",2450 Lost Creek Rd NW,Ramsey,Indiana,47166,https://www.facebook.com/HammonsBlackWalnuts,http://www.linkedin.com/company/5879510
Sexton Bin Builders LLC,(270) 392-1469,team@latofonts.com,,http://sextonbinbuilders.com/,Grain elevator,3245 Hickory Flat Gold City Rd,Franklin,Kentucky,42134,https://www.facebook.com/Sextonbinbuilders,
Mid-Wood Inc,(419) 823-1331,scott.barnhisel@mid-wood.com,ron.gillette@mid-wood.com,https://www.mid-wood.com/,Grain elevator,15841 W Main St,Haskins,Ohio,43525,http://facebook.com/midwoodagronomy,http://www.linkedin.com/company/8607818
"FS GRAIN, LLC",(815) 493-2478,brrader@fsgrain.com,,http://www.fsgrain.com/,Grain elevator,24751 US-52,Lanark,Illinois,61046,,
Border Services Inc,(406) 335-2695,,,,Grain elevator,Railroad St,Sweet Grass,Montana,59484,,
Sun Prairie Grain,(701) 338-2013,,,,"Grain elevator, Animal feed store, Seed supplier",100 Central Ave,Velva,North Dakota,58790,,
Route 16 Grain Co-Op,(217) 562-2363,,,,Grain elevator,,Rosamond,Illinois,62083,,
Consolidated Grain and Barge Co.,(573) 332-2740,info@cgbgrain.com,cgbgrainsupport@cgb.com,https://www.cgbgrain.com/,Grain elevator,"2133 E, State Highway Ab",Scott City,Missouri,63780,https://www.facebook.com/cgbgrain,https://www.linkedin.com/company/151628
ADM Montpelier,(888) 935-1107,support@grainbridge.com,support@bushelpowered.com,http://web.grainbridge.com/adm/montpelier,Grain elevator,6627 N 400 E,Montpelier,Indiana,47359,,
Skyland Grain,(620) 697-2407,lynngiessel@skylandgrain.com,stevearnold@skylandgrain.com,https://www.skylandgrain.com/,Grain elevator,530 Border Ave,Elkhart,Kansas,67950,https://www.facebook.com/Skylandgrain/,http://www.linkedin.com/company/4704307
KAAPA Grains,(308) 856-4643,jmontbriand@rpmgllc.com,mniemeyer@rpmgllc.com,https://kaapaethanolcommodities.com/Commodities/Cash-Bids,Grain elevator,4270 Turkey Creek Rd,Elm Creek,Nebraska,68836,,https://www.linkedin.com/company/kaapa-ethanol-llc/
Cargill Inc,(402) 395-5206,t.manternach@cargillag.com,m.wallace@cargillag.com,http://cargillag.com/,"Grain elevator, Agricultural service",2609 260th St,Albion,Nebraska,68620,https://www.facebook.com/132988303474951,
Heartland Co-Op,(641) 259-2157,janderson@heartlandcoop.com,jjones@heartlandcoop.com,http://heartlandcoop.com/,Grain elevator,301 IA-163 BUS,Monroe,Iowa,50170,https://www.facebook.com/HeartlandCoop,http://www.linkedin.com/company/798805
North Central Grain Co-Op,(701) 266-5100,sean.slowinski@legacy-cooperative.com,alexis.disher@legacy-cooperative.com,http://www.legacy-cooperative.com/,Grain elevator,24 Elevator Rd,Rocklake,North Dakota,58365,https://www.facebook.com/Legacy-Cooperative-1416274575295490/,
Jackson Farmers Inc,(785) 484-3360,darlal@jacksonfarmers.com,gsimms@jacksonfarmers.com,https://jacksonfarmers.com/,"Grain elevator, Hardware store",201 Dawson St,Meriden,Kansas,66512,https://www.facebook.com/430569400473633,
"MPS Feed, LLC",(419) 763-5960,jerry@mercerlandmark.com,norm.c@mercerlandmark.com,https://mercerlandmark.com/grain/,Grain elevator,2930 OH-118,St Henry,Ohio,45883,http://www.facebook.com/MercerLandmark,http://www.linkedin.com/company/5931307
John Marion Inc,(734) 429-5740,joanne@jmigrain.com,paula@jmigrain.com,http://jmigrain.com/,Grain elevator,9317 W Michigan Ave,Saline,Michigan,48176,,
Troy Elevator-Mennel,(937) 335-8334,jauch@mennel.com,crams@mennel.com,https://mennel.com/,Grain elevator,2600 N County Rd 25A,Troy,Ohio,45373,https://www.facebook.com/MennelMilling,https://www.linkedin.com/company/the-mennel-milling-company
Cargill Cattle Feeders,(806) 225-4400,angela_taulbee@cargill.com,christian_butler@cargill.com,http://www.cargill.com/,Grain elevator,600 US-60,Bovina,Texas,79009,https://www.facebook.com/CargillCares/,https://www.linkedin.com/company/cargill
Warren Grain Co.,(507) 346-7731,,,,Grain elevator,510 W Tracy Rd,Spring Valley,Minnesota,55975,,
Clunette Elevator Co Inc,(574) 858-2281,jessica@clunetteelevator.com,jake@clunetteelevator.com,http://www.clunetteelevator.com/,Grain elevator,4316 W 600 N,Leesburg,Indiana,46538,http://www.facebook.com/ClunetteElevator,http://linkedin.com/company/clunette-elevator-co-inc
B & G Elevator Inc,(973) 579-9962,,,,Grain elevator,75 Mill St # B,Newton,New Jersey,07860,,
Scoular Co,(816) 380-7153,snutt@scoular.com,dspears@scoular.com,https://www.scoular.com/,Grain elevator,1209 Industrial Blvd,Harrisonville,Missouri,64701,https://www.facebook.com/thescoularcompany/,https://www.linkedin.com/company/the-scoular-company
New Hope Milling Co,(919) 778-0579,,,,Grain elevator,4590 US-70 BUS,Goldsboro,North Carolina,27534,,
Herman Ehlers & Sons Inc,(209) 334-5911,,,,"Grain elevator, General contractor",9009 CA-12,Lodi,California,95242,,
Elevator Services & Storage,(419) 643-5111,info@essicompanies.com,sales@essicompanies.com,http://www.essicompanies.com/,Grain elevator,312 W Main St,Beaverdam,Ohio,45808,,
Whitgro Inc,(509) 648-3316,,,,Grain elevator,33 Front St,St John,Washington,99171,,
Hueser Grain,(320) 864-5891,,,,Grain elevator,305 7th St E,Glencoe,Minnesota,55336,,
Woodall Grain Company,(931) 968-1070,info@woodallgrain.com,j.woodall@woodallgrain.com,http://www.woodallgrain.com/,Grain elevator,3827 McMinnville Hwy,Manchester,Tennessee,37355,https://www.facebook.com/WoodallGrain,
Smith Grain Co,(931) 728-3977,,,,Grain elevator,7306 Fountain Grove Rd,Morrison,Tennessee,37357,,
ENCOMPASS GRAIN & RAIL COOP,(217) 482-3238,bbiedermann@agmarket.net,rjw1249@wrightonthemarket.com,http://encompassgrain.com/,Grain elevator,409 S Tonica St,Mason City,Illinois,62664,https://www.facebook.com/Encompass-Grain-Rail-COOP-104396114842592/,
Country Visions Cooperative,(920) 668-6504,info@countryvisionscoop.com,psattler@countryvisionscoop.com,http://www.countryvisionscoop.com/,Grain elevator,W2521 Smies Rd,Oostburg,Wisconsin,53070,http://facebook.com/countryvisionscoop,http://www.linkedin.com/company/8502747
Atherton Grain Co Inc,(815) 379-2144,,,,Grain elevator,10874 IL-92,Walnut,Illinois,61376,,
South Union Elevator,,good@hopelevator.com,montgomery@hopelevator.com,http://www.hopelevator.com/southunion/,Grain elevator,435 S Union Rd,Woodburn,Kentucky,42170,https://www.facebook.com/196030481046221,http://linkedin.com/company/hopkinsville-elevator-co
ADM,(309) 772-2141,,,,Grain elevator,160 E Main St,Bushnell,Illinois,61422,,
ADM Burr Elevator,(507) 223-5863,,,,Grain elevator,2409 150th St,Canby,Minnesota,56220,,
ADM Henderson,(270) 827-4331,media-eu@adm.com,alan.marsh@adm.com,http://www.adm.com/,Grain elevator,2315 Old Geneva Rd,Henderson,Kentucky,42420,https://www.facebook.com/ADMCorporate/posts/way-to-go-adm-clinton-ia/1842744839336138/,https://www.linkedin.com/company/adm
Viterra,(270) 827-3533,ryan.eckstein@viterra.com,jay.priefert@viterra.com,https://www.viterra.us/,Grain elevator,105 Towles Ave,Henderson,Kentucky,42420,https://www.facebook.com/ViterraUS/,
"Premier Grain, Leesburg",(937) 584-6510,,,http://premiergrainllc.com/,Grain elevator,116 S Fairfield St,Leesburg,Ohio,45135,https://www.facebook.com/Premier-Grain-LLC-113421368701326/,
"Southeastern Grain Company, Darlington",(843) 393-3846,,,,Grain elevator,214 E Broad St,Darlington,South Carolina,29532,,
Glendenning Grain Inc,(815) 721-4536,,,,Grain elevator,105S N Walnut St,Stillman Valley,Illinois,61084,,
Tremont Cooperative Grain Co,(309) 244-7154,info@tremont.coop,,http://www.tremont.coop/,Grain elevator,20900 County Rd 600 N,Delavan,Illinois,61734,,
ENCOMPASS GRAIN & RAIL COOP,(309) 244-7541,bbiedermann@agmarket.net,rjw1249@wrightonthemarket.com,http://www.encompassgrain.com/,Grain elevator,308 E 6th St,Delavan,Illinois,61734,https://www.facebook.com/Encompass-Grain-Rail-COOP-104396114842592/,
Mt Pleasant Elevator,(301) 898-5300,,,,"Grain elevator, Doctor",9819 Kelly Rd,Walkersville,Maryland,21793,,
A G Co-Op Services Inc,(660) 882-7443,jim@agcoopservices.com,steve@agcoopservices.com,https://agcoopservices.net/,Grain elevator,18860 MO-87,Boonville,Missouri,65233,,
Bartlett Grain Co LP,(660) 584-2222,,,,Grain elevator,1905 Shelby St,Higginsville,Missouri,64037,,
Dykstra's Elevator,(616) 899-2644,,,,Grain elevator,19686 Main St,Conklin,Michigan,49403,,
Pierce Grain Inc,(765) 945-8355,,,,Grain elevator,302 Zehner St,Windfall,Indiana,46076,,
Perdue AgriBusiness - Shiloh Grain Elevator,(410) 376-0003,j.wright@perdueagribusiness.com,t.ferguson@perdueagribusiness.com,http://www.perdueagribusiness.com/,Grain elevator,5915 Shiloh Camp Rd,Hurlock,Maryland,21643,https://www.facebook.com/160327367324124,http://www.linkedin.com/company/8877712
Mountaire Farms Grain Elevator - Preston,(410) 822-6300,khalsted@mountaire.com,tjohnson@mountaire.com,http://www.mountaire.com/,Grain elevator,3695 Choptank Rd,Preston,Maryland,21655,https://www.facebook.com/MountaireFarms,http://linkedin.com/company/mountaire-farms-of-delmarva-inc.
Goldsboro Milling Grain Co,(252) 244-3060,,,,Grain elevator,8542 Main St,Vanceboro,North Carolina,28586,,
Preston Agri Services Inc,(507) 765-2113,,,,Grain elevator,108 Mill St SE,Preston,Minnesota,55965,,
Wisner Elevator Co Inc,(318) 724-7237,,,,Grain elevator,3082 LA-562,Wisner,Louisiana,71378,,
Farmers Grain Co of Dorans,(217) 234-4955,,,http://www.doransfarmers.com/,Grain elevator,6877 E Co Rd 1200 N,Mattoon,Illinois,61938,https://www.facebook.com/1611783735772674,
Junior Lish & Sons Inc,(435) 257-1521,,,,Grain elevator,387 W Factory St,Garland,Utah,84312,,
B B & P Grain Handlers,(515) 462-2588,,,,Grain elevator,1843 US-169 #1,Winterset,Iowa,50273,,
Farmers Elevator Grn & Supply,(419) 653-4131,,,,Grain elevator,Co Rd 16,New Bavaria,Ohio,43548,,
Farmerstown Elevator,(330) 897-4453,,,,Grain elevator,2859 OH-557,Baltic,Ohio,43804,,
Farmers Elevator Grain & Supply Assn,(419) 653-4132,sales@thefarmerselevator.com,d.mangas@thefarmerselevator.com,http://www.thefarmerselevator.com/,Grain elevator,917 Township Rd 18-A,New Bavaria,Ohio,43548,https://www.facebook.com/139158016131433,http://www.linkedin.com/company/8995953
Scoular,(620) 326-3313,snutt@scoular.com,dspears@scoular.com,https://www.scoular.com/,Grain elevator,424 E Lincoln Ave,Wellington,Kansas,67152,https://www.facebook.com/thescoularcompany/,https://www.linkedin.com/company/the-scoular-company
Reynolds Grain Co,(540) 342-3481,,,,Grain elevator,428 Campbell Ave SW,Roanoke,Virginia,24016,,
Perdue AgriBusiness - North East Grain Elevator,(410) 287-3030,j.wright@perdueagribusiness.com,t.ferguson@perdueagribusiness.com,http://www.perdueagribusiness.com/,Grain elevator,441 Mechanics Valley Rd,North East,Maryland,21901,https://www.facebook.com/160327367324124,http://www.linkedin.com/company/8877712
The DeLong Co. Inc.,(866) 578-5556,skranig@delongcompany.com,jtaft@delongcompany.com,http://www.delongcompany.com/,"Grain elevator, Agricultural service","2S181, County Line Rd",Maple Park,Illinois,60151,https://www.facebook.com/delongcompany,http://www.linkedin.com/company/4301399
CHS Illinois Grain- Meredith Rd,(630) 365-6444,derek.kahl@chsinc.com,joseph.huebener@chsinc.com,https://www.chs-illinois.com/,Grain elevator,2N374 Meredith Rd,Maple Park,Illinois,60151,https://www.facebook.com/CHSInc,https://www.linkedin.com/company/chs
Premont Grain Co,(361) 348-3683,,,,Grain elevator,321 NE 8th St,Premont,Texas,78375,,
Natural AG Solutions,(559) 640-7645,slark@naturalagsolutions.com,jmcle@naturalagsolutions.com,http://www.naturalagsolutions.com/,Grain elevator,17919 Baldwin St,Madera,California,93638,,
Agri-World Co-Op,(559) 673-1306,,,,Grain elevator,31545 Donald Ave,Madera,California,93636,,
Kokomo Grain Co Inc,(931) 728-3065,jjameson@kokomograin.com,sortman@kokomograin.com,https://www.kokomograin.com/,Grain elevator,185 Interstate Dr,Manchester,Tennessee,37355,http://www.facebook.com/pages/Kokomo-Grain/373881009288896,http://www.linkedin.com/company/8718976
Hoskins Elevators Inc,(641) 929-3568,,,,Grain elevator,29067 Juniper Ave,Bloomfield,Iowa,52537,,
Troy Elevator Inc,(641) 675-3375,cganim@troyelevatorinc.com,emeggin@troyelevatorinc.com,http://www.troyelevatorinc.com/,Grain elevator,32730 215th St,Bloomfield,Iowa,52537,https://www.facebook.com/154551477917098,
McGeary Grain Inc,(610) 268-8277,,,https://www.mcgearyorganics.com/,Grain elevator,66 Baltimore Pike,Avondale,Pennsylvania,19311,,
Hansen-Mueller Elevator,(712) 322-8264,michellep@hansenmueller.com,john@hansenmueller.com,http://www.hansenmueller.com/,Grain elevator,100 29th Ave,Council Bluffs,Iowa,51503,https://www.facebook.com/158908650809378,http://www.linkedin.com/company/883564
Middlewell Elevators,(806) 935-3823,,,,Grain elevator,10506 S County Line Rd,Dumas,Texas,79029,,
Collins Elevator Inc.,(419) 668-3013,,,https://www.facebook.com/Collins-Elevator-111912592205659,Grain elevator,2638 N Railroad St,Collins,Ohio,44826,https://www.facebook.com/people/Collins-Elevator/100054659130747/,
Mackinaw Grain,(309) 359-3421,,,,Grain elevator,104 W 1st St,Mackinaw,Illinois,61755,,
Yates Center Elevator Inc,(620) 625-2271,,,,Grain elevator,1359 Frontage Rd,Yates Center,Kansas,66783,,
Central Elevator Inc,(573) 384-5235,central_elevator@yahoo.com,,https://www.centralelevatorsilex.com/,Grain elevator,2244 State Highway E,Silex,Missouri,63377,,
Forest River Farmers Elevator,(701) 248-3252,greg@forestrivercoop.com,pam@forestrivercoop.com,http://www.forestrivercoop.com/,Grain elevator,602 Brennan Ave,Forest River,North Dakota,58233,http://www.facebook.com/nationalffa,
Harrison Elevator Co,(406) 685-3425,,,,"Grain elevator, Store",Harrison Lake Rd,Harrison,Montana,59735,,
Eminence Grain & Coal Co,(217) 648-2541,office@emgrain.com,d.thompson@emgrain.com,http://www.emgrain.com/,Grain elevator,2529 1700th Ave,Atlanta,Illinois,61723,,
Mayfield Grain Co Inc.,(270) 247-1661,robertw@mayfieldgrain.com,robert@mayfieldgrain.com,http://www.mayfieldgrain.com/,Grain elevator,622 Allen St,Mayfield,Kentucky,42066,https://www.facebook.com/124122881005359,http://www.linkedin.com/company/8301406
Farmers Cooperative Co,(641) 843-3813,,,,Grain elevator,2290 Grant Ave,Britt,Iowa,50423,,
Plains AG Services,(605) 356-2641,,,,Grain elevator,307 N Walnut St,Elk Point,South Dakota,57025,,
Southeast Farmers' Elevator Grain Terminal,(605) 966-5474,,,,Grain elevator,1272 Co Rd 1B,Elk Point,South Dakota,57025,,
Osbernville Grain Co,(217) 676-3271,,,http://www.osbernvillegrain.com/,Grain elevator,1916 1st St,Blue Mound,Illinois,62513,,
Legacy Grain Cooperative,(217) 623-5221,fjack@legacygrain.com,fruenger@legacygrain.com,https://www.legacygrain.com/,Grain elevator,1805 Sharpsburg Rd,Taylorville,Illinois,62568,https://www.facebook.com/1670568789866981,https://www.linkedin.com/company/legacy-grain-cooperative-company
Legacy Grain Blue Mound,(217) 692-2141,fjack@legacygrain.com,fruenger@legacygrain.com,http://www.legacygrain.com/,Grain elevator,105 Railroad Ave,Blue Mound,Illinois,62513,https://www.facebook.com/1670568789866981,https://www.linkedin.com/company/legacy-grain-cooperative-company
Pana Elevator,(217) 562-5084,,,,Grain elevator,RR 2 Box 251,Pana,Illinois,62557,,
Akron Services,,support@cropsafe.com,,https://www.agprices.com/elevator/akron-services-strawn-il-f312f3520685ca96d71905ef4214294b,Grain elevator,,Strawn,Illinois,61775,,
Cargill Inc.,(217) 909-3004,t.manternach@cargillag.com,m.wallace@cargillag.com,https://www.cargillag.com/,Grain elevator,401 River Rd,Pittsfield,Illinois,62363,https://www.facebook.com/132988303474951,
Brooklyn Elevator Inc,(641) 522-7521,,,,Grain elevator,143 W Front St,Brooklyn,Iowa,52211,,
"FS Grain, LLC",(708) 946-2236,brrader@fsgrain.com,,http://www.fsgrain.com/,"Grain elevator, Gas and automotive",525 Gould St,Beecher,Illinois,60401,,
Viterra,(402) 874-7000,ryan.eckstein@viterra.com,jay.priefert@viterra.com,https://viterra.us/,Grain elevator,500 N 1st St,Nebraska City,Nebraska,68410,https://www.facebook.com/ViterraUS/,
Auburn Elevators,(402) 274-4339,,,,Grain elevator,811 F St,Auburn,Nebraska,68305,,
Hastings Grain Inspection Department,(402) 462-4254,,,,Grain elevator,3800 Utecht Ave,Hastings,Nebraska,68901,,
Alldredge Feed & Grain,(660) 783-2038,,,,Grain elevator,105 E Railroad St,Stanberry,Missouri,64489,,
Fosston Tri Co-Ops McIntosh,(218) 563-3735,m.breckel@fosstonelevator.com,macelev@gvtel.com,http://www.fosstonelevator.com/,Grain elevator,350 N State St,McIntosh,Minnesota,56556,,
Monica Elevator Co,(309) 385-4938,,,,Grain elevator,19213 N Main St,Princeville,Illinois,61559,,
"Rumbold & Kuhn, Inc. Duncan",(309) 695-6514,brucegraham@rkgrain.com,dennisaupperle@rkgrain.com,http://rkgrain.com/,"Grain elevator, Agricultural service",50 N Duncan Rd,Princeville,Illinois,61559,,http://linkedin.com/company/rumbold-&-kuhn-inc.
"Rumbold & Kuhn, Inc. Princeville",(309) 385-4361,brucegraham@rkgrain.com,dennisaupperle@rkgrain.com,https://www.rkgrain.com/,"Grain elevator, Agricultural service",20014 N Rice Rd,Edelstein,Illinois,61526,,http://linkedin.com/company/rumbold-&-kuhn-inc.
Gerald Grain Center,(419) 337-4306,aaron.schnitkey@geraldgrain.com,bridgette.brady@geraldgrain.com,http://www.geraldgrain.com/,Grain elevator,"9221, 15035 Co Rd J",Wauseon,Ohio,43567,https://www.facebook.com/geraldgrain/,https://www.linkedin.com/company/gerald-grain-center-inc
Heartland Co-Op Elevator Co,(515) 996-2295,janderson@heartlandcoop.com,jjones@heartlandcoop.com,http://www.heartlandcoop.com/,Grain elevator,106 Main St,Booneville,Iowa,50038,https://www.facebook.com/HeartlandCoop,http://www.linkedin.com/company/798805
Heartland Cooperative,(515) 987-4533,janderson@heartlandcoop.com,jjones@heartlandcoop.com,https://www.heartlandcoop.com/,Grain elevator,31052 Main St,Booneville,Iowa,50038,https://www.facebook.com/HeartlandCoop,http://www.linkedin.com/company/798805
Heartland Cooperative,(515) 987-4533,janderson@heartlandcoop.com,jjones@heartlandcoop.com,https://www.heartlandcoop.com/,Grain elevator,31052 Main St,Booneville,Iowa,50038,https://www.facebook.com/HeartlandCoop,http://www.linkedin.com/company/798805
R K Vogt Grain,(717) 653-2510,,,,Grain elevator,1225 Colebrook Rd,Marietta,Pennsylvania,17547,,
Macoupin Service Co Elevator,(217) 965-3314,,,,Grain elevator,200 N Bissell St,Virden,Illinois,62690,,
Ripco Ltd,,dhale@ripcosystems.com,jbrown@ripcosystems.com,https://ripcosystems.com/,Grain elevator,1177 E Ramsey Rd,Vincennes,Indiana,47591,https://www.facebook.com/ripcosystems/,
"Robinson Grain Elevator, Inc.",(812) 726-4641,j.traylor@robinsongrainelevator.com,t.traylor@robinsongrainelevator.com,http://www.robinsongrainelevator.com/,Grain elevator,480 S Robinson Rd,Vincennes,Indiana,47591,,http://linkedin.com/company/robinson-grain
Perdue AgriBusiness - Vincennes Grain Elevator,(812) 517-6240,j.wright@perdueagribusiness.com,t.ferguson@perdueagribusiness.com,http://www.perdueagribusiness.com/,Grain elevator,1174 Ramsey Rd,Vincennes,Indiana,47591,https://www.facebook.com/160327367324124,http://www.linkedin.com/company/8877712
Robinson Farms Inc,(812) 726-4643,j.traylor@robinsongrainelevator.com,t.traylor@robinsongrainelevator.com,http://www.robinsongrainelevator.com/,Grain elevator,480 S Robinson Rd,Vincennes,Indiana,47591,,http://linkedin.com/company/robinson-grain
Lynn Elevator LLC,(765) 874-2521,,,,Grain elevator,305 W Grant St,Lynn,Indiana,47355,,
Cooperative Farmers Elevator,(712) 472-2515,mfinck@coopfe.com,kflick@coopfe.com,https://www.coopfe.com/,Grain elevator,315 N 2nd Ave,Rock Rapids,Iowa,51246,https://www.facebook.com/CooperativeFE/photos/?ref=page_internal&mt_nav=0,http://linkedin.com/company/farmers-cooperative-elevator-company
Edna Elevator Co Rock Rapids,(712) 472-2869,,,,Grain elevator,3527 Madison Ave,Rock Rapids,Iowa,51246,,
Lansing Trade Group,(315) 258-4394,trayburn@andersonsgrain.com,lhansens@andersonsgrain.com,https://www.andersonsgrain.com/,Grain elevator,188 Genesee St #209,Auburn,New York,13021,https://www.facebook.com/159968937368912,
"The DeLong Co., Inc.",(315) 370-9700,skranig@delongcompany.com,jtaft@delongcompany.com,http://www.delongcompany.com/,"Grain elevator, Agricultural service",128 Grant Ave,Auburn,New York,13021,https://www.facebook.com/delongcompany,http://www.linkedin.com/company/4301399
Denly Agri Services,(319) 878-3344,,,,Grain elevator,201 S 7th St,Farmington,Iowa,52626,,
Green Plains,(402) 678-2442,,,,Grain elevator,400 S 6th St,St Edward,Nebraska,68660,,
AG Service of Wisconsin,(920) 426-5696,,,,Grain elevator,2550 Clairville Rd,Oshkosh,Wisconsin,54904,,
Scoular Co,(716) 662-3000,snutt@scoular.com,dspears@scoular.com,https://www.scoular.com/,Grain elevator,21 Princeton Pl,Orchard Park,New York,14127,https://www.facebook.com/thescoularcompany/,https://www.linkedin.com/company/the-scoular-company
Route 16 Grain Co-Op,(217) 563-8612,,,,Grain elevator,205 E State St,Nokomis,Illinois,62075,,
Pleasant Grain LLC,(608) 325-6066,sally@pleasantgrain.com,pleasantgrain@tds.net,http://pleasantgrain.com/,Grain elevator,816 30th St,Monroe,Wisconsin,53566,,
The Andersons - Jonesville MI,(517) 849-7587,,,,"Grain elevator, Feed manufacturer",Michigan U.S. 12,Jonesville,Michigan,49250,,
Clarksville Elevator,,,,https://www.hopelevator.com/clarksville,Grain elevator,600 Barge Point Rd,Clarksville,Tennessee,37042.0,,
Grafton Farmers Co-Op Grain Co,(701) 352-0461,,,,Grain elevator,72 E 5th St,Grafton,North Dakota,58237,,
Troy Grain,(618) 667-6232,,,https://www.facebook.com/Troy-Grain-1278269985521959/,Grain elevator,108 U.S. Hwy 40,Troy,Illinois,62294,,
Midwest AG Services LLC,(785) 336-6777,,,,"Grain elevator, Store",1972 KS-187,Seneca,Kansas,66538,,
Aurora Elevator Inc,(319) 634-3330,lindsey@auroraelevator.com,d.young@auroraelevator.com,https://auroraelevator.com/,Grain elevator,417 Buffalo St,Aurora,Iowa,50607,,
Archer-Daniels-Midland Co,(269) 968-2900,,,,Grain elevator,436 Porter St,Battle Creek,Michigan,49014,,
Viterra,(806) 731-0485,ryan.eckstein@viterra.com,jay.priefert@viterra.com,https://viterra.us/,Grain elevator,510 E Bedford St,Dimmitt,Texas,79027,https://www.facebook.com/ViterraUS/,
Carrollton Elevators,(217) 942-6922,,,,Grain elevator,102 S Main,Carrollton,Illinois,62016,,
Farmers Grain Elevator,(530) 662-9626,jenna@mezgerbros.com,rubenmorales@mezgerbros.com,http://www.farmersgrainelevator.com/,Grain elevator,"12410 County Road 99W, Co Rd 99W",Woodland,California,95695,,http://www.linkedin.com/company/4121361
Consolidated Grain and Barge Co.,(815) 584-1111,info@cgbgrain.com,cgbgrainsupport@cgb.com,https://www.cgbgrain.com/,Grain elevator,31051 E 3200 N Rd,Dwight,Illinois,60420,https://www.facebook.com/cgbgrain,https://www.linkedin.com/company/151628
CHS Inc,(405) 373-1101,cynthia.clanton@chsinc.com,nanci.lilja@chsinc.com,https://www.chsinc.com/,Grain elevator,,Piedmont,Oklahoma,73078,https://www.facebook.com/CHS-Inc-1704140756493533/,https://www.linkedin.com/company/chs/
CHS Inc.,,cynthia.clanton@chsinc.com,nanci.lilja@chsinc.com,https://www.chsinc.com/,Grain elevator,903 A St SE,Quincy,Washington,98848,https://www.facebook.com/CHS-Inc-1704140756493533/,https://www.linkedin.com/company/chs/
Baynard's Farm & Nagel Farm Service,(410) 758-1936,chad@nagelgrain.com,mike@nagelgrain.com,http://www.nagelgrain.com/,Grain elevator,305 Starr Rd,Centreville,Maryland,21617,https://www.facebook.com/NagelFarmService/,http://www.linkedin.com/company/4654945
Dynamic Elevator Co,(201) 801-0401,,,,Grain elevator,,Teaneck,New Jersey,07666,,
Farmers Elevator Co,(605) 665-5130,,,,Grain elevator,200 Washington Ave,Mission Hill,South Dakota,57046,,
Sinai Co-Op Elevator Co,(605) 826-4321,contact@sansoxygen.com,,https://sinaielevator.com/,Grain elevator,323 Main Ave,Sinai,South Dakota,57061,https://www.facebook.com/292708180591505,
J E Meuret Grain Co Inc,(402) 358-3676,,,,Grain elevator,206 Main St,Creighton,Nebraska,68729,,
Columbia Grain,(509) 549-3523,mmorgan@columbiagrain.com,jsung@columbiagrain.com,https://columbiagrain.com/,Grain elevator,291 Central Ferry Rd,Pomeroy,Washington,99347,https://www.facebook.com/cgicolumbiagraininternational/,https://www.linkedin.com/company/columbia-grain
Republic Elevator,(419) 585-6811,,,,Grain elevator,522 Maple St,Republic,Ohio,44867,,
Carrier Mill & Elevator Co,(580) 855-2200,,,,Grain elevator,204 W Maple Ave,Carrier,Oklahoma,73727,,
Consolidated Grain and Barge Co.,(580) 233-5800,info@cgbgrain.com,cgbgrainsupport@cgb.com,https://www.cgbgrain.com/,Grain elevator,US-60,Orienta,Oklahoma,73737,https://www.facebook.com/cgbgrain,https://www.linkedin.com/company/151628
North Central Farmers Elevator,(605) 472-0775,,,,Grain elevator,38934 US-212,Redfield,South Dakota,57469,,
Dahlgren & Co Inc,(605) 426-6643,,,,Grain elevator,35963 US-12,Ipswich,South Dakota,57451,,
United Prairie AG LLC,(620) 356-1241,,,,Grain elevator,1125 W Oklahoma Ave,Ulysses,Kansas,67880,,
Perdue AgriBusiness - Parksley Grain Elevator,(757) 787-7900,j.wright@perdueagribusiness.com,t.ferguson@perdueagribusiness.com,http://www.perdueagribusiness.com/,Grain elevator,19125 Greenbush Rd,Parksley,Virginia,23421,https://www.facebook.com/160327367324124,http://www.linkedin.com/company/8877712
Bentley Elevator Co,(217) 357-3423,adamm@dgsinc.net,jons@dgsinc.net,http://www.dearwestergrain.com/,Grain elevator,502 Bentley Dr,Carthage,Illinois,62321,,
Boogher AG & Son Elevator,(419) 568-3992,,,,Grain elevator,10736 Santa Fe Line Rd,Wapakoneta,Ohio,45895,,
Aurora Cooperative Elevator Co,(402) 279-3515,psmith@auroracoop.com,glenschrage@auroracoop.com,https://auroracoop.com/,Grain elevator,410 Railroad St,Hardy,Nebraska,68943,https://www.facebook.com/auroracooperative,http://www.linkedin.com/company/4010700
Aurora Cooperative Elevator Co,(402) 236-8636,psmith@auroracoop.com,glenschrage@auroracoop.com,https://auroracoop.com/,Grain elevator,308 Burlington Northern Railroad,Byron,Nebraska,68325,https://www.facebook.com/auroracooperative,http://www.linkedin.com/company/4010700
Grain Exchange Inc,(815) 825-2020,,,,Grain elevator,303 S 1st St,Malta,Illinois,60150,,
Doan Grain Services,(507) 932-3333,,,,Grain elevator,1361 Whitewater Ave,St Charles,Minnesota,55972,,
Perdue AgriBusiness-Bridgeton Grain Elevator,(856) 455-1166,j.wright@perdueagribusiness.com,t.ferguson@perdueagribusiness.com,http://www.perdueagribusiness.com/,Grain elevator,73 Silver Lake Rd,Bridgeton,New Jersey,08302,https://www.facebook.com/160327367324124,http://www.linkedin.com/company/8877712
Foraker Elevator - a division of Mennel,(419) 675-2655,,,,Grain elevator,9603 Co Rd 89,Alger,Ohio,45812,,
Irvington Elevator Co,(618) 249-6206,,,,Grain elevator,201 W Superior St,Irvington,Illinois,62848,,
Gavilon Grain LLC,(608) 846-7840,,,,Grain elevator,7907 Co Rd C,DeForest,Wisconsin,53532,,
Walton Agri-Services,(419) 294-2337,,,,Grain elevator,233 S Sandusky Ave,Upper Sandusky,Ohio,43351,,
Cargill Inc,(540) 433-0702,angela_taulbee@cargill.com,christian_butler@cargill.com,https://www.cargill.com/,Grain elevator,1724 Country Club Rd,Harrisonburg,Virginia,22802,https://www.facebook.com/CargillCares/,https://www.linkedin.com/company/cargill
Cargill Inc,(540) 433-0702,angela_taulbee@cargill.com,christian_butler@cargill.com,https://www.cargill.com/,Grain elevator,1724 Country Club Rd,Harrisonburg,Virginia,22802,https://www.facebook.com/CargillCares/,https://www.linkedin.com/company/cargill
Consolidated Grain and Barge Co.,(573) 379-5405,info@cgbgrain.com,cgbgrainsupport@cgb.com,https://www.cgbgrain.com/,"Grain elevator, Agricultural service","Unnamed Rd,",Portageville,Missouri,63873,https://www.facebook.com/cgbgrain,https://www.linkedin.com/company/151628
Bombay Elevator LLC,(507) 789-6433,,,,Grain elevator,6882 MN-60,Kenyon,Minnesota,55946,,
Express Grain Terminals,(662) 453-4312,,,,Grain elevator,2015 River Rd Ext,Greenwood,Mississippi,38930,,
Hillsdale Elevator Company,(309) 658-2218,may@hillsdaleelevator.com,h.clark@hillsdaleelevator.com,http://www.hillsdaleelevator.com/,Grain elevator,107 Butzer St,Hillsdale,Illinois,61257,https://www.facebook.com/108351608216728,
Pitchford Elevator Co,(618) 327-8459,,,,Grain elevator,7315 IL-127,Nashville,Illinois,62263,,
Gateway FS- Nashville Elevator,(618) 327-8218,jherzog@gatewayfs.com,dschrader@gatewayfs.com,https://www.gatewayfs.com/locations/location-detail/nashville-elevator,Grain elevator,680 N Mill St,Nashville,Illinois,62263,https://www.facebook.com/GatewayFS.Inc/,http://linkedin.com/company/gateway-fs-inc.
Central Ok Services,(580) 935-6301,,,,Grain elevator,102 W Main St,Marshall,Oklahoma,73056,,
Adm Grain,(618) 349-8346,,,,Grain elevator,106 E 3rd St,St Peter,Illinois,62880,,
Miller Elevator Co,(701) 769-2176,,,,"Grain elevator, Agricultural service, Animal feed store",1010 Elevator Ave,Hannaford,North Dakota,58448,,
Farmers Elevator Co of Honeyford,(701) 869-2466,r.georgeson@honeyford.com,s.bratlie@honeyford.com,http://www.honeyford.com/,"Grain elevator, Fertilizer supplier",2472 30th St NE,Honeyford,North Dakota,58235,http://www.facebook.com/pages/,
Emerado Farmers Elevator CO-OP,(701) 594-8548,,,http://emeradofarmerselevator.com/,"Grain elevator, Agrochemicals supplier, Seed supplier",106 E Emery St,Emerado,North Dakota,58228,,
Buchheit Grain,(573) 605-3039,shon.stratman@buchheits.com,emily.rehkop@buchheits.com,http://www.buchheitagri.com/dudley-grain-bids/,"Grain elevator, Seed supplier",7466 South N Outer Rd,Dudley,Missouri,63936,https://www.facebook.com/Buchheits-238269266214060/?ref=page_internal&mt_nav=0,
Trotter Grain & Fertilizer,(308) 527-3791,,,,"Grain elevator, Agricultural service, Animal feed store",300 Edith St,Sargent,Nebraska,68874,,
Cargill river Cincinnati,(740) 636-0875,t.manternach@cargillag.com,m.wallace@cargillag.com,https://www.cargillag.com/locations/cincinnati-river-road-cah,"Grain elevator, Animal feed store",5495 River Rd,Cincinnati,Ohio,45233,https://www.facebook.com/132988303474951,
MFA,(660) 564-2211,,,,"Grain elevator, Animal feed store",104 N High St,Grant City,Missouri,64456,,
Pasley's Grain Seed & Feed,(208) 522-1910,,,,Grain elevator,5740 E Iona Rd,Idaho Falls,Idaho,83401,,
Adm Grain,(815) 362-2180,,,,"Grain elevator, Animal feed store",154 Stephenson St,German Valley,Illinois,61039,,
Flagler Cooperative Association,(719) 765-4416,meghan@flaglercoop.com,randy@flaglercoop.com,http://flaglercoop.com/,"Grain elevator, ATM, Convenience store, Animal feed store, Tire shop",221 E 2nd St,Flagler,Colorado,80815,https://www.facebook.com/FlaglerCoop,
Ursa Farmers Co-Op,(217) 938-4311,ray@ursacoop.com,truman@ursacoop.com,https://www.ursacoop.com/,"Grain elevator, Seed supplier",317 E Center St,Loraine,Illinois,62349,https://www.facebook.com/UrsaFarmersCooperative/,https://www.linkedin.com/company/ursa-farmers-co-op-co
Agri Trails Co-op,(785) 366-7213,ckremeier@agritrails.com,ddillon@agritrails.com,https://www.agritrails.com/products-services/grain,"Grain elevator, Animal feed store",508 N Main St,Hope,Kansas,67451,,
Columbia Grain & Ingredients,(800) 323-1594,mattwiebe@cox-internet.com,,http://www.colgrain.com/,"Grain elevator, Farm, Animal feed store",3830 NW Brown Rd,Lake City,Florida,32055,,
Mid-Iowa Cooperative Liscomb,(641) 496-5211,mkistenmacher@midiowacoop.com,jberrey@midiowacoop.com,https://www.midiowacoop.com/,"Grain elevator, Seed supplier",401 Main St,Liscomb,Iowa,50148,,http://www.linkedin.com/company/4713562
Snittjer Grain Co,(641) 869-3755,jr@snittjer.com,,http://www.snittjer.com/,"Grain elevator, Animal feed store, Insurance agency, Marketing consultant",204 N Adams St,Wellsburg,Iowa,50680,https://www.facebook.com/Snittjer/,http://www.linkedin.com/company/10499045
Fleming Feed & Grain Co,(316) 742-3411,b.kelley@flemingag.com,ctriana@butlercc.edu,https://flemingag.com/,"Grain elevator, Agricultural organization, Agricultural service, Fertilizer supplier, Seed supplier",309 S Main St,Leon,Kansas,67074,https://www.facebook.com/1833002296917201,
Butte Farm Supply Inc,(402) 775-2239,,,,Grain elevator,48256 NE-12,Butte,Nebraska,68722,,
Caledonia Farm Supply,(419) 845-2666,,,,Grain elevator,179 North St,Caledonia,Ohio,43314,,
Country Visions Cooperative,(920) 775-4145,info@countryvisionscoop.com,psattler@countryvisionscoop.com,http://www.countryvisionscoop.com/,"Grain elevator, Agricultural cooperative, Agricultural service, Agrochemicals supplier, Fertilizer supplier",2513 Marken Rd,Valders,Wisconsin,54245,http://facebook.com/countryvisionscoop,http://www.linkedin.com/company/8502747
Rickett Grain Co,(309) 597-2331,clay@rickettgrain.com,katthy@rickettgrain.com,https://www.rickettgrain.com/,"Grain elevator, Animal feed store",102 S Broadway St,Forest City,Illinois,61532,https://www.facebook.com/rickettgrain/,
"Fleming Feed & Grain, Burden Location",(620) 438-2291,b.kelley@flemingag.com,ctriana@butlercc.edu,https://flemingag.com/,"Grain elevator, Agricultural product wholesaler, Agricultural service, Chemical wholesaler, Fertilizer supplier, Seed supplier, Tire repair shop, Tire shop",20325 112th Rd,Burden,Kansas,67019,https://www.facebook.com/1833002296917201,
Nickerson - Central Prairie Co-op,(620) 422-3207,dgaeddert@cpcoop.us,brooks@cpcoop.us,https://www.cpcoop.us/home/locations/nickerson/,"Grain elevator, Association / Organization, Diesel fuel supplier, Animal feed store, Fuel supplier, Gas station, Propane supplier",1 S Nickerson St,Nickerson,Kansas,67561,https://www.facebook.com/centralprairiecoop,http://www.linkedin.com/company/8948132
Kolkmeier Brothers Feed-Grain,(317) 835-4330,,,,"Grain elevator, Animal feed store",302 Meridian St,Fairland,Indiana,46126,,
Daily Feed & Grain Inc,(812) 376-6922,,,http://www.dailyfeedandgrain.com/,"Grain elevator, Animal feed store",9040 E 25th St,Columbus,Indiana,47203,https://www.facebook.com/154379844599124,
United Farmers Cooperative,(641) 768-2436,,,,"Grain elevator, Agricultural service, Animal feed store",306 E North St,Macksburg,Iowa,50155,,
Agricultural Co,(361) 564-2341,,,,Grain elevator,512 S Riedel St,Yorktown,Texas,78164,,
Hogue-Warner,(541) 922-3422,,,,Grain elevator,82014 Paterson Ferry Rd,Irrigon,Oregon,97844,,
Flagler Cooperative Association,(719) 743-2692,meghan@flaglercoop.com,randy@flaglercoop.com,http://www.flaglercoop.com/,"Grain elevator, Animal feed store",316 4th Ave,Hugo,Colorado,80821,https://www.facebook.com/FlaglerCoop,
Tama-Benton Cooperative Co,(319) 479-2242,veryl@tamabentoncoop.com,val@tamabentoncoop.com,http://www.tamabentoncoop.com/,"Grain elevator, Animal feed store",311 Front St,Clutier,Iowa,52217,https://www.facebook.com/169315346416184,http://www.linkedin.com/company/8755965
Farmers Co-Op Grain Association,(620) 455-2224,,,,"Grain elevator, Animal feed store",710 S Sumner Ave,Oxford,Kansas,67119,,
Mid-Iowa Cooperative Beaman,(641) 366-3504,mkistenmacher@midiowacoop.com,jberrey@midiowacoop.com,https://www.midiowacoop.com/,"Grain elevator, Feed manufacturer, Animal feed store",101 Main St,Beaman,Iowa,50609,,http://www.linkedin.com/company/4713562
Barkley Seed Inc.,(928) 782-2571,achavez@barkleyseed.com,dwolfe@barkleyseed.com,http://www.barkleyseed.com/,"Grain elevator, Seed supplier",1818 S Letvin Ave,Yuma,Arizona,85365,https://www.facebook.com/100951208280521,http://www.linkedin.com/company/6993996
Cooperative Elevator Co.,(989) 691-5711,bherzog@coopelev.com,aspannagel@coopelev.com,https://www.coopelev.com/,"Grain elevator, Agricultural association, Agricultural cooperative, Agricultural organization, Agricultural service, Seed supplier",3615 Davis St,Akron,Michigan,48701,https://www.facebook.com/CooperativeElevator/,https://www.linkedin.com/company/cooperative-elevator
Trotter Grain & Fertilizer,(308) 935-1102,,,,"Grain elevator, Animal feed store",1120 Main St,Ansley,Nebraska,68814,,
Trotter Grain and Feed,(308) 446-2545,,,,"Grain elevator, Animal feed store",101 Railroad St,Litchfield,Nebraska,68852,,
CHS SunPrairie,(701) 756-6688,larry.aberle@chsinc.com,anthony.smith2@chsinc.com,http://www.chssunprairie.com/,"Grain elevator, Animal feed store, Seed supplier",202 Elevator Rd N,Mohall,North Dakota,58761,https://www.facebook.com/CHSSunPrairie,
Sun Prairie Grain,(701) 467-3300,,,,"Grain elevator, Seed supplier",215 Elevator Rd W,Norma,North Dakota,58746,,
Seed-Tex,(940) 873-5888,,,,Grain elevator,103 Ward Rd,Olney,Texas,76374,,
Key Cooperative,(641) 644-5122,justin.crocheck@keycoop.com,matt.james@keycoop.com,http://www.keycoop.com/,"Grain elevator, Agricultural cooperative, Agricultural service, Animal feed store, Fertilizer supplier, Propane supplier",605 Broadway St,Barnes City,Iowa,50027,,https://www.linkedin.com/company/key-cooperative
Horizon Resources- Grenora,(701) 694-3291,jimr@horizonresources.coop,jeffw@horizonresources.coop,http://www.horizonresources.coop/,"Grain elevator, Agricultural cooperative, Agricultural product wholesaler, Agricultural service, Agrochemicals supplier, Fertilizer supplier",1 Railroad Ave,Grenora,North Dakota,58845,,http://www.linkedin.com/company/6759932
Centennial Grain LLC,(208) 356-5531,s.campbell@centennialgrain.com,tyson.centgran@gmail.com,http://centennialgrain.com/,"Grain elevator, Seed supplier",450 E 2000 N,Rexburg,Idaho,83440,,
Cargill Inc,(765) 415-5004,t.manternach@cargillag.com,m.wallace@cargillag.com,https://www.cargillag.com/LocalBids/FindALocation,Grain elevator,500 IN-28,Tipton,Indiana,46072,https://www.facebook.com/132988303474951,
Bellingham Fertilizer Plant,(320) 568-2216,jsludvigson@farmerstel.net,chris.clayton@dtn.com,http://www.bellinghamfarmerscoop.com/,Grain elevator,300 Railroad St,Bellingham,Minnesota,56212,,
Lorraine- Central Prairie Co-op,(785) 472-5271,,,,"Grain elevator, Animal feed store, Gas station",101 S Main St,Lorraine,Kansas,67459,,
Blair Grain,(608) 989-2061,,,,Grain elevator,420 N Park Rd,Blair,Wisconsin,54616,,
The Arthur Companies - Anamoose Elevator,(701) 712-2614,jholder@arthurcompanies.com,jmelland@arthurcompanies.com,http://www.arthurcompanies.com/,"Grain elevator, Fertilizer supplier, Seed supplier",104 Railroad Ave,Anamoose,North Dakota,58710,https://www.facebook.com/ArthurCompanies,http://www.linkedin.com/company/220697
Ag Producers Co-op,(806) 537-3581,,,,Grain elevator,501 W 1st St,Panhandle,Texas,79068,,
CHS SunPrairie “The Main”,(701) 852-1429,larry.aberle@chsinc.com,anthony.smith2@chsinc.com,http://www.chssunprairie.com/,"Grain elevator, Seed supplier",1600 27th St SE,Minot,North Dakota,58701,https://www.facebook.com/CHSSunPrairie,
United AG Services Inc,(785) 735-2405,,,,Grain elevator,2904 Front St,Walker,Kansas,67674,,
United AG Services Inc,(785) 525-6455,,,,Grain elevator,300 W S Harvest St,Lucas,Kansas,67648,,
Farmers Cooperative Elevator,(316) 542-0443,stephanieh@farmerscoopelevator.com,scott.dubbelde@farmerscoopelevator.com,http://www.farmerscoopelevator.com/,Grain elevator,906 N Main St,Cheney,Kansas,67025,https://www.facebook.com/fcecompany/,http://www.linkedin.com/company/6523259
Farmers Grain of Maxwell,(765) 534-3114,,,,Grain elevator,8th Ave,Lapel,Indiana,46051,,
Pro Cooperative Rolfe Elevator,(515) 890-5430,cpohl@procooperative.com,brianb@procooperative.com,https://www.procooperative.com/,"Grain elevator, Agrochemicals supplier, Diesel fuel supplier, Animal feed store, Fuel supplier, Gas station, Propane supplier",601 Broad St,Rolfe,Iowa,50581,https://www.facebook.com/ProCooperative,http://www.linkedin.com/company/8433300
CHS SunPrairie,(701) 377-2353,cynthia.clanton@chsinc.com,nanci.lilja@chsinc.com,http://www.chsinc.com/,"Grain elevator, Animal feed store, Seed supplier",101 Railway St SE,Bowbells,North Dakota,58721,https://www.facebook.com/CHS-Inc-1704140756493533/,https://www.linkedin.com/company/chs/
S&S Grain Inc.,(701) 549-2614,joel@ssgrains.com,,http://ssgrains.com/,"Grain elevator, Seed supplier",12868 Co Rd 9,Walhalla,North Dakota,58282,https://www.facebook.com/200270333655081,
Seed and Farm Supply South,(417) 642-6123,sjorgen@seedandfarm.com,cnguyen@seedandfarm.com,http://www.seedandfarm.com/,"Grain elevator, Agricultural service, Animal feed store, Fertilizer supplier, Seed supplier",375 Main St,Waco,Missouri,64832,,
Mid-West Fertilizer,(417) 484-3212,d.jones@midwestfertilizerinc.com,j.novotney@midwestfertilizerinc.com,https://www.midwestfertilizerinc.com/,"Grain elevator, Agricultural service, Animal feed store, Fuel supplier",154 Main St,Metz,Missouri,64765,https://www.facebook.com/MWFertilizer,http://linkedin.com/company/mid-west-fertilizer-inc.
United Prairie AG,(620) 355-6361,,,,Grain elevator,220 Santa Fe Ave,Lakin,Kansas,67860,,
Ag Valley Co-op,(308) 889-3323,ddodson@agvalley.com,mtyrrell@agvalley.com,https://www.agvalley.com/,"Grain elevator, Agricultural service, Chemical plant, Fertilizer supplier",106 Pine St,Big Springs,Nebraska,69122,https://www.facebook.com/AgValleyCoop/,https://www.linkedin.com/company/agvalleycoop
Top AG Co-Op,(618) 243-5053,dalet@topag.net,shawnm@topag.net,https://www.topag.net/,Grain elevator,812 Park St,St Libory,Illinois,62282,https://www.facebook.com/TopAg/,https://www.linkedin.com/company/top-ag-coop-inc
ADM Growmark,(985) 536-1151,,,,Grain elevator,2032 LA-44,Reserve,Louisiana,70084,,
Pro Cooperative Rutland Elevator,(515) 332-1491,cpohl@procooperative.com,brianb@procooperative.com,https://www.procooperative.com/,"Grain elevator, Diesel fuel supplier, Animal feed store, Fuel supplier, Propane supplier",106 Sheridan Ave,Rutland,Iowa,50582,https://www.facebook.com/ProCooperative,http://www.linkedin.com/company/8433300
Farmers Grain & AG LLC,(419) 495-2338,luanne.buchan@farmersgrainag.com,nan@farmersgrainag.com,https://farmersgrainag.com/,Grain elevator,1257 US-33,Willshire,Ohio,45898,,http://www.linkedin.com/company/8885988
"Walnut Hill Grain, LLC",(330) 939-3584,,,https://walnuthillgrain.com/,Grain elevator,6113 Sterling Rd,Sterling,Ohio,44276,,
Northwest Grain,(218) 478-3521,,,,"Grain elevator, Animal feed store",393 Pacific Ave,Stephen,Minnesota,56757,,
Boyd coop,(620) 653-7661,,,,Grain elevator,1065 NW 40 Ave,Hoisington,Kansas,67544,,
Valley Commodities LLC,(530) 671-9993,,,,Grain elevator,2990 N Township Rd,Yuba City,California,95993,,
River Valley Co-Op,(563) 284-6223,kpeterson@rivervalleycoop.com,nhughes@rivervalleycoop.com,https://www.rivervalleycoop.com/locations/walcott,Grain elevator,102 S Main St,Walcott,Iowa,52773,https://www.facebook.com/rivervalleycoop,https://www.linkedin.com/company/river-valley-cooperative
Westcon Consolidated Co-Op,(320) 289-1921,troya@west-con.com,greg@west-con.com,https://www.west-con.com/,Grain elevator,"Hwy 119 S, 458 N Munsterman St",Appleton,Minnesota,56208,https://www.facebook.com/WestConCOOP,http://linkedin.com/company/western-consolidated-cooperatives
Farmers Cooperative Association of Milroy,(507) 336-2555,,,http://fcamilroy.com/,"Grain elevator, Agricultural service, Diesel fuel supplier, Animal feed store",602 Euclid St,Milroy,Minnesota,56263,,
Watkins Grain,(303) 261-9632,ssteinbar@roggenfarmerselev.com,schauhan@roggenfarmerselev.com,https://www.roggenfarmerselev.com/fccp-watkins-21201,Grain elevator,32521 E Front St N,Watkins,Colorado,80137,https://facebook.com/roggenelevator,http://www.linkedin.com/company/4016512
Heartland Earlham anhydrous plant,(515) 758-2253,,,,Grain elevator,1413 105th St,Earlham,Iowa,50072,,
Weskan Grain,(719) 793-9700,info@weskangrain.com,,https://weskangrain.com/,Grain elevator,72225 CO-96,Sheridan Lake,Colorado,81071,,
Farmers Grain,(870) 265-5301,,,,Grain elevator,285 Immigrant Rd,Lake Village,Arkansas,71653,,
M & P Grain Inc,(254) 527-4335,,,,Grain elevator,7101 FM487,Bartlett,Texas,76511,,
Garber Coop Elevator,(580) 863-2292,rweathers@garbercoop.com,k.anderson@garbercoop.com,http://www.garbercoop.com/,"Grain elevator, Feed manufacturer, Fertilizer supplier, Storage facility",102 E Railroad St,Garber,Oklahoma,73738,,https://www.linkedin.com/company/garber-coop-association
Pride Grain,(402) 273-4468,brad@pridegrain.com,mark@pridegrain.com,http://www.pridegrain.com/,"Grain elevator, Animal feed store",44075 US-20,Long Pine,Nebraska,69217,https://www.facebook.com/159061367460018,
Agfirst Farmers Co-Op,(605) 874-2430,,,,Grain elevator,202 2nd Ave S,Clear Lake,South Dakota,57226,,
Cargill AG Horizons,(913) 367-1621,,,,Grain elevator,15624 258th Rd,Atchison,Kansas,66002,,
Morrison Grain & AG Services Inc,(580) 724-3322,,,,"Grain elevator, Animal feed store",423 Woolsey Ave,Morrison,Oklahoma,73061,,
Max Farmers Elevator,(701) 679-2400,,,,Grain elevator,202 Carvell St,Max,North Dakota,58759.0,,
Bartlett,(217) 243-0509,kgerstner@bartlettandco.com,k.bond@bartlettandco.com,http://www.bartlettandco.com/,Grain elevator,2350 S Main St,Jacksonville,Illinois,62650,https://www.facebook.com/204731773197317,https://www.linkedin.com/company/bartlettco
CHS Southwest Grain,(605) 374-3301,patron.equities@chsinc.com,dustin.elkins@chsinc.com,https://chssouthwestgrain.com/,Grain elevator,,,,,https://www.facebook.com/paybackdickinson/,https://www.linkedin.com/company/chs
J..E. Meuret Grain Co. Inc.,(402) 518-4280,jemeuretgrain@jemeuretgrain.com,pat.meuret@jemeuretgrain.com,http://www.jemeuretgrain.com/,"Grain elevator, Agricultural service, Animal feed store",100 Omaha St,Crofton,Nebraska,68730,,http://linkedin.com/company/j.-e.-meuret-grain-co.-inc.
Tremont Cooperative Grain Co,(309) 347-6135,info@tremont.coop,,http://www.tremont.coop/,Grain elevator,14173 Wagonseller Rd,Pekin,Illinois,61554,,
Cooperative Grain & Supply Co,(815) 538-3793,,,,Grain elevator,708 Union St,Troy Grove,Illinois,61372,,
Rogers Grain Inc,(800) 336-2025,,,,Grain elevator,4693 Red River-West Grove Rd,Arcanum,Ohio,45304,,
ADM Fickle,(765) 523-3286,,,,Grain elevator,2906 S Co Rd 930 W,Frankfort,Indiana,46041,,
Smithfield Grain,(740) 692-7244,kbass@smithfield.com,mmparker@smithfield.com,http://www.smithfieldgrain.com/,Grain elevator,7211 Shawnee St,Harpster,Ohio,43323,https://www.facebook.com/1835940583377171,
Cargill AG Horizons,(563) 381-1788,,,,Grain elevator,1657 Front St,Buffalo,Iowa,52728,,
Columbia Grain,(406) 265-5451,mmorgan@columbiagrain.com,jsung@columbiagrain.com,https://columbiagrain.com/,Grain elevator,600 1st St N,Havre,Montana,59501,https://www.facebook.com/cgicolumbiagraininternational/,https://www.linkedin.com/company/columbia-grain
Allied Cooperative,(608) 786-1100,mwhalen@allied.coop,nausen@allied.coop,http://www.allied.coop/,Grain elevator,165 Mill St S,West Salem,Wisconsin,54669,https://www.facebook.com/194995080689117,http://www.linkedin.com/company/10311285
Farm City Elevator,,roger@farmcityelevator.com,randall@farmcityelevator.com,http://farmcityelevator.com/,Grain elevator,,Lake Geneva,Wisconsin,53147,https://www.facebook.com/farmcityelevator,https://www.linkedin.com/company/farm-city-elevator
Cotton Growers Co-Op,(580) 482-3336,,,,Grain elevator,1509 W Broadway St,Altus,Oklahoma,73521,,
Gateway FS Inc,+1 618-327-3046,,,,Grain elevator,246 W St Louis St,Nashville,Illinois,62263,,
Cargill Inc,+1 507-465-3254,angela_taulbee@cargill.com,christian_butler@cargill.com,https://www.cargill.com/,Grain elevator,21295 State Hwy 13,New Richland,Minnesota,56072,https://www.facebook.com/CargillCares/,https://www.linkedin.com/company/cargill
Cargill Inc,+1 507-465-3254,angela_taulbee@cargill.com,christian_butler@cargill.com,https://www.cargill.com/,Grain elevator,21295 State Hwy 13,New Richland,Minnesota,56072,https://www.facebook.com/CargillCares/,https://www.linkedin.com/company/cargill
Wilson Fertilizer & Grain Inc,+1 574-223-3136,wilsonroch@rtcol.com,wilsonfeeds@yahoo.com,https://www.wilsonfertgrain.com/markets/cash.php?location_filter=31806&showcwt=1,Grain elevator,408 E 9th St #1650,Rochester,Indiana,46975,https://www.facebook.com/100740913320167,
Kentland Elevator & Supply,+1 815-429-3054,,,,Grain elevator,300 4th St,Sheldon,Illinois,60966,,
Cargill Inc,+1 716-665-6570,,,,Grain elevator,1029 Poland Center Rd,Kennedy,New York,14747,,
ADM Grain Toledo,+1 419-324-0800,karsten.schumaker@adm.com,,https://adm.gradable.com/market/Toledo--OH?demo_markets=true,Grain elevator,1308 Miami St,Toledo,Ohio,43605,,
AG Sales Distributors,+1 912-839-3530,,,,Grain elevator,321 Sam Tillman Rd,Statesboro,Georgia,30458,,
Central Valley Bean Co-Op (Loading & Delivery),+1 701-847-2622,gary@centralvalleybean.com,rick@centralvalleybean.com,http://www.centralvalleybean.com/,Grain elevator,Valiants St,Buxton,North Dakota,58218,,https://www.linkedin.com/company/central-valley-bean-co-op
Genesee Union Warehouse,+1 509-229-3315,,,,Grain elevator,7651 Johnson Rd,Colton,Washington,99113,,
Nodaway Elevator Inc,+1 712-785-3271,,,,Grain elevator,904 4th St,Nodaway,Iowa,50857,,
River Valley Ag Exchange LLC,+1 660-886-4394,ldavis@rivervalleyagexchange.com,,https://www.rivervalleyagexchange.com/,Grain elevator,26 E Haynie St,Marshall,Missouri,65340,https://www.facebook.com/1368018466646344,
Landus,+1 641-755-2114,amanda.rezac@landus.ag,terry.creel@landus.ag,http://www.landus.ag/,Grain elevator,310 E Clay St,Panora,Iowa,50216,https://www.facebook.com/LandusAg,https://www.linkedin.com/company/landusag
Legacy Cooperative - Bisbee,+1 701-656-3263,sean.slowinski@legacy-cooperative.com,alexis.disher@legacy-cooperative.com,https://www.legacy-cooperative.com/,"Grain elevator, Agricultural service, Fuel supplier",5954 ND-66,Bisbee,North Dakota,58317,https://www.facebook.com/Legacy-Cooperative-1416274575295490/,
Walton Elevator Co,+1 574-626-2528,,,,Grain elevator,304 Depot St,Walton,Indiana,46994,,
Tennessee Valley Commodities,+1 931-993-0587,,,https://www.tnvalleyc.com/,Grain elevator,144 Bryan Ln,Lawrenceburg,Tennessee,38464,,
Spectrum shipping And receiveing,+1 314-486-1782,,,,Grain elevator,13260 Corporate Exchange Dr,Bridgeton,Missouri,63044,,
ADM Burlington,+1 319-753-2858,suzanne.richardson@sharpspring.com,,https://admadvantage.com/contact-us/?location=Burlington~Iowa,Grain elevator,701 Cash St #4742,Burlington,Iowa,52601,https://www.facebook.com/ADMFarmerServices/,
North Central MFA,+1 660-646-5000,lance.woodbury@pinionglobal.com,shayle.stewart@dtn.com,http://www.northcentralmfa.com/index.cfm?show=16&mid=13,Grain elevator,1035 Industrial Rd,Chillicothe,Missouri,64601,https://www.facebook.com/293940311254387,
Hord Elevator,+1 419-562-1198,kaylee.m@hordfarms.com,christina.h@hordfarms.com,http://www.hordelevator.com/,Grain elevator,910 OH-98,Bucyrus,Ohio,44820,,
Ranch Drive Elevator,+1 580-628-5333,r.mulligan@gocoopok.com,b.daniels@gocoopok.com,https://www.gocoopok.com/,Grain elevator,313 E Grand Ave,Tonkawa,Oklahoma,74653,https://www.facebook.com/FarmersCoopAssociationAgronomy,
Roth Grain Co Inc,+1 309-266-5171,,,,Grain elevator,303 S Main St,Morton,Illinois,61550,,
Roche Grain Elevator,+1 478-272-5792,shill@gotoroche.com,mrose@gotoroche.com,http://www.gotoroche.com/,Grain elevator,200 Railroad Ave,Dublin,Georgia,31027,https://www.facebook.com/pages/,
"Michel Grain ""Cadillac Ranch”",+1 217-827-0960,,,,Grain elevator,Cascade Rd,Rochester,Illinois,62563,,
Cargill,+1 701-282-1600,angela_taulbee@cargill.com,christian_butler@cargill.com,http://www.cargill.com/,"Grain elevator, Garden center, Seed supplier",250 7th Ave NE,West Fargo,North Dakota,58078,https://www.facebook.com/CargillCares/,https://www.linkedin.com/company/cargill
Phil O'Connell Grain Co,+1 209-465-5871,tgrunsky@philoconnellgrain.com,lbonilla@philoconnellgrain.com,http://www.philoconnellgrain.com/,Grain elevator,1310 W Charter Way,Stockton,California,95206,,
Total Grain Marketing,+1 217-342-9412,b.brown@totalgrainmarketing.com,j.ham@totalgrainmarketing.com,https://www.totalgrainmarketing.com/,Grain elevator,401 E Madison St,Toledo,Illinois,62468,https://www.facebook.com/southcentralfs/,https://www.linkedin.com/company/total-grain-marketing-llc
Total Grain Marketing,,b.brown@totalgrainmarketing.com,j.ham@totalgrainmarketing.com,https://www.totalgrainmarketing.com/TGM-Locations/location-detail/windsor,Grain elevator,,Windsor,Illinois,61957,https://www.facebook.com/southcentralfs/,https://www.linkedin.com/company/total-grain-marketing-llc
HighLine Grain Growers -- Waterville,(509) 745-8551,info@highlinegrain.com,facebook@highlinegrain.com,http://highlinegrain.com/,Grain elevator,201-500 N Monroe St,Waterville,Washington,98858,https://www.facebook.com/HighLineGrain/,https://www.linkedin.com/company/highline-grain-growers-inc
Skyland Grain Capps Switch,(806) 948-4121,lynngiessel@skylandgrain.com,stevearnold@skylandgrain.com,https://www.skylandgrain.com/,Grain elevator,8027 Cemetery Rd,Sunray,Texas,79086,https://www.facebook.com/Skylandgrain/,http://www.linkedin.com/company/4704307
Agtegra Cooperative Redfield Energy,(605) 475-2500,lance.koch@agtegra.com,joe.airheart@agtegra.com,https://www.agtegra.com/locations,Grain elevator,38650 171st St,Redfield,South Dakota,57469,https://www.facebook.com/agtegra,https://www.linkedin.com/company/agtegracooperative/
The Andersons inc.,(208) 352-4411,trayburn@andersonsgrain.com,lhansens@andersonsgrain.com,https://www.andersonsgrain.com/,"Grain elevator, Agricultural service",805 US-26,Bliss,Idaho,83314,https://www.facebook.com/159968937368912,
Alton Grain Terminal,(701) 636-5130,salthoff@altonterminal.com,c.tryan@altonterminal.com,http://www.altonterminal.com/,Grain elevator,369 Co Hwy 81,Hillsboro,North Dakota,58045,,http://linkedin.com/company/alton-grain-terminal
Fritcher Enterprises Inc,(361) 364-3603,cwfe1@aol.com,,https://www.cwfritcherenterprisesinc.com/,Grain elevator,14532 County Rd 782,Sinton,Texas,78387,,
Cayuga Grain,(765) 492-3324,,,,Grain elevator,111 Curtis St,Cayuga,Indiana,47928,,
Routt & Associates,(912) 384-4394,nathan@routtandassociates.com,jason@routtandassociates.com,https://routtandassociates.com/,Grain elevator,372 Thompson Dr,Douglas,Georgia,31535,,
Topflight Grain Co-Op,(217) 678-2261,,,,Grain elevator,400 E Bodman St,Bement,Illinois,61813,,
Gateway FS Inc,(618) 824-6358,jherzog@gatewayfs.com,dschrader@gatewayfs.com,https://www.gatewayfs.com/,Grain elevator,18 N Mill Rd,Venedy,Illinois,62214,https://www.facebook.com/GatewayFS.Inc/,http://linkedin.com/company/gateway-fs-inc.
Cargill,(712) 255-8857,angela_taulbee@cargill.com,christian_butler@cargill.com,http://www.cargill.com/,Grain elevator,3315 US-75 BUS,Sioux City,Iowa,51105,https://www.facebook.com/CargillCares/,https://www.linkedin.com/company/cargill
Tate & Lyle,(309) 928-9431,esther.vanonselen@tateandlyle.com,emily.mather@tateandlyle.com,http://tateandlyle.com/,Grain elevator,11860 Liberty Rd,Farmer City,Illinois,61842,https://www.facebook.com/tateandlylesugars/,https://www.linkedin.com/company/tate-
Market St Terminal (Northern Partners Coop/CHS),+1 779-201-5345,b.pinter@northernpartners.net,c.carreon@northernpartners.net,http://www.northernpartners.net/,Grain elevator,"One Cooperative Way,",Peru,Illinois,61354,https://www.facebook.com/NorthernPartnersCooperative,https://www.linkedin.com/company/northern-partners-cooperative
Gateway FS Inc,+1 618-443-2181,jherzog@gatewayfs.com,dschrader@gatewayfs.com,https://www.gatewayfs.com/,Grain elevator,220 E McClurken Ave,Sparta,Illinois,62286,https://www.facebook.com/GatewayFS.Inc/,http://linkedin.com/company/gateway-fs-inc.
"Cargill, Inc.",+1 217-909-3004,t.manternach@cargillag.com,m.wallace@cargillag.com,https://www.cargillag.com/locations/frederick-cah,Grain elevator,5757 IL-100,Beardstown,Illinois,62618,https://www.facebook.com/132988303474951,
Central Grain Co,+1 815-544-3455,info@centralgrainco.com,danmickey@centralgrainco.com,https://www.centralgrainco.com/,Grain elevator,1140 W Locust St,Belvidere,Illinois,61008,,
Baggett Grain Inc,+1 615-382-4635,,,,Grain elevator,3900 Memorial Blvd,Springfield,Tennessee,37172,,
"Poinsett Rice & Grain, Inc.",+1 870-857-1299,randy@poinsettrice.com,scott@poinsettrice.com,http://www.poinsettrice.com/,Grain elevator,919 E Elm St,Corning,Arkansas,72422,,http://linkedin.com/company/poinsett-rice-and-grain-inc.
Central Grain Inc,+1 320-352-3474,joshr@centralgraininc.com,,https://www.centralgrainsaukcentre.com/,Grain elevator,44705 Zellwood Rd,Sauk Centre,Minnesota,56378,https://www.facebook.com/541605989251323,
Agmark Llc,+1 785-738-9641,jbechard@agmarkllc.com,mhafliger@agmarkllc.com,https://www.agmarkllc.com/,Grain elevator,118 W Main St,Beloit,Kansas,67420,https://www.facebook.com/AgMarkLLC,
Frontier Cooperative,+1 402-564-3261,kkazimour@frontiercooperative.com,ldurnal@frontiercooperative.com,http://www.frontiercooperative.com/,Grain elevator,1854 E 14th Ave,Columbus,Nebraska,68601,https://www.facebook.com/frontiercooperative,http://www.linkedin.com/company/6137354
Central Region Cooperative,+1 507-794-3031,klkoch@landolakes.com,,http://www.centralregioncoop.com/,Grain elevator,225 Oak St NE,Sleepy Eye,Minnesota,56085,https://www.facebook.com/centralregioncoop/,
Midwest Farmers Co-Op,+1 402-298-8265,,,,Grain elevator,13200 42nd St,Plattsmouth,Nebraska,68048,,
Pro Cooperative Bradgate Elevator,+1 515-375-6523,cpohl@procooperative.com,brianb@procooperative.com,https://procooperative.com/,"Grain elevator, Diesel fuel supplier, Animal feed store, Fertilizer supplier, Propane supplier, Seed supplier",500 S Public Rd,Bradgate,Iowa,50520,https://www.facebook.com/ProCooperative,http://www.linkedin.com/company/8433300
"Viserion Grain, LLC",+1 870-563-2633,george.visinescu@bunge.com,kwagner@bunge.com,https://www.bunge.com/,"Grain elevator, Agricultural service","2220 E, State Hwy 198",Osceola,Arkansas,72370,https://www.facebook.com/Bunge,https://www.linkedin.com/company/bunge
CHS Grain Elevator,+1 406-873-4642,,,,Grain elevator,110 1st St NE,Cut Bank,Montana,59427,,
Great Bend Co-Op Association Elevator,+1 620-792-6805,angi.beck@apcoop.com,jbarker@gbcoop.com,https://www.apcoop.com/locations/great-bend-main-office,Grain elevator,1600 Kansas Ave,Great Bend,Kansas,67530,https://www.facebook.com/CountryVisionsCoop/,https://www.linkedin.com/company/8502747/
Cargill Soybean Plant,+1 402-237-3731,t.manternach@cargillag.com,m.wallace@cargillag.com,http://www.cargillag.com/,Grain elevator,1016 Clark St,Sioux City,Iowa,51101,https://www.facebook.com/132988303474951,
Midland Marketing Co-op Toulon,+1 785-625-5138,vance.westhusin@midlandmarketing.org,harvey@midlandmarketing.org,http://midlandmarketing.org/,Grain elevator,2050 Hwy 40,Hays,Kansas,67601,https://www.facebook.com/mm1915/,http://www.linkedin.com/company/4455655
Consolidated Grain and Barge Co.,+1 309-325-7100,info@cgbgrain.com,cgbgrainsupport@cgb.com,http://www.cgbgrain.com/,Grain elevator,1 State St,Smithshire,Illinois,61478,https://www.facebook.com/cgbgrain,https://www.linkedin.com/company/151628
Douglas Peanut & Grain Co,+1 912-384-5762,jmercer@rwgriffin.com,john@rwgriffin.com,https://rwgriffin.com/locations-all/douglas-peanut-grain/,Grain elevator,361 Cotton Gin Rd,Douglas,Georgia,31533,https://www.facebook.com/449048471972074,http://www.linkedin.com/company/6053159
Cargill Chillicothe,+1 740-636-0875,t.manternach@cargillag.com,m.wallace@cargillag.com,https://www.cargillag.com/locations/chillicothe-cah,Grain elevator,331 S Watt St,Chillicothe,Ohio,45601,https://www.facebook.com/132988303474951,
John Marion Inc,+1 734-529-2380,joanne@jmigrain.com,paula@jmigrain.com,http://www.jmigrain.com/,Grain elevator,607 E Main St,Dundee,Michigan,48131,,
Cargill West Elevator,+1 952-890-3220,t.manternach@cargillag.com,m.wallace@cargillag.com,http://www.cargillag.com/,Grain elevator,12100 Dakota Ave,Savage,Minnesota,55378,https://www.facebook.com/132988303474951,
Matthews Feed & Grain,+1 765-998-2743,r.appleton@matthewsfeedandgrain.com,mfgcurt@eiwifi.com,http://www.matthewsfeedandgrain.com/,Grain elevator,928 Massachusetts Ave,Matthews,Indiana,46957,,http://linkedin.com/company/matthews-feed-&-grain
F R Orr Grain Co,+1 815-472-4175,,,,Grain elevator,503 E Ohio St,Momence,Illinois,60954,,
Farmers Feed & Grain Co Inc,+1 641-985-2147,keastman@ffgcoinc.com,s.eastman@ffgcoinc.com,http://www.ffgcoinc.com/,Grain elevator,306 Birch St,Riceville,Iowa,50466,https://www.facebook.com/1104599702939444,
Andersons Grain & Ethanol,+1 402-268-6001,trayburn@andersonsgrain.com,lhansens@andersonsgrain.com,https://www.andersonsgrain.com/locations/ne/fairmont/,Grain elevator,1211 US-6,Fairmont,Nebraska,68354,https://www.facebook.com/159968937368912,
Northwest Grain Growers,(509) 525-6510,,,http://www.nwgrgr.com/,Grain elevator,,Prescott,Washington,99348.0,,
Inland Empire Milling Co,(509) 569-3204,sophronia@iemc.com,sales@iemc.com,https://www.iemc.com/,"Grain elevator, Store",9611 Pine City-Malden Rd,Rosalia,Washington,99170.0,,
Almota Elevator Co,(509) 397-3358,news1@almotagrain.com,,https://almotagrain.com/,Grain elevator,Union Ctr,Colfax,Washington,99111.0,,
CLD Pacific Grain,(541) 481-3230,,,,Grain elevator,70976 Cargill Ln,Boardman,Oregon,97818.0,,
Northwest Grain Growers,,,,http://nwgrgr.com/,Grain elevator,,Milton-Freewater,Oregon,97862.0,,
Double J Milling,(208) 587-4445,,,,Grain elevator,2450 NW Granary Rd,Mountain Home,Idaho,83647.0,,
Northwest Grain Growers,(509) 525-6510,,,http://nwgrgr.com/,Grain elevator,Endicott Rd,Colfax,Washington,99111.0,,
Newell Grain Growers Associates,(530) 667-4190,,,,Grain elevator,100 County Rd 103,Tulelake,California,96134,,
Winema Elevators Inc,(541) 723-2555,,,,Grain elevator,24001 Malin Spring Rd,Malin,Oregon,97632,,
Associated Rice Marketing Co-Op,(530) 882-4002,,,,Grain elevator,5246 Midway,Richvale,California,95974,,
Pacific Ag Commodities,(530) 681-5635,,,,Grain elevator,4126 Hydo Lk Wy,Sacramento,California,95834,,
Delta Grain Services LLC,(662) 719-3604,,,,Grain elevator,689 Gaines Hwy,Boyle,Mississippi,38730.0,,
"Greenfield Grain, LLC",(318) 550-2200,info@gfh.ag,,https://www.gfh.ag/,Grain elevator,405 Port Rd,Lake Providence,Louisiana,71254.0,,https://www.linkedin.com/company/greenfield-holdings-llc/
Delta Seed & Services,(662) 827-2243,,,,Grain elevator,142 Main St,Arcola,Mississippi,38722.0,,
Griffin Grain Inc,(870) 827-3224,,,http://griffinriverterminal.com/,Grain elevator,31221 AR-44,Mellwood,Arkansas,72367.0,,
Griffin Grain Elaine Co,(870) 827-3224,,,http://www.griffingrain.com/,Grain elevator,,Mellwood,Arkansas,72367,,
Farmers Grain Beiz Division,(662) 247-3828,,,,Grain elevator,509 Silver City Rd,Belzoni,Mississippi,39038,,
Williamson County Gin,(512) 352-2321,,,,Grain elevator,308 Sturgis St,Taylor,Texas,76574,,
G & S Grain Co,(979) 378-2310,,,,Grain elevator,104 E Franklin St,Fayetteville,Texas,78940,,
Thrall Cooperative Grain Co,(512) 898-2013,,,,Grain elevator,200 W Taylor St,Thrall,Texas,76578,,
Hatchel Legacy Grain,(325) 365-6885,,,,Grain elevator,240 Co Rd 457,Winters,Texas,79567.0,,
Bomarton Cooperative Elevator,(940) 889-2389,,,,Grain elevator,176 FM1152,Seymour,Texas,76380.0,,
Irsik & Doll Pierceville Elevator,(620) 335-5141,kburch@irsikanddoll.com,jrios@irsikanddoll.com,http://www.irsikanddoll.com/,Grain elevator,"104 East, US-50",Pierceville,Kansas,67868,https://www.facebook.com/irsikanddoll/,
Archer Daniels Midland Country Store,(620) 668-5041,,,,Grain elevator,492 Co Rd WW,Copeland,Kansas,67837,,
Elkhart Co-Op Equity Exchange,(620) 593-4833,,,,Grain elevator,"2305 Highway Z23 , Rolla, KS 67954",Rolla,Kansas,,,
Farmers Co-Op Elevator Association,(806) 894-8505,,,http://www.fcelevelland.com/,Grain elevator,414 Evening Tower Rd,Levelland,Texas,79336,,
Skyland Grain LLC,(719) 324-5880,,,https://www.skylandgrain.com/,Grain elevator,48985 US-160,Walsh,Colorado,81090,https://www.facebook.com/Skylandgrain/,https://www.linkedin.com/company/skyland-grain-llc/
Wolf Grain,(620) 426-7661,,,,Grain elevator,2611 Rd Aa,Deerfield,Kansas,67838,,
Johnson Cooperative Grain Co,(620) 492-6210,,,,Grain elevator,304 E Highland Ave,Johnson City,Kansas,67855,,
Flagler Cooperative Association - 2W Elevator,(719) 743-2692,flaglercoop@esrta.com,,http://www.flaglercoop.com/,Grain elevator,19921 County Rd 2W,Limon,Colorado,80828,,
SKYLAND GRAIN,(620) 697-2407,,,http://skylandgrain.com/index.cfm,Grain elevator,5 MI S,Rolla,Kansas,67954.0,https://www.facebook.com/Skylandgrain/,https://www.linkedin.com/company/skyland-grain-llc/
Prairie Ag Partners,(605) 482-8661,alexjuba@prairieagpartners.com,bradymalone@prairieagpartners.com,http://www.prairieagpartners.com/,Grain elevator,100 S Railroad St,Oldham,South Dakota,57051.0,,
North Side Grain,(402) 256-3738,support@cropsafe.com,,https://www.agprices.com/elevator/north-side-grain-laurel-ne-f11d2d84080aef3d985ae0b864cd2036,Grain elevator,203 US-20,Laurel,Nebraska,68745.0,,
Prairie AG Partners,(605) 983-3201,alexjuba@prairieagpartners.com,bradymalone@prairieagpartners.com,https://www.prairieagpartners.com/,Grain elevator,106 Main St,Hetland,South Dakota,57212.0,,
Plankinton Elevator Co,(605) 942-7731,,,http://www.agkotagrain.com/,Grain elevator,208 W Commerce St,Plankinton,South Dakota,57368.0,https://www.facebook.com/pages/Ag-Kota-Grain/1518562581688940,
H & I Grain Co,(605) 983-3211,,,,Grain elevator,205 Main Ave,Hetland,South Dakota,57212.0,,
Farmers Co-Op,(402) 396-3414,,,https://www.pilgercoop.com/markets/cash.php,Grain elevator,325 W 1st St,Pilger,Nebraska,68768.0,,
Circle E Grain Inc,(402) 985-2336,,,,Grain elevator,56521 870th Rd,Belden,Nebraska,68717.0,,
Frontier Cooperative Co,(402) 538-3365,feedback@frontiercooperative.com,,https://www.frontiercooperative.com/locations/bellwood,Grain elevator,508 Maple St,Bellwood,Nebraska,68624.0,https://www.facebook.com/frontiercooperative?fref=ts,https://www.linkedin.com/company/frontier-cooperative
New Vision Co-Op,(507) 842-5944,farmstress@state.mn.us,,http://www.newvision.coop/,Grain elevator,931 1st Ave,Brewster,Minnesota,56119.0,https://www.facebook.com/NewVisionCoop/,https://www.linkedin.com/company/new-vision-co-op/
Agtegra Cooperative Woonsocket,(605) 796-4448,,,http://www.agtegra.com/,Grain elevator,39758 SD-34,Woonsocket,South Dakota,57385.0,https://www.facebook.com/agtegra,https://www.linkedin.com/company/agtegracooperative/
Cargill Inc,(308) 647-5142,,,,Grain elevator,,Silver Creek,Nebraska,68663.0,,
Badger Farmers Co-Op,(605) 983-3241,,,,Grain elevator,109 5th Ave S,Hetland,South Dakota,57212.0,,
CHS Grainland Co-Op,,jason.hovey@chsinc.com,jason.frost@chsinc.com,http://www.chshighplains.com/,Grain elevator,20807 Co Rd 65,Holyoke,Colorado,80734.0,https://www.facebook.com/CHSHighPlains,https://www.linkedin.com/company/chs
Wayne Grain & Feed,(402) 375-3013,,,,Grain elevator,410 Fairgrounds Ave,Wayne,Nebraska,68787.0,,
Beemer Grain LLC,(402) 528-3255,,,,Grain elevator,106 S Main St,Beemer,Nebraska,68716.0,,
Belden Grain & Feed,(402) 985-2332,,,,Grain elevator,105 US-20,Belden,Nebraska,68717.0,,
Pro Cooperative,(515) 890-5402,gpeterson@procooperative.com,cpohl@procooperative.com,http://www.procooperative.com/,Grain elevator,446 IA-10,Havelock,Iowa,50546.0,https://www.facebook.com/ProCooperative,
Grainland Cooperative,(970) 854-3161,,,,Grain elevator,22944 Co Rd 41,Holyoke,Colorado,80734.0,,
Dodge City Co-Op Exchange,(620) 846-2235,,,http://www.prideag.com/,Grain elevator,103 Texoco St Hwy 56,Montezuma,Kansas,67867.0,https://www.facebook.com/PrideAgResources/,https://www.linkedin.com/company/1903508/admin/
Clyde Co-Op Association Lamont Elevator,(580) 388-4338,,,,Grain elevator,410 N Main St,Lamont,Oklahoma,74643.0,,
Paradise Grain,(785) 998-4442,,,,Grain elevator,102 E Ave E,Paradise,Kansas,67658.0,,
Skyland Grain,,,,https://www.skylandgrain.com/,Grain elevator,308 S Valley St,Cunningham,Kansas,67035.0,https://www.facebook.com/Skylandgrain/,https://www.linkedin.com/company/skyland-grain-llc/
Geneseo - Central Prairie Co-op,(620) 824-6323,,,https://www.cpcoop.us/home/locations/geneseo/,"Grain elevator, Association / Organization",803 Main St,Geneseo,Kansas,67444.0,https://www.facebook.com/centralprairiecoop,https://www.linkedin.com/company/58438882/
Bison Cooperative Association,(580) 758-3694,,,http://bisoncoop.com/,"Grain elevator, Auto repair shop, Gas station",103 1st St,Bison,Oklahoma,73720.0,,
Farmers Cooperative Elevator Co,(620) 532-2091,,,,Grain elevator,,Kingman,Kansas,,,
Wheeler Brothers Grain - Canton,(580) 886-2210,,,http://www.wheelerbrothers.com/,Grain elevator,202 Santa Fe Rd,Canton,Oklahoma,73724.0,,
Irsik & Doll Ingalls Elevator,(620) 335-5173,jrios@irsikanddoll.com,pschwab@irsikanddoll.com,http://www.irsikanddoll.com/,Grain elevator,10505 US-50,Ingalls,Kansas,67853.0,https://www.facebook.com/irsikanddoll/,
Lahoma-Imo Farmers Co-Op,(580) 234-9575,,,,Grain elevator,3829 S Imo Rd,Enid,Oklahoma,73703.0,,
Ok Co-Op Grain Station,(620) 239-4262,,,,Grain elevator,,Hazelton,Kansas,67061.0,,
White Cloud Elevator,(785) 595-3254,,,,Grain elevator,101 KS-7,White Cloud,Kansas,66094.0,,
Farmers Grain Co,(580) 363-4336,,,http://farmersgraincompany.com/,Grain elevator,1201 S 140th St,Nardin,Oklahoma,74646.0,https://facebook.com/farmersgraincompany,
Anthony Farmers Co-Op,(620) 896-2977,,,,Grain elevator,191 NW 158 Rd,Harper,Kansas,67058.0,,
Dodge City Co-Op Exchange,(620) 369-2320,,,https://www.prideag.com/,Grain elevator,227 Main St,Kingsdown,Kansas,67842.0,https://www.facebook.com/PrideAgResources/,https://www.linkedin.com/company/1903508/admin/
Farmers Cooperative,(402) 446-7285,chart@farmersco-operative.com,,http://www.farmersco-operative.com/,"Grain elevator, Agricultural cooperative",602 Jefferson St,Daykin,Nebraska,68338.0,https://www.facebook.com/FarmersCooperative,
Farmers Grain Company,(580) 532-4273,,,https://farmersgraincompany.com/,Grain elevator,302 Broadway Ave,Pond Creek,Oklahoma,73766.0,https://facebook.com/farmersgraincompany,
Farmers Co-Op Elevator,(620) 567-2345,,,,Grain elevator,20 N Main St,Partridge,Kansas,67566.0,,
Frederick - Central Prairie Co-op,(620) 257-2636,,,https://www.cpcoop.us/,Grain elevator,405 State St,Geneseo,Kansas,67444.0,https://www.facebook.com/centralprairiecoop,https://www.linkedin.com/company/58438882/
Fairview Mills LP,(785) 595-3255,wade@fairviewmills.com,troy@fairviewmills.com,https://jsixenterprises.com/,Grain elevator,101 KS-7,White Cloud,Kansas,66094.0,https://www.facebook.com/jsixenterprises/,http://linkedin.com/company/j-six-enterprises
Riverside Elevator,(785) 798-3322,,,,Grain elevator,,Ness City,Kansas,67560.0,,
Pollard - Central Prairie Co-op,(620) 278-2142,,,,Grain elevator,Ave F,Lyons,Kansas,67554.0,,
"Ag Partners Cooperative, Inc. - Reserve, Kansas",,contact@agpartnerscoop.com,,https://www.agpartnerscoop.com/,"Grain elevator, Agricultural cooperative",308 Railroad St,Reserve,Kansas,66434.0,https://www.facebook.com/agpartnerscoopinc/,
ADM Grain,(620) 897-6226,,,,Grain elevator,105 Main St,Little River,Kansas,67457.0,,
Tinsley Grain Inc,(402) 887-9054,,,,Grain elevator,205 N St,Neligh,Nebraska,68756.0,,
Decatur Co-Op Association,(785) 567-4296,jonim@decaturcoop.net,loriroe@decaturcoop.net,https://www.decaturcoop.net/,Grain elevator,9914 KS-9,Lenora,Kansas,67645.0,https://www.facebook.com/Decatur-Cooperative-Association-138970709463570/,
Farmers Cooperative Equity Co,(620) 243-5421,,,https://www.fceisabel.com/,Grain elevator,406 N Main St,Zenda,Kansas,67159.0,https://www.facebook.com/geraldgrain/?_rdr=p&fref=ts,
Dodge City Co-Op Exchange,(620) 369-2212,,,https://www.prideag.com/,Grain elevator,12th & E 12th St,Ford,Kansas,67842.0,https://www.facebook.com/PrideAgResources/,https://www.linkedin.com/company/1903508/admin/
Clyde Cooperative Association,(580) 267-3221,,,,Grain elevator,105 Railroad Ave,Deer Creek,Oklahoma,74636.0,,
Midland Marketing Co-Op Inc,(785) 481-2379,corporate@midlandmarketing.org,,https://www.midlandmarketing.org/,Grain elevator,100 KS-4,Brownell,Kansas,67521.0,,
Ranch Drive,(580) 762-7785,stolhandd@yahoo.com,info@ranchdrivefire.org,http://www.ranchdrivefire.org/,Grain elevator,3576 Ranch Dr,Ponca City,Oklahoma,74601.0,,
Ag Valley Co-op,(308) 349-9001,info@agvalley.com,billing@agvalley.com,http://www.agvalley.com/,"Grain elevator, Fuel supplier",101 Main St,Wilsonville,Nebraska,69046.0,https://www.facebook.com/AgValleyCoop/,https://www.linkedin.com/company/agvalleycoop/
"Ag Partners Cooperative, Inc. - Centralia, Kansas",(785) 857-3327,contact@agpartnerscoop.com,,https://www.agpartnerscoop.com/,"Grain elevator, Agricultural cooperative",404 4th St,Centralia,Kansas,66415,https://www.facebook.com/agpartnerscoopinc/,
Farmer Cooperative Association,(785) 793-2296,,,,Grain elevator,315 East Ave,Scranton,Kansas,66537,,
Palmer Grain Co Inc,(785) 692-4516,feedback@palmergrain.com,back@palmergrain.com,http://www.palmergrain.com/,Grain elevator,208 N Nadeau Ave,Palmer,Kansas,66962,,
Mor-Kan Grain,(785) 349-2214,,,,Grain elevator,501 Commercial St,White City,Kansas,66872,,
HOME CITY GRAIN,(785) 461-5712,payshince.hcg@gmail.com,jacob.williams199743@gmail.com,http://www.homecitygrain.com/,Grain elevator,676 Sunflower Rd,Wakefield,Kansas,67487,,
Danville Cooperative Association,(620) 399-8669,,,,Grain elevator,801 S F St,Wellington,Kansas,67152,,
Severy Co-Op Association,(620) 736-2011,,,,Grain elevator,210 N Kansas Ave,Severy,Kansas,67137,,
Delphos Co-Op Association Elevator,(785) 523-4213,office@delphoscoop.com,,http://www.delphoscoop.com/,Grain elevator,413 W 1st St,Delphos,Kansas,67436,,
Ray Carroll Sumner,(800) 545-1877,clintb@ray-carroll.com,,http://www.ray-carroll.com/,Grain elevator,317 Centre St,Sumner,Missouri,64681.0,,
Butterfield & Associates Grain Inc,(660) 938-4116,rickevan@butterfieldgrain.com,,http://www.butterfieldgrain.com/,Grain elevator,105 W John St,Meadville,Missouri,64659.0,,
Ray Carroll Norborne,(800) 248-6010,clintb@ray-carroll.com,,http://www.ray-carroll.com/,Grain elevator,101 S Cherry St,Norborne,Missouri,64668.0,,
Arnett Grain & Feed,(580) 885-7521,,,,Grain elevator,1 Mile E,Arnett,Oklahoma,73832.0,,
MFA Agri Services,(816) 449-2128,,,,Grain elevator,1302 S Water St,Maysville,Missouri,64469.0,,
Hepler Grain,(620) 368-4331,,,,Grain elevator,E 4th St,Hepler,Kansas,66746.0,,
Ray Carroll Wakenda,(660) 542-2412,clintb@ray-carroll.com,,http://www.ray-carroll.com/,Grain elevator,30537 County Rd APT 308,Carrollton,Missouri,64633.0,,
Heritage Rice & Grain Inc,(870) 393-2774,,,,Grain elevator,218 S Ohio St,Waldenburg,Arkansas,72475.0,,
Ritter Grain,(870) 336-2130,info@ritterag.com,,http://www.ritterag.com/,Grain elevator,434 AR-14,Weiner,Arkansas,72479.0,,
Neelyville Farm Center,(573) 989-3250,,,http://www.agheadquarters.com/,Grain elevator,424 Hart St,Neelyville,Missouri,63954.0,,
Integrity Grain,(870) 768-4231,katiestory@integritygrainllc.com,,https://www.integritygrainllc.com/,Grain elevator,100-198 Front St,Moro,Arkansas,72368.0,https://www.facebook.com/Merrellmediaa,https://www.linkedin.com/in/katie-story-177b12183
Agri-Way Partners L.L.C.,(319) 367-2236,,,http://www.agriwaypartners.com/,Grain elevator,302 N Chestnut St,New London,Iowa,52645.0,https://www.facebook.com/AgriWayPartners/?ref=br_rs,
Ursa Farmers Co-Op,(217) 964-2111,,,http://www.ursacoop.com/,"Grain elevator, Feed manufacturer",202 W Maple Ave,Ursa,Illinois,62376.0,https://www.facebook.com/UrsaFarmersCooperative,
Ries Ag Marketing,(563) 932-2646,info@riesag.com,,http://www.riesag.com/,Grain elevator,207 Main St,Ryan,Iowa,52330.0,,
Heartland Co-op,(515) 478-5573,,,https://www.heartlandcoop.com/,Grain elevator,118 N Myers Ave,Lacona,Iowa,50139.0,https://www.facebook.com/HeartlandCoop,
Ia Mo Grain,(641) 675-3381,,,,Grain elevator,24246 295th St,Bloomfield,Iowa,52537.0,,
Vision AG LLC,(641) 653-4411,dkhali@keotafarmerscoop.com,,https://www.keotafarmerscoop.com/,Grain elevator,121 W 1st St,Hedrick,Iowa,52563.0,https://www.facebook.com/fca.visionag,https://www.linkedin.com/company/farmers-coop-association-vision-ag-llc/
MFA Farm Supply,(641) 876-2373,,,,Grain elevator,,Lineville,Iowa,50147.0,,
21st Century,(641) 745-3371,,,http://www.21stcoop.com/,Grain elevator,220 Washington St,Fontanelle,Iowa,50846.0,,
"Van Dee Bins, L.L.C.",(319) 330-4616,,,,"Grain elevator, Service establishment",,,,,,
Consolidated Grain and Barge Co.,(217) 746-3221,cgbgrainsupport@cgb.com,,https://www.cgbgrain.com/,Grain elevator,2097 N Co Rd 2100,Carthage,Illinois,62321.0,https://www.facebook.com/cgbgrain,https://www.linkedin.com/company/151628?trk=tyah&trkInfo=clickedVertical%3Acompany%2Cidx%3A2-2-7%2CtarId%3A1429029034094%2Ctas%3Acgb
Novelty Elevator,(660) 739-4323,,,,Grain elevator,RR 1,Novelty,Missouri,63460.0,,
Hopkinton Feed & Grain Inc,(563) 926-2760,,,http://www.simonsgr-feed.com/index.cfm?show=10&mid=7,Grain elevator,31154 283rd Ave,Hopkinton,Iowa,52237.0,,
Mid-Iowa Cooperative Jesup South,(319) 827-2501,jbenson@midiowacoop.com,,https://www.midiowacoop.com/,Grain elevator,2326 Benson Shady Grove Ave,Jesup,Iowa,50648.0,,
Rea Grain & Feed Co,(816) 526-2055,,,,"Grain elevator, Store",175 Byers St,Rea,Missouri,64480.0,,
Chem Gro Inc,(660) 341-3978,,,https://chemgroinc.com/,Grain elevator,,Wayland,Missouri,63472.0,,
Cantril Feed & Grain,(319) 397-2215,,,https://www.cantrilfeed.com/,Grain elevator,610 W North St,Cantril,Iowa,52542.0,,
Faas Feed & Grain,(319) 664-3484,,,http://www.faasfeed.com/,Grain elevator,222 Lakeview St,North English,Iowa,52316.0,,
Agri-Way Partners L.L.C.,(319) 658-2601,,,http://www.agriwaypartners.com/,Grain elevator,201 E Gerry St,Crawfordsville,Iowa,52621.0,https://www.facebook.com/AgriWayPartners/?ref=br_rs,
Innovative AG Services,(319) 935-3031,info@innovativeag.com,,https://www.innovativeag.com/,Grain elevator,2443 Vincent Ave,Winthrop,Iowa,50682.0,https://www.facebook.com/InnovativeAgServices/,https://www.linkedin.com/company/innovative-ag-services/
First Cooperative,(712) 838-4331,,,,Grain elevator,305 3rd Ave,Webb,Iowa,51366.0,,
Gold-Eagle Cooperative - Kanawha,(641) 762-3251,,,http://www.goldeaglecoop.com/,"Grain elevator, Gas station",201 E 1st St,Kanawha,Iowa,50447.0,,
MaxYield Cooperative,(515) 200-5145,,,https://www.newcoop.com/,Grain elevator,410 1st St,Meservey,Iowa,50457.0,,
Maxyield Co-Op of Whittemore,(515) 884-2271,,,https://www.maxyieldgrain.com/contact/whittemore,Grain elevator,502 Railroad St,Whittemore,Iowa,50598.0,,
Green Plains Grain Co LLC,(712) 858-4666,lisa.gibson@gpreinc.com,investor@gpreinc.com,https://gpreinc.com/our-businesses/green-plains-grain/,Grain elevator,300 Agriculture Ave,Gruver,Iowa,51334.0,https://www.facebook.com/GreenPlains,https://www.linkedin.com/company/green-plains-renewable-energy
Stateline Co-Op,(515) 885-2642,,,https://www.statelinecoop.com/,Grain elevator,221 W Ramsey St,Bancroft,Iowa,50517.0,https://www.facebook.com/StateLineCooperative,
Stateline Cooperative,(515) 925-3590,,,http://www.statelinecoop.com/,Grain elevator,105 Maine St,Lone Rock,Iowa,50559.0,https://www.facebook.com/StateLineCooperative,
WFS,(712) 865-2600,,,,Grain elevator,6079 Main St,Dolliver,Iowa,50531.0,,
United Farmers Cooperative,(320) 365-4012,,,http://ufcmn.com/,"Grain elevator, Agricultural cooperative, Agricultural production","215 N, Main St",Bird Island,Minnesota,55310.0,https://www.facebook.com/UnitedFarmersCooperative/,https://www.linkedin.com/company/united-farmers-co-op-ufc-/
State Line Co-Op Elevator,(515) 889-2251,,,https://www.statelinecoop.com/,Grain elevator,609 Maple St,Fenton,Iowa,50539.0,https://www.facebook.com/StateLineCooperative,
North Iowa Co-Op Elevator,(641) 995-2213,,,,Grain elevator,310 5th St S,Swaledale,Iowa,50477.0,,
Rowan New Cooperative,(641) 646-3464,,,http://newcoop.com/,Grain elevator,115 IA-3,Rowan,Iowa,50470.0,,
Central Region Cooperative,(507) 794-7390,,,http://www.centralregioncoop.com/,Grain elevator,627 County Rd 7 N,Cobden,Minnesota,56085.0,http://www.facebook.com,
Farmers Cooperatiave Co,(515) 852-4136,,,,Grain elevator,304 E Ellsworth St,Dows,Iowa,50071.0,,
Pro Cooperative Ruthven Elevator,(515) 884-8430,rklaassen@procooperative.com,khauswirth@procooperative.com,https://procooperative.com/,"Grain elevator, Diesel fuel supplier, Animal feed store, Fuel supplier, Gas station, Propane supplier",1409 Main St,Ruthven,Iowa,51358.0,https://www.facebook.com/ProCooperative,
Pro Cooperative Plover Elevator,(515) 890-5420,,,,"Grain elevator, Agrochemicals supplier, Diesel fuel supplier, Animal feed store, Fuel supplier, Propane supplier",402 Jackson St,Rolfe,Iowa,50581.0,,
State Line Co-Op,(515) 886-2461,,,http://www.statelinecoop.com/,Grain elevator,1906 IA-9,Lakota,Iowa,50451.0,https://www.facebook.com/StateLineCooperative,
Pro Cooperative Terril Elevator,(515) 884-8452,rklaassen@procooperative.com,khauswirth@procooperative.com,https://procooperative.com/,"Grain elevator, Agricultural cooperative, Diesel fuel supplier, Animal feed store, Fuel supplier, Propane supplier",402 Warner Ave,Terril,Iowa,51364.0,https://www.facebook.com/ProCooperative,
Gold-Eagle Cooperative - Woden,(641) 926-5301,,,https://www.goldeaglecoop.com/,Grain elevator,103 Main,Woden,Iowa,50484.0,,
New Vision Co-Op,(507) 427-2421,farmstress@state.mn.us,,https://newvision.coop/,Grain elevator,37308 Co Rd 8,Mountain Lake,Minnesota,56159.0,https://www.facebook.com/NewVisionCoop/,https://www.linkedin.com/company/new-vision-co-op/
State Line Co-Op Elevator,(515) 272-4406,,,,Grain elevator,501 3rd St N,Swea City,Iowa,50590.0,,
Farmers Elevator Co.,(507) 931-2112,amanzey@traversecoop.com,,http://traversecoop.com/,Grain elevator,37491 Co Rd 15,St Peter,Minnesota,56082.0,,
Stateline,(712) 424-3335,,,http://www.statelinecoop.com/,Grain elevator,3875 525th Ave,Cylinder,Iowa,50528.0,https://www.facebook.com/StateLineCooperative,
Hayward Cooperative,(507) 373-6439,,,http://haywardcoop.com/,Grain elevator,20470 810th Ave,Hayward,Minnesota,56043.0,,
Gold-Eagle Cooperative - Livermore,(515) 379-1843,,,http://goldeaglecoop.com/,Grain elevator,302 4th St,Livermore,Iowa,50558.0,,
Northern Country Co-Op,(507) 437-8244,jschwenneker@nexus.coop,mruggles@nexus.coop,http://www.ncountrycoop.com/,Grain elevator,100 Railway St SW,Rose Creek,Minnesota,55970.0,http://www.facebook.com/NexusCooperative,http://www.linkedin.com/company/nexuscooperative
NEW Cooperative,(641) 646-3464,,,https://www.newcoop.com/,Grain elevator,1389 Wright Ave,Rowan,Iowa,50470.0,,
Gavilon Grain LLC,(507) 256-7246,,,,Grain elevator,84024 220th St,Hayward,Minnesota,56007.0,,
Midwest Custom Processing,(715) 684-4242,,,,Grain elevator,490 Vandeberg St,Baldwin,Wisconsin,54002.0,,
Northeast Iowa Co-Op Office,(563) 637-2285,,,http://www.viafield.com/coophistory,Grain elevator,,Maynard,Iowa,50655.0,,
A & K Feed & Grain Co,(563) 566-2291,,,http://akgrain.com/,Grain elevator,120 Center St,Lime Springs,Iowa,52155.0,,
Metcalf Farms,(800) 356-0784,,,,"Grain elevator, Agricultural service",5343 E County Rd Mm,Janesville,Wisconsin,53546.0,,
Mayco Export Inc,(612) 370-0834,info@italgraniusa.com,,https://www.italgraniusa.com/grain-merchandising/,Grain elevator,400 S 4th St,Minneapolis,Minnesota,55415.0,,
"Rumbold & Kuhn, Inc. Wyoming",(309) 695-6459,,,http://rkgrain.com/,"Grain elevator, Agricultural service",14715 IL-17,Wyoming,Illinois,61491.0,http://www.facebook.com/RumboldKuhnInc,
"Rumbold & Kuhn, Inc. Speer",(309) 249-2011,,,http://www.rkgrain.com/,"Grain elevator, Agricultural service",S Valley Rd,Speer,Illinois,61479.0,http://www.facebook.com/RumboldKuhnInc,
Farmers Grain Company,(217) 944-2415,fgci@farmersgrainci.com,,http://www.farmersgrainci.com/,Grain elevator,203 Johnston St,Kenney,Illinois,61749.0,,
Grainland Cooperative,(309) 744-2218,,,https://www.grainlandcooperative.com/,Grain elevator,207 Field St,Secor,Illinois,61771.0,,
Mor-Agra Grain Handling Inc,(815) 765-2108,,,http://moragra.com/,Grain elevator,102 N State St,Poplar Grove,Illinois,61065.0,,
"FS Grain, Ohio",(815) 376-2411,,,http://www.fsgrain.com/,Grain elevator,2000 E St,Ohio,Illinois,61349.0,,
"Rumbold & Kuhn, Inc. Kewanee",(309) 751-4355,,,http://www.rkgrain.com/,"Grain elevator, Agricultural service, Animal feed store",411 N Chestnut St,Kewanee,Illinois,61443.0,http://www.facebook.com/RumboldKuhnInc,
Michlig Agricenter Inc,(309) 897-7491,,,,Grain elevator,427 S Peoria St,Bradford,Illinois,61421.0,,
"Rumbold & Kuhn, Inc. Valley",(309) 695-6431,,,http://www.rkgrain.com/,"Grain elevator, Agricultural service, Manufacturer",14888 Twp Rd 300 N,Wyoming,Illinois,61491.0,http://www.facebook.com/RumboldKuhnInc,
Peavey Grain Co,(608) 849-7090,,,,Grain elevator,6155 Co Hwy K,Waunakee,Wisconsin,53597.0,,
Ludlow Cooperative,(217) 394-2331,,,http://www.ludlowcoop.com/,Grain elevator,102 W Central St,Buckley,Illinois,60918.0,https://www.facebook.com/Ludlow-Coop-Elevator-Company-102676933142708/,https://www.linkedin.com/shareArticle?mini=true&url=https%3A%2F%2Fwww.facebook.com%2F102676933142708_1044637894328842&title=%09LAST%2024%20HR%20RAINFALLAlonzo%201.7Bryce%201Buckley%201.8Danforth%20.5Goodwine%201.2LaHogue%20.6Ludlow%203.5Paxton%204.1Piper%20City%20.5Onarga%20.75Urbana%202.2%20Bill%20Jarboe%20reporting%20in.%20%09%09
North Central Co-Op,(574) 753-2929,,,,Grain elevator,4145 W Co Rd 400 S,Logansport,Indiana,46947.0,,
Chittenden Elevator,(231) 834-5624,,,,Grain elevator,138 S Front St,Grant,Michigan,49327.0,,
"Michigan Agricultural Commodities, Inc - MAC",(989) 236-7263,info@michag.com,,http://www.michag.com/,Grain elevator,1601 N Mitchell St,Cadillac,Michigan,49601.0,https://www.facebook.com/MACommodities/,
Beardsley Farmers Elevator Co,(320) 265-6933,,,http://beardsleyfe.com/,Grain elevator,315 Railroad Ave,Beardsley,Minnesota,56211,,
Wheaton Dumont Co-Op Elevator,(701) 474-5976,,,https://www.wdcoop.com/,Grain elevator,17750 Co Rd 22,Fairmount,North Dakota,58030,,
Harvest States Co-Op,(701) 435-2471,,,,Grain elevator,221 1st Ave N,Courtenay,North Dakota,58426,,
Beardsley Farmers Elevator,(320) 748-7436,,,https://www.beardsleyfe.com/markets/cash.php,Grain elevator,305 W St Mary Ave,Barry,Minnesota,56210,,
CHS Inc,(218) 674-4131,recruiting@chsinc.com,retirement@chsinc.com,https://www.chsinc.com/,Grain elevator,6602 US-75,Murray,Nebraska,68409,https://www.facebook.com/CHSInc,https://www.linkedin.com/company/chs/
Dakota Midland Grain,(701) 465-3248,,,,Grain elevator,,Drake,North Dakota,58736,,
North Central Farmers Elevator,(701) 336-7910,,,http://www.ncfe.coop/,Grain elevator,210 US-83,Strasburg,North Dakota,58573,,
Newfolden Co-Op Elevator Association,(218) 874-7465,,,,Grain elevator,243 Railroad St S,Newfolden,Minnesota,56738,,
Agtegra Cooperative Hague,(701) 658-2347,max.vandervorste@agtegra.com,jacques.vanleeuwen@agtegra.com,https://www.agtegra.com/Locations/Hague,Grain elevator,201 Main Ave E W,Hague,North Dakota,58542,https://www.facebook.com/agtegra,https://www.linkedin.com/company/agtegracooperative/
Pekin Co-Op Elevator,(701) 296-4438,,,,Grain elevator,120 Main St,Pekin,North Dakota,58361,,
Horizon Resources,(701) 528-3832,jvanevery@horizonresources.coop,tfjeldahl@horizonresources.coop,http://www.horizonresources.coop/,Grain elevator,108 Hill St,Alamo,North Dakota,58830,https://www.facebook.com/people/Horizon-Resources-CO-OP/61552294242009/?mibextid=LQQJ4d,
Columbia Grain-Fert Plant,(218) 857-2165,cgiorganics@columbiagrain.com,cgioilseedmerchandising@columbiagrain.com,https://www.columbiagrain.com/,"Grain elevator, Government",102 S Great Northern Ave,Climax,Minnesota,56523,https://www.facebook.com/cgicolumbiagraininternational/,https://www.linkedin.com/company/columbia-grain/
Ypsilanti Equity Elevator Co,(701) 489-3379,,,,Grain elevator,204 Front St N,Ypsilanti,North Dakota,58497,,
Agwrx Cooperative,(605) 758-2361,czellner@agwrxcoop.com,bbisgard@agwrxcoop.com,http://www.agwrxcoop.com/,Grain elevator,Main St,Florence,South Dakota,57235,https://www.facebook.com/Agwrxcooperative/,
Cooperative Elevator Co.,(810) 376-8645,,,http://www.coopelev.com/,Grain elevator,2112 Black River St,Deckerville,Michigan,48427,https://www.facebook.com/CooperativeElevator/,
PK Grain Storage,(208) 447-8528,,,,Grain elevator,8633 N 55th E,Idaho Falls,Idaho,83401,,
Farmers Elevator,(406) 228-4422,david.miller@chsinc.com,kelsy.hale@chsinc.com,https://www.chsfarmerselevator.com/,Grain elevator,,Glasgow,Montana,59230,https://www.facebook.com/CHSFarmersElevator/,https://www.linkedin.com/company/chs
Miller Coors Barley Elevator,(307) 347-4529,,,,Grain elevator,,Worland,Wyoming,82401,,
Columbia Grain,(406) 622-5434,cgiorganics@columbiagrain.com,cgioilseedmerchandising@columbiagrain.com,https://www.columbiagrain.com/,Grain elevator,1703 State Hwy 387,Fort Benton,Montana,59442,https://www.facebook.com/cgicolumbiagraininternational/,https://www.linkedin.com/company/columbia-grain/
Ruby Mountain Hay & Grain Inc,(406) 684-5011,,,,Grain elevator,153 Barney Ln,Twin Bridges,Montana,59754,,
Perdue Agribusiness,(302) 629-7984,scott.raubenstine@perdue.com,refinedoilsales@perdue.com,http://perdueagribusiness.com/,Grain elevator,300 New St,Seaford,Delaware,19973,,
Highland Milling LLC,(208) 648-0954,,,http://www.highlandmillingllc.com/,Grain elevator,161 2nd St N,Bancroft,Idaho,83217.0,,
Scoular Co,(208) 648-7741,,,https://www.scoular.com/,Grain elevator,125 2nd E Ave,Bancroft,Idaho,83217.0,https://www.facebook.com/thescoularcompany/,https://www.linkedin.com/company/the-scoular-company
Wheeler Equity Exchange,(785) 332-2281,,,,Grain elevator,1455 Rd 19,St Francis,Kansas,67756.0,,
Peetz Farmers' Co-Op Co,(970) 334-2204,peetzco@peetzplace.com,,http://www.peetzco.net/,Grain elevator,35647 CO-113,Peetz,Colorado,80747.0,,
Frenchman Valley Farmers Co-Op,(308) 278-2410,kmcclain@fvcoop.net,,http://www.fvcoop.com/,Grain elevator,71752 Railroad St,Culbertson,Nebraska,69024.0,https://www.facebook.com/FrenchmanValleyCoop,https://www.linkedin.com/company/frenchman-valley-coop/
Harrold Grain Co LLC,(605) 875-3278,,,,Grain elevator,,Harrold,South Dakota,,,
CHS High Plains-Haxtun,(970) 774-6166,jason.frost@chsinc.com,brian.baar@chsinc.com,http://www.chshighplains.com/,Grain elevator,421 S Colorado Ave,Haxtun,Colorado,80731.0,https://www.facebook.com/CHSHighPlains,https://www.linkedin.com/company/chs
Orchard Seed,(402) 893-2405,,,,Grain elevator,1st St,Orchard,Nebraska,68764.0,,
Farmers Alliance,(605) 227-4227,,,,Grain elevator,207 S Railroad St,Ethan,South Dakota,57334.0,,
Yuma County Grain Co,(970) 848-3806,,,,Grain elevator,10939 US-34,Yuma,Colorado,80759.0,,
Dakota Mill & Grain,(605) 279-2261,,,http://dakotamill.com/,Grain elevator,111 2nd Ave,Wall,South Dakota,57790.0,https://www.facebook.com/dakotamillandgrain/,
Viterra,(308) 313-7820,,,https://viterra.us/,Grain elevator,70454 NE-61,Benkelman,Nebraska,69021.0,https://www.facebook.com/ViterraUS/,https://www.linkedin.com/company/viterra-us/
Frenchman Valley Farmers Co-Op,(308) 340-5710,kmcclain@fvcoop.net,,https://www.fvcoop.com/,Grain elevator,102 E 3rd St,McCook,Nebraska,69001.0,https://www.facebook.com/FrenchmanValleyCoop,https://www.linkedin.com/company/frenchman-valley-coop/
CHS High Plains-Brule,(308) 287-2304,jason.frost@chsinc.com,brian.baar@chsinc.com,http://www.chshighplains.com/,Grain elevator,103 S State St,Brule,Nebraska,69127.0,https://www.facebook.com/CHSHighPlains,https://www.linkedin.com/company/chs
Dakota Mill & Grain Inc,(605) 859-2581,,,https://www.dakotamill.com/,Grain elevator,226 Park Ave,Philip,South Dakota,57567.0,https://www.facebook.com/dakotamillandgrain/,
Scoular,(308) 352-2172,,,http://www.scoular.com/,"Grain elevator, Agricultural service",76890 NE-61,Ogallala,Nebraska,69153.0,https://www.facebook.com/thescoularcompany/,https://www.linkedin.com/company/the-scoular-company
Hall Grain Co,(970) 345-2014,,,,Grain elevator,502 Railroad Ave,Akron,Colorado,80720.0,,
Farmers Cooperative Association,(308) 276-2351,,,,Grain elevator,602 Railway St,Stratton,Nebraska,69043.0,,
Farmers Union Co-Op Supply Co,(402) 589-1120,,,,"Grain elevator, Professional services",103 W North St,Spencer,Nebraska,68777.0,,
Frenchman Valley Farmers Co-Op,(308) 340-5710,kmcclain@fvcoop.net,,https://www.fvcoop.com/,Grain elevator,102 E 3rd St,McCook,Nebraska,69001.0,https://www.facebook.com/FrenchmanValleyCoop,https://www.linkedin.com/company/frenchman-valley-coop/
Viterra,(605) 550-4107,,,https://viterra.us/,Grain elevator,"25035, 367th Ave",Kimball,South Dakota,57355.0,https://www.facebook.com/ViterraUS/,https://www.linkedin.com/company/viterra-us/
Agtegra Cooperative Kennebec Grain & Agronomy,(605) 846-1280,,,https://www.agtegra.com/,Grain elevator,115 SD-273,Kennebec,South Dakota,57544.0,https://www.facebook.com/agtegra,https://www.linkedin.com/company/agtegracooperative/
Frenchman Valley Co-op,(308) 278-2118,kmcclain@fvcoop.net,,https://www.fvcoop.com/,Grain elevator,,Culbertson,Nebraska,69024.0,https://www.facebook.com/FrenchmanValleyCoop,https://www.linkedin.com/company/frenchman-valley-coop/
"Frontier Ag, Inc.",(785) 734-2488,customerservice@frontieraginc.com,,http://www.frontieraginc.com/,"Grain elevator, Agricultural cooperative",209 US-36,Bird City,Kansas,67731.0,https://www.facebook.com/FrontierAgInc,
Gavilon Grain LLC,(308) 239-4203,,,,Grain elevator,1995 E County Rd 50,Paxton,Nebraska,69155.0,,
Farmers Cooperative Association,(308) 334-5271,,,,Grain elevator,102 W G St,Trenton,Nebraska,69044,,
ADM Edible Bean Specialties,(970) 848-3818,,,,Grain elevator,200 W 1st Ave,Yuma,Colorado,80759,,
Dakota Mill & Grain,(605) 669-2161,,,https://www.dakotamill.com/,Grain elevator,102 Railroad St,Murdo,South Dakota,57559,https://www.facebook.com/dakotamillandgrain/,
Green Plains,(402) 925-5570,lisa.gibson@gpreinc.com,media@gpreinc.com,http://www.gpreinc.com/about/green-plains-grain/,Grain elevator,87590 Hillcrest Rd,Atkinson,Nebraska,68713,https://www.facebook.com/GreenPlains,https://www.linkedin.com/company/green-plains-renewable-energy
CHS High Plains-Merritt Bunker,(970) 332-4841,jason.frost@chsinc.com,brian.baar@chsinc.com,http://www.chshighplains.com/,Grain elevator,32100 County Rd 30,Wray,Colorado,80758,https://www.facebook.com/CHSHighPlains,https://www.linkedin.com/company/chs
Harrold Terminal,(605) 875-3278,,,,Grain elevator,19723 321st Ave,Harrold,South Dakota,57536.0,,
CHS High Plains-Julesburg,(970) 474-2479,jason.frost@chsinc.com,brian.baar@chsinc.com,http://www.chshighplains.com/,Grain elevator,200 E Railroad St,Julesburg,Colorado,80737.0,https://www.facebook.com/CHSHighPlains,https://www.linkedin.com/company/chs
Cutler Grain & Chemical,(308) 228-2324,,,,Grain elevator,N Railway St,Elsie,Nebraska,69134.0,,
Frenchman Valley Farmers Co-Op,(308) 394-5610,kmcclain@fvcoop.net,,https://www.fvcoop.com/,Grain elevator,120 N Tecumseh Ave,Wauneta,Nebraska,69045.0,https://www.facebook.com/FrenchmanValleyCoop,https://www.linkedin.com/company/frenchman-valley-coop/
CHS High Plains-Otis,(970) 246-3412,jason.frost@chsinc.com,brian.baar@chsinc.com,http://www.chshighplains.com/,Grain elevator,202 S Washington St,Otis,Colorado,80743,https://www.facebook.com/CHSHighPlains,https://www.linkedin.com/company/chs
Scoular Cheyenne County,(785) 728-8351,,,http://scoularkansas.com/,Grain elevator,1892 County Rd E,St Francis,Kansas,67756,,
Midwest Cooperative,(605) 837-2235,,,,Grain elevator,1100 S Main St,Kadoka,South Dakota,57543,,
Decatur Cooperative Association,(785) 322-5281,jonim@decaturcoop.net,bfought@decaturcoop.net,https://www.decaturcoop.net/,Grain elevator,115 Sunfield Ave,Herndon,Kansas,67739.0,https://www.facebook.com/Decatur-Cooperative-Association-138970709463570/,
AG First Farmers C-Op,(605) 794-2231,,,,Grain elevator,W Main St,Toronto,South Dakota,57268.0,,
Dakota Mill & Grain Inc,(605) 852-2248,,,https://www.dakotamill.com/,Grain elevator,301 1st St SE,Highmore,South Dakota,57345.0,https://www.facebook.com/dakotamillandgrain/,
Perry Brothers Seed Inc,(970) 246-3401,,,,Grain elevator,517 S Washington St,Otis,Colorado,80743.0,,
Farmers Cooperative Elevator - Main Office,(308) 487-3317,,,http://www.farmcoop.com/,Grain elevator,317 Osborn St,Hemingford,Nebraska,69348.0,,https://www.linkedin.com/company/farmers-coop?trk=public_profile_topcard-current-company
M & M Co-Op Grain,(970) 848-5463,,,,Grain elevator,E Railroad Ave,Yuma,Colorado,80759.0,,
Scoular Co,(308) 386-4486,,,https://www.scoular.com/,Grain elevator,900 Union St,Sutherland,Nebraska,69165.0,https://www.facebook.com/thescoularcompany/,https://www.linkedin.com/company/the-scoular-company
Crossroads Cooperative,(308) 708-2145,,,https://www.crossroadscoop.com/,Grain elevator,104 US-26,Lisco,Nebraska,69148.0,https://www.facebook.com/crossroadscoop/,
Panhandle Coop Association,(308) 262-0827,info@panhandlecoop.com,,http://www.panhandlecoop.com/,Grain elevator,102 W 5th St,Safford,Arizona,85546.0,https://www.facebook.com/pages/Panhandle-Coop/178341901193,
FRONTIER EQUITY EXCHANGE,(785) 734-2488,customerservice@frontieraginc.com,,http://www.frontieraginc.com/,Grain elevator,209 Co Rd 36,Bird City,Kansas,67731.0,https://www.facebook.com/FrontierAgInc,
Central Farmers Cooperative,(605) 928-3392,,,http://www.cenfarmcoop.com/,Grain elevator,41066 270th St,Dimock,South Dakota,57331.0,https://www.facebook.com/Central-Farmers-Cooperative-1196323993725616/,
Kimball Grain Co,(605) 778-6245,,,,Grain elevator,200 Main St,Kimball,South Dakota,57355.0,,
Herbert Feed & Grain Co,(402) 668-2288,herbertfeed@gpcom.net,,https://www.agroliquid.com/partner/herbert-feed-grain-co/,Grain elevator,105 5th Ave,Verdigre,Nebraska,68783.0,https://www.facebook.com/agroliquid/,https://www.linkedin.com/company/agroliquid
CHS High Plains-Amherst,(970) 854-3141,jason.frost@chsinc.com,brian.baar@chsinc.com,http://www.chshighplains.com/,Grain elevator,34661 Co Rd 53,Amherst,Colorado,80721.0,https://www.facebook.com/CHSHighPlains,https://www.linkedin.com/company/chs
M & M Co-Op,(970) 354-7389,,,,Grain elevator,9100 County Rd DD,Idalia,Colorado,80735.0,,
Flagler Cooperative,(719) 768-3311,flaglercoop@esrta.com,,http://www.flaglercoop.com/,Grain elevator,5 Main St,Arriba,Colorado,80804.0,,
The Andersons,(308) 239-2481,,,,Grain elevator,112 W 1st St,Paxton,Nebraska,69155.0,,
Frenchman Valley Farmers Co-Op,(308) 423-2479,kmcclain@fvcoop.net,,https://www.fvcoop.com/,Grain elevator,303 E Railroad St,Benkelman,Nebraska,69021.0,https://www.facebook.com/FrenchmanValleyCoop,https://www.linkedin.com/company/frenchman-valley-coop/
Agtegra Cooperative Alpena,(605) 846-1550,payton.johnson@agtegra.com,michael.gapp@agtegra.com,https://www.agtegra.com/Locations/Alpena,Grain elevator,902 Railroad Ave,Alpena,South Dakota,57312.0,https://www.facebook.com/agtegra,https://www.linkedin.com/company/agtegracooperative/
West Plains LLC,(970) 674-1154,info@biourja.com,locationmanagers@westplainsllc.com,http://www.westplainsllc.com/,Grain elevator,105 S Kamla St,Yuma,Colorado,80759.0,,
"Dakota Mill & Grain, Inc.",(605) 895-2531,,,http://dakotamill.com/,Grain elevator,30744 241st St,Presho,South Dakota,57568.0,https://www.facebook.com/dakotamillandgrain/,
Flagler Cooperative Association- Genoa Location,(719) 763-2297,flaglercoop@esrta.com,,http://www.flaglercoop.com/,Grain elevator,420 Nolan St,Genoa,Colorado,80818.0,,
Farmers Cooperative Elevator,(507) 925-4126,,,https://www.farmerscoopelevator.com/,Grain elevator,340 4th St,Echo,Minnesota,56237.0,https://www.facebook.com/fcecompany/,
Schmitz Grain Inc,(507) 879-3230,support@cropsafe.com,,https://www.agprices.com/elevator/schmitz-grain-lake-wilson-mn-13d68de718103cbe88ae05fef07695af,Grain elevator,285 Broadway Ave N,Lake Wilson,Minnesota,56151.0,,
Archer Coop Grain Company,(877) 726-5233,arcrcoop@archercoopgrain.com,,http://www.archercoopgrain.com/,Grain elevator,5268 370th St,Archer,Iowa,51231.0,,
Earling Grain & Feed,(712) 747-2323,,,,Grain elevator,109 Railway St,Earling,Iowa,51530.0,,
New Cooperative Inc,(712) 206-4472,,,https://www.newcoop.com/,Grain elevator,3330 Moville Blacktop,Hornick,Iowa,51026.0,,
Farmers Cooperative Elevator,(712) 676-3351,grain@faccooperative.com,,http://www.faccooperative.com/,Grain elevator,112 Oak Ave,Schleswig,Iowa,51461.0,https://www.facebook.com/FACCooperative/,
Archer Coop Grain Company,(877) 726-5233,arcrcoop@archercoopgrain.com,,http://www.archercoopgrain.com/,Grain elevator,5268 370th St,Archer,Iowa,51231.0,,
Cooperative Farmers Elevator,(712) 473-2210,,,http://www.coopfe.com/,Grain elevator,304 3rd St,Alvord,Iowa,51230.0,,
Aspinwall Cooperative Co,(712) 653-3441,jirlbeck@aspinwallcoop.com,sbandow@aspinwallcoop.com,http://www.aspinwallcoop.com/,Grain elevator,201 Main St,Aspinwall,Iowa,51432.0,,
Prins Feed & Grain Co,(507) 825-5751,,,,Grain elevator,113 8th Ave NE,Pipestone,Minnesota,56164.0,,
ADM Corn Processing,(507) 347-3131,,,,"Grain elevator, ATM",521 Railroad Ave,Holland,Minnesota,56139.0,,
Cooperative Supply Co,(402) 564-5149,,,,Grain elevator,190 E Front St,Richland,Nebraska,68601.0,,
Cooperative Farmers Elevator,(712) 726-3252,,,http://www.coopfe.com/,Grain elevator,101 Main St,Doon,Iowa,51235.0,,
Cooperative Farmers Elevator,(507) 683-2731,,,http://www.coopfe.com/,Grain elevator,27884 340th St,Bigelow,Minnesota,56117.0,,
Frontier Garrison,(402) 367-3028,feedback@frontiercooperative.com,,https://www.frontiercooperative.com/,Grain elevator,1161 30 Rd,Garrison,Nebraska,68632.0,https://www.facebook.com/frontiercooperative?fref=ts,https://www.linkedin.com/company/frontier-cooperative
Tri-County Feed & Grain,(402) 337-0260,,,,Grain elevator,223 E Broadway St,Randolph,Nebraska,68771.0,,
Meadowland Farmers Co-Op Elevator,(507) 859-2101,,,http://www.meadowlandfarmerscoop.com/,Grain elevator,11670 Duncan Ave,Walnut Grove,Minnesota,56180.0,https://www.facebook.com/MeadowlandFarmersCoop,
Farmer's Cooperative Elevator Taunton,(507) 872-6161,,,https://www.farmerscoopelevator.com/markets/cash.php?location_filter=20348,Grain elevator,,Taunton,Minnesota,56291.0,https://www.facebook.com/fcecompany/,
Farmward Cooperative Elevator,(320) 765-2726,,,,Grain elevator,120 1st Ave,Sacred Heart,Minnesota,56285.0,,
Farmward Cooperative,(507) 692-2276,info@farmward.net,,http://www.farmward.net/,Grain elevator,32999 235th St,Wabasso,Minnesota,56293.0,https://www.facebook.com/farmwardcoop/,
"Ag Partners, LLC",(712) 933-2291,,,,Grain elevator,101 Market St,Royal,Iowa,51357.0,,
Amiret AG Center Grain Elevator,(507) 629-3722,,,,Grain elevator,1832 Front St,Tracy,Minnesota,56175.0,,
First Cooperative Associates,(712) 275-4255,,,,Grain elevator,102 W 1st St,Schaller,Iowa,51053.0,,
Meadowland Farmers Co-Op Elevator,(507) 342-5121,,,http://www.meadowlandfarmerscoop.com/,Grain elevator,1431 Front St,Wabasso,Minnesota,56293.0,https://www.facebook.com/MeadowlandFarmersCoop,
Cooperative Supply Co,(402) 693-2261,,,,Grain elevator,239 Front St,Dodge,Nebraska,68633.0,,
Cooperative Supply Inc,(402) 487-2295,cpieper@coopsupply.com,brunefarms@gmail.com,http://www.coopsupply.com/,Grain elevator,107 Main St,Leigh,Nebraska,68643.0,,
Farmers Grain & Stock Co,(605) 387-5137,,,http://www.hansenmueller.com/,Grain elevator,215 Railway St,Menno,South Dakota,57045.0,https://www.facebook.com/HansenMuellerCo/,https://www.linkedin.com/company/hansen-mueller-company/
Farmward Cooperative,(507) 485-3153,info@farmward.net,,https://farmward.net/,Grain elevator,3rd St & Railroad Ave,Wood Lake,Minnesota,56297.0,https://www.facebook.com/farmwardcoop/,
Cargill Inc,(308) 647-6230,,,,Grain elevator,2117 US-6,Heartwell,Nebraska,68945.0,,
Farmers Co-Op Elevator Co,(320) 564-3834,,,https://www.farmerscoopelevator.com/,Grain elevator,793 14th St,Granite Falls,Minnesota,56241.0,https://www.facebook.com/fcecompany/,
Meadowland Farmers Co-Op Avoca,(507) 335-7735,,,https://meadowlandfarmerscoop.com/,Grain elevator,125 US-59,Avoca,Minnesota,56114.0,https://www.facebook.com/MeadowlandFarmersCoop,
Central Valley Ag 81-20,(402) 337-2492,,,,Grain elevator,,McLean,Nebraska,68747.0,,
NEW New Cooperative,(712) 316-2531,,,http://www.newcoop.com/,Grain elevator,203 Main St,Washta,Iowa,51061.0,,
MaxYield Cooperative,(712) 262-4648,,,https://www.newcoop.com/,Grain elevator,19 2nd Ave NW,Fostoria,Iowa,51340.0,,
Coleridge Grain & Feed,(402) 283-4247,,,,Grain elevator,101 E Cedar St,Coleridge,Nebraska,68727.0,,
New Vision Co-Op,(800) 882-9772,farmstress@state.mn.us,,https://www.newvision.coop/,Grain elevator,412 Peavey St,Jeffers,Minnesota,56145.0,https://www.facebook.com/NewVisionCoop/,https://www.linkedin.com/company/new-vision-co-op/
Meadowland Farmers Co-Op Elevator,(507) 762-3114,,,https://www.meadowlandfarmerscoop.com/,Grain elevator,260 W South St,Vesta,Minnesota,56292.0,https://www.facebook.com/MeadowlandFarmersCoop,
CHS Eastern Farmers,(507) 283-3700,,,,Grain elevator,102 N Broadway St,Magnolia,Minnesota,56158.0,,
Farmers Pride Cooperative,(402) 748-3371,bctech@farmerspridecoop.com,,https://www.farmerspridecoop.com/,"Grain elevator, Store",86411 NE-121,Osmond,Nebraska,68765.0,https://facebook.com/farmerspridecoop?_rdr,https://www.linkedin.com/company/farmers-pride?trk=nav_account_sub_nav_company_admin
Cogdill Farm Supply Inc.,(712) 674-3344,,,http://www.cogdillfarmsupply.com/,Grain elevator,104 E Fulton St,Dow City,Iowa,51528.0,https://www.facebook.com/CogdillFarmSupply/,
Corn Bids RITTER,,015d5ce7dd3142cd8fca094a50adbf69@d.dropbox.com,,https://www.farmerscoopsociety.com/dtn-cash-bids?location=Ritter,Grain elevator,,Sheldon,Iowa,51201.0,https://www.facebook.com/farmerscoopscociety,https://www.linkedin.com/company/farmers-coop-society/mycompany/?viewAsMember=true
Frontier Cooperative,(402) 993-2236,feedback@frontiercooperative.com,,http://www.frontiercooperative.com/,"Grain elevator, Cars",222 Willard Ave,Genoa,Nebraska,68640.0,https://www.facebook.com/frontiercooperative?fref=ts,https://www.linkedin.com/company/frontier-cooperative
Soybean Bids Lime Creek,,,,https://www.farmerscoopsociety.com/dtn-cash-bids?location=Lime%20Creek,Grain elevator,,Dundee,Minnesota,56131.0,https://www.facebook.com/farmerscoopscociety,https://www.linkedin.com/company/farmers-coop-society/mycompany/?viewAsMember=true
Meadowland Farmers Co-Op Feed Mill,(507) 752-7335,,,http://www.meadowlandfarmerscoop.com/,Grain elevator,401 1st Ave W,Lamberton,Minnesota,56152.0,https://www.facebook.com/MeadowlandFarmersCoop,
Mn Falls Farmers Elevator,(320) 765-4100,,,,Grain elevator,11091 840th Ave,Sacred Heart,Minnesota,56285.0,,
Fac Farmers Arcadia Co-Op,(712) 676-3303,,,,Grain elevator,112 Oak Ave,Schleswig,Iowa,51461.0,,
CHS Eastern Farmers,(605) 238-5281,micaela.dorn@chsinc.com,,http://www.chseasternfarmers.com/,Grain elevator,200 Railway St,Hurley,South Dakota,57036.0,https://www.facebook.com/CHSIncBrandon,https://www.linkedin.com/company/chs
CHS Eastern Farmers,(507) 348-3911,micaela.dorn@chsinc.com,,http://www.chseasternfarmers.com/,Grain elevator,401 Railroad Ave S,Jasper,Minnesota,56144.0,https://www.facebook.com/CHSIncBrandon,https://www.linkedin.com/company/chs
Meadowland Farmers Co-Op Elevator,(507) 445-3451,,,http://meadowlandfarmerscoop.com/,Grain elevator,4005 United States Ave,Storden,Minnesota,56174.0,https://www.facebook.com/MeadowlandFarmersCoop,
Cogdill Farm Supply Soldier,,,,http://www.cogdillfarmsupply.com/index.cfm?show=11&mid=3&theLocation=5&layout=19,Grain elevator,310 IA-37,Soldier,Iowa,51572.0,https://www.facebook.com/CogdillFarmSupply/,
KOSTER GRAIN RODNEY,(866) 349-2750,,,http://www.kostergrain.com/Grain-Bids.html,Grain elevator,,Rodney,Iowa,51051.0,http://www.facebook.com/kostergraininc/,
New Cooperative Inc,(712) 206-4472,,,https://www.newcoop.com/,Grain elevator,3330 Moville Blacktop,Hornick,Iowa,51026.0,,
Cargill Inc,(402) 987-3854,,,https://www.cargill.com/,Grain elevator,1633 E Ave,Dakota City,Nebraska,68731.0,,
Alliance Ag & Grain,(620) 582-2251,info@aaggllc.com,,http://aaggllc.com/,Grain elevator,Kiowa County,Greensburg,Kansas,67054.0,https://www.facebook.com/aaggllc/,
Frontier AG,(785) 391-2336,customerservice@frontieraginc.com,,http://www.frontieraginc.com/,Grain elevator,273 Logan Ave,Utica,Kansas,67584.0,https://www.facebook.com/FrontierAgInc,
Frontier Co-op,(308) 357-1060,feedback@frontiercooperative.com,,https://www.frontiercooperative.com/locations/belgrade,Grain elevator,47271 N 216th Ave,Belgrade,Nebraska,68623.0,https://www.facebook.com/frontiercooperative?fref=ts,https://www.linkedin.com/company/frontier-cooperative
Pride AG Resources,(620) 335-5101,,,https://www.prideag.com/,Grain elevator,104 N Main St,Ingalls,Kansas,67853.0,https://www.facebook.com/PrideAgResources/,https://www.linkedin.com/company/1903508/admin/
Golden Valley Inc Grain Prices,(620) 525-6326,,,,Grain elevator,502 Elm St,Burdett,Kansas,67523.0,,
Kanza Cooperative- Stafford South Elevator,(620) 234-5252,jmundt@kanzacoop.com,mlubbers@kanzacoop.com,https://www.kanzacoop.com/,Grain elevator,700 S Main St,Stafford,Kansas,67578.0,https://www.facebook.com/KanzaCoop/,https://www.linkedin.com/company/8334765/
Pawnee County Co-Op,(620) 348-3295,,,,Grain elevator,534 N Main St,Macksville,Kansas,67557.0,,
Midland Marketing,(785) 662-3274,corporate@midlandmarketing.org,,https://www.midlandmarketing.org/,Grain elevator,406 Main St,Zurich,Kansas,67663.0,,
Cloud County Co-Op Jamestown,(785) 439-6541,,,http://www.cloudcountycoopinc.com/,Grain elevator,107 Spruce St,Jamestown,Kansas,66948.0,,
Frontier AG Inc,(785) 627-3315,customerservice@frontieraginc.com,,https://www.frontieraginc.com/,Grain elevator,211 5th St,Morland,Kansas,67650.0,https://www.facebook.com/FrontierAgInc,
Adm Grain,(620) 846-2218,,,,Grain elevator,28605 Co Rd 12,Montezuma,Kansas,67867.0,,
Mid-State Farmer's Co-Op,(785) 789-3653,,,,Grain elevator,300 N Railroad Ave,Timken,Kansas,67575.0,,
CHS Agri Services Center,(402) 756-3421,mychs@chsinc.com,,https://www.chsholdrege.com/,Grain elevator,206 SW Railway St,Blue Hill,Nebraska,68930.0,https://www.facebook.com/CHSagri/,https://www.linkedin.com/company/chs
OK Co-Op Grain Company,(620) 825-4212,,,http://www.okcoop.com/,"Grain elevator, Gas station",130 Main St,Kiowa,Kansas,67070.0,,
Frontier AG Inc,(785) 391-2349,customerservice@frontieraginc.com,,https://www.frontieraginc.com/,Grain elevator,KS-4,Utica,Kansas,67584.0,https://www.facebook.com/FrontierAgInc,
Offerle Co-op Grain & Supply,(620) 659-2165,,,http://www.offerle.coop/,Grain elevator,222 E Santa Fe,Offerle,Kansas,67563.0,,
Hardeman Grain & Seed,(940) 852-5118,,,,"Grain elevator, Store",444 FM2006,Chillicothe,Texas,79225.0,,
MIDWAY COOP,(785) 984-2214,osbelev@midwaycoop.com,osbss@midwaycoop.com,https://www.midwaycoop.com/,Grain elevator,306 Mill St,Alton,Kansas,67623.0,https://www.facebook.com/MidwayCoopInc/,
AGP Grain Co-Op,(402) 726-2266,,,,Grain elevator,600 Rd 309,Glenvil,Nebraska,68941.0,,
Minneola Co-Op Inc,(620) 885-4333,,,,Grain elevator,400 E Front St,Bloom,Kansas,67865.0,,
Cooperative Grain & Supply,(785) 398-2465,cgsit@cgscoop.net,,https://cgscoop.net/,Grain elevator,204 Washington St,Bazine,Kansas,67516.0,https://www.facebook.com/CGSCoop,https://www.linkedin.com/company/the-cooperative-grain-and-supply-company/
American Plains Co-op Albert Branch,(620) 923-4221,,,,Grain elevator,806 Main St,Albert,Kansas,67511.0,,
Trotter Grain & Fertilizer,(308) 745-0391,,,,Grain elevator,1122 O St,Loup City,Nebraska,68853.0,,
The Andersons,(308) 749-2554,,,https://www.agprices.com/elevator/the-andersons-anselmo-ne-53ea725a714b8ab759e00f47435dfec4,Grain elevator,81244 Rd 429,Anselmo,Nebraska,68813.0,,
MKC,(620) 967-4411,,,,Grain elevator,216 Main St,Bluff City,Kansas,67018.0,,
MIDWAY CO-OP,(785) 389-6311,osbelev@midwaycoop.com,osbss@midwaycoop.com,https://www.midwaycoop.com/,Grain elevator,14092 V Rd,Lebanon,Kansas,66952.0,https://www.facebook.com/MidwayCoopInc/,
Laird Elevator,(785) 798-2667,,,,Grain elevator,10503 KS-96,Ness City,Kansas,67560.0,,
United AG Services,(620) 586-3304,,,,Grain elevator,200 Jackson Ave,Olmitz,Kansas,67564.0,,
Frontier AG Inc,(785) 769-5271,customerservice@frontieraginc.com,,https://www.frontieraginc.com/,Grain elevator,,Collyer,Kansas,67631.0,https://www.facebook.com/FrontierAgInc,
Ahpeatone Elevator,(580) 875-3344,,,,Grain elevator,,Chattanooga,Oklahoma,73528.0,,
Midway Cooperative Association,(785) 647-6661,osbelev@midwaycoop.com,osbss@midwaycoop.com,https://www.midwaycoop.com/,Grain elevator,426 Main St,Burr Oak,Kansas,66936.0,https://www.facebook.com/MidwayCoopInc/,
Bartlett,(402) 883-2434,,,https://bartlettco.com/locations/ne/stella/,Grain elevator,101 Elm St,Stella,Nebraska,68442.0,https://www.facebook.com/BartlettCo/,https://www.linkedin.com/company/BartlettCo
Aurora Cooperative Elevator Co,(402) 356-4333,,,https://auroracoop.com/,Grain elevator,5697 3rd St,Carleton,Nebraska,68326.0,https://www.facebook.com/AuroraCooperative/,https://www.linkedin.com/company/aurora-cooperative-elevator-co
Salem Grain Co,(402) 245-5373,,,,Grain elevator,64594 707 Ln,Salem,Nebraska,68433.0,,
Rangeland Cooperative,(785) 543-2154,bwilliams@rangeland.coop,,http://www.rangeland.coop/,Grain elevator,395 W B St,Phillipsburg,Kansas,67661.0,,
Maitland Grain & Fertilizer,(660) 935-2263,,,,Grain elevator,101 Main St,Maitland,Missouri,64466.0,,
Midway Co-Op Elevator,(785) 698-2311,osbelev@midwaycoop.com,downselev@midwaycoop.com,https://www.midwaycoop.com/locations/luray-elevator,Grain elevator,101 W Ohio St,Luray,Kansas,67649.0,https://www.facebook.com/MidwayCoopInc/,
Farmers Cooperative Grain Co,(308) 749-2244,,,,Grain elevator,105 NE-2,Anselmo,Nebraska,68813.0,,
Long Island Grain Co LLC,(785) 854-7431,,,http://www.lifeedgrain.com/,Grain elevator,,Long Island,Kansas,,,
Frontier AG Inc,(785) 673-4226,customerservice@frontieraginc.com,,https://www.frontieraginc.com/,Grain elevator,202 Front St,Grainfield,Kansas,67737.0,https://www.facebook.com/FrontierAgInc,
Consolidated Grain and Barge Co.,(580) 594-2255,cgbgrainsupport@cgb.com,,https://www.cgbgrain.com/,Grain elevator,202 West Creek St,Wakita,Oklahoma,73771.0,https://www.facebook.com/cgbgrain,https://www.linkedin.com/company/151628?trk=tyah&trkInfo=clickedVertical%3Acompany%2Cidx%3A2-2-7%2CtarId%3A1429029034094%2Ctas%3Acgb
Beattie Farmers Union Co-Op,(785) 244-6496,,,,Grain elevator,115 6th St,Summerfield,Kansas,66541.0,,
Farmway Co-Op Inc-Tipton,(785) 373-4185,,,,Grain elevator,108 Washington,Tipton,Kansas,67485.0,,
Decatur Coop,(785) 678-2313,jonim@decaturcoop.net,bfought@decaturcoop.net,https://www.decaturcoop.net/,Grain elevator,1881 Q Ln,Oberlin,Kansas,67749.0,https://www.facebook.com/Decatur-Cooperative-Association-138970709463570/,
Falls City Grain Co,(402) 245-3915,,,,Grain elevator,214 W 7th St,Falls City,Nebraska,68355.0,,
Farmers Cooperative - Marietta Branch,(785) 744-3216,sdelong@farmersco-operative.com,rprellwitz@farmersco-operative.com,http://www.farmersco-operative.com/,Grain elevator,104 Main St,Oketo,Kansas,66518.0,https://www.facebook.com/FarmersCooperative,
Pro-Ag Marketing,(785) 638-2310,proag@proagmarketing.com,,https://www.proagmarketing.com/,Grain elevator,671 Railroad Ave,Agra,Kansas,67621.0,https://www.facebook.com/ProAgMarketing,
Farmers Cooperative Union,(620) 938-2979,,,,Grain elevator,602 Main St,Chase,Kansas,67524.0,,
Ag Valley Co-op,(308) 962-7790,billing@agvalley.com,info@agvalley.com,http://www.agvalley.com/,Grain elevator,901 Pine St,Arapahoe,Nebraska,68922.0,https://www.facebook.com/AgValleyCoop/,https://www.linkedin.com/company/agvalleycoop/
Healy Co-Op Elevator Co,(620) 398-2211,,,,Grain elevator,2002 Dodge Rd,Healy,Kansas,67850.0,,
Farmers Cooperative Gin Co,(580) 479-5572,,,,Grain elevator,324 1st St,Grandfield,Oklahoma,73546.0,,
Mid-State Farmer's Co-Op Inc,(785) 356-2355,,,,"Grain elevator, Propane supplier",Main St,Bison,Kansas,67520.0,,
Farmers Co-Op Elevator Co,(620) 459-6413,,,,Grain elevator,202 S Santa Fe Ave,Pretty Prairie,Kansas,67570.0,,
Ahpeatone Elevator,(580) 875-3344,,,,Grain elevator,,Chattanooga,Oklahoma,73528,,
Midland Marketing,(785) 737-4135,corporate@midlandmarketing.org,,https://www.midlandmarketing.org/,Grain elevator,104 Main St,Palco,Kansas,67657,,
American Plains Co-op Susank Branch,(620) 653-7683,nmoeder@gbcoop.com,cguesnier@gbcoop.com,http://www.apcoop.com/,Grain elevator,95 Hoisington St,Susank,Kansas,67544.0,https://www.facebook.com/GreatBendCoop/,
Elevator,(580) 667-5229,,,,Grain elevator,100 SW 4th St,Tipton,Oklahoma,73570.0,,
Farmers Grain Co,(580) 839-2291,,,https://farmersgraincompany.com/,"Grain elevator, Gas station",304 W Grand,Nash,Oklahoma,73761.0,https://facebook.com/farmersgraincompany,
Hi-Plains Cooperative Association,(785) 475-3621,,,http://www.hi-plainscoop.com/,Grain elevator,204 KS-383,Dresden,Kansas,67635.0,,
Pride Ag Resources,(620) 865-4121,,,https://www.prideag.com/,"Grain elevator, Gas station",706 Bent St,Ensign,Kansas,67841.0,https://www.facebook.com/PrideAgResources/,https://www.linkedin.com/company/1903508/admin/
Trotter Grain and Fertilizer,(308) 446-2209,,,https://www.trotterinc.com/,Grain elevator,101-153 Clifford St,Litchfield,Nebraska,68852.0,https://www.facebook.com/Trotter-Grain-And-Fertilizer-Loup-City-866986120106528/,
Midway Cooperative Mr Tire,(785) 698-2311,osbelev@midwaycoop.com,osbss@midwaycoop.com,https://www.midwaycoop.com/locations,Grain elevator,19363 KS-18,Luray,Kansas,67649.0,https://www.facebook.com/MidwayCoopInc/,
Performance Plus Liquid,(308) 894-5005,,,http://feedperformanceplus.com/,Grain elevator,1000 Zurich St,Palmer,Nebraska,68864.0,,
Offerle Co-op Grain and Supply Bellefont KS,(620) 385-2822,,,,Grain elevator,10275 Commercial Ave,Spearville,Kansas,67876.0,,
Craig Supply & Grain Co,(660) 683-5631,,,https://mobile.craiggrain.com/cash/prices.php,Grain elevator,102 Main St,Craig,Missouri,64437.0,,
Portis Elevator,(785) 346-2021,osbelev@midwaycoop.com,downselev@midwaycoop.com,https://www.midwaycoop.com/locations/portis-elevator,Grain elevator,219 Market St,Portis,Kansas,67474.0,https://www.facebook.com/MidwayCoopInc/,
Chs Agri Services Center,(402) 756-6201,mychs@chsinc.com,,https://www.chsholdrege.com/,Grain elevator,9309 S Lincoln Ave,Roseland,Nebraska,68973.0,https://www.facebook.com/CHSagri/,https://www.linkedin.com/company/chs
Farmers Cooperative,(402) 266-5951,sdelong@farmersco-operative.com,rprellwitz@farmersco-operative.com,http://www.farmersco-operative.com/,"Grain elevator, Agricultural cooperative",134 S Burlington Ave,Exeter,Nebraska,68351.0,https://www.facebook.com/FarmersCooperative,
Frieling Grain Co Inc,(785) 697-2267,,,,Grain elevator,7th St,Gaylord,Kansas,67638.0,,
Mid Kansas Coop,,contactus@mkcoop.com,,http://mkcoop.com/,Grain elevator,206 Indiana St,Plains,Kansas,67869.0,https://www.facebook.com/pages/Mid-Kansas-Cooperative/258505330862882,https://www.linkedin.com/company/549602?trk=tyah
CHS,(785) 475-3116,mychs@chsinc.com,,http://chsoberlin.com/,Grain elevator,708 E Frontier Pkwy,Oberlin,Kansas,67749.0,https://www.facebook.com/CHSagri/,https://www.linkedin.com/company/chs
Pride AG Resources,(620) 846-2235,,,https://www.prideag.com/,Grain elevator,103 W Texcoco St,Montezuma,Kansas,67867.0,https://www.facebook.com/PrideAgResources/,https://www.linkedin.com/company/1903508/admin/
"Ag Partners Cooperative, Inc. - Rulo, Nebraska",(402) 245-4840,contact@agpartnerscoop.com,,https://www.agpartnerscoop.com/,"Grain elevator, Agricultural cooperative",3rd St,Rulo,Nebraska,68431.0,https://www.facebook.com/agpartnerscoopinc/,
Rangeland Coop,(785) 689-4653,bwilliams@rangeland.coop,,https://www.rangeland.coop/,Grain elevator,201 1st St,Logan,Kansas,67646.0,,
Bartlett,(620) 398-2316,,,https://bartlettco.com/locations/ks/healy/,Grain elevator,2000 Dodge Rd,Healy,Kansas,67850.0,https://www.facebook.com/BartlettCo/,https://www.linkedin.com/company/BartlettCo
"Ag Partners Cooperative, Inc. - Baileyville, Kansas",(785) 336-6601,contact@agpartnerscoop.com,,https://www.agpartnerscoop.com/,"Grain elevator, Agricultural cooperative",444 Main St,Baileyville,Kansas,66404.0,https://www.facebook.com/agpartnerscoopinc/,
Farmers Exchange of Goltry,(580) 496-2359,,,http://www.farmersexchangecoop.com/goltry,Grain elevator,100 N Mcclure Ave,Goltry,Oklahoma,73739.0,,
Farmers Grain Company,(580) 594-2234,,,https://farmersgraincompany.com/,Grain elevator,Elm St,Wakita,Oklahoma,73771.0,https://facebook.com/farmersgraincompany,
MIDWAY COOP,(785) 984-2214,osbelev@midwaycoop.com,osbss@midwaycoop.com,https://www.midwaycoop.com/,Grain elevator,306 Mill St,Alton,Kansas,67623.0,https://www.facebook.com/MidwayCoopInc/,
Jackson Farmers Inc,(785) 364-2966,,,,Grain elevator,Holton Feed Ml,Marysville,Kansas,66508.0,,
Pride AG Resources,(620) 369-2320,,,https://www.prideag.com/,Grain elevator,227 Main St,Kingsdown,Kansas,67842.0,https://www.facebook.com/PrideAgResources/,https://www.linkedin.com/company/1903508/admin/
Ely's Inc,(402) 257-2125,support@cropsafe.com,,https://www.agprices.com/elevator/elys-inc-guide-rock-ne-203d1d4794b4fd8d6cdb8818994d1ded,Grain elevator,101 University Ave,Guide Rock,Nebraska,68942.0,,
Rangeland Cooperative Association,(785) 689-4653,bwilliams@rangeland.coop,,http://www.rangeland.coop/,Grain elevator,306 Main St,Logan,Kansas,67646.0,,
Ag Valley Co-op: Grain Location,(308) 473-4075,billing@agvalley.com,info@agvalley.com,http://www.agvalley.com/,Grain elevator,10876 US Hwy 136,Orleans,Nebraska,68966.0,https://www.facebook.com/AgValleyCoop/,https://www.linkedin.com/company/agvalleycoop/
Midway Coop Agronomy,(785) 346-5821,osbelev@midwaycoop.com,downselev@midwaycoop.com,https://www.midwaycoop.com/locations/osborne-elevator,Grain elevator,406 N 1st St,Osborne,Kansas,67473.0,https://www.facebook.com/MidwayCoopInc/,
Cairo Co-Op Equity Exchange,(620) 532-4462,,,,Grain elevator,2407 N State Road 14,Kingman,Kansas,67068.0,,
AGP Grain Marketing LLC,(402) 726-2145,,,http://www.agp.com/,Grain elevator,,Fairfield,Nebraska,,,https://www.linkedin.com/company/ag-processing-inc
Golden Valley Inc.,(620) 527-4306,katieh@gvinc.coop,,https://www.gvinc.coop/,Grain elevator,1338 US-183,Larned,Kansas,67550.0,https://www.facebook.com/GoldenValleyInc,
Alliance Ag & Grain,(620) 324-5563,info@aaggllc.com,,http://aaggllc.com/,Grain elevator,2357 170th Ave,Lewis,Kansas,67552.0,https://www.facebook.com/aaggllc/,
Farmers Cooperative,(402) 791-5837,sdelong@farmersco-operative.com,rprellwitz@farmersco-operative.com,http://www.farmersco-operative.com/,Grain elevator,305 Main St,Firth,Nebraska,68358.0,https://www.facebook.com/FarmersCooperative,
Alliance Ag & Grain,(620) 385-2611,info@aaggllc.com,,https://www.aaggllc.com/,Grain elevator,202 E Santa Fe St,Spearville,Kansas,67876.0,https://www.facebook.com/aaggllc/,
Pride Ag Resources,(620) 623-2115,,,http://www.prideag.com/,Grain elevator,106 Broadway St,Hanston,Kansas,67849.0,https://www.facebook.com/PrideAgResources/,https://www.linkedin.com/company/1903508/admin/
Pride AG Resources,(620) 369-2212,,,https://www.prideag.com/,Grain elevator,1001 Prairie St,Ford,Kansas,67842.0,https://www.facebook.com/PrideAgResources/,https://www.linkedin.com/company/1903508/admin/
Pawnee County Co-Op,(620) 569-2266,,,,Grain elevator,400 US-56,Garfield,Kansas,67529.0,,
Woodston Elevator,(785) 994-6515,,,,Grain elevator,2795 US-24,Woodston,Kansas,67675.0,,
Phillips Seed Farms Inc,(785) 283-4734,,,http://www.phillipsseed.com/,Grain elevator,333 N 30th Rd,Tescott,Kansas,67484.0,https://www.facebook.com/phillipsseedfarms,
Hi-Plains Cooperative,(785) 673-4699,,,https://www.hi-plainscoop.com/,Grain elevator,504 Cedar St,Park,Kansas,67751.0,,
The Cooperative Grain and Supply Company,(785) 398-2271,cgsit@cgscoop.net,,http://www.cgscoop.net/,Grain elevator,107 N Main St,Bazine,Kansas,67516.0,https://www.facebook.com/CGSCoop,https://www.linkedin.com/company/the-cooperative-grain-and-supply-company/
Frontier Ag,(785) 421-7141,customerservice@frontieraginc.com,,https://www.frontieraginc.com/,Grain elevator,2532 US-283,Hill City,Kansas,67642.0,https://www.facebook.com/FrontierAgInc,
Central Farmers Co-Op,(402) 368-5308,,,,Grain elevator,100 N Center St,Tilden,Nebraska,68781.0,,
Midland Marketing Co-Op Inc,(785) 885-4282,corporate@midlandmarketing.org,,https://www.midlandmarketing.org/,Grain elevator,801 N 1st St,Natoma,Kansas,67651.0,,
MIDWAY CO-OP,(785) 389-6311,osbelev@midwaycoop.com,osbss@midwaycoop.com,https://www.midwaycoop.com/,Grain elevator,14092 V Rd,Lebanon,Kansas,66952.0,https://www.facebook.com/MidwayCoopInc/,
C&M Supply,(402) 262-2388,,,,Grain elevator,210 S Deweese St,Deweese,Nebraska,68934.0,,
Ag Valley Co-op,(308) 692-3444,billing@agvalley.com,info@agvalley.com,http://www.agvalley.com/,"Grain elevator, Fuel supplier",86 Commercial St,Bartley,Nebraska,69020.0,https://www.facebook.com/AgValleyCoop/,https://www.linkedin.com/company/agvalleycoop/
Lippert Grain Co,(785) 944-3315,,,,Grain elevator,204 Dixon Ave,Green,Kansas,67447.0,,
Farmers Cooperative,(785) 363-2555,sdelong@farmersco-operative.com,rprellwitz@farmersco-operative.com,http://www.farmersco-operative.com/,"Grain elevator, Agricultural cooperative",210 S Nebraska Ave,Waterville,Kansas,66548.0,https://www.facebook.com/FarmersCooperative,
Midway Co-Op,(785) 346-5749,osbelev@midwaycoop.com,osbss@midwaycoop.com,https://www.midwaycoop.com/,Grain elevator,1641 US-24,Osborne,Kansas,67473.0,https://www.facebook.com/MidwayCoopInc/,
Farmers Co-Op Association,(785) 889-4226,,,,Grain elevator,401 Oak Dr,Onaga,Kansas,66521.0,,
United Farmers Co-Op,(785) 446-3544,,,,Grain elevator,201 Upton St,Clyde,Kansas,66938.0,,
Ag Choice of Olpe,(620) 475-3801,,,http://agchoice.net/index.cfm?show=10&mid=18,Grain elevator,1046 Rd 80,Olpe,Kansas,66865.0,,
Bar J Farms Grain Facility,(417) 927-3480,,,,Grain elevator,VGXF+8P,Richards,Missouri,64778.0,,
A G Co-Op Services Inc,(660) 366-4325,a.yeater@agcoopservices.com,josh@agcoopservices.com,https://agcoopservices.net/,Grain elevator,100 S Vine St,Otterville,Missouri,65348.0,,
Vision AG LLC,(319) 657-2911,dkhali@keotafarmerscoop.com,,https://www.keotafarmerscoop.com/,Grain elevator,2952 IA-92,Ainsworth,Iowa,52201.0,https://www.facebook.com/fca.visionag,https://www.linkedin.com/company/farmers-coop-association-vision-ag-llc/
Consolidated Grain and Barge Co.,(309) 924-1664,cgbgrainsupport@cgb.com,,https://www.cgbgrain.com/,Grain elevator,101 Weaver St,Media,Illinois,61460.0,https://www.facebook.com/cgbgrain,https://www.linkedin.com/company/151628?trk=tyah&trkInfo=clickedVertical%3Acompany%2Cidx%3A2-2-7%2CtarId%3A1429029034094%2Ctas%3Acgb
Ursa Farmers Co-Op,(217) 842-5231,,,https://www.ursacoop.com/,Grain elevator,208 E 5th St,Bowen,Illinois,62316.0,https://www.facebook.com/UrsaFarmersCooperative,
Consolidated Grain and Barge Co.,(217) 755-4221,cgbgrainsupport@cgb.com,,https://www.cgbgrain.com/,Grain elevator,2531 N Co Rd 1750,Niota,Illinois,62358.0,https://www.facebook.com/cgbgrain,https://www.linkedin.com/company/151628?trk=tyah&trkInfo=clickedVertical%3Acompany%2Cidx%3A2-2-7%2CtarId%3A1429029034094%2Ctas%3Acgb
ADM,(660) 739-4329,,,,"Grain elevator, Pet food and animal feeds",MO-156,Novelty,Missouri,63460.0,,
MFA Agri Services,(660) 652-3360,,,,Grain elevator,102 State Hwy M,Guilford,Missouri,64457.0,,
"Western Grain Marketing, LLC",(309) 458-6271,,,http://www.westerngrainmarketing.com/,"Grain elevator, Agricultural service",4155 IL-61,Colmar,Illinois,62367.0,,
Gold-Eagle Cooperative - Titonka,(515) 928-2272,,,https://www.goldeaglecoop.com/,Grain elevator,57 Elevator Ave E,Titonka,Iowa,50480.0,,
Stateline Cooperative,(641) 562-2404,,,https://statelinecoop.com/,Grain elevator,3413 IA-9,Buffalo Center,Iowa,50424.0,https://www.facebook.com/StateLineCooperative,
Bird Island Bean Co LLC,(320) 365-3070,,,https://www.bibcllc.com/,Grain elevator,81591 400th St,Bird Island,Minnesota,55310.0,,
Pro Coop,(515) 890-5463,rklaassen@procooperative.com,mstrohman@procooperative.com,https://procooperative.com/cash-bids/,Grain elevator,601 Broad St,Rolfe,Iowa,50581.0,https://www.facebook.com/ProCooperative,
North Iowa Co-Op Elevator,(641) 696-3382,,,https://www.nicoop.com/,Grain elevator,607 Main St,Plymouth,Iowa,50464.0,https://www.facebook.com/northiowacoop/,
Five Star Cooperative - Swaledale,(641) 822-3221,marketing@fivestarcoop.com,,https://www.fivestarcoop.com/,"Grain elevator, Agricultural cooperative, Agricultural service",513 Main St,Swaledale,Iowa,50477.0,https://www.facebook.com/FiveStarCoop/,
MaxYield Cooperative,(712) 454-1061,,,https://www.newcoop.com/,Grain elevator,122 W Main St,Klemme,Iowa,50449.0,,
Pro Cooperative Wallingford Elevator,(515) 884-8462,rklaassen@procooperative.com,mstrohman@procooperative.com,https://procooperative.com/,"Grain elevator, Diesel fuel supplier, Animal feed store, Fuel supplier, Gas station, Propane supplier",115 Elevator Rd,Wallingford,Iowa,51365.0,https://www.facebook.com/ProCooperative,
Five Star Cooperative - Rockwell,(641) 822-3221,marketing@fivestarcoop.com,,https://www.fivestarcoop.com/locations,"Grain elevator, Agricultural cooperative, Agricultural service",420 Main St E,Rockwell,Iowa,50469.0,https://www.facebook.com/FiveStarCoop/,
Soybean Bids Bradford,,communications@landus.ag,,https://www.landuscooperative.com/grain/futures,Grain elevator,,Bradford,Iowa,50041.0,https://www.facebook.com/LandusAg/,https://www.linkedin.com/company/landusAg/
Stateline Cooperative,(712) 362-3545,,,https://statelinecoop.com/,Grain elevator,1746 500th Ave,Armstrong,Iowa,50514.0,https://www.facebook.com/StateLineCooperative,
Gavilon Grain LLC,(641) 323-1190,,,https://viterra.us/,Grain elevator,104 Front St,Joice,Iowa,50446.0,https://www.facebook.com/ViterraUS/,https://www.linkedin.com/company/viterra-us/
Stateline Cooperative,(712) 868-3150,,,https://statelinecoop.com/,Grain elevator,706 S 6th St,Armstrong,Iowa,50514.0,https://www.facebook.com/StateLineCooperative,
Country Partners Co-Op,(308) 496-4280,,,https://www.countrypartnerscoop.com/,Grain elevator,608 N Rail Rd,North Loup,Nebraska,68859.0,https://www.facebook.com/CountryPartnersCooperative/?fref=ts,https://www.linkedin.com/company/countrypartners-cooperative/
Northern Country Co-Op,(641) 713-4598,jschwenneker@nexus.coop,ddavis@nexus.coop,http://www.ncountrycoop.com/,Grain elevator,4701 Hickory Ave,Toeterville,Iowa,50481.0,http://www.facebook.com/NexusCooperative,http://www.linkedin.com/company/nexuscooperative
"Ag Partners, LLC",(712) 288-4453,,,,Grain elevator,106 S Main St,Fonda,Iowa,50540.0,,
Central Farm Service,(507) 728-8253,,,http://www.cfscoop.com/,Grain elevator,300 E 1st St,Welcome,Minnesota,56181.0,https://www.facebook.com/CentralFarmService/,
Farmers Win Coop,(319) 352-1354,dheimerdinger@farmerswin.com,rtorgerson@farmerswin.com,https://www.farmerswin.com/,Grain elevator,1905 Ivory Ave #9586,Waverly,Iowa,50677.0,https://www.facebook.com/farmerswin/info/?tab=page_info,
Qualley Feed & Grain,(641) 394-4338,,,,Grain elevator,2491 120th St,New Hampton,Iowa,50659.0,,
TLJ Grain Inc,(563) 423-5262,,,,Grain elevator,90 Stone St,Clermont,Iowa,52135,,
Innovative A Services,(641) 364-2009,info@innovativeag.com,mitch.grummitt@ias.coop,https://www.innovativeag.com/locations/elma,Grain elevator,109 E Weber St,Alta Vista,Iowa,50603.0,https://www.facebook.com/InnovativeAgServices/,https://www.linkedin.com/company/innovative-ag-services/
Art's Milling Services,(563) 569-8386,support@cropsafe.com,,https://www.agprices.com/elevator/art-s-milling-service-protivin-ia-7ca75cbb1017de0baa6d2becaf34a139,Grain elevator,326 100th St,Protivin,Iowa,52163.0,,
Farmers Win Coop,(641) 394-2183,dheimerdinger@farmerswin.com,rtorgerson@farmerswin.com,http://www.farmerswin.com/,Grain elevator,302 N Sheppard St,Ionia,Iowa,50645.0,https://www.facebook.com/farmerswin/info/?tab=page_info,
Leahy Grain Inc,(608) 776-2097,,,,Grain elevator,20972 County Highway F,Darlington,Wisconsin,53530.0,,
Cedar Knoll Farm Inc,(608) 643-6720,,,,Grain elevator,E10967 County Road C,North Freedom,Wisconsin,53951.0,,
Schultz Enterprises Inc,(608) 253-5521,,,,Grain elevator,,Delton,Wisconsin,,,
Cargill Inc,(815) 925-7311,,,,Grain elevator,S Front St Mulberry,Hennepin,Illinois,61327.0,,
Consolidated Grain & Barge Co.,(815) 876-2900,cgbgrainsupport@cgb.com,,http://www.cgbgrain.com/,Grain elevator,7305 IL-26 #1,Princeton,Illinois,61356.0,https://www.facebook.com/cgbgrain,https://www.linkedin.com/company/151628?trk=tyah&trkInfo=clickedVertical%3Acompany%2Cidx%3A2-2-7%2CtarId%3A1429029034094%2Ctas%3Acgb
Premier Cooperative Inc,(217) 568-7374,,,https://www.premiercooperative.net/,Grain elevator,201 S Main St,Gifford,Illinois,61847.0,,
Consolidated Grain & Barge Co.,(815) 876-2900,cgbgrainsupport@cgb.com,,http://www.cgbgrain.com/,Grain elevator,7305 IL-26 #1,Princeton,Illinois,61356.0,https://www.facebook.com/cgbgrain,https://www.linkedin.com/company/151628?trk=tyah&trkInfo=clickedVertical%3Acompany%2Cidx%3A2-2-7%2CtarId%3A1429029034094%2Ctas%3Acgb
FS Grain,(800) 669-2437,,,https://www.fsgrain.com/markets/cash.php?location_filter=76275&showcwt=1,Grain elevator,"Bureau County, 7305 IL-26",Princeton,Illinois,61356.0,,
DSF,(615) 696-4772,,,,Grain elevator,8621 US-41,Adams,Tennessee,37010.0,,
Montgomery Farmers Co-Op,(931) 485-2886,,,,Grain elevator,5149 Guthrie Rd,Guthrie,Kentucky,42234.0,,
Grand Prairie Co-Op Inc,(217) 598-2312,,,,Grain elevator,118 E Market St,Sadorus,Illinois,61872,,
Total Grain Marketing,(217) 536-6962,,,http://www.totalgrainmarketing.com/,Grain elevator,222 East St,Watson,Illinois,62473.0,https://www.facebook.com/southcentralfs/,
Consolidated Grain and Barge Co,(270) 686-8926,cgbgrainsupport@cgb.com,,http://cgbgrain.com/,Grain elevator,3150 Rinaldo Rd,Owensboro,Kentucky,42301.0,https://www.facebook.com/cgbgrain,https://www.linkedin.com/company/151628?trk=tyah&trkInfo=clickedVertical%3Acompany%2Cidx%3A2-2-7%2CtarId%3A1429029034094%2Ctas%3Acgb
Specialized Coating,(217) 578-2986,,,http://binseal.com/,Grain elevator,170 E Co Rd 700 N,Arthur,Illinois,61911.0,,
Gavilon Grain,(765) 522-1540,,,,Grain elevator,3237 East St #236,Roachdale,Indiana,46172.0,,
Total Grain Marketing,(217) 682-5741,,,http://www.totalgrainmarketing.com/,Grain elevator,303 IL-32,Stewardson,Illinois,62463.0,https://www.facebook.com/southcentralfs/,
Gavilon Grain,(765) 522-1540,,,,Grain elevator,3237 East St #236,Roachdale,Indiana,46172.0,,
Country Partners Co-Op,(308) 497-2266,,,http://www.countrypartnerscoop.com/,Grain elevator,310 Railroad Ave,Spalding,Nebraska,68665.0,https://www.facebook.com/CountryPartnersCooperative/?fref=ts,https://www.linkedin.com/company/countrypartners-cooperative/
Trade One,(719) 767-2808,,,,Grain elevator,44905 Co Rd Q,Cheyenne Wells,Colorado,80810.0,,
"Attebury Grain, LLC",,,,https://www.attebury.com/,Grain elevator,,White Deer,Texas,,,
Gavilon Grain LLC,(806) 825-3366,,,,Grain elevator,,Farwell,Texas,79325.0,,
Frontier AG,(785) 846-7435,customerservice@frontieraginc.com,,https://www.frontieraginc.com/,Grain elevator,1860 US-40,Winona,Kansas,67764.0,https://www.facebook.com/FrontierAgInc,
Boise City Farmers Co-Op Elvtr,(580) 426-2271,,,,Grain elevator,,Felt,Oklahoma,73937.0,,
Bartlett,(719) 727-4311,,,https://bartlettco.com/locations/co/towner/,Grain elevator,78321 CO-96,Towner,Colorado,81071.0,https://www.facebook.com/BartlettCo/,https://www.linkedin.com/company/BartlettCo
Scott Co-Op Association,(620) 872-2845,,,https://www.scottcoop.com/,Grain elevator,272 Modoc Ln,Modoc,Kansas,67863.0,https://www.facebook.com/geraldgrain/?_rdr=p&fref=ts,
Scoular Northwest,(620) 376-2061,,,http://scoularkansas.com/,Grain elevator,County Road 7,Tribune,Kansas,67879.0,,
Frontier Ag Elevator,(785) 399-2321,,,,"Grain elevator, Auto repair shop, Gas station",123 N Railroad St,Kanorado,Kansas,67741.0,,
"Kem-Tek Grain Service, Inc.",(785) 673-6404,,,,"Grain elevator, Service establishment",,,,,,
Skyland Grain,,,,https://www.skylandgrain.com/location/kismet/,Grain elevator,Kismet Rd,Kismet,Kansas,67859.0,https://www.facebook.com/Skylandgrain/,https://www.linkedin.com/company/skyland-grain-llc/
Karlin Inc,(785) 824-3281,,,,Grain elevator,"402 S Railroad , Grinnell, KS 67738",Grinnell,Kansas,67738.0,,
North Fork Grain LLC,(719) 324-5246,info@northforkgrain.com,,http://www.northforkgrain.com/,Grain elevator,312 Santa Fe St,Walsh,Colorado,81090.0,https://www.facebook.com/NorthForkGrain,
Equity Exchange,(580) 361-2228,prairieola@myequityexchange.com,petersburg@myequityexchange.com,https://www.myequityexchange.com/,Grain elevator,Hwy 83 North,Balko,Oklahoma,73931.0,https://www.facebook.com/PerrytonEquityExchange/,
ADM Brewster,,reasonableaccommodations@adm.com,,http://www.adm.com/,Grain elevator,410 Railroad St,Brewster,Kansas,67732.0,,https://www.linkedin.com/company/adm/
United Prairie Ag - Lydia,(620) 375-4857,,,http://www.unitedpag.com/lydia,Grain elevator,3641 KS-25,Lakin,Kansas,67860.0,,
Frontier AG Inc,(785) 687-3535,customerservice@frontieraginc.com,,http://frontieraginc.com/,Grain elevator,405 Main St,Gem,Kansas,67734.0,https://www.facebook.com/FrontierAgInc,
Buckeye Skyland,(719) 537-6728,,,,Grain elevator,3159 CO-89,Holly,Colorado,81047.0,,
Frontier-Ag,(785) 855-2256,customerservice@frontieraginc.com,,https://www.frontieraginc.com/,Grain elevator,100 5th St,Menlo,Kansas,67753.0,https://www.facebook.com/FrontierAgInc,
Frontier AG Inc Fertilizer Office,(785) 687-2175,,,,Grain elevator,405 Main St,Rexford,Kansas,67753.0,,
Skyland Grain LLC,(620) 495-3410,,,http://skylandgrain.com/,Grain elevator,951 S Big Bow Grade,Johnson City,Kansas,67855.0,https://www.facebook.com/Skylandgrain/,https://www.linkedin.com/company/skyland-grain-llc/
Skyland Grain LLC,(620) 493-3238,,,https://www.skylandgrain.com/,Grain elevator,15400 US-160,Manter,Kansas,67862.0,https://www.facebook.com/Skylandgrain/,https://www.linkedin.com/company/skyland-grain-llc/
Adm Grain,(580) 854-6285,,,,Grain elevator,102 Oklahoma St,Tyrone,Oklahoma,73951.0,,
Cargill Inc,(806) 983-3509,,,,Grain elevator,,Floydada,Texas,79235.0,,
Elkhart Cooperative Equity,(620) 592-2741,,,,Grain elevator,1040 U Blvd,Richfield,Kansas,67953.0,,
Seibert Equity Co-Op Association,(970) 664-2211,,,http://seibertequity.com/,Grain elevator,15155 Co Rd V,Seibert,Colorado,80834.0,,
Gavilon Grain LLC,(806) 652-3326,,,,Grain elevator,741 US-70,Lockney,Texas,79241.0,,
Frontier AG Inc,(785) 846-7451,customerservice@frontieraginc.com,,https://www.frontieraginc.com/,Grain elevator,308 Winona Ave,Winona,Kansas,67764.0,https://www.facebook.com/FrontierAgInc,
United Plains AG,(620) 376-4282,mychs@chsinc.com,,https://chsunitedplainsag.com/,Grain elevator,504 W Salina St,Tribune,Kansas,67879.0,https://www.facebook.com/CHS.UPA.AG/,https://www.linkedin.com/company/chs
Scoular Horace,(620) 376-4616,,,,Grain elevator,901 Railroad St,Tribune,Kansas,67879.0,,
Scott Coop Selkirk,(620) 375-4000,,,,Grain elevator,"1120 W, Co Rd P #1/2",Leoti,Kansas,67861.0,,
Southeastern Colorado Co-Op,(719) 734-5472,,,,Grain elevator,103 E Half Ave,Granada,Colorado,81041.0,,
Burlington Elevator Division,(719) 346-5569,,,,Grain elevator,1750 S Railroad Ave,Burlington,Colorado,80807.0,,
ADM,(620) 668-5534,,,,Grain elevator,2502 US-56,Copeland,Kansas,67837.0,,
"Flatlands Grain, LLC",(806) 684-2710,,,https://www.evansgrainkress.com/,Grain elevator,101 US-87,Kress,Texas,79052.0,,
Quality Grain LLC,(580) 545-3688,,,,Grain elevator,,Goodwell,Oklahoma,73939.0,,
Equity Exchange,(806) 878-2284,,,,Grain elevator,101 S 1st St,Morse,Texas,79062.0,,
Temple Grain,(719) 336-4116,,,,Grain elevator,705 W Hickory St B,Lamar,Colorado,81052.0,,
Scott Cooperative Association,(620) 379-4468,,,http://www.scottcoop.com/,Grain elevator,129 N Rd #120,Marienthal,Kansas,67863.0,https://www.facebook.com/geraldgrain/?_rdr=p&fref=ts,
Myersfarms Bins,(785) 443-0214,,,,"Grain elevator, Service establishment",,,,,,
Dalhart Consumer Wilco Elevtr,(806) 384-2224,,,,Grain elevator,4601 FM2577,Dalhart,Texas,79022.0,,
Frontier Ag Edson Location,(785) 899-6518,customerservice@frontieraginc.com,,http://www.frontieraginc.com/,Grain elevator,US-24,Edson,Kansas,67733.0,https://www.facebook.com/FrontierAgInc,
Frontier AG,(785) 462-8642,customerservice@frontieraginc.com,,https://www.frontieraginc.com/,Grain elevator,3179 US-83,Rexford,Kansas,67753.0,https://www.facebook.com/FrontierAgInc,
Scoular,(785) 671-3681,,,https://scoular.com/,Grain elevator,406 Fifth St,Monument,Kansas,67747.0,https://www.facebook.com/thescoularcompany/,https://www.linkedin.com/company/the-scoular-company
Agro Distribution,(806) 732-2115,,,,Grain elevator,1470 TX-83,Denver City,Texas,79323.0,,
Frontier Ag Inc,(785) 694-2281,customerservice@frontieraginc.com,,https://www.frontieraginc.com/,Grain elevator,428 Kansas Ave,Brewster,Kansas,67732.0,https://www.facebook.com/FrontierAgInc,
Frontier AG,(785) 824-3274,customerservice@frontieraginc.com,,https://www.frontieraginc.com/,"Grain elevator, Gas station",100 Railroad Ave,Grinnell,Kansas,67738.0,https://www.facebook.com/FrontierAgInc,
Frontier Ag Inc,(785) 460-0174,customerservice@frontieraginc.com,,https://www.frontieraginc.com/,Grain elevator,,Colby,Kansas,,https://www.facebook.com/FrontierAgInc,
Bartlett Grain Company,(620) 598-2144,,,https://www.bartlettandco.com/,Grain elevator,112 E Cimarron St,Moscow,Kansas,67952.0,https://www.facebook.com/BartlettCo/,https://www.linkedin.com/company/BartlettCo
Skyland Grain LLC,(620) 493-3610,,,http://skylandgrain.com/,Grain elevator,100 Railway Ave,Manter,Kansas,67862.0,https://www.facebook.com/Skylandgrain/,https://www.linkedin.com/company/skyland-grain-llc/
Arizona Grain Inc,(719) 754-2208,,,http://www.arizonagrain.com/,Grain elevator,540 S Torres St,Center,Colorado,81125.0,,
Trinidad Benham,+1 308-762-1866,,,,Grain elevator,1219 E 3rd St,Alliance,Nebraska,69301,,
New Alliance Bean & Grain,+1 308-436-5849,,,https://www.westco.coop/pages/custom.php?id=33518,Grain elevator,951 Rundell Rd,Gering,Nebraska,69341,,
Bartlett,+1 620-792-0526,,,https://bartlettco.com/locations/ks/great-bend/,Grain elevator,15 NE 60 Ave,Great Bend,Kansas,67530,https://www.facebook.com/BartlettCo/,https://www.linkedin.com/company/BartlettCo
Donovan Farmers Co-Op Elevator,+1 815-486-7325,mschall@donovanfarmerscoop.com,,http://www.donovanfarmerscoop.com/,Grain elevator,201 SW Railroad St Ave,Donovan,Illinois,60931,,
Donovan Farmers Co-Op Elevator,+1 815-428-7513,mschall@donovanfarmerscoop.com,,http://www.donovanfarmerscoop.com/,Grain elevator,104 1st St,Martinton,Illinois,60951,,
Primient Grain Darrow,+1 815-429-3888,elizabeth.wheatley@primient.com,pete.wasiloski@primient.com,https://primient.com/,Grain elevator,2754 E 1400 North Rd,Sheldon,Illinois,60966,https://www.facebook.com/Primient.Global/,https://www.linkedin.com/company/primient/
Premier Cooperative Inc,+1 217-569-2155,,,https://www.premiercooperative.net/,Grain elevator,3395 N 315 East Rd,Potomac,Illinois,61865,,
Premier Cooperative Inc,+1 217-397-2245,,,https://www.premiercooperative.net/,Grain elevator,4709 E 3800 N Rd,Rankin,Illinois,60960,,
Premier Cooperative Inc,+1 217-688-2307,,,https://www.premiercooperative.net/,Grain elevator,301 S David St,Sidney,Illinois,61877,,
Gerald Grain Center,+1 419-274-8030,mgoess@saxonfleetservices.com,,http://www.geraldgrain.com/,Grain elevator,115 Main St,Hamler,Ohio,43524,https://www.facebook.com/geraldgrain/?_rdr=p&fref=ts,
Consolidated Grain and Barge Co.,+1 502-585-5321,,,http://www.cgbgrain.com/,Grain elevator,1047 S 15th St,Louisville,Kentucky,40210,,
CHS - Myrtle Grove terminal,+1 504-656-2212,casey.christensen@chsinc.com,chscareers@chsinc.com,http://www.chsinc.com/,Grain elevator,434 E Ravenna Rd,Belle Chasse,Louisiana,70037,https://www.facebook.com/CHSInc,https://www.linkedin.com/company/chs/
"Authorized Grain Service, LLC",+1 937-439-2445,,,http://www.authorizedgrain.com/,Grain elevator,4508 Gateway Cir #1712,Kettering,Ohio,45440,,
The Andersons,+1 217-352-7011,cgrogan@growmark.com,,https://www.andersonsgrain.com/locations/il/champaign/,Grain elevator,3515 County Rd 800 E,Champaign,Illinois,61822,,
Premier Cooperative Inc,+1 217-897-1111,,,https://www.premiercooperative.net/,Grain elevator,1 Main St,Dewey,Illinois,61840,,
Hartog Elevator Ritter,+1 712-324-2681,noreply@hartogelevator.com,hartog_elevator@hotmail.com,http://www.hartogelevator.com/,Grain elevator,5147 280th St,Sheldon,Iowa,51201,,
Pettisville Grain Co,+1 419-446-2547,,,http://pettisvillegrain.com/,Grain elevator,18251 Co Rd DE,Pettisville,Ohio,43553,,
Gerald Grain Center,+1 419-598-8015,mgoess@saxonfleetservices.com,,http://www.geraldgrain.com/,Grain elevator,14540 Co Rd U,Napoleon,Ohio,43545,https://www.facebook.com/geraldgrain/?_rdr=p&fref=ts,
Prattville Fertilizer & Grain,+1 517-383-2244,,,,Grain elevator,12755 E Kipp St,Pittsford,Michigan,49271,,
Mercer Landmark - Coldwater Grain North,+1 419-363-2700,,,https://mercerlandmark.com/grain/,Grain elevator,9421 OH-118,Rockford,Ohio,45882,,
Tishomingo Grain & Elevator Co,+1 662-438-6404,,,,Grain elevator,1 Front St,Tishomingo,Mississippi,38873,,
Millar Grain Services Inc,+1 608-884-6602,,,,Grain elevator,528 WI-73,Edgerton,Wisconsin,53534,,
Gerald Grain Center,+1 419-533-2321,,,https://www.geraldgrain.com/,Grain elevator,105 W North St,Liberty Center,Ohio,43532,,
Gilboa Elevator Inc,+1 419-456-3310,,,,Grain elevator,219 Pearl St,Gilboa,Ohio,45875,,
Ridgeville Elevator Inc,+1 419-264-5601,,,https://www.ridgeville-elevator.com/,Grain elevator,726 Co Rd J #10,Malinta,Ohio,43535,,
Andersons Plant Nutrient,+1 419-242-5052,,,,Grain elevator,440 Kuhlman Dr,Toledo,Ohio,43609,,
Attebury Grain LLC,+1 806-665-5008,,,https://www.attebury.com/,Grain elevator,11685 FM 293,Pampa,Texas,79065,,
Hillsdale Elevator,+1 309-526-3657,,,http://www.hillsdaleelevator.com/,Grain elevator,2929 N 1300th Ave,Orion,Illinois,61273,,
Waverly Elevator,+1 605-882-4095,,,,Grain elevator,124 1st Ave,Watertown,South Dakota,57201,,
Bunge - Indianapolis,+1 800-726-5094,,,http://www.bungeag.com/?utm_source=extnet&utm_medium=yext,"Grain elevator, Agricultural service",1102 W 18th St,Indianapolis,Indiana,46202,,
CHS,+1 320-634-3028,trevor.johnson19@chsinc.com,guy.bray@chsinc.com,http://www.chs-herman.com/,"Grain elevator, Agricultural cooperative, Agricultural service",1511 11th Avenue NE,Glenwood,Minnesota,56334,https://www.facebook.com/CHSIncHerman/,https://www.linkedin.com/company/chs
Roscoe Elevator Inc,+1 320-243-4082,,,,Grain elevator,501 1st St,Roscoe,Minnesota,56371,,
Nexus Co-op,+1 507-324-5242,ddavis@nexus.coop,mruggles@nexus.coop,http://www.ncountrycoop.com/,Grain elevator,108 S Everett St,Le Roy,Minnesota,55951,http://www.facebook.com/NexusCooperative,http://www.linkedin.com/company/nexuscooperative
CHS Inc,+1 507-754-5125,,,https://www.chsinc.com/,Grain elevator,73057 MN-16,Grand Meadow,Minnesota,55936,,
Regal Elevator Inc,+1 320-243-4220,,,,Grain elevator,14365 293rd Ave NE,Belgrade,Minnesota,56312,,
"MarKit County Grain, LLC",+1 218-437-6424,,,http://www.markitcountygrain.com/,Grain elevator,36200 330th St NW,Argyle,Minnesota,56713,https://www.facebook.com/Markit-County-Grain-LLC-161828530501506/,
Raymond Farmers Co-Op,+1 320-967-4271,bfeldman@prinsburgcoop.com,,https://prccoop.com/,Grain elevator,104 Babcock Ave,Raymond,Minnesota,56282,,
Waldron Grain & Fuel Co,+1 517-286-6201,,,http://www.waldrongrain.com/,Grain elevator,305 Center St,Waldron,Michigan,49288,,
Milnor Grain Co,+1 701-427-5284,krista@milnorgrain.com,paul@milnorgrain.com,http://milnorgrain.com/,Grain elevator,621 3rd St,Milnor,North Dakota,58060,,
Oelwein Elevator Co,+1 319-283-1914,,,,Grain elevator,1102 1st Ave SW,Oelwein,Iowa,50662,,
Mid Coast Grain Co,+1 979-843-5531,,,,Grain elevator,405 Farm to Market Rd 1468,Markham,Texas,77456,,
Peterson Grain,+1 507-451-3403,dan@petersongrain.com,,http://petersongrain.com/,Grain elevator,9116 SW 13th St,Waseca,Minnesota,56093,,
CFS Delavan,+1 507-854-3207,,,http://www.cfscoop.com/,Grain elevator,208 S Main St,Delavan,Minnesota,56023,https://www.facebook.com/CentralFarmService/,
Gateway FS Inc,+1 618-329-5311,,,https://www.gatewayfs.com/,Grain elevator,465 E Main St,Oakdale,Illinois,62268,,
Franklin Elevator Inc,+1 217-675-2393,,,https://www.franklinelevator.com/,Grain elevator,300 N Railroad St,Franklin,Illinois,62638,,
Lewis-Clark Terminal,,,,https://portofclarkston.com/,Grain elevator,1010 Port Way,Clarkston,Washington,99403,,
Wheaton-Dumont Co-Op Elevator,+1 320-563-8822,,,https://www.wdcoop.com/,Grain elevator,211 US-75,Dumont,Minnesota,56236,,
Hopkinsville Elevator Co,+1 270-475-9600,,,https://www.hopelevator.com/,Grain elevator,4895 Pembroke Rd,Hopkinsville,Kentucky,42240,,
"Western Grain Marketing, LLC",+1 217-773-3911,,,http://www.westerngrainmarketing.com/,"Grain elevator, Agricultural service",104 W Railroad St,Mt Sterling,Illinois,62353,,
Viterra,+1 817-916-7280,,,https://viterra.us/,Grain elevator,425 Fairmount St,Saginaw,Texas,76179,https://www.facebook.com/ViterraUS/,https://www.linkedin.com/company/viterra-us/
Attebury Grain LLC,+1 817-847-8210,,,https://www.attebury.com/,Grain elevator,624 Burlington Rd,Saginaw,Texas,76179,,
"Morrill Elevator, Inc.",+1 785-459-2297,,,http://morrillelevator.com/,"Grain elevator, Restaurant",120 Fanning St,Morrill,Kansas,66515,,
Adm Grain,+1 712-243-6567,,,,Grain elevator,54464 Olive St,Atlantic,Iowa,50022,,
Ridgeville Elevator Inc,+1 419-413-3244,,,https://ridgeville-elevator.com/,Grain elevator,20903 US-6,Ridgeville Corners,Ohio,43555,,
Cone Elevator of Lubbock,+1 806-763-8211,,,,Grain elevator,1423 N Avenue P,Lubbock,Texas,79403,,
Attebury Grain,+1 806-765-7223,,,https://www.attebury.com/locations,Grain elevator,2500 E 37th St,Lubbock,Texas,79404,,
Attebury Grain LLC,+1 806-652-3393,,,https://www.attebury.com/,Grain elevator,202 E Shurbet St,Lockney,Texas,79241,,
Evans Grain Inc,+1 806-684-2710,,,,Grain elevator,7212 FM 145,Kress,Texas,79052,,
Farmers Cooperative Association,+1 940-663-6312,,,,Grain elevator,400 E Nelson St,Quanah,Texas,79252,,
Sovereign Grain Services,+1 563-547-4120,,,,Grain elevator,12936 Robin Ave,Cresco,Iowa,52136,,
ADM St. Louis (Elevator),+1 314-241-9113,,,https://admadvantage.com/contact-us/?location=St._Louis~Missouri_(ELEVATOR),Grain elevator,105 E Prairie Ave,St. Louis,Missouri,63147,,
Bagby Elevator Co Inc,+1 850-434-7709,,,,"Grain elevator, Professional services",,Pensacola,Florida,32502,,
Farmers Union Elevator Co,+1 701-734-6780,welevco@bektel.com,,http://www.wiltonfarmerselevator.com/,Grain elevator,15 Dakota Ave,Wilton,North Dakota,58579,,
Primient,+1 800-373-6200,,,http://www.primient.com/,Grain elevator,9838 N County Rd 000 E,Mattoon,Illinois,61938,,
"Goodfield Specialty Grain, LLC - Country Facility",+1 309-208-9836,,,,Grain elevator,402 IL-117,Goodfield,Illinois,61742,,
Bruntlett Elevator,+1 515-352-3118,belevator@wccta.net,,http://bruntlettelevator.wixsite.com/gowrie,Grain elevator,906 Park St,Gowrie,Iowa,50543,https://www.facebook.com/pages/Gowrie-Iowa/86515913729,
Nicolson & Edwards Grain,+1 712-957-2415,,,,Grain elevator,375 3rd St SW,Primghar,Iowa,51245,,
Hartog Elevator,+1 712-728-2237,,,http://hartogelevator.com/,Grain elevator,2851 Tanager Ave #7417,Hartley,Iowa,51346,,
Cooperative Farmers Elevator,+1 712-754-3631,,,,Grain elevator,1631 US-59,Allendorf,Iowa,51354,,
River-Rail Elevator,+1 913-281-3227,,,,Grain elevator,1310 Fairfax Trafficway,Kansas City,Kansas,66115,,
Bartlett,+1 913-321-1696,,,https://bartlettco.com/locations/ks/kansas-city-fairfax/,Grain elevator,940 Kindleberger Rd,Kansas City,Kansas,66115,https://www.facebook.com/BartlettCo/,https://www.linkedin.com/company/BartlettCo
Ruff Brothers Grain,+1 309-443-5091,,,http://www.ruffrail.com/,Grain elevator,1184 W Washington St,Low Point,Illinois,61545,,
Pearl City Elevator Inc,+1 815-449-2254,,,https://pce-coops.com/,Grain elevator,5984 IL-75,Dakota,Illinois,61018,https://www.facebook.com/pcecoop/,https://www.linkedin.com/company/pcecoop/
Augusta Farmers Co-Op,+1 217-392-2184,,,https://www.augustafarmers.com/,Grain elevator,511 Center St,Augusta,Illinois,62311,,
CIE - Vermont,+1 765-452-3266,info@cie.us,,http://cie.us/,Grain elevator,1471 County Rd North 500 E,Kokomo,Indiana,46901,,
"Kokomo Grain Co., Inc.",+1 812-526-5574,twhite@kokomograin.com,jortman@kokomograin.com,http://www.kokomograin.com/,Grain elevator,6672 E 650 S,Edinburgh,Indiana,46124,,
"Kokomo Grain Co., Inc.",+1 800-666-0685,,,https://www.kokomograin.com/,Grain elevator,11505 S 800 E,Amboy,Indiana,46911,,
Macy Elevator,+1 574-382-3405,,,,Grain elevator,2787 W 1350 N,Macy,Indiana,46951,,
Malt One,+1 612-782-2082,,,http://www.ceresglobalagcorp.com/,Grain elevator,2901 5th St NE,Minneapolis,Minnesota,55418,,
Citizens LLC,+1 269-660-9934,,,http://www.citizenselevator.com/,Grain elevator,772 E Emmett St,Battle Creek,Michigan,49014,,
Knappen Milling Co,+1 269-731-4141,knappen@knappen.com,,http://www.knappenmilling.com/,Grain elevator,110 S Water St,Augusta,Michigan,49012,https://www.facebook.com/KnappenMillingCo/,https://www.linkedin.com/company/knappen-milling-co
Doon Elevator,+1 712-726-3215,,,https://m.doonelevator.com/cash/prices.php,Grain elevator,301 Gere Ave,Doon,Iowa,51235,,
Farmers Cooperative Elevator,+1 308-432-4787,,,http://www.farmerscoopelevator.com/,Grain elevator,214 Main St,Chadron,Nebraska,69337,,
F H Schafer Elevator Inc,+1 308-632-2712,,,,Grain elevator,909 Broadway,Scottsbluff,Nebraska,69361,,
Consolidated Grain & Barge Co.,+1 731-285-3640,,,https://www.cgbgrain.com/,Grain elevator,4344 Everett Lake Rd,Dyersburg,Tennessee,38024,,
Garden City Co-op - Plymell Elevator,+1 620-271-0771,,,http://www.gccoop.com/,"Grain elevator, Agricultural cooperative",195 E Craft Rd,Garden City,Kansas,67846,,
Garden City Co-op - Gano Elevator,+1 620-275-1222,,,,Grain elevator,2790 W Gano Rd,Garden City,Kansas,67846,,
Garden City Coop - Rock Island Elevator,+1 620-424-4663,,,,Grain elevator,6890 E Rd 5,Ulysses,Kansas,67880,,
Garden City Co-Op - Amy Elevator,+1 620-397-2339,,,https://www.gccoop.com/,Grain elevator,74 KS-96,Healy,Kansas,67850,,
Garden City Co-Op - Alamota Elevator,+1 620-397-5688,,,,Grain elevator,136 S Tomahawk,Dighton,Kansas,67839,,
Garden City Co-Op - Deerfield,+1 620-426-7661,,,https://www.gccoop.com/locations/deerfield-elevator,Grain elevator,206 W 6th St,Deerfield,Kansas,67838,,
Garden City Co-Op - Hickok Elevator,+1 620-356-2233,,,https://www.gccoop.com/,Grain elevator,7154 US-160,Ulysses,Kansas,67880,,
Garden City Co-Op - Wolf Elevator,+1 620-426-8446,wolf@gccoop.com,,https://www.gccoop.com/locations/wolf-elevator,Grain elevator,12835 W Lowe Rd,Deerfield,Kansas,67838,https://www.facebook.com/gardencitycoop/,https://www.linkedin.com/company/garden-city-co-op/
Garden City Co-Op - Charleston Elevator,+1 620-335-5165,,,,Grain elevator,6505 US-50,Ingalls,Kansas,67853,,
Garden City Co-Op - Shields Elevator,,,,http://www.gccoop.com/,Grain elevator,7 E KS-4,Shields,Kansas,67839,,
Garden City Co-Op - Pierceville Elevator,+1 620-335-5126,,,https://www.gccoop.com/,Grain elevator,111 Mansfield Rd,Pierceville,Kansas,67868,,
GA Grain Bin Solutions,+1 620-521-0808,gagrainbinsolutions@gmail.com,,https://www.gagrainbinsolutions.com/,Grain elevator,310 N Main St,Garden City,Kansas,67846,,
Adm Grain,+1 715-592-3715,,,https://www.adm.com/,Grain elevator,2417 Stockton Rd,Stevens Point,Wisconsin,54482,,
Bartlett,+1 712-322-3444,,,https://bartlettco.com/locations/ia/council-bluffs-north/,Grain elevator,1030 Ave L,Council Bluffs,Iowa,51503,https://www.facebook.com/BartlettCo/,https://www.linkedin.com/company/BartlettCo
Banner Co-Op Elevator Association,+1 405-354-5248,,,https://www.bannercoop.net/,Grain elevator,4175 N Banner Rd,El Reno,Oklahoma,73036,,
Schroeder Grain Co,+1 405-262-5609,,,,Grain elevator,620 S Evans Ave,El Reno,Oklahoma,73036,,
Ag Partners Topeka Terminal,+1 785-235-5155,,,,Grain elevator,610 SE 10th Ave,Topeka,Kansas,66607,,
Oberbeck Grain Co,+1 618-654-2387,,,,Grain elevator,700 Walnut St,Highland,Illinois,62249,,
Martinsburg Farmers Elevator,+1 573-492-6218,,,,Grain elevator,102 2nd St,Martinsburg,Missouri,65264,,
"Pruess Elevator, Inc",+1 563-944-5580,,,https://www.pruesselevator.com/,Grain elevator,717 Union Ave,Lowden,Iowa,52255,,
River Valley Cooperative,+1 319-482-3101,info@rivervalleycoop.com,,http://www.rivervalleycoop.com/,Grain elevator,24528 Co Rd E45,Martelle,Iowa,52305,https://www.facebook.com/rivervalleycoop/,https://www.linkedin.com/company/river-valley-cooperative
River Valley Cooperative,+1 563-942-3365,,,http://rivervalleycoop.com/,Grain elevator,1142 US-30,Stanwood,Iowa,52337,,
Heartland Co-Op Elevator,+1 515-677-2256,,,https://www.heartlandcoop.com/pages/custom.php?id=167,Grain elevator,500 Walnut St,Minburn,Iowa,50167,,
Evergreen FS Yuton,+1 309-454-2406,,,https://www.evergreen-fs.com/Products-Services/Grain,"Grain elevator, Agricultural cooperative",10903 E 1700 North Rd,Bloomington,Illinois,61705,,
Meadowland Farmers Co-Op Elevator,+1 507-641-3304,,,https://meadowlandfarmerscoop.com/,Grain elevator,600 Cass Ave,Redwood Falls,Minnesota,56283,,
Consolidated Grain and Barge Co.,+1 812-926-0740,,,http://www.cgbgrain.com/,"Grain elevator, Agricultural service",210 George St,Aurora,Indiana,47001,,
Montrose Agri Services Inc,+1 660-693-4711,,,,Grain elevator,410 Missouri Ave,Montrose,Missouri,64770,,
MFA AGRI SERVICES,+1 573-641-5511,,,https://www.mfa-inc.com/,Grain elevator,400 Main St,Clark,Missouri,65243,,
Deerfield Grain,+1 417-966-7292,,,,Grain elevator,201 Walnut St,Deerfield,Missouri,64741,,
Cooperative Farmers Elevator,+1 712-724-6171,,,https://www.coopfe.com/,Grain elevator,127 1st Ave,Ashton,Iowa,51232,,
Tyson Foods Local Grain Services - Elizabeth City,+1 844-816-8579,,,https://www.localgrainservices.com/,Grain elevator,1262 US-17,Elizabeth City,North Carolina,27909,,
Coastal Grain Services,+1 713-676-1895,,,,Grain elevator,1606 Clinton Dr,Galena Park,Texas,77547,,
Crystal Valley Coop-Jackson Elevator,+1 507-847-2252,,,https://crystalvalley.coop/about-us/locations/jackson,Grain elevator,119 Co Hwy 23,Jackson,Minnesota,56143,https://www.facebook.com/CrystalValleyMN/,https://www.linkedin.com/company/crystal-valley-cooperative/
Troy Elevator,+1 641-938-2828,lsmith@troyelevatorinc.com,lrickelman@troyelevatorinc.com,https://www.troyelevatorinc.com/,"Grain elevator, Professional services",104 E South St,Blakesburg,Iowa,52536,,
Heartland Co-Op Redfield Elevator,+1 515-833-2953,,,https://www.heartlandcoop.com/pages/custom.php?id=167,Grain elevator,513 1st St,Redfield,Iowa,50233,,
Consolidated Grain and Barge Co.,+1 580-237-4691,,,https://www.cgbgrain.com/,Grain elevator,2301 N 30th St,Enid,Oklahoma,73701,,
Poinsett Rice & Grain Inc,+1 870-336-2268,keith@poinsettrice.com,shon@poinsettrice.com,http://www.poinsettrice.com/,Grain elevator,6211 Southwest Dr,Jonesboro,Arkansas,72404,,
West Prairie Grain,+1 870-684-2271,,,,Grain elevator,8873 Raybourn Rd,Weiner,Arkansas,72479,,
Ozark Mountain Poultry,+1 870-770-1902,,,,Grain elevator,4337 AR-158,Bay,Arkansas,72411,,
Poinsett Rice & Grain,+1 870-588-3381,keith@poinsettrice.com,shon@poinsettrice.com,http://www.poinsettrice.com/,Grain elevator,227 Martin Dr,Cherry Valley,Arkansas,72324,,
Grange Co-op: Grain Elevator,+1 541-664-2433,,,https://www.grangecoop.com/,Grain elevator,28 S Front St,Central Point,Oregon,97502,,
Stone Station Elevator,+1 765-584-6595,stonestationelevator1@gmail.com,,http://www.stonestationelevator.com/,Grain elevator,1560 W 500 N,Winchester,Indiana,47394,,
Kansas Grain,+1 419-986-5117,,,,Grain elevator,6040 Township Rd 174,Kansas,Ohio,44841,,
Blanchard Valley Farmers Co-Op,+1 419-477-5411,,,https://www.legacyfarmers.com/,Grain elevator,400 S Main St,Mt Cory,Ohio,45868,https://www.facebook.com/legacyfarmers,https://www.linkedin.com/company/legacy-farmers-cooperative/
Mid-West Fertilizer,+1 620-485-3215,mwfcredit@mwfert.com,,https://www.midwestfertilizerinc.com/,"Grain elevator, Agricultural service",3424 County Rd 5125,Liberty,Kansas,67351,https://www.facebook.com/pages/Mid-Kansas-Cooperative/258505330862882,https://www.linkedin.com/company/mid-west-fertilizer
Turon Mill & Elevator Inc,+1 620-497-6417,,,http://turonmill.com/,Grain elevator,207 W Price Ave,Turon,Kansas,67583,,
South Lawrence Co-Op Elevator,+1 785-841-7583,,,,Grain elevator,1941 Moodie Rd,Lawrence,Kansas,66046,,
Tyson's Inc,+1 402-456-7679,,,,Grain elevator,302 Big T Ln,Herman,Nebraska,68029,,
Grain States Soya Inc,+1 402-372-2429,,,https://soybest.com/,Grain elevator,400 Johnson Rd,West Point,Nebraska,68788,,
"Mitchek Elevator, LLC",+1 970-522-2713,,,http://allenmitchekfeedandgrain.weebly.com/feedlots.html,Grain elevator,247 Sierra Vista St,Sterling,Colorado,80751,,
Goodwine Co-Op Grain Company,+1 217-375-4410,,,https://www.agprices.com/elevator/goodwine-coop-hoopeston-il-0f8da6c101fc5ae9892dc1877ff7a402,Grain elevator,1661 E 200 North Rd,Hoopeston,Illinois,60942,,
Big River Resources Grain Elevator,+1 309-734-8424,bigriverportal@bigriverresources.com,info@bigriverresources.com,http://www.bigriverresources.com/,Grain elevator,"2200-2240, US-67",Monmouth,Illinois,61462,https://www.facebook.com/pages/Big-River-Resources-LLC/181368415222259,
Kennessee Elevator Co,+1 931-552-7970,,,,Grain elevator,550 Port Royal Rd,Clarksville,Tennessee,37040,,
Star of the West Milling Co.,+1 989-868-9662,,,https://www.starofthewest.com/,Grain elevator,203 S Bradleyville Rd,Reese,Michigan,48757,https://www.facebook.com/SOTWMilling/,
Hartford Elevator,+1 620-392-5530,,,,Grain elevator,400 Commercial St,Hartford,Kansas,66854,,
Midwest Cooperative,+1 605-224-5935,kimball.russell@chsinc.com,kadyn.drew@chsinc.com,http://www.midwestcooperatives.com/,Grain elevator,1919 E Sioux Ave,Pierre,South Dakota,57501,https://www.facebook.com/chsriverplains/,https://www.linkedin.com/company/chs
Meyers Grain LLC,+1 717-658-9655,,,https://www.meyersgrain.com/,Grain elevator,752 Zarger Rd,Greencastle,Pennsylvania,17225,,
Farmers Grain of Maxwell,+1 317-326-3164,,,,Grain elevator,6 S Main St,Maxwell,Indiana,46154,,
Maizena & Sunburst LLC,+1 509-765-4022,,,,Grain elevator,2883 Rd N NE,Moses Lake,Washington,98837,,
"CGB Enterprises, Inc.",+1 479-474-7931,,,http://www.cgb.com/,Grain elevator,1800 Riverfront Rd,Van Buren,Arkansas,72956,,
Consolidated Grain and Barge Co.,+1 479-474-7931,,,http://www.cgbgrain.com/,Grain elevator,1800 Riverfront Rd,Van Buren,Arkansas,72957,,
The Andersons - Humboldt,+1 731-784-3213,,,,Grain elevator,7 Anderson Dr,Humboldt,Tennessee,38343,,
Consolidated Grain & Barge Co.,+1 217-432-8321,,,https://www.cgbgrain.com/,"Grain elevator, Agricultural service",32211 102nd St,Hull,Illinois,62343,,
Crossroads Cooperative Association,+1 308-254-3863,,,https://crossroadscoop.com/,Grain elevator,811 County Rd 103,Sidney,Nebraska,69162,https://www.facebook.com/crossroadscoop/,
Farmers Elevator Co,+1 308-254-3308,,,,Grain elevator,1433 Illinois St,Sidney,Nebraska,69162,,
Galesville Elevator Co,+1 217-489-2121,,,,Grain elevator,1st St,Mansfield,Illinois,61854,,
Nine Point Grain,+1 979-543-2462,,,https://coastalwarehouse.com/,Grain elevator,408 E 1st St,El Campo,Texas,77437,,
"Greenfield Grain, LLC",+1 318-559-2200,info@gfh.ag,,https://www.gfh.ag/,Grain elevator,501 Port Rd,Lake Providence,Louisiana,71254,,https://www.linkedin.com/company/greenfield-holdings-llc/
Viserion Grain Lake Providence,+1 318-559-2175,,,https://www.viseriongrain.com/,Grain elevator,337 Port Rd,Lake Providence,Louisiana,71254,,
Top AG Co-Op,+1 618-566-8248,info@topag.net,,https://www.topag.net/,Grain elevator,502 S Railway St,Mascoutah,Illinois,62258,https://www.facebook.com/TopAg,https://www.linkedin.com/company/1617558/admin/feed/posts/
Evergreen FS,+1 309-727-1211,,,https://www.evergreen-fs.com/Products-Services/Grain,"Grain elevator, Agricultural cooperative, Agricultural service",102 S Main St,Arrowsmith,Illinois,61722,,
Mid-West Fertilizer,+1 620-857-4500,mwfcredit@mwfert.com,,https://www.midwestfertilizerinc.com/,"Grain elevator, Agricultural service, Animal feed store, Propane supplier",2243 Soldier Rd,Fort Scott,Kansas,66701,https://www.facebook.com/pages/Mid-Kansas-Cooperative/258505330862882,https://www.linkedin.com/company/mid-west-fertilizer
ADM New Haven,+1 260-749-0022,,,https://admadvantage.com/contact-us/?location=New_Haven~Indiana,Grain elevator,356 Hartzell Rd,New Haven,Indiana,46774,,
Ag Plus,+1 260-632-4221,,,https://www.agplusinc.com/,Grain elevator,4515 Union St,Woodburn,Indiana,46797,,
"Bruce Oakley, Inc.",+1 501-354-4684,,,http://www.bruceoakley.com/Divisions/River-Ports/Morrilton,Grain elevator,1110 AR-9,Morrilton,Arkansas,72110,,
Stickney Co-Op Elevator,+1 605-732-4261,stickneyelev@midstatesd.net,,https://www.stickneyelevator.com/,Grain elevator,107 S 1st St,Stickney,South Dakota,57375,,
Columbia Grain LLC.,+1 402-204-5916,,,https://columbiagrain.com/,Grain elevator,4935 E J St,Hastings,Nebraska,68901,,
Manning Grain Co,+1 402-266-3701,kent@manninggrain.com,,https://www.manninggrain.com/futures.html,Grain elevator,4 Burress Rd,Fairmont,Nebraska,68354,,
Consolidated Grain and Barge Co.,+1 662-746-5663,,,https://www.cgbgrain.com/,Grain elevator,826 Levee Rd,Yazoo City,Mississippi,39194,,
Dummer's Grain Service,+1 877-515-1850,,,https://buckcountrygrain.com/markets/stocks.php?article=globenews-2020-9-29-nikola-shareholder-alert-by-former-louisiana-attorney-general-kahn-swick-and-foti-llc-reminds-investors-with-losses-in-excess-of-100000-of-lead-plaintiff-deadline-in-class-action-lawsuits-against-nikola-corporation-nkla-nklaw-fka-vecto,Grain elevator,1100 Poydras St,New Orleans,Louisiana,70163,,
Vision AG LLC,+1 641-636-2140,dkhali@keotafarmerscoop.com,,https://www.keotafarmerscoop.com/,Grain elevator,2038 Keokuk-Washington Rd,Keota,Iowa,52248,https://www.facebook.com/fca.visionag,https://www.linkedin.com/company/farmers-coop-association-vision-ag-llc/
Winema Elevators Inc,+1 530-667-2275,,,,Grain elevator,623 Modoc Ave,Tulelake,California,96134,,
Mauney Grain Co,+1 704-463-5880,,,http://mauneygrain.com/,Grain elevator,710 US-52,New London,North Carolina,28128,,
Peachey Brothers Elevator,+1 920-689-2211,,,,Grain elevator,W6130 Main St,Burnett,Wisconsin,53922,,
Commerce City Grain #2,+1 720-855-3693,,,,Grain elevator,1451 Cargill Dr,Denver,Colorado,80221,,
Co-Alliance Scircleville,+1 765-249-2258,,,http://www.co-alliance.com/,Grain elevator,16 S Co Rd 1100 E #8323,Frankfort,Indiana,46041,https://www.facebook.com/KeystoneCooperativeInc,https://www.linkedin.com/company/keystone-cooperative
Harvest Land Co-Op,+1 765-874-2500,,,,Grain elevator,755 E 500 S,Winchester,Indiana,47394,,
Adm,+1 989-754-2708,,,,Grain elevator,3089 N Beyer Rd,Saginaw,Michigan,48601,,
Bartlett Grain Co LP,+1 434-845-2038,,,,Grain elevator,2540 Fairview Ave,Lynchburg,Virginia,24501,,
Agrex Inc.,+1 402-454-3366,jfugitt@agrexinc.com,tbrabec@agrexinc.com,https://www.agrexinc.com/cbloc-2399,Grain elevator,83270 553rd Ave,Norfolk,Nebraska,68701,,
Vogel Grain,+1 402-925-2624,,,,Grain elevator,406 W 5th St,Atkinson,Nebraska,68713,,
AG Processing Inc,+1 402-455-2845,,,https://www.agp.com/,Grain elevator,6501 N 9th St,Omaha,Nebraska,68112,,
ADM Grain,+1 402-465-3221,,,https://admadvantage.com/contact-us/?location=Lincoln~Nebraska_(ELEVATOR),Grain elevator,2400 Fair St,Lincoln,Nebraska,68503,,
Oshkosh Grain Inc,+1 308-772-3218,,,,Grain elevator,205 US-26,Oshkosh,Nebraska,69154,,
Farmers Cooperative,+1 402-423-8977,,,https://www.farmersco-operative.com/,Grain elevator,940 Calvert St,Lincoln,Nebraska,68502,,
Viterra,+1 402-727-2345,,,https://viterra.us/,Grain elevator,1700 Front St,Fremont,Nebraska,68025,https://www.facebook.com/ViterraUS/,https://www.linkedin.com/company/viterra-us/
Fremont Elevator,+1 641-933-4416,,,,Grain elevator,402 N Chestnut St,Fremont,Iowa,52561,,
Grainstore Elevators,+1 309-342-2112,,,,Grain elevator,538 Louisville Rd,Galesburg,Illinois,61401,,
Heartland Cooperative Services,+1 715-870-2455,,,https://www.heartlandcoop.com/,Grain elevator,2965 Frontier Dr,Wausau,Wisconsin,54401,,
Key Cooperative,+1 641-792-1940,,,http://www.keycoop.com/,Grain elevator,3300 E 28th St N,Newton,Iowa,50208,,
Bartlett Grain Co LP,+1 402-873-3465,,,https://bartlettco.com/,Grain elevator,N 1st St,Nebraska City,Nebraska,68410,,
Waitt Grain,+1 317-758-6060,psnyder@waitttrucking.com,psnyder@waittgrain.com,http://waittgrain.com/,Grain elevator,22755 Six Points Rd,Sheridan,Indiana,46069,,
Missal Farmers Grain Co,+1 815-672-2634,,,https://www.agprices.com/elevator/missal-farmers-grain-streator-il-3554848167381d7fcc46c9e1596b91ca,Grain elevator,32527 N 975 E Rd,Streator,Illinois,61364,,
Lick Elevator Inc,+1 217-483-2670,,,https://www.lickelevator.com/,Grain elevator,6170 Lick Rd,Chatham,Illinois,62629,,
Marengo Elevator Co,+1 319-642-5538,,,,Grain elevator,106 E Miller St,Marengo,Iowa,52301,,
Bartlett,+1 712-322-3444,,,https://bartlettco.com/locations/ia/council-bluffs-south/,Grain elevator,400 29th Ave,Council Bluffs,Iowa,51501,https://www.facebook.com/BartlettCo/,https://www.linkedin.com/company/BartlettCo
Omaha Grain Inspection Services Inc,+1 712-256-2590,omahagrain@gmail.com,,http://www.omahagraininspection.com/,Grain elevator,1333 Lew Ross Rd,Council Bluffs,Iowa,51501,https://www.facebook.com/OmahaGrain/,
"Western Grain Marketing, LLC",+1 309-837-5793,,,,"Grain elevator, Agricultural service",14525 N 1150th Rd,Macomb,Illinois,61455,,
Crossroads Cooperative,+1 308-550-8015,,,https://crossroadscoop.com/,Grain elevator,518 Main St,Torrington,Wyoming,82240,https://www.facebook.com/crossroadscoop/,
Weaver's Toasted Grains,+1 717-355-2326,,,,Grain elevator,220 White Oak Rd,New Holland,Pennsylvania,17557,,
Jersey County Grain Co,+1 618-576-2519,,,https://www.jerseycountygrain.com/,Grain elevator,819 S Park St,Hardin,Illinois,62047,,
Shideler Grain Co,+1 765-282-6226,,,https://www.shidelergrain.com/,Grain elevator,2330 E Ashcraft St,Eaton,Indiana,47338,,
"Grain Express,LLC",+1 262-853-5080,,,,Grain elevator,W274N8442 Lake Five Rd,Hartland,Wisconsin,53029,,
Sargeant Grain Company,+1 301-881-2424,,,http://www.sargeantgrain.com/markets/stocks.php?article=getfeatured-2022-7-21-rockville-roofing-contractor-central-exteriors-brings-top-notch-roofing-services-to-residents-in-rockville-md,Grain elevator,11732 Nebel St,Rockville,Maryland,20852,,
Farmers Cooperative Elevator Co,+1 641-456-4785,,,,Grain elevator,1349 75th St,Iowa Falls,Iowa,50126,,
Prairie Central Co-op Pontiac,+1 815-844-3121,,,https://www.prairiecentralcoop.com/,Grain elevator,17553 E 2000 North Rd,Pontiac,Illinois,61764,https://www.facebook.com/PrairieCentralCoop/?ref=br_tf,
ADM Spring Valley,+1 815-539-7491,,,https://admadvantage.com/contact-us/?location=Spring_Valley~Illinois,Grain elevator,11470 IL-89,Spring Valley,Illinois,61362,,
Consolidated Grain and Barge Co. (CGB),+1 319-937-6155,,,https://www.cgbgrain.com/,"Grain elevator, Agricultural service",1477 Meekers Landing Rd,Burlington,Iowa,52601,,
Ridgeville Elevator,+1 765-857-1521,,,,Grain elevator,9452 N 250 W,Ridgeville,Indiana,47380,,
J&JF FARMS LLC,+1 432-209-8422,,,,"Grain elevator, Service establishment",,,,,,
Walker Bros Grain Willows,+1 530-667-2603,,,https://docs.google.com/document/d/1L4FxOBdmamMsZXsc0pkPMhcJpJVqipQ99-RncQrTQyo/edit?usp=drivesdk,Grain elevator,400 S Tehama St,Willows,California,95988,,
Texas Valley Grain,+1 956-423-1490,,,,Grain elevator,22097 Bass Blvd,Harlingen,Texas,78552,,
Tuttle Farmers Elevator,+1 701-867-2559,,,,Grain elevator,102 Main St,Tuttle,North Dakota,58488,,
Hanenkratt Grain Co Inc,+1 574-583-5044,levi@hanenkrattgrain.com,dan@hanenkrattgrain.com,https://www.hanenkrattgrain.com/,Grain elevator,471 S 300 E,Monticello,Indiana,47960,,
West Central AG Services,+1 218-238-5784,,,,Grain elevator,,Lake Park,Minnesota,56554,,
Hopkins Elevator,+1 269-793-7262,,,,Grain elevator,303 Mill St,Hopkins,Michigan,49328,,
Agri Trails Coop,+1 785-479-2221,,,https://www.agritrails.com/,Grain elevator,1552 Main St,Navarre,Kansas,67451,,
Viterra,+1 208-677-3692,,,https://www.viterra.us/what-we-do/grower-services/US-locations/Burley,Grain elevator,1111 W Bedke Blvd,Burley,Idaho,83318,,
Fredrick's Bean & Grain Inc,+1 208-678-9496,,,,Grain elevator,540 ID-81,Burley,Idaho,83318,,
Agrisource Inc,+1 208-436-6932,,,,Grain elevator,85 N 100 E,Rupert,Idaho,83350,,
Linn Co-Op Oil Co Elevator,+1 319-842-2222,,,http://www.linncoop.com/,Grain elevator,310 Railside Dr,Alburnett,Iowa,52202,,
AgVantage FS - Chapin - Grain,+1 641-892-4425,,,http://www.agvantagefs.com/,Grain elevator,136 1st St,Chapin,Iowa,50427,,
Koster Grain Inc.,+1 712-792-5424,,,http://kostergrain.com/,Grain elevator,17995 Iris Rd,Carroll,Iowa,51401,http://www.facebook.com/kostergraininc/,
MILLER ELEVATOR INC,+1 785-528-3355,,,,Grain elevator,2080 US-56,Reading,Kansas,66868,,
Kanza Coop,+1 620-549-3531,tmorgan@kanzacoop.com,mnewell@kanzacoop.com,https://www.kanzacoop.com/locations/antrim/,Grain elevator,49 Emerson Rd,St John,Kansas,67576,https://www.facebook.com/KanzaCoop/,https://www.linkedin.com/company/8334765/
Bartlett,+1 913-321-0900,,,https://bartlettco.com/locations/ks/kansas-city-river-rail/,Grain elevator,1310 Fairfax Trafficway,Kansas City,Kansas,66115,,
US Grains,+1 516-851-5577,,,https://usgrainstrading.com/about-us/,Grain elevator,24 Avalon Cir,Smithtown,New York,11787,,
Poulin Grain,,info@poulingrain.com,,https://www.poulingrain.com/,Grain elevator,501 Mill Rd,Coram,New York,11727,http://www.facebook.com/poulingrain,
Hopkins Elevator,+1 269-793-7262,,,,Grain elevator,303 Mill St,Hopkins,Michigan,49328,,
Star of the West Milling Co.,+1 810-384-6519,,,https://www.starofthewest.com/,Grain elevator,68790 Oak St,Richmond,Michigan,48062,https://www.facebook.com/SOTWMilling/,
Cargill Animal Nutrition,+1 360-757-4012,,,,Grain elevator,16939 State Rte 20,Burlington,Washington,98233,,
ADM Processing,+1 718-252-6461,,,,Grain elevator,1408 Avenue J,Brooklyn,New York,11230,,
Hypedagamer,+1 267-272-9662,,,,Grain elevator,541 Seaview Ave,Staten Island,New York,10305,,
Southeastern Grain Co LLC,+1 919-689-2620,,,https://smithfieldgrain.com/cbloc-1666,"Grain elevator, Agricultural service",2917 Harper House Rd,Four Oaks,North Carolina,27524,,
Adm,+1 704-233-4051,,,,Grain elevator,9000 Stitt St,Monroe,North Carolina,28110,,
Deep Creek Grain Inc,+1 336-468-2350,,,,Grain elevator,2005 Bethel Church Rd,Yadkinville,North Carolina,27055,,
Circle S Ranch Grain Elevator,+1 843-672-2435,,,,Grain elevator,2058 US-601,Pageland,South Carolina,29728,,
Tidewater Grain Company,+1 704-236-2704,,,https://www.tidewatergrain.com/,Grain elevator,650 Parks Field Dr,Kannapolis,North Carolina,28081,,
Clarkton Grain Co,+1 910-647-5151,,,http://clarktoncotton.com/,Grain elevator,569-363 W North Railroad St,Clarkton,North Carolina,28433,,
Smithfield Grain - Hamer Grain Elevator,+1 843-948-0385,,,,Grain elevator,,Hamer,South Carolina,29547,,
Ajg cabinet counter tops,+1 704-231-1505,,,,"Grain elevator, Service establishment",,,,,,
Viterra,+1 608-423-3234,,,http://viterra.us/,Grain elevator,2844 Clear View Rd,Cambridge,Wisconsin,53523,,
Hostetter Grain Inc - Cochranville,+1 610-593-2611,,,http://www.hostettergrain.com/,Grain elevator,3307 Limestone Rd,Cochranville,Pennsylvania,19330,,
"Tempel Grain Elevators, LLP",+1 719-829-4408,admin@tempelgrain.com,,http://www.tempelgrain.com/,Grain elevator,100 S Main St,Wiley,Colorado,81092,https://www.facebook.com/tempelgrain/,
Sugar City Grain Co,+1 719-267-3812,,,,Grain elevator,109 Colorado St,Sugar City,Colorado,81076,,
Garman Grain LLC,+1 717-664-9580,,,,Grain elevator,301 Weaver Rd,Manheim,Pennsylvania,17545,,
Bethel Grain LLC,+1 717-933-4018,,,,Grain elevator,32 Wintersville Rd,Myerstown,Pennsylvania,17067,,
BANNER COOP,+1 405-483-5363,,,https://www.bannercoop.net/,Grain elevator,301 Division St,Union City,Oklahoma,73090,,
Sooner Plains Ag,+1 405-729-4255,,,https://www.soonercoop.com/,Grain elevator,200 1st St,Loyal,Oklahoma,73756,,
Hensgens Grain Elevator,+1 337-783-1405,,,,Grain elevator,1110 W Mill St,Crowley,Louisiana,70526,,
Rock Valley Grain Corporation,+1 574-626-2526,,,,Grain elevator,6119 IN-218,Walton,Indiana,46994,,
THE ANDERSONS INC,+1 308-893-4161,,,https://www.andersonsinc.com/,Grain elevator,313 Railroad St,Riverdale,Nebraska,68870,,
CIE - Hartley Grain,+1 765-552-7311,info@cie.us,,https://www.ciegrains.com/,Grain elevator,100 S Cob St,Elwood,Indiana,46036,,
"Kokomo Grain Co., Inc.",+1 765-566-3376,,,https://www.kokomograin.com/,Grain elevator,10 Haun Dr,Burlington,Indiana,46915,,
Denham Agri-Center Inc,+1 574-896-2275,,,,Grain elevator,5622 W 660 N,Winamac,Indiana,46996,,
Escambia Grain Corporation,+1 850-327-4292,,,,Grain elevator,5650 Arthur Brown Rd,Walnut Hill,Florida,32568,,
Putnam Farmers Co-Op,+1 860-928-0563,,,,Grain elevator,80 Front St,Putnam,Connecticut,6260,,
"Kokomo Grain Co., Inc.",+1 765-779-4404,twhite@kokomograin.com,jortman@kokomograin.com,http://www.kokomograin.com/,Grain elevator,1838 US-36,Markleville,Indiana,46056,,
Hontz Elevator,+1 203-294-9161,,,,Grain elevator,20 N Plains Industrial Rd,Wallingford,Connecticut,6492,,
"Southeastern Grain Company, Kinston NC",+1 252-566-4086,,,,Grain elevator,461 Taylor Heath Rd,Kinston,North Carolina,28501,,
Perdue ECOP (East Carolina Oilseed Processor),+1 252-917-6674,spencer.miller@perdue.com,grain@perdue.com,http://www.perdueagribusiness.com/,Grain elevator,2015 NC-45 North,Pantego,North Carolina,27860,,
J C Howard Grain Co,+1 252-568-4204,,,,Grain elevator,3326 Live Oak Hog County Rd,Deep Run,North Carolina,28525,,
Kinston Grain,+1 252-527-4858,,,,Grain elevator,8000 Caswell Station Rd,Kinston,North Carolina,28501,,
"Mexico Elevator, a Division of Mennel",+1 765-985-3530,mexicoelevator@mennel.com,,https://mennel.com/locations/mexico,Grain elevator,2602 W 3rd St,Mexico,Indiana,46958,https://www.facebook.com/MennelMilling,https://www.linkedin.com/company/the-mennel-milling-company
Orland Community Elevator,+1 260-829-6521,,,http://orlandcommunityelevator.synthasite.com/,Grain elevator,5820 IN-327,Orland,Indiana,46776,,
Cromwell Grain A Division-Zolman,+1 260-856-4797,,,,Grain elevator,514 N Jefferson St,Cromwell,Indiana,46732,,
Southeastern Grain Co LLC,+1 910-592-0105,,,,"Grain elevator, Agricultural service",202 Westover Rd,Clinton,North Carolina,28328,,
Jones County Grain,+1 252-448-8431,,,,"Grain elevator, Government",2852 NC-58,Trenton,North Carolina,28585,,
Goldsboro Milling Grain Company,+1 252-752-8309,,,,Grain elevator,3300 N Memorial Dr,Greenville,North Carolina,27834,,
"Southeastern Grain Company, Mount Olive NC",+1 919-658-5748,,,,Grain elevator,770 S U.S. 117 Alt Hwy,Calypso,North Carolina,28325,,
"Southeastern Grain Company, Walstonburg NC",+1 252-753-4290,,,,Grain elevator,101 W Mill St,Walstonburg,North Carolina,27888,,
Hanenkratt Grain Co,+1 574-943-3215,levi@hanenkrattgrain.com,dan@hanenkrattgrain.com,https://www.hanenkrattgrain.com/,Grain elevator,304 E Cross St,Idaville,Indiana,47950,,
Eastern Grain LLC,+1 252-825-0616,,,,Grain elevator,1131 Galloway Rd,Grimesland,North Carolina,27837,,
Perdue AgriBusiness - Pantego Grain Elevator,+1 252-943-3061,spencer.miller@perdue.com,grain@perdue.com,http://www.perdueagribusiness.com/,Grain elevator,1461 Swindell Rd,Pantego,North Carolina,27860,,
Goldsboro Milling Grain Co,+1 252-238-3289,,,,Grain elevator,3095 Pope Farm Rd,Stantonsburg,North Carolina,27883,,
E B Grain,+1 252-407-8013,,,,Grain elevator,316 Barnum Rd,Rocky Mount,North Carolina,27804,,
Scoular,+1 843-805-7800,,,https://idaho.scoular.com/cbloc-2117,Grain elevator,1870 Burnett Blvd,Wilmington,North Carolina,28401,,
Pryor Grain Co Inc,+1 336-939-7300,,,,Grain elevator,9597 US-29 BUS,Ruffin,North Carolina,27326,,
Stony Knoll Farms,+1 410-928-5199,,,,Grain elevator,2906 McGinnes Rd,Crumpton,Maryland,21628,,
Mountaire Farms Grain Elevator -- Millington,+1 410-928-3177,,,,Grain elevator,414 Back St,Millington,Maryland,21651,,
Roggen Northern Elevator,+1 970-842-3959,,,,Grain elevator,416 N Railway St,Brush,Colorado,80723,,
Perdue AgriBusiness - Lynch Grain Elevator,+1 410-778-0222,spencer.miller@perdue.com,grain@perdue.com,https://www.perdueagribusiness.com/,Grain elevator,11545 Lynch Rd,Worton,Maryland,21678,,
Nagel Farm Service - Harmony,+1 410-820-7178,david@nagelgrain.com,mark@nagelgrain.com,http://www.nagelgrain.com/,Grain elevator,6202 Nagel Rd,Preston,Maryland,21655,https://www.facebook.com/NagelFarmService/,
Perdue Farms Inc,+1 410-822-1903,,,,Grain elevator,410 Needwood Ave,Easton,Maryland,21601,,
Perdue AgriBusiness - Bishop Grain Elevator,+1 410-352-3598,spencer.miller@perdue.com,grain@perdue.com,http://www.perdueagribusiness.com/,Grain elevator,9924 Bishop Rd,Bishopville,Maryland,21813,,
"The Andersons, Inc.",+1 419-535-9900,,,https://www.andersonsgrain.com/locations/oh/toledo-edwin/,Grain elevator,801 S Reynolds Rd,Toledo,Ohio,43615,,
Perdue AgriBusiness - Sudlersville Grain Elevator,+1 410-758-1183,spencer.miller@perdue.com,grain@perdue.com,http://www.perdueagribusiness.com/,Grain elevator,201 E Main St,Sudlersville,Maryland,21668,,
Penwell Grain Co,+1 712-826-4682,,,,Grain elevator,3107 155th St,Villisca,Iowa,50864,,
Mason Hall Grain Co,+1 731-673-4212,rcochran@obiongrain.com,lcochran@obiongrain.com,https://www.obiongrain.com/cbloc-1626,Grain elevator,4898 Mason Hall-Kenton Rd,Kenton,Tennessee,38233,,
The Andersons - Union City,+1 731-885-9226,,,,Grain elevator,315 Dr Martin Luther King Jr Dr,Union City,Tennessee,38261,,
ADM/Choctaw Heloise,+1 618-748-9208,,,https://admadvantage.com/,Grain elevator,225 Heloise Loop,Finley,Tennessee,38030,,
Adm Southern Cotton,+1 901-452-3151,,,,Grain elevator,2800 Chelsea Ave,Memphis,Tennessee,38108,,
Viterra,+1 701-837-4777,ryan.motl@viterra.com,mallory.goff@viterra.com,https://www.viterra.ca/,Grain elevator,25 27th St SE,Minot,North Dakota,58701,https://www.facebook.com/Viterra-Inc-1006030982783342/,https://ca.linkedin.com/company/viterra
Consolidated Grain and Barge Co.,+1 573-359-0036,,,http://www.cgbgrain.com/,Grain elevator,2140 Co Rd 553,Caruthersville,Missouri,63830,,
CHS SunPrairie Sunflower House,+1 701-857-9348,,,http://www.chssunprairie.com/,Grain elevator,2500 Valley St,Minot,North Dakota,58701,,
Sun Prairie Grain,+1 701-852-1217,,,,Grain elevator,2550 Valley St,Minot,North Dakota,58701,,
Consolidated Grain and Barge Co.,+1 573-649-3014,,,http://www.cgbgrain.com/,Grain elevator,20314 MO-77,East Prairie,Missouri,63845,,
Bunge Grain,+1 870-563-2635,,,,Grain elevator,,,Arkansas,,,
Cargill Inc,+1 863-967-6671,,,,Grain elevator,1041 W Derby Ave,Auburndale,Florida,33823,,
Farmers Grain Company,+1 309-426-2147,fgcroseville@mtcnow.net,,http://www.fgcroseville.com/,Grain elevator,285 E Broadway St,Roseville,Illinois,61473,,
Viterra,+1 612-781-6871,ryan.motl@viterra.com,mallory.goff@viterra.com,https://www.viterra.ca/,Grain elevator,3110 California St NE,Minneapolis,Minnesota,55418,https://www.facebook.com/Viterra-Inc-1006030982783342/,https://ca.linkedin.com/company/viterra
Perdue Agribusiness LLC - Hamer Grain Elevator,,spencer.miller@perdue.com,grain@perdue.com,http://www.perdueagribusiness.com/,Grain elevator,,Hamer,South Carolina,29547,,
Hansen-Mueller Grain,,,,https://www.hansenmueller.com/,Grain elevator,648 24th Ave SE,Minneapolis,Minnesota,55414,,
Agrowstar LLC,+1 803-437-2178,jjoiner@agrowstar.com,,https://www.agrowstar.com/kfuturesindex,Grain elevator,284 W Willow Grove Rd,Lynchburg,South Carolina,29080,,
Kelley Grain Co,+1 843-659-2633,,,,Grain elevator,1501 North Jones Road,Olanta,South Carolina,29114,,
J-Ham Farms & Grain Inc.,+1 910-887-2356,,,,Grain elevator,1838 Rowan Rd,Lumberton,North Carolina,28358,,
Allied Grain Co,+1 320-995-6119,grantc@alliedgrain.com,,http://www.alliedgrain.com/,Grain elevator,18750 US-71,Blomkest,Minnesota,56216,,
River Land AG,+1 612-782-2082,,,,Grain elevator,2901 5th St NE,Minneapolis,Minnesota,55418,,
Pleasant Grain LLC,+1 608-938-1309,,,http://pleasantgrain.com/,Grain elevator,N5670 Gutzmer Rd,Monticello,Wisconsin,53570,,
See Mor Grain Co Inc,+1 608-762-5153,seemor@seemorgrain.com,,http://seemorgrain.com/,Grain elevator,12785 Co Rd O,Darlington,Wisconsin,53530,,
Northwest Grains International LLC,+1 952-746-2888,info@nwgrains.com,,http://nwgrains.com/,Grain elevator,7400 Metro Blvd Suite 308,Minneapolis,Minnesota,55439,,
River Country Co-Op,+1 651-451-1151,,,https://rivercountry.coop/,Grain elevator,1180 Concord St N,South St Paul,Minnesota,55075,,
The De Long Co INC.,+1 608-314-7333,,,https://delongcompany.com/,Grain elevator,N3240 DeLong Dr,Juneau,Wisconsin,53039,https://www.facebook.com/delongcompany,https://www.linkedin.com/company/delongcompany/
Wolf River Grain,+1 715-592-3715,,,http://wolfrivergrain.com/,Grain elevator,2417 Stockton Rd,Stevens Point,Wisconsin,54482,,
"Grantland Grain, LLC",+1 608-558-6832,,,,Grain elevator,5627 Lone Elm Tree Rd,Potosi,Wisconsin,53820,,
Whiteside Grain & Storage,+1 815-625-0090,,,,Grain elevator,800 E 10th St,Rock Falls,Illinois,61071,,
"Tettens Grain, Inc",+1 815-625-6119,info.tettens@gmail.com,bryce.tettens@gmail.com,http://www.tettensgrain.com/,"Grain elevator, Service establishment",,,,,,
West Brooklyn Farmers Co-Op,+1 815-497-4211,,,,Grain elevator,2697 W Brooklyn Rd,West Brooklyn,Illinois,61378,,
Stanley Penn Hay & Grain,+1 954-927-3364,,,,Grain elevator,97 SW 3rd Ave,Dania Beach,Florida,33004,,
Wallowa County Grain Growers,+1 541-963-2929,,,https://graingrowers.com/,Grain elevator,62311 Hunter Rd,La Grande,Oregon,97850,,
Ludlow Co-Op Grain Elevator Co,+1 815-268-7217,,,http://www.ludlowcoop.com/,Grain elevator,1181 N 550 East Rd,Thawville,Illinois,60968,,
CHS Illinois - Morris West,+1 815-942-9486,damon.mansfield@chsinc.com,adam.stevens@chsinc.com,https://www.chs-illinois.com/,Grain elevator,200 W River Rd,Morris,Illinois,60450,https://www.facebook.com/CHSElburn/,https://www.linkedin.com/company/chs
CHS Illinois - Route 47 Grain,+1 815-475-6334,damon.mansfield@chsinc.com,adam.stevens@chsinc.com,https://www.chs-illinois.com/,Grain elevator,14676 IL-47,Newark,Illinois,60541,https://www.facebook.com/CHSElburn/,https://www.linkedin.com/company/chs
Legacy Grain Cooperative,+1 217-325-3211,,,https://www.legacygrain.com/,Grain elevator,402 Walnut St,Stonington,Illinois,62567,,
Bartlett,+1 816-452-3134,,,https://bartlettco.com/locations/mo/kansas-city-kct-terminal/,Grain elevator,5801 NE Birmingham Rd,Kansas City,Missouri,64117,https://www.facebook.com/BartlettCo/,https://www.linkedin.com/company/BartlettCo
Gavilon Ingredients LLC,+1 816-421-8182,,,,Grain elevator,4151 N Mulberry Dr,Kansas City,Missouri,64116,,
CHS Illinois - Morris East,+1 815-942-0932,damon.mansfield@chsinc.com,adam.stevens@chsinc.com,https://www.chs-illinois.com/,Grain elevator,301 Griggs Dr,Morris,Illinois,60450,https://www.facebook.com/CHSElburn/,https://www.linkedin.com/company/chs
Milne Grain Elevator,+1 660-446-2623,,,,Grain elevator,34497 Trinity Rd,Oregon,Missouri,64473,,
Roth Grains,+1 816-869-3560,kaitlin@rothgrain.com,,http://www.rothgrain.com/,Grain elevator,32503 MO-2,Harrisonville,Missouri,64701,,
Cargill Inc,+1 913-752-1244,,,https://www.cargillag.com/locations/forest-city-mo-cah,Grain elevator,26949 Holt 290,Forest City,Missouri,64451,,
Hilltop Grain Co.,+1 660-354-2557,,,,Grain elevator,1650 MO-116,Polo,Missouri,64671,,
Roth Grains,+1 660-624-7971,kaitlin@rothgrain.com,,http://rothgrain.com/,Grain elevator,75 MO-58,Centerview,Missouri,64019,,
Ray Carroll Hardin,+1 800-356-1045,,,http://www.ray-carroll.com/,Grain elevator,202 E Main St,Hardin,Missouri,64035,,
W E King & Son Grain,+1 910-287-1882,,,,Grain elevator,5920 Simmons Rd NW,Ash,North Carolina,28420,,
Mid-South Milling Co,+1 913-621-5442,,,,Grain elevator,213 Central Ave,Kansas City,Kansas,66118,,
"Perdue AgriBusiness, LLC",+1 609-298-4100,,,,Grain elevator,120 US-130,Fieldsboro,New Jersey,8505,,
Mountaire Farms Grain Elevator,+1 302-674-4988,,,http://www.mountaire.com/,Grain elevator,3009 N Little Creek Rd,Dover,Delaware,19901,https://www.facebook.com/MountaireFarms/,https://www.linkedin.com/company/mountaire-farms/
Perdue AgriBusiness - Red Bird Grain Elevator,+1 856-455-1166,spencer.miller@perdue.com,grain@perdue.com,http://www.perdueagribusiness.com/,Grain elevator,112 Cemetery Rd,Woodstown,New Jersey,8098,,
Cargill Grain & Oilseeds Supply,+1 813-247-3602,,,,Grain elevator,200 N 19th St,Tampa,Florida,33605,,
Pacific Grain & Foods,+1 559-264-2135,,,https://www.pacificgrainandfoods.com/,Grain elevator,3630 E Wawona Ave,Fresno,California,93725,,
Penny-Newman Grain Co,+1 559-448-8800,,,http://www.penny-newman.com/,Grain elevator,2691 S Cedar Ave,Fresno,California,93725,,
Integrated Grain & Milling,+1 559-485-0326,,,,Grain elevator,315 N H St,Fresno,California,93701,,
Integrated Grain & Milling,+1 559-443-6500,,,,Grain elevator,2020 S East Ave,Fresno,California,93721,,
Consolidated Grain and Barge Co.,+1 815-223-6675,,,http://www.cgbgrain.com/,Grain elevator,411 River St,Peru,Illinois,61354,,
DeLong Company Inc,+1 800-356-0784,,,,Grain elevator,10338 Ashville Pike,Lockbourne,Ohio,43137,,
"Atlanta Grain, a Division of Mennel",+1 740-986-2861,,,,Grain elevator,26030 State Rte 207,New Holland,Ohio,43145,,
Marshall Grain Co,+1 740-969-2301,,,https://marshallgrainco.com/,Grain elevator,237 W Main St,Amanda,Ohio,43102,,
Frey Commodities,+1 660-441-8322,,,,Grain elevator,20514 Stonerock Rd,Circleville,Ohio,43113,,
Valley Grain,+1 740-642-2041,valleygrain@mennel.com,,https://mennel.com/locations/kingston,"Grain elevator, Mill",4 Railroad St,Kingston,Ohio,45644,https://www.facebook.com/MennelMilling,https://www.linkedin.com/company/the-mennel-milling-company
Ronald S. Keener Grain,,,,https://keenergrain.weebly.com/,Grain elevator,1361 Cloverleaf Rd,Mount Joy,Pennsylvania,17552,,
Arentz Hays & Grain Inc,+1 717-359-4689,,,,Grain elevator,474 Christ Church Rd,Littlestown,Pennsylvania,17340,,
Perdue AgriBusiness - Selinsgrove Grain Elevator,+1 570-600-8377,spencer.miller@perdue.com,grain@perdue.com,http://www.perdueagribusiness.com/,Grain elevator,133 Lorian Dr,Selinsgrove,Pennsylvania,17870,,
Perdue Agribusiness LLC - Palmyra Grain Elevator,+1 717-838-7050,spencer.miller@perdue.com,grain@perdue.com,http://www.perdueagribusiness.com/,Grain elevator,475 E High St,Palmyra,Pennsylvania,17078,,
Key Cooperative Cenex,+1 800-469-1040,,,http://www.keycoop.com/,Grain elevator,102 Lincoln St NE,Bondurant,Iowa,50035,,
AG First Farmers Co-Op,+1 605-692-6216,,,,Grain elevator,204 1st St S,Brookings,South Dakota,57006,,
Mid-Hudson Elevator Co,+1 845-692-2005,,,,Grain elevator,761 Silver Lake-Scotchtown Rd,Middletown,New York,10941,,
Otis Elevator Co,+1 304-622-4691,,,,Grain elevator,229 W Main St,Clarksburg,West Virginia,26301,,
Eastern Michigan Grain Inc,+1 810-384-6519,,,,Grain elevator,10730 N Railroad St,Emmett,Michigan,48022,,
Star of the West Milling Co.,+1 810-384-6519,,,http://www.starofthewest.com/,"Grain elevator, Agricultural service",10730 N Railroad St,Emmett,Michigan,48022,https://www.facebook.com/SOTWMilling/,
AGP Grain Marketing LLC,+1 575-762-5751,,,,Grain elevator,1401 NM-209,Clovis,New Mexico,88101,,
J & a Grain,+1 812-663-5175,,,,Grain elevator,5062 W Base Rd,Greensburg,Indiana,47240,,
Consolidated Grain and Barge Co.,+1 812-579-5231,,,https://www.cgbgrain.com/,Grain elevator,100 Mill St,Elizabethtown,Indiana,47232,,
Azalia Elevator,+1 812-579-5475,,,,Grain elevator,6701 E 800 S,Elizabethtown,Indiana,47232,,
Crystal Springs Grain LLC,+1 317-736-8210,,,,Grain elevator,3240 Hurricane Rd,Franklin,Indiana,46131,,
Premier Ag Columbus Grain,+1 812-379-2634,crops@premierag.com,,https://www.premierag.com/agronomy-locations/,Grain elevator,1442 W 550 N,Columbus,Indiana,47203,https://www.facebook.com/PremierAG.Energy,https://www.linkedin.com/company/premiercompanies-ag-energy/
Harvest Land Co-op,+1 765-987-7919,,,,Grain elevator,2021 U.S. Hwy 40,Dunreith,Indiana,47337,,
Pic-Nic Grain Inc,+1 765-332-2660,,,,Grain elevator,7659 S County Rd 325 E,Lewisville,Indiana,47352,,
Azalia Elevator,+1 765-525-6672,,,,Grain elevator,5695 E 350 S,Waldron,Indiana,46182,,
Easterday Brothers Grain Co,+1 812-865-3628,,,,Grain elevator,2720 IN-337,Orleans,Indiana,47452,,
Premier AG Co-Op Inc,+1 812-663-6411,heat@premierag.com,fuel@premierag.com,https://premierag.com/,"Grain elevator, Store",7798 IN-3,Greensburg,Indiana,47240,https://www.facebook.com/PremierAG.Energy,https://www.linkedin.com/company/premiercompanies-ag-energy/
C E Grain Co,+1 573-249-4100,,,,Grain elevator,3880 Audrain Rd 541,Farber,Missouri,63345,,
Consolidated Grain and Barge Co.,+1 812-265-6505,,,http://www.cgbgrain.com/,Grain elevator,215 Marine St,Madison,Indiana,47250,,
Zolman Farms Inc,+1 574-267-1739,,,,Grain elevator,3370 E Pierceton Rd,Warsaw,Indiana,46580,,
Saale Farm & Grain Co,+1 636-899-0933,,,https://m.facebook.com/Saalefarm/,Grain elevator,535 Saale Rd,West Alton,Missouri,63386,,
Bunge,+1 800-726-5094,,,http://www.bungeag.com/?utm_source=extnet&utm_medium=yext,"Grain elevator, Agricultural service",487 E Gings Rd,Rushville,Indiana,46173,,
Agri-Foods,+1 636-338-4875,,,,Grain elevator,1035 State Hwy D,Hawk Point,Missouri,63349,,
Cargill,+1 618-583-6200,,,http://cargill.com/,Grain elevator,430 Front St,St. Louis,Missouri,63102,,
Ldi-Lotus Grain,+1 765-932-5911,,,,Grain elevator,1768 US-52,Rushville,Indiana,46173,,
CGB Organic Grain,+1 314-312-4500,organicgrain@cgb.com,zane.crosby@cgb.com,https://www.cgborganicgrain.com/,Grain elevator,800 Market St Ste. 1500A,St. Louis,Missouri,63101,,
COFCO Cahokia LLC,+1 314-627-6840,,,https://www.cofcointernational.com/,Grain elevator,195 American Grain St,East St Louis,Illinois,62201,,
Ray Carroll St. Louis,+1 816-615-6026,,,http://www.ray-carroll.com/,Grain elevator,350 S Sarah St,St. Louis,Missouri,63110,,
"Oakley Grain, Inc.",+1 314-806-1502,,,http://www.bruceoakley.com/Divisions/River-Ports/Cahokia,Grain elevator,191 American Grain St,East St Louis,Illinois,62201,,
Italgrani,+1 314-633-3899,info@italgraniusa.com,,https://www.italgraniusa.com/contact-us/,Grain elevator,530 Maryville Centre Dr,St. Louis,Missouri,63141,,
Richards Elevator,+1 812-379-2634,,,,Grain elevator,9327 Main St,Taylorsville,Indiana,47280,,
COFCO International Grain Elevator,+1 414-482-1900,,,,Grain elevator,960 E Bay St,Milwaukee,Wisconsin,53207,,
Columbia Grain,+1 406-453-6506,,,https://columbiagrain.com/,Grain elevator,400 S 4th St #808,Minneapolis,Minnesota,55415,,
Cortland Grain,,heat@premierag.com,fuel@premierag.com,https://premierag.com/,"Grain elevator, Service establishment",,,,,https://www.facebook.com/PremierAG.Energy,https://www.linkedin.com/company/premiercompanies-ag-energy/
Nexus Co-op,+1 507-874-3421,ddavis@nexus.coop,mruggles@nexus.coop,http://www.ncountrycoop.com/,Grain elevator,174 1st Ave W,Alden,Minnesota,56009,http://www.facebook.com/NexusCooperative,http://www.linkedin.com/company/nexuscooperative
"F.W. Cobs Company, Inc.",+1 888-531-4888,info@fwcobs.com,,http://fwcobs.com/,Grain elevator,720 Hall St,Stewart,Minnesota,55385,,
Harvest Land,+1 507-877-2441,,,,Grain elevator,101 Pine St,Comfrey,Minnesota,56019,,
Crystal Valley,+1 507-549-3722,,,https://www.crystalvalley.coop/,Grain elevator,303 1st St E,Vernon Center,Minnesota,56090,https://www.facebook.com/CrystalValleyMN/,https://www.linkedin.com/company/crystal-valley-cooperative/
Glenville Grain,+1 507-448-3923,,,,Grain elevator,210 US-65,Glenville,Minnesota,56036,,
Perdue AgriBusiness - Montross Grain Elevator,+1 804-493-0788,,,,Grain elevator,1478 Zacata Rd,Montross,Virginia,22520,,
"Tempel Grain Elevators, LLP",+1 719-346-8325,admin@tempelgrain.com,,https://www.tempelgrain.com/,Grain elevator,150 Pikes Peak Ave,Bethune,Colorado,80805,https://www.facebook.com/tempelgrain/,
Kearney Elevator Co,+1 303-321-1672,,,,"Grain elevator, Professional services",4355 Kearney St,Denver,Colorado,80216,,
"The DeLong Co., Inc.",+1 815-459-1600,,,http://www.delongcompany.com/,Grain elevator,8550 Ridgefield Rd,Crystal Lake,Illinois,60012,,
Seegers Grain,+1 815-459-1600,,,,Grain elevator,8550 Ridgefield Rd,Crystal Lake,Illinois,60012,,
Walton Feed Grain Elevator,+1 208-847-0435,,,,Grain elevator,,Montpelier,Idaho,83254,,
Spackman Grain Co.,+1 435-770-9877,,,,"Grain elevator, Service establishment",,,,,,
Stade Grain Co,+1 815-344-4277,,,,Grain elevator,4312 Pioneer Rd,McHenry,Illinois,60051,,
Bluford Grain Co,+1 618-732-6151,,,,Grain elevator,13413 N Markham Ln,Bluford,Illinois,62814,,
"Kaneville Seed & Feed Inc, 2 S 164 Merrill Ave. Kaneville, IL",+1 815-739-3062,,,,Grain elevator,2 S 164 Merrill Avenue,Kaneville,Illinois,60144,,
Hillsdale Elevator,+1 309-944-4524,,,http://hillsdaleelevator.com/,Grain elevator,116 Progress Ln,Geneseo,Illinois,61254,,
Springport Elevator,+1 517-857-2610,,,,Grain elevator,206 Railroad St,Springport,Michigan,49284,,
John Marion Inc,+1 517-451-8347,,,http://www.jmigrain.com/,Grain elevator,8481 Britton Hwy,Britton,Michigan,49229,,
Miller Poultry (Granary),+1 800-532-4186,info@millerpoultry.com,,http://millerpoultry.com/,Grain elevator,6945 IN-327,Orland,Indiana,46776,https://www.facebook.com/MillerPoultry/,
Wheeler Brothers Grain Co,+1 786-625-6565,,,https://www.wheelerbrothers.com/markets/stocks.php?article=getnews-2023-5-2-swim-folks-academy-offers-top-miami-swimming-classes-in-miami,Grain elevator,1558 NE 162nd St,Miami,Florida,33162,,
Bruce Oakley Cahokia Grain Terminal American Milling LP,+1 314-806-1502,,,http://www.bruceoakley.com/,Grain elevator,189 American Grain St,Sauget,Illinois,62206,,
Waverly Growers Co-Op,+1 863-439-3602,,,,Grain elevator,7000 Waverly Rd,Waverly,Florida,33877,,
Gavilon Grain LLC,+1 765-946-7000,,,https://viterra.us/,Grain elevator,3237 East St #326,Roachdale,Indiana,46172,https://www.facebook.com/ViterraUS/,https://www.linkedin.com/company/viterra-us/
Dorsett Brothers Inc,+1 317-996-2874,,,,Grain elevator,6055 W McClure Rd,Martinsville,Indiana,46151,,
Northern Ohio Grain Co-Op Inc Grand Rapids Branch,+1 419-832-4931,,,,Grain elevator,13385 Ludwig Rd,Grand Rapids,Ohio,43522,,
Hord Elevator - Edison Branch,+1 419-562-1198,,,http://www.hordelevator.com/,Grain elevator,6775 Township Rd 66,Edison,Ohio,43320,,
Mid Wood Inc.,+1 567-316-1544,,,https://luckeyfarmers.com/,Grain elevator,286 Walbridge St,Cygnet,Ohio,43413,,
Northwood Equity Elevator,+1 701-587-5291,,,https://www.northwoodequity.com/,Grain elevator,600 Lander Ave,Northwood,North Dakota,58267,,
"The Andersons, Inc.",+1 419-644-4711,,,https://www.andersonsgrain.com/locations/oh/metamora/,Grain elevator,3822 OH-120,Metamora,Ohio,43540,,
Deatsman Grain,+1 574-453-4421,,,,Grain elevator,209 Smith St,Leesburg,Indiana,46538,,
"Premier Grain, Lyndon",+1 937-981-7154,,,http://premiergrainllc.com/,Grain elevator,3540 OH-28,South Salem,Ohio,45681,https://www.facebook.com/pages/Sabina-Farmers-Exchange/113421368701326,
Consolidated Grain and Barge Co.,+1 513-244-7400,,,http://www.cgbgrain.com/,Grain elevator,4837 River Rd,Cincinnati,Ohio,45233,,
Consolidated Grain and Barge Co.,+1 513-244-7400,,,http://www.cgbgrain.com/,Grain elevator,3164 Southside Ave,Cincinnati,Ohio,45204,,
Cargill Inc,+1 740-636-0875,,,https://www.cargillag.com/locations/cincinnati-kellogg-cah,Grain elevator,6761 Kellogg Rd,Cincinnati,Ohio,45230,,
Hemker Grain,+1 419-667-3055,,,,Grain elevator,15970 Jonestown Rd,Venedocia,Ohio,45894,,
"Premier Grain, Melvin",+1 937-584-2411,,,http://premiergrainllc.com/,Grain elevator,238 Melvin Rd,Wilmington,Ohio,45177,https://www.facebook.com/pages/Sabina-Farmers-Exchange/113421368701326,
Reading Grain & Lumber Inc,+1 620-699-3842,,,https://www.readingks.com/reading-grain-lumber,Grain elevator,121 Franklin St,Reading,Kansas,66868,https://www.facebook.com/Reading-Grain-Lumber-Inc-574411739261069/,
Ritter Grain Services,+1 870-358-2130,,,,Grain elevator,300 Adamson Rd,Marked Tree,Arkansas,72365,,
Farm City Elevator,,,,http://farmcityelevator.com/,Grain elevator,,Lake Geneva,Wisconsin,53147,,
Los Angeles Harbor Grain Terminal,+1 562-595-7559,info@lahgt.com,,http://www.lahgt.com/,"Grain elevator, Exporter",2422 E Sepulveda Blvd,Long Beach,California,90810,,
Lake Phelps Grain Inc,+1 252-926-8861,,,,Grain elevator,60 NC-94,Swanquarter,North Carolina,27885,,
Lake Phelps Grain Inc,+1 252-797-3717,,,,Grain elevator,10016 US-64,Creswell,North Carolina,27928,,
Smithfield Grain (Weeksville),+1 252-429-1434,jowens@smithfield.com,tcowan@smithfield.com,https://smithfieldgrain.com/cbloc-1679,Grain elevator,685 Dry Ridge Rd,Elizabeth City,North Carolina,27909,,
Smithfield Grain (Morgan's Corner),+1 252-771-8120,,,http://smithfieldgrain.com/,Grain elevator,839 Sandy Rd,Elizabeth City,North Carolina,27909,,
Parkway AG Supply,+1 252-771-2445,,,,"Grain elevator, Store",1213 Hassell Rd,Elizabeth City,North Carolina,27909,,
Harmony Agri Services Inc,+1 507-886-6062,,,,Grain elevator,25 2nd St NE,Harmony,Minnesota,55939,,
Nexus Cooperative,+1 507-437-3219,ddavis@nexus.coop,mruggles@nexus.coop,http://www.ncountrycoop.com/,Grain elevator,89096 Oakland Ave,Oakland,Minnesota,56007,http://www.facebook.com/NexusCooperative,http://www.linkedin.com/company/nexuscooperative
CHS Wykoff,,,,https://www.agprices.com/elevator/chs-wykoff-mn-fed61ab16bf8713fe278c5661928e30f,Grain elevator,309 N 1st St,Wykoff,Minnesota,55990,,
Stateline Cooperative Marna,+1 507-943-3345,,,https://statelinecoop.com/,Grain elevator,8351-8335 430th Ave,Blue Earth,Minnesota,56013,https://www.facebook.com/StateLineCooperative,
CHS,+1 507-657-2234,gabe.grabau@chsinc.com,isaac.miller2@chsinc.com,https://chsag.com/locations/ostrander/,Grain elevator,208 N Main St,Ostrander,Minnesota,55961,https://www.facebook.com/CHSInc,https://www.linkedin.com/company/chs/
Northern Country Co-Op,+1 507-325-4668,ddavis@nexus.coop,mruggles@nexus.coop,https://www.nexus.coop/,Grain elevator,416 1st St,Lyle,Minnesota,55953,http://www.facebook.com/NexusCooperative,http://www.linkedin.com/company/nexuscooperative
Schmitz Grain,,,,https://www.agprices.com/elevator/schmitz-grain-currie-mn-b19ef2dd744d9252946a2d9fefd63e3a,Grain elevator,,Currie,Minnesota,56123,,
CHS Northern Grain,+1 218-681-5280,justin.haus@chsinc.com,robert.staehnke@chsinc.com,https://www.chsnortherngrain.com/,Grain elevator,16943 Center St E,St Hilaire,Minnesota,56754,https://www.facebook.com/chsnortherngrain,https://www.linkedin.com/company/chs
Farmers Co-op Elevator,+1 507-523-2188,,,,Grain elevator,600 Debra Dr,Lewiston,Minnesota,55952,,
Koch Ag-Chemicals Application,+1 507-324-5216,,,,Grain elevator,74757 110th St,Le Roy,Minnesota,55951,,
United Grain Corporation,+1 360-693-1521,,,,Grain elevator,1927 Elevator Way,Vancouver,Washington,98660,,
Nexus,+1 507-582-1071,ddavis@nexus.coop,mruggles@nexus.coop,https://www.nexus.coop/,Grain elevator,105 Commerce St SW,Adams,Minnesota,55909,http://www.facebook.com/NexusCooperative,http://www.linkedin.com/company/nexuscooperative
United Grain Corporation,+1 360-667-2221,,,http://www.unitedgrain.com/,Grain elevator,1905 NW Harborside Dr,Vancouver,Washington,98660,,
Nexus Co-op,+1 507-437-4696,ddavis@nexus.coop,mruggles@nexus.coop,http://www.ncountrycoop.com/,Grain elevator,53872 270th St,Lansing,Minnesota,55950,http://www.facebook.com/NexusCooperative,http://www.linkedin.com/company/nexuscooperative
Audubon Co-Op Elevator Association,+1 218-439-6111,,,http://www.auduboncoopelevator.com/,Grain elevator,445 Front St,Audubon,Minnesota,56511,,
Sargeant Grain,+1 507-584-6870,,,http://sargeantgrain.com/,Grain elevator,302 Main St NW,Sargeant,Minnesota,55973,,
Amboy Grain Inc,+1 507-674-3001,,,,Grain elevator,11221 US-169,Amboy,Minnesota,56010,,
Nexus Co-op,+1 507-265-3231,ddavis@nexus.coop,mruggles@nexus.coop,https://www.nexus.coop/,Grain elevator,66875 180th St,Conger,Minnesota,56020,http://www.facebook.com/NexusCooperative,http://www.linkedin.com/company/nexuscooperative
Scoular,+1 843-805-7800,,,https://www.scoularvirginia.com/cbloc-1937,Grain elevator,5000 Deepwater Terminal Rd,Richmond,Virginia,23234,,
Waubun Elevator,+1 218-473-2151,,,https://auduboncoopelevator.com/,Grain elevator,1120 Dutch St,Waubun,Minnesota,56589,,
Randolph Agri Center,+1 507-645-4347,,,http://nerstrandag.com/,"Grain elevator, Agricultural service",4415 Upper 291st St,Randolph,Minnesota,55065,,
Loretto Grain Co-Op,+1 502-827-1905,,,http://www.peterson-farms.com/,Grain elevator,635 Holy Cross Rd,Loretto,Kentucky,40037,https://www.facebook.com/PetersonFarms,https://www.linkedin.com/company/peterson-farms-ky/
North Iowa Co-Op,+1 641-423-5311,,,https://www.nicoop.com/,Grain elevator,19856 Main St,Mason City,Iowa,50401,https://www.facebook.com/northiowacoop/,
Figanbaum Grain,+1 319-882-3565,,,,Grain elevator,204 1st Ave SE,Tripoli,Iowa,50676,,
Lansing Louisiana Farm Services,+1 318-724-6696,,,,Grain elevator,3082 LA-562,Wisner,Louisiana,71378,,
Nicollet Farmers Exchange Co,+1 507-232-3482,,,http://www.nicolletelevator.com/,Grain elevator,716 Second St,Nicollet,Minnesota,56074,,
"RLH Grain, Inc.",+1 507-467-2300,visit@lanesboro.com,,https://business.lanesboro.com/list/member/rlh-grain-3465,Grain elevator,18 Beacon St W,Lanesboro,Minnesota,55949,https://www.facebook.com/lanesboromn,https://www.linkedin.com/shareArticle?mini=true&url=https%3a%2f%2fbusiness.lanesboro.com%2flist%2fmember%2frlh-grain-llc-3465&title=RLH+Grain+LLC
Viterra,+1 641-323-1190,,,https://viterra.us/,Grain elevator,314 N Mill St,Lake Mills,Iowa,50450,https://www.facebook.com/ViterraUS/,https://www.linkedin.com/company/viterra-us/
Associate Terminals LLC,+1 504-333-7419,,,,Grain elevator,13715 Hwy 15,Braithwaite,Louisiana,70040,,
Harvest States Co-Op,+1 504-656-2212,casey.christensen@chsinc.com,chscareers@chsinc.com,http://www.chsinc.com/,Grain elevator,434 E Ravenna Rd,Belle Chasse,Louisiana,70037,https://www.facebook.com/CHSInc,https://www.linkedin.com/company/chs/
Hendricks Farmers Elevator,+1 507-275-3131,ntackehfe@itctel.com,hfe@itctel.com,https://www.hendfarm.com/cash-bids,Grain elevator,407 S Division St,Hendricks,Minnesota,56136,,
Farmers Mill,+1 563-569-8501,,,,Grain elevator,3324 100th St,Protivin,Iowa,52163,,
Consolidated Grain and Barge Co.,+1 662-373-2079,,,http://www.cgbgrain.com/,Grain elevator,1398-1460 Mhoon Landing Pkwy,Tunica,Mississippi,38676,,
North Mississippi Grain Co,+1 662-563-8143,,,,Grain elevator,620 MS-6,Batesville,Mississippi,38606,,
Consolidated Grain and Barge Co.,+1 870-400-2226,,,http://www.cgbgrain.com/,Grain elevator,896 S Walker Ave,West Memphis,Arkansas,72301,,
Consolidated Grain & Barge Co.,,,,https://www.cgbgrain.com/,Grain elevator,1079 N S 2nd St,Memphis,Tennessee,38107,,
Hicks La Grain,+1 901-794-8614,,,,Grain elevator,3443 Brutonwood Cove,Memphis,Tennessee,38118,,
Fredericksburg Farmers Co-Op,+1 563-578-3432,dheimerdinger@farmerswin.com,chageman@farmerswin.com,http://www.farmerswin.com/,Grain elevator,1502 W 1st St,Sumner,Iowa,50674,https://www.facebook.com/farmerswin/info/?tab=page_info,
Central Farm Service,+1 507-645-7327,,,https://www.cfscoop.com/,"Grain elevator, Agricultural service",37665 Goodhue Ave,Dennison,Minnesota,55018,https://www.facebook.com/CentralFarmService/,
East Central Iowa Co-Op,+1 319-236-6682,,,,Grain elevator,1750 Broadway St,Waterloo,Iowa,50703,,
A G Distributing of Amboy Inc,+1 507-674-3633,,,,Grain elevator,11219 US-169,Amboy,Minnesota,56010,,
Farmers Cooperative Elevator,+1 320-564-3835,,,http://www.farmerscoopelevator.com/,Grain elevator,,Wang Township,Minnesota,,,
Northern Country Co-Op,+1 507-297-5412,ddavis@nexus.coop,mruggles@nexus.coop,https://www.nexus.coop/,Grain elevator,248 State St E,Emmons,Minnesota,56029,http://www.facebook.com/NexusCooperative,http://www.linkedin.com/company/nexuscooperative
Nexus,+1 507-297-5412,ddavis@nexus.coop,mruggles@nexus.coop,http://www.nexus.coop/,Grain elevator,248 State St E,Emmons,Minnesota,56029,http://www.facebook.com/NexusCooperative,http://www.linkedin.com/company/nexuscooperative
State Line Co-Op,+1 515-924-3555,,,http://www.statelinecoop.com/,"Grain elevator, Agricultural service",120 Walnut St,Burt,Iowa,50522,https://www.facebook.com/StateLineCooperative,
Central Region Cooperative,+1 320-877-7217,,,http://www.centralregioncoop.com/,Grain elevator,110 Hercules,Cosmos,Minnesota,56228,,
"The Mill, Inc.",+1 641-228-4771,,,http://www.themillinc.com/,Grain elevator,1392 Railroad Ave,Colwell,Iowa,50620,,
Pemberton Grain,+1 507-869-3335,pembertongrain@gmail.com,,http://www.pembertongrain.com/,Grain elevator,101 Main St,Pemberton,Minnesota,56078,,
"Ag Partners - Viola (grain, seasonal)",+1 507-876-2263,,,http://agpartners.net/,"Grain elevator, Agricultural cooperative",11201 Viola Rd NE,Eyota,Minnesota,55934,,
Stateline Cooperative,+1 515-924-3266,,,https://statelinecoop.com/,Grain elevator,1203 330th St,Burt,Iowa,50522,https://www.facebook.com/StateLineCooperative,
Belgrade Grain Inc,+1 320-254-0051,,,,Grain elevator,200 Martin Ave,Belgrade,Minnesota,56312,,
Matawan Grain & Feed Inc,+1 507-465-8262,,,http://www.matawangrain.com/,Grain elevator,20820 66th St,New Richland,Minnesota,56072,,
Nexus,+1 641-710-2348,ddavis@nexus.coop,mruggles@nexus.coop,http://www.nexus.coop/,Grain elevator,203 E Spring St,Stacyville,Iowa,50476,http://www.facebook.com/NexusCooperative,http://www.linkedin.com/company/nexuscooperative
Skyland Grain LLC,+1 719-523-4208,,,http://skylandgrain.com/,Grain elevator,32025 US-160,Springfield,Colorado,81073,,
Harvest Land Co-Op,+1 800-538-3718,,,http://harvestland.com/,Grain elevator,36609 US-14,Springfield,Minnesota,56087,,
"Lesterville Feed & Grain, Inc. - Kingsburg",+1 605-589-3323,lfg3@gwtc.net,,https://lfgteam.com/,Grain elevator,30866 413th Ave,Springfield,South Dakota,57062,,
Meyers Grain LLC,+1 717-658-9655,,,http://meyersgrain.com/,Grain elevator,3258 Edenville Rd,Chambersburg,Pennsylvania,17202,,
"Gene Cooper Farms, Centerra Co-Op",+1 800-472-4644,,,https://www.centerracoop.com/,Grain elevator,1242 W Liberty Rd,Slippery Rock,Pennsylvania,16057,,
Chesapeake Grain Co Inc,+1 757-543-2041,,,,Grain elevator,5500 Bainbridge Point,Chesapeake,Virginia,23320,,
"Walton Grain Co, LLC",+1 254-709-0820,,,,Grain elevator,405 E Commerce St,Penelope,Texas,76676,,
Clement Grain Co,+1 254-754-3556,,,,Grain elevator,733 Hood St,Waco,Texas,76704,,
Bardwell Grain Co,+1 972-646-5457,,,,Grain elevator,3630 Buchooltz Ave,Bardwell,Texas,75101,,
Lone Star Grain,+1 979-272-2022,,,http://www.lonestargrain.com/,Grain elevator,1893 FM 1362,Caldwell,Texas,77836,,
Jarvis Paris Murphy Grain,+1 254-799-2424,,,,Grain elevator,3135 Gholson Rd,Waco,Texas,76705,,
Walton Gin & Grain,+1 254-533-2396,,,,Grain elevator,,Penelope,Texas,76676,,
Farmer Co-Op Gin & Grain,+1 254-623-4396,,,,Grain elevator,104 White Ave,Bynum,Texas,76631,,
Equity Exchange,+1 806-435-4503,,,http://www.myequityexchange.com/,Grain elevator,13641 TX-15,Booker,Texas,79005,,
Montgomery Elevator Co,+1 817-336-8339,,,,Grain elevator,1200 Summit Ave,Fort Worth,Texas,76102,,
Countyline Co-op,+1 419-595-2217,,,,Grain elevator,37 E Tiffin St,New Riegel,Ohio,44853,,
Smithfield Grain,+1 740-465-3151,,,https://smithfieldgrain.com/,Grain elevator,9 W Neff St,Morral,Ohio,43337,,
Precision Grain Builders,+1 740-225-4176,,,,Grain elevator,1695 Whetstone River Rd N,Caledonia,Ohio,43314,,
Scott Equity Exchange,+1 419-622-6151,,,http://www.scottequityexchange.com/,Grain elevator,12529 Blaine St,Scott,Ohio,45886,,
Heritage Cooperative,+1 937-368-2364,membership@heritagecooperative.com,,https://www.heritagecooperative.com/,"Grain elevator, Agricultural service",701 S Walnut St,Fletcher,Ohio,45326,https://www.facebook.com/heritagecooperative,
"Central Ohio Farmers Co-op, Inc.",+1 740-387-2081,,,http://www.centralohfarm.com/,Grain elevator,103 Railroad St E,New Bloomington,Ohio,43341,,
Jennings-Gomer Equity Inc,+1 419-642-3191,jgecg@bright.net,jenningsgo@bright.net,http://www.jenningsgomer.com/,Grain elevator,3798 Lincoln Hwy,Gomer,Ohio,45809,,
Monroe Grain,+1 260-692-6176,info@kalmbachfeeds.com,,https://www.kalmbachfeeds.com/,Grain elevator,102 E Washington St,Monroe,Indiana,46772,https://www.facebook.com/KalmbachFeeds,https://www.linkedin.com/company/kalmbach-feeds-inc-/
Maybee Farmers Co-Op Inc,+1 734-587-8975,,,,Grain elevator,7751 Blue Bush Rd,Maybee,Michigan,48159,,
Odenweller Milling Co,+1 419-453-3351,,,,Grain elevator,184 E Main St,Ottoville,Ohio,45876,,
Jennings Gomer Equity,+1 419-286-2444,,,,Grain elevator,235 2nd St,Fort Jennings,Ohio,45844,,
Heritage Cooperative,+1 419-641-3261,membership@heritagecooperative.com,,http://www.heritagecooperative.com/,Grain elevator,100 Railroad St,Cairo,Ohio,45820,https://www.facebook.com/heritagecooperative,
"Premier Grain, Bowersville",+1 937-453-2400,,,http://premiergrainllc.com/,Grain elevator,"5827 E, Xenia St",Bowersville,Ohio,45307,https://www.facebook.com/pages/Sabina-Farmers-Exchange/113421368701326,
Adm,+1 989-879-4222,,,https://www.adm.com/,Grain elevator,4040 N 7 Mile Rd,Pinconning,Michigan,48650,,
Kalmbach Feeds of Michigan - Garfield Road,+1 989-236-5014,grain@kalmbachfeeds.com,,http://www.kalmbachmarkets.com/,"Grain elevator, Crop grower",4584 1/2 W Garfield Rd,Middleton,Michigan,48856,,
Harvest Grain Company LLC,+1 419-649-7525,,,http://harvestgrain.net/,Grain elevator,2648 N Napoleon Rd,Harrod,Ohio,45850,,
Heritage Cooperative,+1 419-326-7444,,,,Grain elevator,110 Railroad St,Jenera,Ohio,45841,,
Guardian Lima,+1 567-940-9545,,,http://www.guardianlima.com/,Grain elevator,2485 Houx Pkwy,Lima,Ohio,45804,,
Mercer Landmark - Convoy Grain,+1 419-749-2289,,,http://www.mercerlandmark.com/,"Grain elevator, Agricultural cooperative",207 S Main St,Convoy,Ohio,45832,https://www.facebook.com/MercerLandmark/,https://www.linkedin.com/company/mercer-landmark/
Heritage Cooperative,+1 419-387-7732,membership@heritagecooperative.com,,https://www.heritagecooperative.com/locations/vanlue,Grain elevator,400 Center St,Vanlue,Ohio,45890,https://www.facebook.com/heritagecooperative,
Cargill,+1 419-228-5315,,,https://www.cargillag.com/locations/lima-cah,Grain elevator,1545 N Cable Rd,Lima,Ohio,45805,,
Gavilon Grain LLC,+1 740-465-3151,,,,Grain elevator,Morral-Kirkpatrick Rd W,Harpster,Ohio,43323,,
Heritage Cooperative,+1 937-642-3841,lariedlinger@heritagecooperative.com,dfauber@heritagecooperative.com,https://www.heritagecooperative.com/locations/marysville-ag-campus,Grain elevator,324 N Main St,Marysville,Ohio,43040,https://www.facebook.com/heritagecooperative,
Lord's Enterprises,+1 419-641-5572,,,,Grain elevator,7200 Slabtown Rd,Columbus Grove,Ohio,45830,,
Farmers Cooperative Association - Elevator A,+1 580-327-4301,,,,Grain elevator,520 Santa Fe St #1618,Alva,Oklahoma,73717,,
Woodbury Grain,+1 616-374-1111,,,,Grain elevator,7613 Saddlebag Lake Rd,Lake Odessa,Michigan,48849,,
North East Grain,+1 410-287-3030,,,,Grain elevator,,North East,Maryland,21901,,
Perdue AgriBusiness - Curtis Bay Grain Elevator,+1 410-951-7530,spencer.miller@perdue.com,grain@perdue.com,http://www.perdueagribusiness.com/,Grain elevator,5501 Pennington Ave,Baltimore,Maryland,21226,,
Westphalia Milling Co,+1 989-587-4531,,,,Grain elevator,310 W Main St,Westphalia,Michigan,48894,,
Gera Elevator,+1 989-652-8131,,,https://www.starofthewest.com/locations/gera-mi/,"Grain elevator, Lodging",2416 S Gera Rd,Frankenmuth,Michigan,48734,https://www.facebook.com/SOTWMilling/,https://www.linkedin.com/shareArticle?mini=true&url=https%3A%2F%2Fwww.starofthewest.com%2Flocations%2Fgera-mi%2F
Viterra,+1 989-321-5970,,,,Grain elevator,3274 Carrollton Rd,Carrollton Township,Michigan,48724,,
Risser Grain,+1 717-284-4628,,,,Grain elevator,1665 New Franklin Rd,Chambersburg,Pennsylvania,17202,,
Hirschman Grain,+1 989-620-0415,,,,Grain elevator,2509 S State Rd,Ithaca,Michigan,48847,,
Adams Grain Co.,+1 530-668-2000,info@adamsgrp.com,,https://www.adamsgrp.com/adams-grain-1,Grain elevator,17900 Co Rd 102,Woodland,California,95776,,
Lennon Elevator,+1 810-621-3320,,,,Grain elevator,11810 Lennon Rd,Lennon,Michigan,48449,,
Star of the West Milling Co.,+1 517-726-0514,,,https://www.starofthewest.com/,"Grain elevator, Agricultural service",870 S Main St,Vermontville,Michigan,49096,https://www.facebook.com/SOTWMilling/,
bob's agri service,+1 517-523-4002,,,,Grain elevator,8586 Hudson Rd,Pittsford,Michigan,49271,,
Gavilon Group LLC,+1 989-893-8411,,,,Grain elevator,1205 S Farragut St,Bay City,Michigan,48708,,
Adm,+1 330-296-9938,,,,Grain elevator,537 Oakwood St,Ravenna,Ohio,44266,,
Laurel Grain Co,+1 302-875-4231,dawn.brittingham@laurelgrain.com,keith.steininger@laurelgrain.com,http://www.laurelgrain.com/,Grain elevator,10717 Georgetown Rd,Laurel,Delaware,19956,,
Proximity Malt,+1 302-929-7005,,,http://www.proximitymalt.com/,Grain elevator,33222 Bi State Blvd,Laurel,Delaware,19956,,
NORAG LLC,+1 405-332-6389,,,http://norag.com/,Grain elevator,1110 Katy St,Lancaster,Texas,75146,,
Quality Grain LLC,+1 903-476-5501,,,,Grain elevator,11652 FM 902,Dorchester,Texas,75459,,
Cargill Inc,+1 334-834-7670,,,https://www.cargill.com/,Grain elevator,3250 Fitzpatrick Ave,Montgomery,Alabama,36108,,
RCM CO-OP,+1 217-364-4438,,,http://www.rcmcoop.com/mechanicsburg,Grain elevator,305 1st St,Mechanicsburg,Illinois,62545,,
Consolidated Grain and Barge,+1 918-770-9500,,,http://www.cgbgrain.com/,Grain elevator,11895 E 590 Rd,Catoosa,Oklahoma,74015,,
Gavilon Grain West,+1 918-614-1274,,,,Grain elevator,764 Arkansas Rd,Catoosa,Oklahoma,74015,,
The DeLong Co. Inc.,+1 815-597-1088,,,http://www.delongcompany.com/,"Grain elevator, Agricultural service",6190 Garden Prairie Rd,Garden Prairie,Illinois,61038,,
Consolidated Grain and Barge Co.,+1 918-485-5711,,,http://www.cgbgrain.com/,Grain elevator,72861 S 220 Rd,Wagoner,Oklahoma,74467,,
Viterra Grain East,+1 918-266-8777,,,https://www.viterra.us/our-locations,Grain elevator,5410 E Channel Rd Ext,Catoosa,Oklahoma,74015,,
Viterra Grain West,+1 918-266-8777,,,,Grain elevator,764 West Caney Rd,Catoosa,Oklahoma,74015,,
Equity Exchange,+1 580-625-3046,kseemann@myequityexchange.com,energy@myequityexchange.com,https://www.myequityexchange.com/,Grain elevator,302 W Main St,Beaver,Oklahoma,73932,https://www.facebook.com/PerrytonEquityExchange/,
Beachner Grain Inc,+1 918-257-4201,,,https://www.beachnergrain.com/,Grain elevator,1 N Main St,Afton,Oklahoma,74331,,
Consolidated Grain & Barge,+1 918-464-2296,,,http://www.cgb.com/,Grain elevator,605 N Stand Watie Blvd,Webbers Falls,Oklahoma,74470,,
Equity Exchange,+1 580-888-4571,kseemann@myequityexchange.com,energy@myequityexchange.com,https://www.myequityexchange.com/,Grain elevator,110 Broadway St,Hardesty,Oklahoma,73944,https://www.facebook.com/PerrytonEquityExchange/,
Co-Op Services Inc,+1 580-479-5288,,,https://www.coopservicesinc.com/pages/contact.php,Grain elevator,101 Bridge Rd,Grandfield,Oklahoma,73546,,
NORAG KANSAS CITY KS,+1 913-851-7200,,,http://norag-us.com/,Grain elevator,501 S Coy St,Kansas City,Kansas,66105,,
Beachner Grain Inc,+1 785-867-2140,,,https://www.beachnergrain.com/,Grain elevator,230 W Brown Ave,Greeley,Kansas,66033,,
MKC Grain Elevator and Terminal,+1 620-399-7060,contactus@mkcoop.com,,http://www.mkcoop.com/,Grain elevator,1063 W 10th Ave,Milan,Kansas,67105,https://www.facebook.com/pages/Mid-Kansas-Cooperative/258505330862882,https://www.linkedin.com/company/549602?trk=tyah
Jackson Farmers Inc,+1 913-874-2510,adam.niehues@jacksonfarmers.com,,https://www.jacksonfarmers.com/,Grain elevator,300 N Broadway St,Lancaster,Kansas,66041,https://facebook.com/,
Beachner Grain Inc,+1 785-835-6125,,,https://www.beachnergrain.com/,"Grain elevator, Store",101 E Central Ave,Richmond,Kansas,66080,,
Hansen Mueller Katy Elevator,+1 913-359-6675,,,https://hansenmueller.com/,Grain elevator,340 Southwest Blvd,Kansas City,Kansas,66103,,
Akron Services,+1 309-446-3777,,,http://akronservices.com/,Grain elevator,13625 N Bell School Rd,Brimfield,Illinois,61517,,
Consolidated Grain and Barge Co.,+1 812-385-4524,,,http://www.cgbgrain.com/,Grain elevator,4928 West County Rd 100 N,Princeton,Indiana,47670,,
Farmers Elevator Co,+1 605-772-4402,,,,Grain elevator,441 E Main St,Carthage,South Dakota,57323,,
Tabor Grain,+1 605-463-2261,,,https://www.parkston-kaylorgrain.com/,Grain elevator,226 E Szymanski St,Tabor,South Dakota,57063,https://www.facebook.com/parkstonkaylortaborgrain,
Cooperative Farmers Elevator,+1 605-984-2224,,,https://www.coopfe.com/,Grain elevator,309 Hubbard St,Hudson,South Dakota,57034,,
Central Farmers Coop,+1 605-648-3941,,,http://www.cenfarmcoop.com/,Grain elevator,44610 273rd St,Marion,South Dakota,57043,,
Farmers Co-Op Elevator,+1 605-337-2561,,,,Grain elevator,203 Railroad St,Geddes,South Dakota,57342,,
Central Farmers Coop Scale,+1 605-648-3941,,,http://www.cfc4ag.com/,Grain elevator,300 Broadway Ave,Marion,South Dakota,57043,,
Cargill Napa Junction,+1 605-653-7005,,,https://www.cargillag.com/locations/napa-junction-cah,Grain elevator,30668 436th Ave,Yankton,South Dakota,57078,,
Farmers Elevator Co,+1 605-363-3011,humco@siouxvalley.net,,https://humboldtfarmerselevator.com/,Grain elevator,116 N Main St,Humboldt,South Dakota,57035,,
Beachner Grain Inc,+1 918-788-3915,,,https://www.beachnergrain.com/,Grain elevator,E 4th Ave & Railroad St,Welch,Oklahoma,74369,,
Viterra Grain East,+1 918-266-8777,,,,"Grain elevator, Service establishment",,,,,,
Hansen-Mueller,+1 918-258-5957,,,https://hansenmueller.com/,Grain elevator,413 S Ash Ave,Broken Arrow,Oklahoma,74012,,
Estelline CO-OP Grain,+1 605-873-2288,estellinecoop@outlook.com,ecgfeedagronomy@outlook.com,https://www.estellinegrain.com/,Grain elevator,,Estelline,South Dakota,57234,,
South Dakota Wheatgrwrs Yale,+1 605-599-2911,,,,Grain elevator,218 Main St,Cavour,South Dakota,57324,,
Valley Central Co-op - Colton,+1 605-446-3228,,,,Grain elevator,200 E 5th St,Colton,South Dakota,57018,,
Valley Springs Farmers Co-Op,+1 605-757-6288,,,https://valleyspringsfarmerscoopsd.com/,Grain elevator,400 Broadway Ave,Valley Springs,South Dakota,57068,,
Central Farmers Co-Op,+1 605-523-2244,,,http://www.cenfarmcoop.com/,Grain elevator,111 N Railroad St,Canova,South Dakota,57321,,
Whitebox Commodities,+1 716-854-3760,,,,Grain elevator,120 Childs St,Buffalo,New York,14203,,
Howlett Farms - Batavia Facility,+1 585-226-8340,mbell@howlettfarms.com,,https://www.howlettfarmsfeed.com/,Grain elevator,2773 Pratt Rd,Batavia,New York,14020,https://www.facebook.com/howlettfarms/,
NuGen Energy,+1 605-648-2100,,,http://www.nugenmarion.com/,"Grain elevator, Fuel supplier",27283 447th Ave,Marion,South Dakota,57043,,
Cargill AG Horizons,+1 605-653-7005,,,https://www.cargillag.com/,Grain elevator,511 SD-262,Emery,South Dakota,57332,,
Lake Norden Farmers Elevator,+1 605-785-3686,,,https://www.lakenordenfarmerselevator.net/,Grain elevator,609 4th St,Lake Norden,South Dakota,57248,,
Lesterville Feed & Grain Inc,+1 605-364-7511,lfg3@gwtc.net,,http://www.lfgteam.com/,Grain elevator,301 Railroad St,Lesterville,South Dakota,57040,,
Irene Fertilier Plant Viborg,+1 605-263-3105,,,,Grain elevator,45166 SD-46,Irene,South Dakota,57037,,
TABOR LUMBER COOP FERTILIZER,+1 605-463-2565,jasons@taborlumbercoop.com,bobbiz@taborlumbercoop.com,https://www.taborlumbercoop.com/,Grain elevator,,Tabor,South Dakota,57063,https://www.facebook.com/Tabor-Lumber-Coop-1613325955560978/?fref=ts,
Southeast Farmers Elevator Co,+1 605-356-2657,,,https://www.southeastfarmers.com/grain/cash-bids,Grain elevator,304 N Court St,Elk Point,South Dakota,57025,,
ADM-Benson Quinn,+1 605-266-2530,,,,Grain elevator,38580 190th St,Hitchcock,South Dakota,57348,,
Hansen Mueller Co.,+1 712-252-5610,,,http://www.hansenmueller.com/,Grain elevator,1321 Lewis Blvd,Sioux City,Iowa,51105,,
CHS Eastern Farmers,+1 605-238-5311,,,http://www.chseasternfarmers.com/,"Grain elevator, Hardware store",207 US-18,Davis,South Dakota,57021,,
Monroe Mill & Grain,+1 605-297-3720,,,,Grain elevator,231 1st St,Monroe,South Dakota,57047,,
Madison Farmers Elevator Co,+1 605-256-4584,cassie@madisonfarmerselevator.com,,http://www.madisonfarmerselevator.com/,Grain elevator,119 Farmer Ave,Madison,South Dakota,57042,,
Lake Andes Farmers Co-Op Co,+1 605-487-7681,,,,"Grain elevator, Agricultural cooperative",29189 382nd Ave,Lake Andes,South Dakota,57356,,
Hartington Elevator Co,+1 402-254-3253,,,,Grain elevator,501 N Summit St Ave,Hartington,Nebraska,68739,,
Castlewood Farmers Elevator Feed,+1 605-793-2181,info@castlewoodelevator.com,,http://www.castlewoodelevator.com/,Grain elevator,210 S Oak St,Castlewood,South Dakota,57223,,
Farmers Co-Op Elevator,+1 605-239-4365,,,http://www.farmerscoopelevator.com/,Grain elevator,SD-262 & Main St,Alexandria,South Dakota,57311,,
New Vision Co-Op,+1 507-962-3243,,,http://www.newvision.coop/,Grain elevator,521 41st St,Hills,Minnesota,56138,,
Viborg Co-Op Elevator Association,+1 605-326-5214,,,,Grain elevator,101 N Commercial St,Viborg,South Dakota,57070,,
Howard Farmers Co-Op Associates,+1 605-772-5568,,,https://www.howardcoop.com/,Grain elevator,200 W Market Ave,Howard,South Dakota,57349,,
Gavilon Grain,+1 402-241-6730,,,https://www.viterra.us/,Grain elevator,425 W 29th St,South Sioux City,Nebraska,68776,,
ADM Grain,+1 573-683-3741,,,https://adm.gradable.com/market/Charleston--MO,Grain elevator,E Mill St #1,Charleston,Missouri,63834,,
Hadley Farmer's Elevator Co,+1 507-836-6363,,,http://www.hadleyfarmers.com/,Grain elevator,200 N Main St N,Hadley,Minnesota,56151,,
Consolidated Grain and Barge - Birds Point,+1 573-675-3433,,,,Grain elevator,6720 E Highway K,Charleston,Missouri,63834,,
Bow Valley Elevator,+1 402-357-2381,energy@cvacoop.com,info@cvacoop.com,https://www.cvacoop.com/find-location/bow-valley,Grain elevator,56356 891 Rd,Hartington,Nebraska,68739,https://facebook.com/centralvalleyagcoop,https://www.linkedin.com/company/central-valley-ag-coop/
Chs Farmers Alliance,+1 605-888-4375,,,https://www.chsfarmersalliance.com/,Grain elevator,,White Lake,South Dakota,,,
AgState,+1 712-738-4251,,,http://www.agstate.org/,Grain elevator,495 Led Yard Ave,Matlock,Iowa,51244,,
Cooperative Farmers Elevator,+1 712-477-2705,,,https://www.coopfe.com/,Grain elevator,755 Broadway St,Larchwood,Iowa,51241,,
Hamco Inc,+1 724-667-0923,,,,Grain elevator,215 Gilmore Rd,New Castle,Pennsylvania,16102,,
Union Hill Farmer's Elevator,+1 815-426-2766,,,,Grain elevator,610 S 14700W Rd,Union Hill,Illinois,60969,,
Soybean Bids Worthing,,,,https://www.farmerscoopsociety.com/dtn-cash-bids?location=Worthing,Grain elevator,,Worthing,South Dakota,57077,,
Prairie Creek Grain,+1 815-426-2766,,,https://www.pcgrain.com/,Grain elevator,1 Center St,Union Hill,Illinois,60969,,
Hazel Farmers Elevator,+1 605-628-2921,,,,Grain elevator,82 Burlington Northern Santa Fe Rlwy,Hazel,South Dakota,57242,,
AgState,+1 712-752-8421,,,http://www.agstate.org/,Grain elevator,209 2nd Ave N,Hospers,Iowa,51238,,
Alliance Grain Co,+1 815-949-1672,,,http://www.alliance-grain.com/,Grain elevator,400 E Main St,Cabery,Illinois,60919,,
"FS GRAIN, LLC.",+1 815-249-6214,,,http://www.fsgrain.com/,Grain elevator,300 Railroad Ave,Grand Ridge,Illinois,61325,,
New Shanzer Grain Dryer,+1 605-336-0439,,,,Grain elevator,1401 N Ellis Rd,Sioux Falls,South Dakota,57107,,
Kincaid Brothers Grain,+1 618-665-3770,,,,Grain elevator,12703 US-45,Louisville,Illinois,62858,,
"FS GRAIN, LLC.",+1 815-998-2191,,,http://www.fsgrain.com/,Grain elevator,103 E Vermillion St,Odell,Illinois,60460,,
Eastern Grain Marketing,+1 815-933-4045,,,,Grain elevator,4887 West Ave,Bourbonnais,Illinois,60914,,
Alliance Grain Co,+1 815-689-2139,sdeany@alliance-grain.com,,https://alliance-grain.com/cbloc-1044,Grain elevator,102 W Hack St,Cullom,Illinois,60929,https://www.facebook.com/AllianceGrain,
Alliance Grain Co,+1 815-567-3311,,,https://www.alliance-grain.com/,Grain elevator,27896 N 3300 Rd E,Campus,Illinois,60920,,
Consolidated Grain and Barge Co.,+1 815-562-3471,,,http://www.cgbgrain.com/,Grain elevator,10535 E Titus Rd,Rochelle,Illinois,61068,,
"Donovan Farmers Co-Op, Hooper",+1 815-486-7058,,,,Grain elevator,2759 E 2900 North Rd,Beaverville,Illinois,60912,,
Grainco Inc Kentland Station,+1 630-553-0205,,,,Grain elevator,9512 W Helmar Rd,Newark,Illinois,60541,,
"FS Grain, LLC.",+1 630-553-0204,,,http://www.fsgrain.com/,Grain elevator,9512 W Helmar Rd,Newark,Illinois,60541,,
Leland Farmer's Co,+1 815-495-2421,info@lelandfarmers.com,,https://www.lelandfarmers.com/cash-bids,Grain elevator,100 S Main St,Leland,Illinois,60531,https://www.facebook.com/LelandFarmers/,
Consolidated Grain and Barge,+1 815-667-5141,,,http://www.cgbgrain.com/,Grain elevator,750 N 27th Rd,North Utica,Illinois,61373,,
Ludlow Co-Op Grain Elevator Co,+1 815-269-2390,,,http://www.ludlowcoop.com/,Grain elevator,104 S Front St,Danforth,Illinois,60930,,
Consolidated Grain and Barge Co.,+1 309-457-4800,,,https://www.cgbgrain.com/,Grain elevator,2203 IL-135,Monmouth,Illinois,61462,,
Ruff Brothers Grain,+1 815-265-6716,,,http://www.ruffrail.com/,Grain elevator,100 Tabor St,Leonore,Illinois,61332,,
A G Specialists,+1 320-238-2188,,,,Grain elevator,121 1st St SE,Plato,Minnesota,55370,,
Prairie Central Co-Op Wing,+1 815-657-4100,,,https://www.prairiecentralcoop.com/,Grain elevator,13201 Front St,Forrest,Illinois,61741,https://www.facebook.com/PrairieCentralCoop/?ref=br_tf,
Vanderbilt Farmers Co-Op Inc,+1 361-284-3673,,,,Grain elevator,"FM S 234, Co Rd 314",Edna,Texas,77957,,
Prairie Central Co-Op Ocoya,+1 815-844-7697,,,https://www.prairiecentralcoop.com/,Grain elevator,12877 E 1233 North Rd,Pontiac,Illinois,61764,https://www.facebook.com/PrairieCentralCoop/?ref=br_tf,
Brownton Cooperative,+1 320-328-4002,,,,Grain elevator,7735 MN-15,Brownton,Minnesota,55312,,
Farmward Co-Op,+1 507-697-6113,info@farmward.net,,http://www.farmward.net/gcloc-138,Grain elevator,320 W 1st St,Morton,Minnesota,56270,https://www.facebook.com/farmwardcoop/,
Prairie Central Co-Op Sunbury,+1 815-584-2051,,,https://www.prairiecentralcoop.com/,Grain elevator,32546 N 2100 E Rd,Dwight,Illinois,60420,https://www.facebook.com/PrairieCentralCoop/?ref=br_tf,
Wheatfield Grain,+1 815-683-2105,,,https://www.wheatfieldgrain.com/markets/cash.php,Grain elevator,400 Jerry Ash Ave,Crescent City,Illinois,60928,,
Central Region Cooperative,+1 507-834-6534,,,http://www.centralregioncoop.com/,"Grain elevator, Feed manufacturer",40 W Park Dr,Gibbon,Minnesota,55335,,
FS Grain,+1 815-453-2431,,,http://easterngrainmarketing.com/,Grain elevator,603 Cartwright Ave,Ashton,Illinois,61006,,
"FS GRAIN, LLC",+1 815-538-3771,,,http://www.fsgrain.com/,Grain elevator,3648 Meridian Rd,Mendota,Illinois,61342,,
"FS GRAIN, LLC.",+1 815-586-4221,,,http://www.fsgrain.com/,Grain elevator,201 Campbell St,Ransom,Illinois,60470,,
Harvest Land Co-Op,+1 507-697-6194,,,,Grain elevator,30833 Ranch Ave,Morton,Minnesota,56270,,
Viterra,+1 402-889-4233,,,https://viterra.us/what-we-do/grower-services/US-locations/Joliet,Grain elevator,1781 Patterson Rd,Joliet,Illinois,60436,,
Ruff Brothers Grain Co,+1 815-854-2211,,,http://www.ruffrail.com/,Grain elevator,204 5th St,Long Point,Illinois,61333,,
Northern Grain Marketing,+1 815-249-6214,,,https://www.northerngrainmarketing.com/markets/cash.php?location_filter=30142&showcwt=1,Grain elevator,300 Railroad Ave,Grand Ridge,Illinois,61325,,
Penny Newman Grain Co Inc,+1 901-758-8422,,,http://www.penny-newman.com/,Grain elevator,9525 Cordova Park Rd,Cordova,Tennessee,38018,,
ADM Growmark,+1 309-699-9581,,,https://www.agprices.com/elevator/adm-mankato-mn-afc1aabe0033062482488e8e71a1cd29,Grain elevator,910 Wesley Rd,Creve Coeur,Illinois,61610,,
Congerville Grain,+1 309-448-2311,,,,Grain elevator,101 Washington St,Congerville,Illinois,61729,,
Burtonview Co-Op,+1 217-732-7949,burtcoop@speednet.com,,http://www.burtcoop.com/,Grain elevator,601 IL-10 Unit B,Lincoln,Illinois,62656,,
"AgRail, LLC",+1 309-828-8600,,,https://www.agrail.com/,Grain elevator,901 Roundhouse Dr,Bloomington,Illinois,61701,,
Guadalupe Grain Inc,+1 830-379-2542,,,,Grain elevator,390 Cordova Rd,Seguin,Texas,78155,,
K-C Grain,+1 512-398-2325,,,,Grain elevator,805 N Pecos St,Lockhart,Texas,78644,,
Rock River Lumber & Grain Co,+1 815-438-6155,info@rockriverag.com,,http://www.rockriverag.com/,Grain elevator,2752 Luther Rd,Tampico,Illinois,61283,,
Cargill Inc,+1 219-787-8613,,,http://www.cargill.com/,Grain elevator,6640 Ship Dr,Portage,Indiana,46368,,
"FS GRAIN, LLC",+1 815-496-9421,,,http://www.fsgrain.com/,Grain elevator,3807 E 2276th Rd,Serena,Illinois,60549,,
The Andersons,,,,https://www.andersonsgrain.com/locations/tx/houston/,Grain elevator,1500 S Main St,Galena Park,Texas,77547,,
Penny Newman Grain Co,+1 209-466-5446,,,http://www.penny-newman.com/,Grain elevator,1805 Harbor St,Stockton,California,95203,,
Dearwester Grain Services,+1 217-894-6561,frankw@dgsinc.net,andrewg@dgsinc.net,https://www.dearwestergrain.com/,Grain elevator,105 Marion St,Clayton,Illinois,62324,https://www.facebook.com/dearwestergrain,
Dearwester Grain Services Inc,+1 217-696-4491,frankw@dgsinc.net,andrewg@dgsinc.net,https://www.dearwestergrain.com/,Grain elevator,2473 N 2700th Ave,La Prairie,Illinois,62346,https://www.facebook.com/dearwestergrain,
Oconee Grain & Fertilizer Co,+1 217-539-4288,,,,Grain elevator,1st & Chestnut St,Oconee,Illinois,62553,,
Consolidate Grain & Barge Co.,,,,https://www.cgbgrain.com/,Grain elevator,1500 River Grain Rd,Mayersville,Mississippi,39113,,
Harvest States Co-Op,+1 563-326-3581,,,,Grain elevator,6603 S Concord St,Davenport,Iowa,52802,,
Brooklyn Elevator Co Guernsey,+1 319-685-4671,,,,Grain elevator,201 Cleveland St,Guernsey,Iowa,52221,,
Heartland Co-Op,+1 641-522-7521,,,https://www.heartlandcoop.com/pages/custom.php?id=167,Grain elevator,210 W Front St,Brooklyn,Iowa,52211,,
Heartland Co-Op,+1 319-525-2311,,,https://www.heartlandcoop.com/,Grain elevator,201 Vine St,Hartwick,Iowa,52232,,
Mid-Iowa Grain Inspection Inc,+1 319-363-0239,monte.tudahl@miginspection.com,mike.carter@miginspection.com,http://www.miginspection.com/,Grain elevator,5435 Waconia Ln SW,Cedar Rapids,Iowa,52404,,
Cargill Inc. 1340,+1 319-399-4173,,,,Grain elevator,1110 12th Ave SW,Cedar Rapids,Iowa,52404,,
Exporter Elevator Co,+1 319-698-2515,,,,Grain elevator,102 Cedar St,West Chester,Iowa,52359,,
"Farmers Elevator & Exchange, Inc.",+1 319-656-2285,,,http://www.farmerseande.com/,Grain elevator,126 E Ave,Kalona,Iowa,52247,,
Heartland Co-Op,+1 319-662-4100,,,https://www.heartlandcoop.com/,Grain elevator,573 7th Ave,Conroy,Iowa,52220,,
Buffalo Bay Grain Inc.,+1 319-435-2163,,,,Grain elevator,108 S Railroad St #9787,Coggon,Iowa,52218,,
River Valley Co-Op,+1 563-282-9618,,,https://www.rivervalleycoop.com/,Grain elevator,106 1st Ave,Donahue,Iowa,52746,,
W C Gretter & Sons Inc,+1 641-635-2174,wcgretter@iowatelecom.net,,https://wcgretterandsons.wordpress.com/,Grain elevator,209 Main St,Harper,Iowa,52231,,
Bill Murray Grain Services Inc,+1 563-926-2240,,,,Grain elevator,122 SE 1st St,Hopkinton,Iowa,52237,,
Bieri Grain Co,+1 319-726-3791,mbieri@biericorps.com,sbieri@biericorps.com,http://www.bierigrain.com/,Grain elevator,170 N Cherry St,Letts,Iowa,52754,,
Bennett Grain,+1 563-893-2425,sales@bennett-equipment.com,,https://bennett-equipment.com/,Grain elevator,101 Main St,Bennett,Iowa,52721,https://www.facebook.com,https://www.linkedin.com/
New Century FS Inc,+1 641-236-3117,,,https://www.newcenturyfs.com/,Grain elevator,100 Pine St,Garrison,Iowa,52229,,
Kat's Grain Inc,+1 319-653-3520,elaine.shein@dtn.com,snapshoteditors@dtn.com,http://www.katsgrain.com/,Grain elevator,219 N Marion Ave,Washington,Iowa,52353,,
Fagen Elevator Inc,+1 641-636-3089,,,,Grain elevator,426 E Broadway Ave,Keota,Iowa,52248,,
Heartland Co-Op,+1 319-454-6411,,,https://www.heartlandcoop.com/,Grain elevator,409 Locust St NE,Blairstown,Iowa,52209,,
Rex Feed & Elevator Co,+1 563-941-5385,,,,Grain elevator,81 Main St,Lowden,Iowa,52255,,
Agri-Way Partners L.L.C.,+1 319-338-2280,,,http://www.agriwaypartners.com/,Grain elevator,2144 Old Hwy 218 S,Iowa City,Iowa,52246,https://www.facebook.com/AgriWayPartners/?ref=br_rs,
Gavilon Grain LLC,+1 563-927-5040,,,,Grain elevator,401 Gordon St,Masonville,Iowa,50654,,
Frontier Cooperative,+1 402-789-2335,,,http://frontiercooperative.com/,Grain elevator,,Greenwood,Nebraska,68366,,
Heck & Sons Co,+1 402-341-6666,,,https://www.ejheck.com/,Grain elevator,1625 S 13th St,Omaha,Nebraska,68108,,
Nebraska Grain Futures & Options LLC,+1 402-423-3500,,,,Grain elevator,6045 Stable Ln,Lincoln,Nebraska,68523,,
Gavilon Grain LLC/beans/Flat storage,+1 402-874-7000,,,,Grain elevator,2201 23rd Ave,Nebraska City,Nebraska,68410,,
West Plains Llc,+1 877-558-0797,,,https://www.westplainsco.com/,Grain elevator,14238 Hillsdale Cir,Omaha,Nebraska,68137,,
Farmers Cooperative Co,+1 402-264-3385,,,,Grain elevator,122 Main St,Talmage,Nebraska,68448,,
Farmers Cooperative Co,+1 402-848-2381,,,https://www.frontiercooperative.com/,Grain elevator,333 Main St,Sterling,Nebraska,68443,,
Bruno Co-Op Grain Association,+1 402-543-2226,feedback@frontiercooperative.com,,https://www.frontiercooperative.com/locations/bruno,Grain elevator,402 2nd St,Bruno,Nebraska,68014,https://www.facebook.com/frontiercooperative?fref=ts,https://www.linkedin.com/company/frontier-cooperative
Farmers Union Co-Op,+1 402-663-5171,,,,Grain elevator,313 N Railway St,Prague,Nebraska,68050,,
Frontier Cooperative,+1 402-856-3845,,,https://www.frontiercooperative.com/,Grain elevator,405 Main St,Brock,Nebraska,68320,,
ADM BEAN PROCESSING,+1 402-464-9131,,,,Grain elevator,5400 N Cotner Blvd,Lincoln,Nebraska,68507,,
ADM Milling & Elevator Co,+1 402-477-4161,,,http://adm.com/,Grain elevator,540 South St,Lincoln,Nebraska,68502,,
Midwest Farmers Co-Op,+1 402-234-2515,,,,Grain elevator,219 Manley Ln,Manley,Nebraska,68403,,
Midwest Farmers Co-Op,+1 402-867-3486,,,,Grain elevator,417 Railroad St,Murdock,Nebraska,68407,,
Farmers Co-Op,+1 800-473-4579,,,https://www.farmersco-operative.com/,"Grain elevator, Agricultural cooperative",1305 Broad St,Martell,Nebraska,68404,,
Frontier Cooperative,+1 402-780-5820,,,http://frontiercooperative.com/,Grain elevator,100-398 B St,Palmyra,Nebraska,68418,,
Heartland Cooperative,+1 712-485-8080,,,https://www.heartlandcoop.com/,Grain elevator,501 Front St,Neola,Iowa,51559,,
Frontier Cooperative Co,+1 402-642-5861,,,https://www.frontiercooperative.com/,Grain elevator,335 N Pine St,Weston,Nebraska,68070,,
Midwest Farmers Co-Op,+1 402-275-3725,,,,Grain elevator,304 Maiden Ln,Avoca,Nebraska,68307,,
Krumel Grain & Storage,+1 402-443-4255,,,,Grain elevator,1548 Co Rd 16,Wahoo,Nebraska,68066,,
Chatton Elevator Inc,+1 217-696-4491,,,,Grain elevator,2473 N 2700th Ave,La Prairie,Illinois,62346,,
Hanmann Milling Co,+1 920-837-2275,,,,Grain elevator,106 Main St,Casco,Wisconsin,54205,,
Maribel Grain Co,+1 920-863-2289,maribelgrain@baycomwi.com,,http://www.maribelgrain.com/,Grain elevator,14909 N Maribel Rd,Maribel,Wisconsin,54227,,
Zen-Noh Grain Corporation,+1 225-562-3571,,,https://www.zgcusa.com/,Grain elevator,8886 LA-44,Convent,Louisiana,70723,,
Prairie Grain Partners LLC,+1 320-669-7577,scohrs@prairiegrainpartners.com,dsmith@prairiegrainpartners.com,https://www.prairiegrainpartners.com/,Grain elevator,1220 County Rd,Clarkfield,Minnesota,56223,https://www.facebook.com/PGPLLCClarkfield,
Patriot Grain LLC,+1 651-247-2299,,,,Grain elevator,134 S Morningside Dr,Le Sueur,Minnesota,56058,,
Prairie Grain Partners LLC,+1 320-855-2262,scohrs@prairiegrainpartners.com,dsmith@prairiegrainpartners.com,https://www.prairiegrainpartners.com/,Grain elevator,MN-275,Boyd,Minnesota,56218,https://www.facebook.com/PGPLLCClarkfield,
Nexus,+1 507-582-3641,ddavis@nexus.coop,mruggles@nexus.coop,https://www.nexus.coop/,Grain elevator,13 Commerce St SW,Adams,Minnesota,55909,http://www.facebook.com/NexusCooperative,http://www.linkedin.com/company/nexuscooperative
Melvern Elevator,+1 785-549-3513,,,,Grain elevator,402 Emporia St,Melvern,Kansas,66510,,
Fairview Mills - Topeka,+1 785-235-5381,,,https://www.jsixenterprises.com/services/storage-and-distribution/,Grain elevator,2300 NW Menoken Rd,Topeka,Kansas,66618,,
Beachner Grain Inc,+1 620-939-4944,,,https://www.beachnergrain.com/,Grain elevator,611 Clay St,Bronson,Kansas,66716,,
"Murphy Agri, LLC",+1 620-256-6233,,,,Grain elevator,350 W Sac and Fox St,Lebo,Kansas,66856,,
Bunge North America,+1 225-473-1468,,,https://www.bungenorthamerica.com/,Grain elevator,3027 LA-75,Darrow,Louisiana,70725,,
Lone Star Grain,+1 254-657-8139,lsg@lonestargrain.com,,http://lonestargrain.com/,Grain elevator,101 S Farmers St,Holland,Texas,76534,,
Lone Star Grain,+1 979-364-2523,lsg@lonestargrain.com,,https://lonestargrain.com/locations/,Grain elevator,8778 FM 1644,Calvert,Texas,77837,,
Southwest Grain Co,+1 956-487-5227,jim.hauck@chsinc.com,brian.fadness@chsinc.com,https://www.chssouthwestgrain.com/grain/cash-bids/,Grain elevator,1698 Chapparral St,Rio Grande City,Texas,78582,https://www.facebook.com/chssouthwestgrain,https://www.linkedin.com/company/chs
GrainPak - A Division of Faithway Alliance,+1 256-486-2409,,,,Grain elevator,1305 Railroad Ave,Guntersville,Alabama,35976,,
Perdue AgriBusiness - Lothian Grain Elevator,+1 301-627-5100,spencer.miller@perdue.com,grain@perdue.com,http://www.perdueagribusiness.com/,Grain elevator,6272 Southern Most Rd,Lothian,Maryland,20711,,
Henderson Feed & Grain,+1 417-345-6191,,,,Grain elevator,51 Heritage Rd,Elkland,Missouri,65644,,
AG Forte LLC,+1 417-246-5825,,,,Grain elevator,251 Lawrence 2075,La Russell,Missouri,64848,,
Jasper Grain Inc,+1 417-394-2156,,,http://www.deangrain.com/,Grain elevator,308 W Morrison Ave,Jasper,Missouri,64755,,
M&L Commodities,+1 209-599-7575,,,http://www.mandldivisions.com/,Grain elevator,707 Cromwell Ave,Stockton,California,95203,,
White Oak Grain,+1 843-365-6684,,,,Grain elevator,5664 New Dawn Ln,Conway,South Carolina,29526,,
Cargill Milling Inc,+1 310-631-5066,,,https://www.cargill.com/,Grain elevator,2800 Lynwood Rd,Lynwood,California,90262,,
Bunge Grain,+1 870-523-6526,,,,Grain elevator,19100 AR-367,Newport,Arkansas,72112,,
Producers Rice Mill Inc,+1 870-674-2596,,,https://www.producersrice.com/,Grain elevator,3156 AR-276,DeWitt,Arkansas,72042,,
Holden Conner Seed & Grain Inc,+1 870-523-2825,,,,Grain elevator,150 Jackson 43,Newport,Arkansas,72112,,
Consolidated Grain and Barge Co.,+1 870-575-1500,,,https://www.cgbgrain.com/,Grain elevator,8900 Trulock Bay Rd,Sherrill,Arkansas,72152,,
Agrex Inc,+1 334-262-6051,,,https://www.agrexinc.com/,Grain elevator,300 State Dock Rd,Montgomery,Alabama,36104,,
Andersons Plant Nutrient,+1 765-564-6130,,,,Grain elevator,3324 S Co Rd 325 E,Logansport,Indiana,46947,,
Johnson Grain Co,+1 417-667-6006,,,,Grain elevator,901 E Hickory St,Nevada,Missouri,64772,,
D & M Community Grain,+1 254-985-2373,,,,Grain elevator,125 Airville Rd,Temple,Texas,76501,,
Scoular,+1 843-805-7800,,,https://utah.scoular.com/cbloc-1939,Grain elevator,400 Long Point Rd,Mt Pleasant,South Carolina,29464,,
Rudy Inc Grain Plant,+1 937-473-2069,,,,Grain elevator,,Covington,Ohio,45318,,
Peoples Grain Co Inc,+1 843-558-2521,,,,Grain elevator,103 College St,Hemingway,South Carolina,29554,,
ALCIVIA - Belleville Grain,+1 608-819-3350,,,https://www.alcivia.com/wisconsin-grain-services/?utm_source=Organic&utm_medium=GMB&utm_term=Belleville+Grain,"Grain elevator, Agricultural service, Agricultural cooperative",321 5th Ave,Belleville,Wisconsin,53508,,
Gilbertson Feed & Grain Inc,+1 507-645-7972,,,https://www.nerstrandag.com/about/,Grain elevator,415 Main St,Nerstrand,Minnesota,55053,https://www.facebook.com/NerstrandAgriCenter,
Juda Grain Inc,+1 608-897-8588,,,,Grain elevator,9601 WI-104,Brodhead,Wisconsin,53520,,
Mountain View Co-op Collins Elevator,+1 406-753-2530,,,http://www.mountainviewcoop.com/,Grain elevator,995 24th Rd NE,Dutton,Montana,59433,,
Jonesboro Grain Dryer,+1 870-933-1169,,,,Grain elevator,216 S Gee St,Jonesboro,Arkansas,72401,,
Consolidated Grain and Barge Co.,+1 870-338-6781,,,https://www.cgbgrain.com/,Grain elevator,101 Arkansas St,Helena,Arkansas,72342,,
US Federal Grain Inspection,+1 225-562-3987,,,,Grain elevator,8886 LA-44,Convent,Louisiana,70723,,
Consolidated Grain and Barge Co.,+1 870-338-6781,,,https://www.cgbgrain.com/,Grain elevator,8650 Phillips Rd 300,Helena,Arkansas,72342,,
Producers Rice Mill Inc,+1 870-674-2381,,,https://www.producersrice.com/,Grain elevator,2790 Old Hwy 63,Tyronza,Arkansas,72386,,
Riceland Foods Inc,+1 870-684-2217,,,https://www.riceland.com/,Grain elevator,137 Ewen St,Weiner,Arkansas,72479,,
Viserion Grain Osceola,+1 870-563-2633,,,https://www.viseriongrain.com/,Grain elevator,2250 HWY 198 E,Osceola,Arkansas,72370,,
Batesville Grain & Fertilizer,+1 573-967-3363,,,,Grain elevator,7721 MO-51,Broseley,Missouri,63932,,
Riceland Foods Inc,+1 870-256-4125,,,https://www.riceland.coop/,Grain elevator,708 AR-11,Des Arc,Arkansas,72040,,
Riceland Foods Inc,+1 870-259-3244,,,https://www.riceland.com/,Grain elevator,755 Main St,Knobel,Arkansas,72435,,
Riceland Foods Inc,+1 870-934-3003,,,https://www.riceland.com/,Grain elevator,6854 State Hwy 956,Weiner,Arkansas,72479,,
Evans Grain,+1 801-476-0277,,,,Grain elevator,1168 Edgewood Dr suite b,Ogden,Utah,84403,,
Consolidated Grain and Barge Co. (CGB),+1 601-638-9967,,,https://www.cgbgrain.com/,Grain elevator,1716 Levee St,Vicksburg,Mississippi,39180,,
Camco Elevator Co,+1 903-255-4845,,,,Grain elevator,4534 Summerhill Rd,Texarkana,Texas,75503,,
W F Ware Co,+1 270-466-5628,,,https://www.wfware.com/,Grain elevator,125 4th St,Trenton,Kentucky,42286,,
Perdue AgriBusiness - Livermore Feed Mill and Grain Elevator,+1 270-278-8620,spencer.miller@perdue.com,grain@perdue.com,http://www.perdueagribusiness.com/,"Grain elevator, Feed manufacturer",101 KY-2110,Livermore,Kentucky,42352,,
Mayfield Grain,+1 270-382-2112,,,http://www.mayfieldgrain.com/,Grain elevator,2559 KY-94,Wingo,Kentucky,42088,,
Perdue AgriBusiness - Hopkinsville Grain Elevator,+1 270-466-5555,spencer.miller@perdue.com,grain@perdue.com,http://www.perdueagribusiness.com/,Grain elevator,1601 S Campbell St,Hopkinsville,Kentucky,42240,,
ASR Grain Company,+1 704-300-0128,,,,Grain elevator,1514 New House Rd,Shelby,North Carolina,28150,,
Viterra US,+1 515-697-4410,,,https://www.viterra.us/,Grain elevator,300 N Osage St,Creston,Iowa,50801,,
Helena Chemical Co,+1 940-592-4161,,,,Grain elevator,2062 FM 368,Iowa Park,Texas,76367,,
Adrian Grain & Feed Inc,+1 419-396-3388,,,,Grain elevator,8049 County Rd 59,Adrian,Ohio,43316,,
"Farm Elevator, a division of Mennel",+1 419-294-3078,farmelevator@mennel.com,,https://mennel.com/locations/farm,Grain elevator,7275-6601 C-47,Upper Sandusky,Ohio,43351,https://www.facebook.com/MennelMilling,https://www.linkedin.com/company/the-mennel-milling-company
Citrus Co Prop Elevator Line,+1 352-726-6462,,,,Grain elevator,210 N Apopka Ave,Inverness,Florida,34450,,
Interstate Commodities Inc,+1 518-272-7212,,,,Grain elevator,7 Madison St,Troy,New York,12180,,
Cargill Inc,,,,http://cargill.com/,Grain elevator,100 Grain St,Albany,New York,12202,,
Adm,+1 518-828-4691,,,,"Grain elevator, Animal feed store",,Hudson,New York,12534,,
George's feedmill,+1 479-927-7000,,,https://www.georgesinc.com/,Grain elevator,300-348 W Robinson Ave,Springdale,Arkansas,72764,,
Claypool Grain Inc.,+1 417-884-2323,,,,Grain elevator,400 W Main St,Sheldon,Missouri,64784,,
Statesboro Grain,+1 912-764-6451,,,,"Grain elevator, Store",550 Mathews Rd,Statesboro,Georgia,30458,,
Collwest Grain,+1 724-201-4230,,,,Grain elevator,2 Robinson Plaza,Pittsburgh,Pennsylvania,15205,,
National Plant Lease Corporation,+1 407-423-5050,,,,Grain elevator,3093 Caruso Ct #10,Orlando,Florida,32806,,
Quality Grain L.L.C.,+1 903-476-5501,,,,Grain elevator,118 N East St,Sherman,Texas,75090,,
Dressler Grain Co,+1 217-537-3638,,,,Grain elevator,204 Washington St,Donnellson,Illinois,62019,,
NORAG LLC,+1 816-452-2293,,,http://www.norag-us.com/,Grain elevator,4801 NE Birmingham Rd,Kansas City,Missouri,64117,,
Shay Grain Co,+1 816-531-5320,,,,Grain elevator,4420 Madison Ave,Kansas City,Missouri,64111,,
Adm Growmark,+1 816-231-1014,,,,Grain elevator,6900 Scarritt Ave,Kansas City,Missouri,64123,,
Ceres Midland,+1 765-922-7474,bettcmi@comteck.com,kenny@ceresmidland.com,http://www.ceresmidland.com/,Grain elevator,110 N Main St,Swayzee,Indiana,46986,,
Deatsman Grain Farm,+1 574-453-4470,,,,Grain elevator,1213 E Armstrong Rd,Leesburg,Indiana,46538,,
Consolidated Grain and Barge Co. (CGB),+1 260-837-2900,,,https://www.cgbgrain.com/,"Grain elevator, Agricultural service",4743 Co Rd 28,Waterloo,Indiana,46793,,
Ag Plus-Edgerton Grain,+1 260-632-4284,,,https://www.agplusinc.com/,Grain elevator,1519 Everson Rd,Woodburn,Indiana,46797,,
Columbia Grain,+1 406-388-1828,,,https://columbiagrain.com/,Grain elevator,110 Northern Pacific Ave,Belgrade,Montana,59714,,
The Andersons (Greenleaf),+1 208-649-5296,,,https://www.andersonsgrain.com/locations/id/greenleaf/,Grain elevator,20888 Van Slyke Rd,Greenleaf,Idaho,83626,,
United Grain Corporation - Notus,,,,http://unitedgrain.com/,Grain elevator,239 Elgin St,Notus,Idaho,83656,,
Adm,+1 585-346-2311,,,,Grain elevator,3401 Rochester Rd,Lakeville,New York,14480,,
Wheatfield Grain Co,+1 219-956-3151,jritzma@wheatfieldgrain.com,sklump@wheatfieldgrain.com,http://www.wheatfieldgrain.com/,"Grain elevator, Agricultural service",147 Railroad St,Wheatfield,Indiana,46392,,
F R Orr Grain Co,+1 815-472-6160,,,,Grain elevator,4630 N 18000E Rd,Momence,Illinois,60954,,
Prairie Creek Grain Co.,,,,http://www.pcgrain.com/,Grain elevator,503 Railroad Ave,Momence,Illinois,60954,,
Albion Grain Elevator PNW,+1 509-332-3316,,,http://www.pnw.coop/,Grain elevator,310 S D St,Albion,Washington,99102,,
Rosalia Producers,+1 509-533-5261,,,,Grain elevator,6109 E Desmet Ave,Spokane Valley,Washington,99212,,
Whitman County Growers Inc,+1 509-878-1832,,,,Grain elevator,352 Fallon Rd,Palouse,Washington,99161,,
Pine City Elevator PNW,+1 509-569-3745,,,https://www.pnw.coop/cbloc-1400,Grain elevator,9402 Pine City-Malden Rd,Rosalia,Washington,99170,,
McCoy Elevator PNW,+1 509-523-2074,,,https://www.pnw.coop/,Grain elevator,5111 WA-271,Rosalia,Washington,99170,https://www.facebook.com/PNWFCINC/,
Primeland Co-Op,+1 208-924-5281,beau.magnuson@chsinc.com,sean.murphy3@chsinc.com,https://www.chsprimeland.com/,Grain elevator,15 E Main Ave,Spokane,Washington,99202,https://www.facebook.com/chsprimeland/,https://www.linkedin.com/company/chs
Steptoe Grain Elevator PNW,+1 509-397-3298,,,http://www.pnw.coop/cbloc-1231,Grain elevator,Inland Rd,Diamond,Washington,99111,,
Almota Elevator Co Inc,,news1@almotagrain.com,,https://www.almotagrain.com/,Grain elevator,401 Almota Docks Rd,Colfax,Washington,99111,,
Northwest Grain Growers,+1 509-525-6510,,,http://nwgrgr.com/,Grain elevator,7394 WA-23,St John,Washington,99171,,
Manning Grain Elevator PNW,+1 509-397-2619,,,http://www.pnw.coop/,Grain elevator,2501 Manning Rd,Colfax,Washington,99111,,
Rosalie Elevator PNW,+1 509-523-5061,,,https://www.pnw.coop/cbloc-1404,Grain elevator,205 W 3rd St,Rosalia,Washington,99170,,
Reardan Grain Growers Inc,+1 509-796-4141,info@highlinegrain.com,,https://highlinegrain.com/cbloc-688,Grain elevator,125 N Aspen St,Reardan,Washington,99029,,
Spangle Elevator PNW,+1 509-245-3218,,,https://www.pnw.coop/cbloc-1402,Grain elevator,125 E 7th St,Spangle,Washington,99031,,
Northwest Grain Growers,+1 509-648-3316,,,http://nwgrgr.com/,Grain elevator,4 N Pk St,St John,Washington,99171,,
Oakesdale Grain Growers,+1 509-635-1486,,,http://www.pnw.coop/,Grain elevator,202 WA-27,Garfield,Washington,99130,,
Central Washington Grain,+1 509-345-2521,,,,Grain elevator,174 Urquhart Ave,Krupp,Washington,98832,,
Palouse Grain Growers Inc,+1 509-878-1621,grain@palouse.com,,http://www.palousegrain.com/,Grain elevator,110 W Main St,Palouse,Washington,99161,,
Steptoe Crib Elevator PNW,,,,http://www.pnw.coop/,Grain elevator,92 Steptoe St,Colfax,Washington,99111,,
Farmington Elevator PNW,+1 509-287-2321,,,https://www.pnw.coop/cbloc-1413,Grain elevator,"S, 502 1st St",Farmington,WA,99128,,
Colfax North Elevator PNW,+1 509-397-2102,,,https://www.pnw.coop/cbloc-1217,Grain elevator,125 W Walla Walla Hwy,Colfax,Washington,99111,,
Ag Valley Co-op: Grain Location,+1 308-493-5690,,,http://www.agvalley.com/,"Grain elevator, Fuel supplier",107 Tower Ave,Holbrook,Nebraska,68948,,
Heartland Cooperative,+1 641-478-3296,,,https://www.heartlandcoop.com/,Grain elevator,3119 290th St,Gilman,Iowa,50106,,
Heartland Co-Op & Elevator,+1 515-677-2287,,,,Grain elevator,2267 187th Rd,Minburn,Iowa,50167,,
Prairie Land Co-Op,+1 641-486-5314,,,,Grain elevator,302 East St,Union,Iowa,50258,,
Heartland Cooperative,+1 641-526-8236,,,https://www.heartlandcoop.com/,Grain elevator,125 High St,Kellogg,Iowa,50135,,
Smithfield Grain,+1 660-748-7182,,,http://www.smithfieldgrain.com/,Grain elevator,2206 Co Rd S26,Allerton,Iowa,50008,,
Heartland Co-Op,+1 515-966-2349,,,https://www.heartlandcoop.com/,Grain elevator,204 E Hancock St,Runnells,Iowa,50237,,
Heartland Co-Op,+1 641-498-7495,,,https://www.heartlandcoop.com/,Grain elevator,102 S Main St,Gilman,Iowa,50106,,
Mid-Iowa Cooperative Haverhill,+1 641-475-3221,,,https://www.midiowacoop.com/,Grain elevator,2 Main St,Haverhill,Iowa,50120,,
Heartland Cooperative,+1 641-482-3206,,,https://www.heartlandcoop.com/,Grain elevator,410 5th Ave,Melbourne,Iowa,50162,,
Heartland Cooperative,+1 641-623-5727,,,https://www.heartlandcoop.com/,Grain elevator,507 E Washington St,Montezuma,Iowa,50171,,
Mid-Iowa Cooperative Green Mountain,+1 641-474-2293,,,https://www.midiowacoop.com/,"Grain elevator, Store",502 Green Mountain Rd,Green Mountain,Iowa,50632,,
AG Vantage FS,+1 319-824-5254,,,,Grain elevator,1001 A Ave,Grundy Center,Iowa,50638,,
United Cooperative,+1 515-539-4205,,,,Grain elevator,330 Railway Ave,Kamrar,Iowa,50132,,
Ewing Enterprises Inc,+1 641-876-2444,,,,Grain elevator,604 Depot St,Clio,Iowa,50052,,
Heartland Cooperative,+1 515-383-4345,,,https://www.heartlandcoop.com/,Grain elevator,315 S Water St,Cambridge,Iowa,50046,,
GSF / Ag STAR,+1 877-856-0060,,,,Grain elevator,103 S Madison St UNIT A,Prairie City,Iowa,50228,,
Farmers Cooperative,+1 515-899-2101,,,https://www.radcliffecoop.com/,Grain elevator,109 Isabella St,Radcliffe,Iowa,50230,,
Fowler Elevator Inc,+1 641-898-7711,,,,Grain elevator,120 S 4th St,Seymour,Iowa,52590,,
Heartland Co-op,+1 515-789-4230,,,http://www.heartlandcoop.com/pages/custom.php?id=26996,Grain elevator,622 Marshall St,Dexter,Iowa,50070,,
Heartland Co-Op,+1 515-795-2386,,,https://www.heartlandcoop.com/,Grain elevator,411 Luther St,Luther,Iowa,50152,,
Heartland Cooperative,+1 641-476-3427,,,https://www.heartlandcoop.com/pages/custom.php?id=185,Grain elevator,202 E Market St,Laurel,Iowa,50141,,
United Cooperative Elevator,+1 515-838-2410,,,https://www.unitedcoop.com/,Grain elevator,719 Commercial St,Stratford,Iowa,50249,,
Heartland Co-Op,+1 515-225-1334,,,https://www.heartlandcoop.com/,Grain elevator,112 SE 18th St,Des Moines,Iowa,50317,,
Mid-Iowa Cooperative Gladbrook,+1 641-473-2220,,,https://www.midiowacoop.com/,Grain elevator,201 Front St,Gladbrook,Iowa,50635,,
Heartland Cooperative,+1 515-964-2390,,,https://www.heartlandcoop.com/,Grain elevator,4300 NE 94th Ave,Elkhart,Iowa,50073,,
Smithfield Grain,+1 515-232-2703,,,,Grain elevator,236 S Bell Ave,Ames,Iowa,50010,,
Farmers Co-Op Elevator,+1 515-899-2484,,,,Grain elevator,13707 IA-175,Radcliffe,Iowa,50230,,
Mogler Farms,+1 712-220-2400,grain@moglerfarms.com,,http://www.moglerfarms.com/,Grain elevator,1695 Dove Ave,Alvord,Iowa,51230,,
MFA Agri Services,+1 641-877-8111,,,,Grain elevator,829 N Front St,Humeston,Iowa,50123,,
Midway Coop - Lebanon Elevator,+1 785-389-5311,lebss@midwaycoop.com,lurayelev@midwaycoop.com,https://www.midwaycoop.com/locations,Grain elevator,601 Main St,Lebanon,Kansas,66952,https://www.facebook.com/MidwayCoopInc/,
Baring Elevator,+1 660-892-4411,,,http://www.baringelevator.com/,Grain elevator,101 2nd St,Baring,Missouri,63531,,
MFA Exchange,+1 660-285-3423,,,,Grain elevator,102 Main St,Ionia,Missouri,65335,,
Ray Carroll Brunswick,+1 800-545-1878,,,http://www.ray-carroll.com/,"Grain elevator, Agricultural cooperative",17149 Hwy 24,Brunswick,Missouri,65236,,
East Bench Grain Inc,+1 406-683-5044,,,,Grain elevator,30 E Clark St,Dillon,Montana,59725,,
Rolling Acres Grain,+1 616-822-3206,,,http://www.rollingacresgrain.com/markets/stocks.php?article=getfeatured-2022-5-2-cheryl-grant-real-estate-team-offers-premium-realtor-services-in-grand-rapids-mi,Grain elevator,1521 Woodlawn Ave SE,East Grand Rapids,Michigan,49506,,
Northside Elevator Grain Storage,+1 715-255-8507,,,,Grain elevator,N7744 County Rd K,Loyal,Wisconsin,54446,,
North Isaar Grain Company,+1 920-676-1821,,,,Grain elevator,W2127 Shady Rd,Seymour,Wisconsin,54165,,
ProVision Partners Auburndale West,,info@allied.coop,,http://www.provisionpartners.coop/grain/grain-locations.php,Grain elevator,,Auburndale,Wisconsin,54412,https://www.facebook.com/allied.coop/,
Flash Grain LLC,+1 715-653-6585,office@flashgrain.com,,http://flashgrains.com/%20%20%20or%20text%20715-669-5241,Grain elevator,8576 County Rd N,Thorp,Wisconsin,54771,,
Quick Grain Corporation,+1 602-258-6151,,,,Grain elevator,5333 N 7th St # C125,Phoenix,Arizona,85014,,
Encompass Grain,+1 309-244-8620,,,https://www.encompassgrain.com/,Grain elevator,5033 County Rd 2400 E,Delavan,Illinois,61734,https://www.facebook.com/Encompass-Grain-Rail-COOP-104396114842592/,
Consolidated Grain & Barge Co.,+1 318-428-2439,,,https://www.cgbgrain.com/,Grain elevator,7489 LA-588,Pioneer,Louisiana,71266,,
Consolidated Grain & Barge Co.,,,,https://www.cgbgrain.com/,Grain elevator,132 Bunge Rd,Transylvania,Louisiana,71286,,
"Greenfield Grain, LLC",+1 318-722-3355,info@gfh.ag,,https://www.gfh.ag/,Grain elevator,5125 LA-17,Winnsboro,Louisiana,71295,,https://www.linkedin.com/company/greenfield-holdings-llc/
Gateway FS Inc,+1 618-458-6466,,,https://www.gatewayfs.com/,Grain elevator,3145 Maeystown Rd,Fults,Illinois,62244,,
"Bunge-SCF Grain, LLC",+1 618-271-2202,,,http://www.bungeag.com/?utm_source=extnet&utm_medium=yext,Grain elevator,651 N Front St,Fairmont City,Illinois,62201,,
Grainland Coop,,,,https://www.grainlandcooperative.com/,Grain elevator,308-398 W Chicago St,Minier,Illinois,61759,,
ADM Growmark,+1 225-869-9158,,,,Grain elevator,3338 LA-44,Paulina,Louisiana,70763,,
Top AG Co-Op,+1 618-654-9804,info@topag.net,,https://www.topag.net/,Grain elevator,820 Pacatte St,Pierron,Illinois,62273,https://www.facebook.com/TopAg,https://www.linkedin.com/company/1617558/admin/feed/posts/
Star of the West Milling Co.,+1 989-433-5411,,,https://www.starofthewest.com/,Grain elevator,3751 E Rosebush Rd,Rosebush,Michigan,48878,https://www.facebook.com/SOTWMilling/,
Adm,+1 989-658-8621,,,,Grain elevator,2332 E Main St,Ubly,Michigan,48475,,
Star of the West Co.,+1 989-433-5335,,,https://www.starofthewest.com/,"Grain elevator, Agricultural service",8731 E Rosebush Rd,Mt Pleasant,Michigan,48858,https://www.facebook.com/SOTWMilling/,
Star of the West-Shepherd,+1 989-828-5985,,,https://www.starofthewest.com/our-locations/,Grain elevator,414 W Wright Ave,Shepherd,Michigan,48883,https://www.facebook.com/SOTWMilling/,
Nebraska Grain LLC,+1 480-998-3401,,,,Grain elevator,,Scottsdale,Arizona,85258,,
Hamel Co-Op Grain Co,+1 618-633-2215,,,https://www.hamelcoop.com/,Grain elevator,121 Old US Rte 66,Hamel,Illinois,62046,,
Canby Farmer's Grain Co-Op-Porter,+1 507-223-7236,cfgrain@cfgrain.com,,http://www.cfgrain.com/,Grain elevator,,Porter,Minnesota,56280,https://www.facebook.com/cfgrain/,
Canby Farmers Grain Co-Op,+1 605-832-2521,,,,Grain elevator,351 E Main St,Astoria,South Dakota,57213,,
Satrun-Dybvad Milling,+1 503-829-6881,,,,Grain elevator,29300 S Molalla Ave,Molalla,Oregon,97038,,
Temco,+1 503-281-9177,,,https://www.chsinc.com/,Grain elevator,800 N River St,Portland,Oregon,97227,,
DAWSON CORN CANBY FARMERS GRAIN,,cfgrain@cfgrain.com,,https://www.cfgrain.com/main.aspx,Grain elevator,536 5th St,Dawson,Minnesota,56232,https://www.facebook.com/cfgrain/,
Valley Park,+1 601-638-3481,,,,Grain elevator,2900 US-61,Valley Park,Mississippi,39177,,
XxFaze_gangXx 38,+1 985-634-2456,,,,"Grain elevator, Service establishment",,,,,,
"Northwest Grain Growers, Tracy Elevator",+1 509-525-6510,,,http://nwgrgr.com/,Grain elevator,3678 Mill Creek Rd,Walla Walla,Washington,99362,,
Albion Grain,+1 715-287-3455,,,,Grain elevator,Thompson Rd,Eleva,Wisconsin,54738,,
Lubbock Compress,+1 806-747-2933,,,,Grain elevator,2411 Avenue E,Lubbock,Texas,79404,,
David C Weaver Grain Co,+1 806-744-1875,,,,Grain elevator,,Lubbock,Texas,79493,,
Trinity Co,+1 806-793-0440,,,,Grain elevator,5801 16th St,Lubbock,Texas,79416,,
Atterbury Grain Inc,+1 806-765-7371,,,,Grain elevator,2013 N Ave N,Lubbock,Texas,79403,,
"Choice Grain, LLC​​",+1 651-800-4885,,,,Grain elevator,9448 Barrington Rd,Woodbury,Minnesota,55125,,
County Line Grain,+1 507-462-3511,,,http://www.mapletonelevator.com/,Grain elevator,23595 510th Ave,Minnesota Lake,Minnesota,56068,,
Consolidated Grain and Barge Co.,+1 217-453-2216,,,http://www.cgbgrain.com/,Grain elevator,13 Broadway St,Nauvoo,Illinois,62354,,
Chisholm Trail Terminal,+1 580-395-3323,,,https://farmersgraincompany.com/cbloc-2505,Grain elevator,,Medford,Oklahoma,73759,https://facebook.com/farmersgraincompany,
Consolidated Grain and Barge Co.,+1 580-233-5800,,,https://www.cgbgrain.com/,Grain elevator,10025 County Rd 110,Red Rock,Oklahoma,74651,,
Consolidated Grain and Barge Co.,+1 580-434-0808,,,https://www.cgbgrain.com/,Grain elevator,210 W Cherokee St,Hunter,Oklahoma,74640,,
Land Run Farmers Co-Op,+1 580-935-6302,,,,Grain elevator,102 W Main St,Marshall,Oklahoma,73056,,
Farmers Grain Co,+1 580-388-4336,,,,Grain elevator,,Lamont,Oklahoma,,,
State Line Grain Co,+1 580-694-2216,,,https://www.statelinegrain.com/,Grain elevator,1132 5th St,Manchester,Oklahoma,73758,,
Consolidated Grain and Barge Co.,+1 580-725-3690,,,https://www.cgbgrain.com/,Grain elevator,222 E Maple St,Billings,Oklahoma,74630,,
Clyde Elevator,+1 580-395-2043,,,http://www.farmersgraincompany.com/,Grain elevator,30453 County Road 910,Medford,Oklahoma,73759,,
Braman Cooperative Elevator,+1 580-385-2117,,,,Grain elevator,527 Broadway Ave,Braman,Oklahoma,74632,,
Farmers Grain Co,+1 580-684-7421,,,https://farmersgraincompany.com/,Grain elevator,221 N Texas St,Hunter,Oklahoma,74640,,
"Farmers Grain Co (Renfrow, OK)",+1 580-849-6416,,,http://farmersgraincompany.com/,Grain elevator,35766 US-81,Medford,Oklahoma,73759,,
Wheeler Brothers Grain Co,+1 405-285-0116,,,,Grain elevator,400 N Broadway # 8,Edmond,Oklahoma,73034,,
Ceres Global Ag Corp,+1 218-681-6281,,,https://ceresglobalagcorp.com/location/farmers-grain-llc/,Grain elevator,503 8th St E,Thief River Falls,Minnesota,56701,,
Total Grain Marketing,+1 618-455-3201,,,https://www.totalgrainmarketing.com/,Grain elevator,307 1900th St,Willow Hill,Illinois,62480,https://www.facebook.com/southcentralfs/,
Landus Cooperative,+1 515-967-4207,,,https://www.landus.ag/,Grain elevator,,,Iowa,,,
Heartland Co-Op,+1 515-328-2315,,,https://www.heartlandcoop.com/,Grain elevator,305 1st St,Randall,Iowa,50231,,
Heartland Co-Op,+1 515-994-2651,,,https://www.heartlandcoop.com/,Grain elevator,13267 IA-163,Prairie City,Iowa,50228,,
Key Cooperative,+1 641-487-7641,,,http://www.keycoop.com/,Grain elevator,71286 130th St,Zearing,Iowa,50278,,
ADM Grain St Cloud,+1 320-252-5253,,,https://web.grainbridge.com/location/ADM-103450159/cashbids,Grain elevator,8524 Bel Clare Dr,St Cloud,Minnesota,56301,,
Landus,+1 515-436-7411,communications@landus.ag,,http://www.landus.ag/,"Grain elevator, Agricultural cooperative",403 Percival St,Rippey,Iowa,50235,https://www.facebook.com/LandusAg/,https://www.linkedin.com/company/landusAg/
TexMalt,+1 817-677-8377,info@texmalt.com,,http://texmalt.com/,Grain elevator,6200 South Fwy suite 300,Fort Worth,Texas,76134,https://www.facebook.com/texmalt/,
Adm Grain,+1 817-625-4723,info@fortworthstockyards.org,fwsba@yahoo.com,https://www.fortworthstockyards.org/more/adm-grain,Grain elevator,131 E Exchange Ave Suite 106,Fort Worth,Texas,76164,,
Arizona Grain Inc,+1 928-344-1886,,,http://www.arizonagrain.com/,Grain elevator,8775 S Avenue 3 E,Yuma,Arizona,85365,,
Pasquinelli Grain Storage,+1 928-782-2571,,,http://www.barkleyseed.com/,Grain elevator,1818 South Letvin Avenue,Yuma,Arizona,85365,,
Consolidated Grain & Barge Co.,+1 662-378-8135,,,https://www.cgbgrain.com/,Grain elevator,992 River Grain Rd,Greenville,Mississippi,38701,,
Bowman Agri Corporation,+1 765-981-2134,,,https://www.facebook.com/p/Bowman-Agri-Corp-100054434082039/,Grain elevator,7400 County Rd 800 S,La Fontaine,Indiana,46940,,
21st Century Co-Op Elevator,+1 712-243-2465,,,,Grain elevator,130 Main St,Cumberland,Iowa,50843,,
Oberbeck Grain Co,+1 618-488-7475,,,,Grain elevator,7564 Oberbeck Ln,New Douglas,Illinois,62074,,
Gateway FS Inc,+1 618-853-2211,,,https://www.gatewayfs.com/,Grain elevator,503 Main St,Evansville,Illinois,62242,,
Walshville Elevator Inc,+1 217-999-3111,,,,Grain elevator,502 Elevator Rd,Walshville,Illinois,62091,,
House Ding,+1 720-452-4512,,,,Grain elevator,1100 Mtaizi Dr,Oshkosh,Wisconsin,54903,,
Gateway FS Inc,+1 618-785-2650,,,,Grain elevator,213 Railroad St,Baldwin,Illinois,62217,,
"Kokomo Grain Co., Inc. - Anderson",+1 765-754-7541,twhite@kokomograin.com,jortman@kokomograin.com,http://www.kokomograin.com/,Grain elevator,3905 N 600 W,Anderson,Indiana,46011,,
Donovan Farmers Co-Op Elevator,+1 815-429-3349,,,,Grain elevator,405 Lincoln Ave,Iroquois,Illinois,60945,,
Consolidated Grain and Barge Co.,+1 270-422-2330,,,http://www.cgbgrain.com/,Grain elevator,"1234 Ronnie Greenwell, Commerce Dr",Brandenburg,Kentucky,40108,,
Koster Grinding Inc.,+1 800-798-5421,,,https://www.kostergrindinginc.com/,Grain elevator,17995 Iris Rd,Carroll,Iowa,51401,,
Community Grain Co,+1 712-792-9772,,,,"Grain elevator, ATM",,Carroll,Iowa,51401,,
Winneshiek Cooperative Association,+1 563-737-2700,,,,Grain elevator,730 Railroad St,Ridgeway,Iowa,52165,,
ADM Grain Co.,+1 785-820-8831,,,http://www.admfarmview.com/,Grain elevator,1884A E Old Hwy 40,New Cambria,Kansas,67470,,
Western Star Mill Co,+1 785-825-1541,,,,"Grain elevator, Store",300 E Ash St,Salina,Kansas,67401,,
Heritage Cooperative,+1 614-873-5213,,,,Grain elevator,10330 OH-161,Plain City,Ohio,43064,,
Perdue AgriBusiness - Cofield Grain Elevator and Oilseed Crush,+1 252-358-8230,spencer.miller@perdue.com,grain@perdue.com,http://www.perdueagribusiness.com/,"Grain elevator, Feed manufacturer",242 Perdue Rd,Cofield,North Carolina,27922,,
Glendale Grain,+1 812-257-8703,,,,Grain elevator,200 Maysville Rd,Washington,Indiana,47501,,
Perdue AgriBusiness - Washington Grain Elevator,+1 812-257-3020,spencer.miller@perdue.com,grain@perdue.com,http://www.perdueagribusiness.com/,Grain elevator,1510 W 450 N,Washington,Indiana,47501,,
BG Feed Mill,,jeff@boydgrain.com,trent@boydgrain.com,http://boydgrain.com/,Grain elevator,363 N 350 E,Washington,Indiana,47501,,
Alcivia Grain,+1 608-819-3179,info@alcivia.com,,https://www.landmark.coop/,"Grain elevator, Agricultural cooperative",3977 County Hwy N,Cottage Grove,Wisconsin,53527,https://www.facebook.com/ALCIVIACOOP,https://www.linkedin.com/company/alciviacoop
Stanford Co-Op Gin Inc,+1 870-573-6702,,,,Grain elevator,82 Greene 652 County,Paragould,Arkansas,72450,,
Sollis Grain Bins,+1 870-857-6594,,,,Grain elevator,908 N Missouri Ave,Corning,Arkansas,72422,,
George Verhoeven Grain Inc,+1 909-605-1531,,,,"Grain elevator, Animal feed store",5355 E Airport Dr,Ontario,California,91761,,
Whitaker Grain,+1 870-538-3302,,,,Grain elevator,,Dermott,Arkansas,71638,,
"Greenfield Grain, LLC",+1 870-473-2281,info@gfh.ag,,https://www.gfh.ag/,Grain elevator,2159 US-165,Parkdale,Arkansas,71661,,https://www.linkedin.com/company/greenfield-holdings-llc/
Consolidated Grain & Barge Co.,+1 870-877-2312,,,https://www.cgbgrain.com/,Grain elevator,2724 Bunge Rd,Arkansas City,Arkansas,71630,,
"Bruce Oakley, Inc.",+1 870-382-5100,,,,"Grain elevator, Gardening products and services",332 AR-212,Dumas,Arkansas,71639,,
Pinehurst Peanut & Grain Co,+1 229-645-3373,,,,Grain elevator,490 Cypress Ave,Pinehurst,Georgia,31070,,
Pineview Peanut & Grain Co,+1 229-624-2316,,,,Grain elevator,103 W Bay St,Pineview,Georgia,31071,,
Banner Grain & Peanut Co,+1 229-382-9600,,,,Grain elevator,928 E Golden Rd,Tifton,Georgia,31794,,
afgship,+1 229-273-4402,,,,Grain elevator,119 1st St,Arabi,Georgia,31712,,
Elrosa Grain & Feed Inc,+1 320-697-5515,,,,Grain elevator,102 Stearns St,Elrosa,Minnesota,56325,,
Green County Grain Inc,+1 608-328-2020,,,,Grain elevator,W5607 Aebly Rd,Monroe,Wisconsin,53566,,
Pleasant Grain LLC,+1 608-328-2020,,,http://pleasantgrain.com/,Grain elevator,W5607 Aebly Rd,Monroe,Wisconsin,53566,,
United Cooperative,+1 608-524-5246,,,http://www.unitedcooperative.com/,Grain elevator,399 Railroad St,Rock Springs,Wisconsin,53961,,
Turnip Gaming Central®,,,,https://sites.google.com/view/turnipgamingcentral/home,Grain elevator,135 Olean St,East Aurora,New York,14052,,
Larry Enderle & Son Grain,+1 419-368-8113,,,,Grain elevator,1973 OH-89,Jeromesville,Ohio,44840,,
Perdue AgriBusiness - Berlin Grain Elevator,+1 410-641-2362,spencer.miller@perdue.com,grain@perdue.com,http://www.perdueagribusiness.com/,Grain elevator,114 Bryan Ave,Berlin,Maryland,21811,,
Annapolis Grain Co,+1 618-569-4442,mason@annapolisgrainco.com,peggy@annapolisgrainco.com,https://annapolisgrainco.com/,Grain elevator,9100 E 2000th Ave,Annapolis,Illinois,62413,,
Farmers Cooperative,+1 402-795-3370,,,https://www.farmersco-operative.com/,"Grain elevator, Agricultural cooperative",680 159th Rd,Pleasant Dale,Nebraska,68423,,
Frontier Cooperative - Adams,+1 402-988-2815,feedback@frontiercooperative.com,,https://www.frontiercooperative.com/locations/adams,Grain elevator,531 Main St,Adams,Nebraska,68301,https://www.facebook.com/frontiercooperative?fref=ts,https://www.linkedin.com/company/frontier-cooperative
MIDWEST FARMERS COOP,+1 402-988-2815,,,http://frontiercooperative.com/,Grain elevator,,Adams,Nebraska,68301,,
"Cargill, Inc. - Elevator A",+1 719-767-5625,,,,Grain elevator,935 S 4th St W,Cheyenne Wells,Colorado,80810,,
Farmers Cooperative,+1 402-787-3290,sdelong@farmersco-operative.com,rprellwitz@farmersco-operative.com,http://www.farmersco-operative.com/,"Grain elevator, Agricultural cooperative",400 Main St,Hallam,Nebraska,68368,https://www.facebook.com/FarmersCooperative,
Farmers Cooperative,+1 402-474-6631,,,https://www.farmersco-operative.com/,"Grain elevator, Agricultural cooperative",8800 W Haven Rd,Lincoln,Nebraska,68528,,
Frontier Cooperative,+1 402-269-3311,,,http://frontiercooperative.com/,Grain elevator,"2898-2984, 2960 E Road",Syracuse,Nebraska,68446,,
AGP,+1 402-498-5572,,,http://www.agp.com/,"Grain elevator, Service establishment",,,,,,
"Markit County Grain, LLC",+1 218-965-4812,,,http://www.markitcountygrain.com/,"Grain elevator, Agricultural service",43801 State Hwy 1,Alvarado,Minnesota,56710,https://www.facebook.com/Markit-County-Grain-LLC-161828530501506/,
South Central Grain & Energy,+1 320-453-3200,,,,Grain elevator,191 Railroad Ave,Eden Valley,Minnesota,55329,,
Valley United Co-op Fisher Elevator,+1 218-891-2255,,,,Grain elevator,102 4th St N,Fisher,Minnesota,56723,,
New Vision COOP,+1 507-283-0067,farmstress@state.mn.us,,https://newvision.coop/locations/magnolia/,Grain elevator,,Magnolia,Minnesota,56158,https://www.facebook.com/NewVisionCoop/,https://www.linkedin.com/company/new-vision-co-op/
Gavilon Dove Harbor,+1 563-556-4245,,,,Grain elevator,1050 Kerper Blvd,Dubuque,Iowa,52001,,
Eastern Iowa Grain Inspection,+1 563-556-8700,,,http://eigis.com/locations/,Grain elevator,2501 Rhomberg Ave,Dubuque,Iowa,52001,,
Viterra,+1 563-556-4245,,,https://www.viterra.us/,Grain elevator,635 E Commercial St,Dubuque,Iowa,52001,,
Farmers Grain Company,+1 620-220-2727,,,https://farmersgraincompany.com/,Grain elevator,102 N Arapahoe St,Caldwell,Kansas,67022,,
Gavilon Group LLC,+1 812-398-2321,,,,Grain elevator,302 E Saline St,Carlisle,Indiana,47838,,
Farmers Grain Company,+1 620-220-2411,,,http://www.farmersgraincompany.com/,Grain elevator,410 Locust St,Atlanta,Kansas,67008,,
Primient Grain,+1 217-421-3268,joshua.green@primient.com,peopleservices@primient.com,http://primientgrain.com/contact-us/contact-us,Grain elevator,2200 E Eldorado St,Decatur,Illinois,62521,,
Farm Bureau Co-Op Association,+1 219-696-7746,,,,Grain elevator,10401 W 181st Ave,Lowell,Indiana,46356,,
Farmers Grain Company of Central Illinois,+1 217-674-3546,,,,Grain elevator,111 N Main St,Latham,Illinois,62543,,
Ardent Mills Albany Elevator Annex,+1 518-447-1757,,,http://www.ardentmills.com/,Grain elevator,,Albany,New York,,https://www.facebook.com/ArdentMills/,https://www.linkedin.com/company/ardent-mills
Ceres Solutions,+1 219-828-4091,,,http://ceres.coop/,Grain elevator,4083 E 1250 N,Wheatfield,Indiana,46392,,
Cargill Inc,+1 574-804-2500,,,https://smithfieldgrain.com/cbloc-2067,Grain elevator,321 W 1st Rd,Lakeville,Indiana,46536,,
Co-Alliance LLP,+1 219-297-4244,,,,Grain elevator,105 Main St,Goodland,Indiana,47948,,
Tate & Lyle Grain Inc,+1 219-567-9131,joshua.green@primient.com,peopleservices@primient.com,http://tateandlylegrain.com/,Grain elevator,303 S Bill St,Francesville,Indiana,47946,,
Garden Prairie Grain,+1 815-547-6892,,,,Grain elevator,8791 IL-76,Belvidere,Illinois,61008,,
Champaign Danville Grain,+1 219-992-2306,,,http://www.cdgrain.com/,Grain elevator,2927 W 950 N,Lake Village,Indiana,46349,,
Primient Grain Francesville,+1 219-567-2004,joshua.green@primient.com,peopleservices@primient.com,https://tateandlylegrain.com/,Grain elevator,3727 S 1450 W,Francesville,Indiana,47946,,
Shoemaker Grain Terminal,+1 270-474-2295,,,,Grain elevator,1319 Cross Spann Rd,Murray,Kentucky,42071,,
P & H Farms Grain Company: Frances Terminal,+1 270-545-3365,cali.pandhfarms@gmail.com,,https://pandhfarms.com/,Grain elevator,584 State Hwy 855,Marion,Kentucky,42064,https://www.facebook.com/pandhfarms,
Christian County Grain Inc,+1 270-475-4216,info@christiancountygrain.com,,https://www.christiancountygrain.com/,"Grain elevator, Local government office",214 Duffy St,Pembroke,Kentucky,42266,,
Siemer Milling Co,+1 270-886-2233,,,,Grain elevator,2007 S Walnut St,Hopkinsville,Kentucky,42240,,
Prinsburg Farmers Co-Op,+1 320-978-8100,bfeldman@prinsburgcoop.com,,http://prccoop.com/,Grain elevator,404 Railroad Ave,Prinsburg,Minnesota,56281,,
Springfield Grain Co,+1 803-258-3315,,,,Grain elevator,7558 Festival Trail Rd,Springfield,South Carolina,29146,,
Carrollton Farmers Elevator,+1 217-374-2126,,,https://www.chsshipman.com/,Grain elevator,421 E Lincoln St,White Hall,Illinois,62092,,
Luckey Farmers Inc,+1 419-937-2233,,,https://luckeyfarmers.com/,Grain elevator,6100 Poplar St,Bascom,Ohio,44809,,
Rollie Grain Inc,+1 217-379-3008,,,,Grain elevator,584 N 1600E Rd,Paxton,Illinois,60957,,
Evergreen FS,+1 309-728-2247,,,https://www.evergreen-fs.com/,Grain elevator,111 W Adams St,Towanda,Illinois,61776,https://www.facebook.com/EVERGREENFSINC/,https://www.linkedin.com/company/evergreen-fs-inc-
Fulls Siding Elevator,+1 217-469-7600,,,http://www.premiercooperative.net/,Grain elevator,1597 County Rd 1600 N,St Joseph,Illinois,61873,,
Total Grain Marketing,,,,https://www.totalgrainmarketing.com/TGM-Locations/location-detail/champaign,Grain elevator,,Champaign,Illinois,61822,,
Sidell Agri Services,+1 217-288-9441,,,http://www.sidellag.com/index.cfm,Grain elevator,104 Chicago St,Sidell,Illinois,61876,,
Cameron Grain Corporation,+1 309-343-7269,,,https://www.camerongrain.com/,Grain elevator,1705 IL-164,Galesburg,Illinois,61401,,
ADM Oakland,+1 217-346-2141,,,https://admadvantage.com/contact-us/?location=Oakland~Illinois,Grain elevator,10 N Teeter St,Oakland,Illinois,61943,,
Showalter Inc,+1 719-384-8186,,,,Grain elevator,501 Wiley Ave,Swink,Colorado,81077,,
Premier Cooperative Inc,+1 217-564-2271,,,https://www.premiercooperative.net/,Grain elevator,505 Johnson St,Ivesdale,Illinois,61851,,
Consolidated Grain & Barge Co.,+1 318-722-3355,,,http://www.cgbgrain.com/,Grain elevator,885 LA-577,Crowville,Louisiana,71230,,
Clover Leaf Grain Llc,+1 618-493-7760,,,,Grain elevator,246 E St Louis St,Hoyleton,Illinois,62803,,
Shipman Elevator,+1 618-488-6500,,,https://www.chsshipman.com/,Grain elevator,168 IL-140,Pocahontas,Illinois,62275,,
David S Wallace Farms Inc,+1 870-823-5800,,,,Grain elevator,942 Pecan Grove Rd,Crawfordsville,Arkansas,72327,,
"Western Grain Marketing, LLC",,,,http://www.westerngrainmarketing.com/,"Grain elevator, Agricultural service",102 Pine St,Tallula,Illinois,62688,,
Prentice Farmers Elevator,+1 217-452-7221,,,,"Grain elevator, Beauty salon",503 Philadelphia Rd # S,Yatesville,Illinois,62612,,
ADM Sauget,+1 314-241-9113,,,https://admadvantage.com/contact-us/?location=Sauget~Illinois,Grain elevator,10 Pitzman Ave,Sauget,Illinois,62201,,
Consolidated Grain and Barge Co. (CGB),+1 870-735-6574,,,https://www.cgbgrain.com/,Grain elevator,4510 S Avalon St,West Memphis,Arkansas,72301,,
Hughes Grain Corporation,+1 870-339-2396,,,,Grain elevator,110 St Francis 632,Hughes,Arkansas,72348,,
Farmers Co-Op Elevator Co,+1 320-833-5981,,,,Grain elevator,,Buffalo Lake,Minnesota,55314,,
Crystal Valley Trimont,+1 507-639-2031,,,https://www.crystalvalley.coop/about-us/locations/trimont,Grain elevator,340 Main St W,Trimont,Minnesota,56176,https://www.facebook.com/CrystalValleyMN/,https://www.linkedin.com/company/crystal-valley-cooperative/
Consolidated Grain and Barge Co.,+1 309-482-6225,,,http://www.cgbgrain.com/,Grain elevator,155 US-67,Alexis,Illinois,61412,,
East Lincoln Farmers' Grain Co,+1 217-732-4277,,,,Grain elevator,Johnston Siding,Lincoln,Illinois,62656,,
Farmers Grain Co of Central Il Hallsville,+1 217-935-3271,fgci@farmersgrainci.com,,http://www.farmersgrainci.com/,Grain elevator,6916 Hall St,Clinton,Illinois,61727,,
"Western Grain Marketing, LLC",+1 217-458-2213,,,http://www.westerngrainmarketing.com/,"Grain elevator, Agricultural service",206 W Lake St,Chandlerville,Illinois,62627,,
Farmers Elevator Co,+1 218-281-1364,elaine.shein@dtn.com,snapshoteditors@dtn.com,http://eldredelevator.com/,Grain elevator,33461 US-75,Eldred,Minnesota,56523,,
Farmers Grain Company of Central Illinois,+1 217-944-2415,,,https://farmersgrainci.com/,Grain elevator,307 Alexander St,Kenney,Illinois,61749,,
Farmers Grain And Coal,+1 217-968-5623,,,http://encompassgrain.com/,Grain elevator,122 W Jefferson St,Greenview,Illinois,62642,,
Taloma Farmers Grain Co,+1 309-247-3284,,,,Grain elevator,415 S 1st St,San Jose,Illinois,62682,,
Cameron Grain Corporation,+1 309-563-9612,,,https://www.camerongrain.com/,Grain elevator,1428 175th Ave,Cameron,Illinois,61423,,
Graves Milling Co Inc,+1 309-358-1248,,,,Grain elevator,200 W Main St,Yates City,Illinois,61572,,
Agri Business Co-Op,+1 772-464-3502,,,,Grain elevator,2000 N Kings Hwy,Fort Pierce,Florida,34951,,
Evergreen FS,+1 877-963-2392,,,https://www.evergreen-fs.com/,Grain elevator,10769 Quinn St,Shirley,Illinois,61772,https://www.facebook.com/EVERGREENFSINC/,https://www.linkedin.com/company/evergreen-fs-inc-
River Valley Cooperative - Galva,+1 309-932-2081,,,https://www.rivervalleycoop.com/,Grain elevator,1207 SE 2nd St,Galva,Illinois,61434,,
Prairie Central Co-op Flanagan,+1 815-945-8289,,,http://www.prairiecentralcoop.com/,Grain elevator,100 N Main St,Flanagan,Illinois,61740,https://www.facebook.com/PrairieCentralCoop/?ref=br_tf,
Grainland Cooperative - Armington site,+1 309-392-2811,,,http://www.grainlandcooperative.com/,Grain elevator,998 Rte 136 Spur #2,Armington,Illinois,61721,,
DFE Grain,,,,https://www.agprices.com/elevator/dfe-deer-creek-il-076641b0bee96b80f1ffd66113a95f2c,Grain elevator,30082 Harding Rd,Deer Creek,Illinois,61733,,
"Western Grain Marketing, LLC",+1 309-789-6203,,,,"Grain elevator, Agricultural service",13997 IL-9,Cuba,Illinois,61427,,
"Goodfield Specialty Grain, LLC - Town Facility",+1 309-208-9836,,,,Grain elevator,112 Harrison St,Goodfield,Illinois,61742,,
Tate & Lyle,+1 217-935-9431,,,,Grain elevator,200 N Chestnut St,Wapella,Illinois,61777,,
Stanford Grain Co,+1 309-379-2141,office@stanfordgrain.com,,https://www.stanfordgrain.com/,Grain elevator,207 W Main St,Stanford,Illinois,61774,,
"Western Grain Marketing, LLC",+1 309-653-2650,,,http://www.westerngrainmarketing.com/,"Grain elevator, Agricultural service",21050 US Hwy 136,Adair,Illinois,61411,,
Ruff Brothers Grain Co,+1 309-432-2323,,,,Grain elevator,RR 1,Minonk,Illinois,61760,,
Ruff Brothers Grain - Spires,+1 309-432-2333,,,http://www.ruffrail.com/,Grain elevator,3046 County Rd 1950 N,Minonk,Illinois,61760,,
Marquis Grain Inc,+1 815-925-9590,,,https://marquisinc.com/grain-procurement/,Grain elevator,Prairie Industrial Parkway,Hennepin,Illinois,61327,https://www.facebook.com/MarquisEnergy/,https://www.linkedin.com/company/marquis-energy-llc/
Top Flight Grain Co-Op Emery,+1 217-794-2240,,,,Grain elevator,593 Emery Rd,Maroa,Illinois,61756,,
"Western Grain Marketing, LLC",+1 309-462-2321,,,http://www.westerngrainmarketing.com/,"Grain elevator, Agricultural service",255 Knox Road 670 E,Maquon,Illinois,61458,,
Code Soybean Processing,+1 309-897-8334,,,,Grain elevator,RR 2,Bradford,Illinois,61421,,
River Valley Cooperative - Princeville,+1 309-385-4361,,,https://www.rivervalleycoop.com/,Grain elevator,20014 N Rice Rd,Edelstein,Illinois,61526,,
"Western Grain Marketing, LLC",+1 309-562-7545,,,https://www.westerngrainmarketing.com/,Grain elevator,107 S 4th St,Easton,Illinois,62633,,
Roanoke Farmers Association,+1 309-394-2293,,,https://www.roanokefarmers.com/,Grain elevator,511 Front St,Benson,Illinois,61516,,
Ruff Brothers Grain,+1 815-863-5014,,,http://www.ruffrail.com/,Grain elevator,,Rutland,Illinois,,,
ADM Hennepin,+1 815-539-7491,,,https://admadvantage.com/contact-us/?location=Hennepin~Illinois,Grain elevator,125 Old Highway 26,Hennepin,Illinois,61327,,
Adm,+1 251-937-1213,,,https://www.adm.com/,Grain elevator,213 South St,Bay Minette,Alabama,36507,,
Randolph Co-Op Grain Co,+1 309-473-2001,,,,Grain elevator,15140 County Rd 625 N,Heyworth,Illinois,61745,,
"FS GRAIN, LLC",,,,http://www.fsgrain.com/,Grain elevator,7226 IL-40,Buda,Illinois,61314,,
Viterra,+1 309-315-7070,,,,Grain elevator,306 Knox Rd 650 N,Abingdon,Illinois,61410,,
Hartsburg Grain Co,+1 217-642-5211,,,https://www.hartgrain.com/,Grain elevator,100 W Front St,Hartsburg,Illinois,62643,,
Grainland Cooperative Grain Co,+1 217-376-3405,,,https://www.grainlandcooperative.com/,Grain elevator,314 North St,Emden,Illinois,62635,,
Farmers Co-Op Association,+1 309-463-2061,,,https://www.varnafarmerscoop.com/,Grain elevator,603 Main St,Varna,Illinois,61375,,
Prairie Central Co-op Meadows,+1 815-945-8295,,,http://www.prairiecentralcoop.com/,Grain elevator,31252 Center St,Chenoa,Illinois,61726,https://www.facebook.com/PrairieCentralCoop/?ref=br_tf,
RCM CO-OP,+1 217-636-7171,,,http://www.rcmcoop.com/culver,Grain elevator,26352 Quarry Rd,Athens,Illinois,62613,,
AG-Land FS,+1 309-639-2226,,,https://www.aglandfs.com/,Grain elevator,117 N Oak St,Williamsfield,Illinois,61489,https://www.facebook.com/Ag-Land-FS-572525409486343/,
Akron Services Inc,+1 309-389-2611,,,https://www.akronservices.com/,Grain elevator,411 E Main St,Glasford,Illinois,61533,,
Adm,+1 203-961-9882,,,,Grain elevator,201 Broad St,Stamford,Connecticut,6901,,
Legacy Farmers Cooperative,+1 419-694-3123,,,https://www.legacyfarmers.com/,Grain elevator,318 High St,Mt Blanchard,Ohio,45867,https://www.facebook.com/legacyfarmers,https://www.linkedin.com/company/legacy-farmers-cooperative/
Heartland Co-Op,+1 515-266-4215,,,http://www.heartlandcoop.com/,Grain elevator,,Carlisle,Iowa,,,
"The DeLong Co., Inc.",+1 608-676-2255,,,http://www.delongcompany.com/,Grain elevator,313 Short St,Woodstock,Illinois,60098,,
Agrex Inc.,+1 419-659-5635,joglesbee@agrexinc.com,mwelty@agrexinc.com,https://www.agrexinc.com/cbloc-2444,Grain elevator,110 Walnut St,Columbus Grove,Ohio,45830,,
Lone Star Grain,+1 940-852-5118,,,,Grain elevator,1358 N 2nd St,Chillicothe,Texas,79225,,
Compton Feed & Grain,+1 310-637-2051,,,,Grain elevator,4300 E Compton Blvd,Compton,California,90221,,
R C Sherwood Grain Co,+1 209-826-6006,,,,Grain elevator,500 Mercey Springs Rd,Los Banos,California,93635,,
Cyclone Grain Co Inc,+1 765-654-4466,,,,Grain elevator,4079 E Co Rd 400 S,Frankfort,Indiana,46041,,
Viterra,+1 812-232-1044,,,http://viterra.us/,Grain elevator,200 E Voorhees St,Terre Haute,Indiana,47802,,
Boswell Chase Grain,+1 765-869-5527,,,https://www.agprices.com/elevator/boswell-chase-grain-boswell-in-7c11d466624262fa547b34fbcac8cadc,Grain elevator,110 N Clinton St,Boswell,Indiana,47921,,
New Ross Grain,+1 765-723-1193,,,https://nrgag.com/,Grain elevator,104 Valley Dr,New Ross,Indiana,47968,,
"Kokomo Grain Co., Inc.",+1 765-457-7211,,,https://www.kokomograin.com/,Grain elevator,1002 W Morgan St,Kokomo,Indiana,46901,,
"Kokomo Grain Co., Inc.",+1 765-538-2814,,,https://www.kokomograin.com/,Grain elevator,730 W 1150 S,Romney,Indiana,47981,,
Terre Haute Grain,+1 812-232-1044,,,http://www.gavilon.com/location/terre-haute-grain,Grain elevator,200 E Voorhees St,Terre Haute,Indiana,47802,,
Cargill Inc,+1 765-420-0999,,,https://www.cargillag.com/locations/linden-cah,Grain elevator,173 W 1100 N,Linden,Indiana,47955,,
Co-Alliance,+1 765-534-4949,,,http://www.co-alliance.com/,"Grain elevator, Insurance agency",4046 S 800 W,Lapel,Indiana,46051,https://www.facebook.com/KeystoneCooperativeInc,https://www.linkedin.com/company/keystone-cooperative
ADM Tab,+1 765-986-2212,,,,Grain elevator,8119 W Illinois St,Ambia,Indiana,47917,,
Boanco Farms,+1 765-572-3005,,,,Grain elevator,,West Point,Indiana,47992,,
Harvest Land Co-Op Inc,+1 765-557-8349,,,,Grain elevator,7900 W State,Elwood,Indiana,46036,,
Cargill Inc,+1 217-784-1980,,,https://acgrain.com/,Grain elevator,225 Briarwood Ave,Dana,Indiana,47847,,
Farmers Grain,+1 260-625-5156,,,,Grain elevator,2925 Eme Rd,Fort Wayne,Indiana,46818,,
Gavilon Grain Llc,+1 765-323-7000,,,https://www.gavilon.com/location/whitesville,Grain elevator,3696 Elm St,Crawfordsville,Indiana,47933,,
Augusta farm Co-op,+1 540-348-1159,,,,Grain elevator,5788 N Lee Hwy,Fairfield,Virginia,24435,,
Adm Grain,+1 937-492-5254,,,,Grain elevator,701 S Vandemark Rd,Sidney,Ohio,45365,,
"Sunrise Cooperative, Inc. (Sidney Grain)",+1 937-492-5254,,,http://www.sunriseco-op.com/,"Grain elevator, Agricultural cooperative",701 S Vandemark Rd,Sidney,Ohio,45365,,
W B Johnston Grain Co Inc,+1 580-866-3227,,,,Grain elevator,48882 S County Rd 212,Mutual,Oklahoma,73853,,
Wheeler Brothers Grain Company,+1 405-884-2755,,,https://www.wheelerbrothers.com/,Grain elevator,501-599 S County Line Rd,Geary,Oklahoma,73040,,
Coffey Grain Co,+1 405-893-2234,,,,Grain elevator,305 Calumet Rd,Calumet,Oklahoma,73014,,
Okeene Milling Co,+1 580-822-4415,,,,Grain elevator,302 W Oklahoma St,Okeene,Oklahoma,73763,,
Wheeler Brothers Grain Co,+1 580-623-5938,,,https://www.wheelerbrothers.com/,Grain elevator,512 N Main,Greenfield,Oklahoma,73043,,
Wheeler Brothers Grain Co,+1 405-729-4286,,,https://www.wheelerbrothers.com/,Grain elevator,23050 N 2710 Rd,Omega,Oklahoma,73764,,
American Plains Co-op Drummond,+1 580-493-2212,cguesnier@gbcoop.com,nmoeder@gbcoop.com,http://www.apcoop.com/,Grain elevator,300 Osage St,Drummond,Oklahoma,73735,https://www.facebook.com/AmericanPlainsCoop/,
Wheeler Brothers Grain Co,+1 580-623-7227,,,https://www.wheelerbrothers.com/,Grain elevator,505 W Main St,Watonga,Oklahoma,73772,,
Gavilon Grain LLC,+1 580-738-5000,,,,Grain elevator,21080 US-62,Headrick,Oklahoma,73549,,
Cooperative Service Inc,+1 580-597-3372,,,https://www.coopservicesinc.com/?redirect=0,Grain elevator,306 1st St,Chattanooga,Oklahoma,73528,,
Wheeler Brothers Grain,+1 405-433-2060,,,,Grain elevator,OK-33,Cashion,Oklahoma,73016,,
García Grain Trading Inc,+1 956-464-6000,,,http://garciagrain.com/location/,Grain elevator,101 Val Verde Rd,Donna,Texas,78537,,
Valley Feed Mills,+1 915-851-3113,,,,Grain elevator,400 Langford St,Clint,Texas,79836,,
H & H Grain Co,+1 281-479-6448,,,,Grain elevator,2714 Center St,Deer Park,Texas,77536,,
Glendenning Grain,+1 815-645-8120,,,https://www.glendenninggrainandsoil.com/,Grain elevator,213 S Hickory St,Stillman Valley,Illinois,61084,,
Top Flight Grain Co-Op Cisco,+1 217-669-2141,,,,Grain elevator,101 N Main St,Cisco,Illinois,61830,,
FS Grain,+1 815-359-2002,,,http://www.northerngrainmarketing.com/,Grain elevator,100 S 1st St,Harmon,Illinois,61042,,
Continental Grain Co,+1 504-436-9340,,,,Grain elevator,933 River Rd,Westwego,Louisiana,70094,,
Gavilon Grain Llc,+1 956-903-3400,,,,Grain elevator,,Raymondville,Texas,78580,,
Gavilon Grain Division,+1 956-903-3400,,,,Grain elevator,24282 FM490,Raymondville,Texas,78580,,
Voorhies Grain Inc,+1 319-988-3880,,,https://www.heartlandcoop.com/pages/custom.php?id=68327,Grain elevator,440 Voorhies Rd,Voorhies,Iowa,50643,,
Heartland Co-op,+1 641-473-2640,,,http://heartlandcoop.com/,Grain elevator,105 W Main St,Lincoln,Iowa,50652,,
Farmers Grain Co of Chestnut,+1 217-796-3395,fgci@farmersgrainci.com,,http://www.farmersgrainci.com/,Grain elevator,106 W Olive St,Chestnut,Illinois,62518,,
State Line Co-Op,+1 712-866-0581,,,https://www.statelinecoop.com/,Grain elevator,14 Maple St,Ringsted,Iowa,50578,https://www.facebook.com/StateLineCooperative,
Heartland Co-Op,+1 641-528-2535,,,https://www.heartlandcoop.com/,Grain elevator,107 2nd St,Malcom,Iowa,50157,,
Farmers Co-Op,+1 515-967-4215,,,,Grain elevator,102 1st Ave N,Altoona,Iowa,50009,,
CGB Hennepin,+1 815-876-2900,,,http://cgbgrain.com/,Grain elevator,7305 IL-26,Princeton,Illinois,61356,,
Heartland Co-Op,+1 641-363-4250,,,http://www.heartlandcoop.com/,Grain elevator,205 Station St,Mingo,Iowa,50168,,
Ruff bros Grain Co Ancona,+1 815-672-7511,,,,Grain elevator,107 E Wall St,Ancona,Illinois,61311,,
Wilson Grain & Fertilizer Inc,+1 618-729-4221,,,,Grain elevator,7928 Elevator Ln,Piasa,Illinois,62079,,
Farmers Grain of Teheran,+1 309-562-7461,,,,Grain elevator,29524 E Co Rd 1150N,Mason City,Illinois,62664,,
RCM CO-OP,+1 217-626-1331,,,http://www.rcmcoop.com/,Grain elevator,300 Washington St,Pleasant Plains,Illinois,62677,,
"Western Grain Marketing, LLC",+1 309-562-7241,,,https://www.westerngrainmarketing.com/,Grain elevator,24145 E Co Rd 1270N,Easton,Illinois,62633,,
ENCOMPASS GRAIN & RAIL COOP,+1 217-445-2221,,,https://www.encompassgrain.com/,Grain elevator,101 Elevator Rd,New Holland,Illinois,62671,https://www.facebook.com/Encompass-Grain-Rail-COOP-104396114842592/,
"Western Grain Marketing, LLC",+1 217-667-2111,,,https://www.westerngrainmarketing.com/,"Grain elevator, Agricultural service",6299 La Prairie Rd,Camden,Illinois,62319,,
Ruff Brothers Grain,+1 815-368-3318,,,http://www.ruffrail.com/,Grain elevator,409 Pond St,Lostant,Illinois,61334,,
Graymont Co-Op Association,,system@gcacoop.com,,http://www.graymontcoop.com/,Grain elevator,301 Market St,Long Point,Illinois,61333,https://www.facebook.com/graymontcoop/,
Gavilon Grain LLC,+1 309-482-3822,,,,Grain elevator,300 E Palmer Ave,Alexis,Illinois,61412,,
Michlig Grain LLC,+1 815-445-2311,,,,Grain elevator,101 1st St,Manlius,Illinois,61338,,
CIE - McGrawsville,+1 765-395-7744,info@cie.us,,http://www.ciegrains.com/,Grain elevator,9502 S 300 E,Amboy,Indiana,46911,,
Pinkerton Farms Inc,+1 260-375-3151,,,,Grain elevator,8696 S 200 W,Warren,Indiana,46792,,
Leland Farmers Company,+1 815-627-2071,,,http://www.lelandfarmers.com/,Grain elevator,243 Flagg St,Paw Paw,Illinois,61353,,
Consolidated Grain and Barge Co.,+1 815-915-0234,,,http://www.cgbgrain.com/,Grain elevator,624 Depot Ave,Dixon,Illinois,61021,,
Consolidated Grain and Barge Co.,+1 866-673-4360,,,http://www.cgbgrain.com/,Grain elevator,10650 Mill Rd,Mt Carroll,Illinois,61053,,
Peterson Grain Co Inc,+1 260-547-4336,,,http://www.petersongrainco.com/,Grain elevator,4815 N 400 W,Decatur,Indiana,46733,,
Cargill,+1 217-465-4134,,,http://www.cargill.com/,Grain elevator,104 McMillan St,Paris,Illinois,61944,,
Viterra,+1 406-373-7160,,,https://viterra.us/,Grain elevator,3815 1st Ave S,Billings,Montana,59101,https://www.facebook.com/ViterraUS/,https://www.linkedin.com/company/viterra-us/
The DeLong Co. Inc.,+1 815-521-9499,,,http://www.delongcompany.com/,"Grain elevator, Agricultural service",23551 W Bluff Rd,Channahon,Illinois,60410,,
Swift & Skidmore Grain Rclmng,+1 517-369-9064,,,,Grain elevator,544 Lindley Rd,Bronson,Michigan,49028,,
MFA Exchange,+1 573-236-4315,,,,"Grain elevator, Agricultural cooperative",206 Bluff St,Rhineland,Missouri,65069,,
Farmers Elevator,+1 573-684-2241,,,,Grain elevator,101 S Madison St,Wellsville,Missouri,63384,,
Koster Grain,+1 712-664-2214,,,,Grain elevator,1205 Center St,Wall Lake,Iowa,51466,,
Farmers Grain of Kimmell,+1 260-635-2180,,,,Grain elevator,6430 Maple St,Kimmell,Indiana,46760,,
Eugene B Smith & Co Inc,+1 214-528-9800,,,,Grain elevator,4514 Cole Ave # 706,Dallas,Texas,75205,,
JFS Milling Inc.,+1 812-678-2402,bkirwer@farbestfoods.com,msmith@farbestfoods.com,https://farbestfoods.com/about-farbest/farbest-facilities/jfs-milling/,"Grain elevator, Store",5570 E Kalb Zehr Rd,Dubois,Indiana,47527,https://www.facebook.com/farbestfoods/,
United Farmers Co-Op,+1 785-455-3315,,,,Grain elevator,100 Center St,Clifton,Kansas,66937,,
United Farmers Co-Op,+1 785-455-3337,,,,"Grain elevator, Store",404 E Parallel St,Clifton,Kansas,66937,,
Debruce Grain Inc,+1 308-324-3113,,,,Grain elevator,US-30,Lexington,Nebraska,68850,,
Wilson Fertilizer & Grain Inc,+1 574-223-3175,wilsonfertilizer@yahoo.com,wilsonroch@rtcol.com,https://www.wilsonfertgrain.com/,Grain elevator,1827 E Lucas St,Rochester,Indiana,46975,,
"Oracle Pork Nutrition, LLC",+1 765-564-3680,jhahn@agrexinc.com,,https://opnutritionfeed.com/,Grain elevator,1250 American Pkwy,Peru,Indiana,46970,,
Fgdillc,+1 260-563-8461,,,,Grain elevator,55 N Bridge St,Wabash,Indiana,46992,,
"Norag, LLC",+1 765-981-4134,,,http://www.norag-us.com/,Grain elevator,563 E 700 S,Wabash,Indiana,46992,,
Columbia Grain,+1 509-758-1000,,,http://www.columbiagrain.com/,Grain elevator,,,Washington,,,
Consolidated Grain and Barge Co.,+1 573-332-2740,,,http://www.cgbgrain.com/,Grain elevator,500 La Cruz St,Cape Girardeau,Missouri,63703,,
Allen Hampton Grain Co,+1 573-357-4317,,,,Grain elevator,7035 State Hwy D,Parma,Missouri,63870,,
Bunge,,,,https://www.bunge.com/,"Grain elevator, Agricultural service",3090 State Hwy B,Broseley,Missouri,63932,,
Mo Faith,+1 573-448-3131,,,,Grain elevator,8823 MO-162,Gideon,Missouri,63848,,
Merco Grain,+1 956-565-0204,,,,Grain elevator,751 S International Blvd,Weslaco,Texas,78596,,
Southwest Grain Co,+1 956-842-3355,jim.hauck@chsinc.com,brian.fadness@chsinc.com,https://www.chssouthwestgrain.com/grain/cash-bids/,Grain elevator,28473 FM2058,Edinburg,Texas,78541,https://www.facebook.com/chssouthwestgrain,https://www.linkedin.com/company/chs
Gavilon LLC Grain,+1 956-638-0929,,,,Grain elevator,14410 FM2209,San Perlita,Texas,78590,,
Elkins Grain LLC,+1 956-842-3355,,,,Grain elevator,28473 FM2058,Edinburg,Texas,78541,,
Southwest Grain Co.,,jim.hauck@chsinc.com,brian.fadness@chsinc.com,https://www.chssouthwestgrain.com/grain/cash-bids/,Grain elevator,1719 N Closner Blvd,Edinburg,Texas,78541,https://www.facebook.com/chssouthwestgrain,https://www.linkedin.com/company/chs
Louis Dreyfus Energy Corporation,+1 409-838-6251,,,http://louisdreyfus.com/,Grain elevator,1745 Buford St,Beaumont,Texas,77701,,
Kokomo Grain Co,+1 931-455-4886,,,https://www.kokomograin.com/,Grain elevator,502 E Decherd St,Tullahoma,Tennessee,37388,,
Woodall Grain,+1 931-968-1070,,,http://woodallgrain.com/,Grain elevator,502 E Decherd St,Tullahoma,Tennessee,37388,,
Columbia Grain,+1 701-845-1921,,,http://www.columbiagrain.com/,Grain elevator,3334 Old Hwy 10,Valley City,North Dakota,58072,,
Northern Plains Grain &mill,+1 701-840-4530,,,,Grain elevator,,Valley City,North Dakota,58072,,
North Central Co-Op,+1 260-344-1321,,,,Grain elevator,8088 N 900 W,Huntington,Indiana,46750,,
"United Cooperatives, Inc.",+1 816-675-2298,,,https://www.useunited.com/,Grain elevator,Platte St,Osborn,Missouri,64474,,
Penny-Newman Grain Co,+1 661-837-8655,,,,"Grain elevator, Farmers' market",8861 Houghton Rd,Bakersfield,California,93311,,
Zennoh Grain Corporation,+1 971-244-0533,,,https://www.zgcusa.com/,"Grain elevator, Transportation service",17933 NE Evergreen Pkwy #330,Beaverton,Oregon,97006,,
Consolidated Grain and Barge Co.,+1 217-441-8006,,,https://www.cgbgrain.com/,Grain elevator,210 CGB Drive,Naples,Illinois,62665,,
Central District Inc,+1 859-255-4453,,,,Grain elevator,640 S Broadway # 200,Lexington,Kentucky,40508,,
West Plains LLC,+1 970-674-1154,john.kennedy@westplainsllc.com,info@biourja.com,http://westplainsllc.com/cbloc-1036,Grain elevator,1650 AA St,Greeley,Colorado,80631,,
Nunn Elevator LLC,+1 970-897-2406,,,,Grain elevator,1018 4th St,Nunn,Colorado,80648,,
Ashville Grain LLC,+1 740-983-2521,,,,Grain elevator,50 W Main St,Ashville,Ohio,43103,,
Farmers Gin & Grain Co,+1 254-582-2061,,,,Grain elevator,402 Willie Nelson Rd W,Abbott,Texas,76621,,
West Central AG Services,+1 218-596-8821,,,https://www.westcentralag.com/,Grain elevator,329 1st St SW,Ulen,Minnesota,56585,https://www.facebook.com/CHSWestCentral/,https://www.linkedin.com/company/chs
Bunge,+1 870-347-2574,,,https://www.bunge.com/,Grain elevator,1871 US-64 BUS,Augusta,Arkansas,72006,,
Bunge Grain,+1 870-256-4187,,,,Grain elevator,1253 AR-38,Des Arc,Arkansas,72040,,
McBride Grain,+1 717-713-9819,,,https://www.mcbridegrainllc.com/,Grain elevator,74 Main Street,Perryville,Missouri,63775,,
Lincoln Inspection Services,+1 402-435-4386,,,,Grain elevator,505 Garfield St,Lincoln,Nebraska,68502,,
Frontier Cooperative,+1 402-786-2467,,,http://frontiercooperative.com/,Grain elevator,5600 N 148th St,Lincoln,Nebraska,68527,,
Clarkson Grain Oakley Elevator,+1 217-763-2861,info@clarksongrain.com,,https://clarksongrain.com/about/our-facilities/profile/oakley,Grain elevator,198 W South St,Oakley,Illinois,62501,https://www.facebook.com/clarksongrain/,https://www.linkedin.com/company/clarkson-grain-company-inc-
Leland Farmers Co,+1 815-264-7600,,,,Grain elevator,7113 Shabbona Grove Rd,Waterman,Illinois,60556,,
Farmers Cooperative,+1 740-726-2440,,,,Grain elevator,420 W Main St,Waldo,Ohio,43356,,
Cargill AG Horizons,+1 563-324-2114,,,http://www.cargillag.com/,Grain elevator,2655 Depot St,Bettendorf,Iowa,52722,,
River Gulf Grain Co,+1 563-344-5178,,,,Grain elevator,"Alter Building, 2117 State St",Bettendorf,Iowa,52722,,
Adm Grain,+1 920-361-4854,,,,Grain elevator,Highways 21,Berlin,Wisconsin,54923,,
The DeLong Co. Inc.,+1 815-344-4277,,,http://www.delongcompany.com/,"Grain elevator, Agricultural service",4312 Pioneer Rd,McHenry,Illinois,60051,,
Hereford Grain Corporation Center Point,+1 806-289-5999,,,,Grain elevator,Westway,Hereford,Texas,79045,,
Hereford Grain Farmers Corner,+1 806-578-4231,,,,Grain elevator,5051-5099 US-385,Hereford,Texas,79045,,
Hereford Grain Corporation-Westway,+1 806-289-5807,,,,Grain elevator,,Hereford,Texas,79045,,
Hereford Grain Corporation,+1 806-361-5110,,,,Grain elevator,410 4th St,Hartley,Texas,79044,,
NORAG LLC,+1 913-851-7200,,,http://norag-us.com/,Grain elevator,3550 FM2856,Hereford,Texas,79045,,
Columbia Grain Great Falls East,+1 406-771-8139,cgipulsemerchandising@columbiagrain.com,cgigrainmerchandising@columbiagrain.com,https://www.columbiagrain.com/contact/,Grain elevator,1820 12th Ave N,Great Falls,Montana,59401,https://www.facebook.com/cgicolumbiagraininternational/,https://www.linkedin.com/company/columbia-grain/
Columbia Grain International LLC,+1 406-453-6506,,,https://www.columbiagrain.com/,Grain elevator,120 1st Ave N,Great Falls,Montana,59401,,
Columbia Grain,+1 406-338-5307,,,https://columbiagrain.com/,Grain elevator,23489 US-2,Cut Bank,Montana,59427,,
ADM Rogers,+1 701-646-6000,,,,Grain elevator,100 Elevator Ave,Rogers,North Dakota,58479,,
Gold'n Plump Poultry,+1 320-251-3570,,,,Grain elevator,459 60th St NW,Sauk Rapids,Minnesota,56379,,
Rogers Grain Inc.,+1 937-473-2025,,,https://www.scoular.com/news/scoular-and-rogers-grain-join-forces-in-ohio-specialty-corn-and-soybean-business/,Grain elevator,150 E Broadway St,Covington,Ohio,45318,https://www.facebook.com/thescoularcompany/,https://www.linkedin.com/company/the-scoular-company
Lake Bronson Elevator Inc,+1 218-754-4200,,,,Grain elevator,103 Railway Ave,Lake Bronson,Minnesota,56734,,
Rivard's Quality Seeds Inc,+1 218-437-6638,,,,Grain elevator,102 3rd St,Argyle,Minnesota,56713,,
New Vision Co-Op,+1 507-468-2416,,,,Grain elevator,200 N Main St,Dundee,Minnesota,56131,,
Guthrie Grain LLC,+1 405-454-0044,,,,Grain elevator,20878 Main St,Harrah,Oklahoma,73045,,
"ALABAMA FARMERS COOPERATIVE, INC GRAIN DIVISION",+1 256-308-1681,info@alafarm.com,,https://www.alafarm.com/p/other/divisions/afcgrain,Grain elevator,1090 S Court St,Florence,Alabama,35630,https://www.facebook.com/alafarm,https://www.linkedin.com/company/alabama-farmers-cooperative-inc-/
Bishop Grain Inc,+1 361-584-2702,,,,Grain elevator,1130 US-77,Bishop,Texas,78343,,
US Interstate Grain Elevator,+1 361-289-0543,,,,"Grain elevator, Government",5700 Up River Rd,Corpus Christi,Texas,78407,,
Alice Grain Co,+1 361-668-3332,,,,Grain elevator,3600 US-281 BUS,Alice,Texas,78332,,
Gavilon Group LLC,+1 361-866-5200,,,,Grain elevator,1200 Navigation Blvd,Corpus Christi,Texas,78402,,
Driscoll Grain Co-Op,+1 361-387-4539,,,http://www.coastalagcoop.com/,Grain elevator,202-200 5th St,Driscoll,Texas,78351,,
Winema Elevators Inc.,+1 541-273-6086,,,,Grain elevator,20201 US-97,Klamath Falls,Oregon,97603,,
Parker Foster,+1 806-764-3361,,,,Grain elevator,3400 Co Rd 1,Happy,Texas,79042,,
Smith Grain Co,+1 919-734-6618,,,,Grain elevator,4470 S U.S. 117 Alt Hwy,Dudley,North Carolina,28333,,
Greenleaf Agri Products Inc,+1 601-276-7531,,,,Grain elevator,1191 Anglin Rd,Summit,Mississippi,39666,,
Tru Mark Grain Inc,+1 601-684-2176,,,,Grain elevator,1146 Enterprise Rd,Summit,Mississippi,39666,,
McKinney Grain,+1 972-542-6369,,,,Grain elevator,206 Main St,McKinney,Texas,75069,,
Blue Ridge Grain & Marketing,+1 770-535-2864,,,,Grain elevator,2545 Flintridge Rd NE # 120,Gainesville,Georgia,30501,,
H Nagel & Son Co,+1 937-833-2479,,,,Grain elevator,2649 Spring Grove Ave,Cincinnati,Ohio,45214,,
Farmers Cooperative Association,+1 620-597-2636,,,http://www.farmerscoop.coop/,Grain elevator,9904 Falcon Ln,Chetopa,Kansas,67336,,
Agri Trail's Co-op,+1 620-924-5228,,,http://www.agritrails.com/,Grain elevator,502 6th St,Lincolnville,Kansas,66858,,
Turner Bean & Grain,+1 989-867-4253,,,,Grain elevator,119 S Railroad St,Turner,Michigan,48765,,
Farmers Cooperative Grain Co,+1 989-375-4606,,,,Grain elevator,66 N Main St,Elkton,Michigan,48731,,
Grain Masters LLC,+1 904-382-6045,grainmasterss@gmail.com,,https://grainmasterss.wixsite.com/grainmastersllc,"Grain elevator, Service establishment",,,,,,
Farmers Elevators,+1 806-558-2141,,,,"Grain elevator, Animal feed store",203 NE 3rd St,Happy,Texas,79042,,
ADM Paducah,+1 270-443-2124,,,https://admadvantage.com/,Grain elevator,110 Locust Ave,Paducah,Kentucky,42003,,
Kevil Grain Co,+1 270-665-9124,elaine.shein@dtn.com,snapshoteditors@dtn.com,http://www.kevilgrain.com/,Grain elevator,6696 Paducah Rd,Kevil,Kentucky,42053,,
Max Yield Co-Op,+1 712-426-2450,,,http://www.maxyieldcooperative.com/,Grain elevator,1307 Francis St,Ayrshire,Iowa,50515,,
Scoular Co,+1 503-639-9310,,,https://www.scoular.com/,Grain elevator,6 Centerpointe Dr # 240,Lake Oswego,Oregon,97035,https://www.facebook.com/thescoularcompany/,https://www.linkedin.com/company/the-scoular-company
EGT LLC,+1 503-425-8360,,,,Grain elevator,"One Main Place, 101 SW Main St #140",Portland,Oregon,97204,,
Madsen Grain Co,+1 503-852-7118,visit@flaneurwines.com,,https://www.flaneurwines.com/carlton-grain-elevator/,Grain elevator,128 S Pine St,Carlton,Oregon,97111,https://www.facebook.com/flaneurwines/,
Agtegra Cooperative - Leola Grain,+1 605-846-1339,,,https://www.agtegra.com/Locations/Leola,Grain elevator,240 Elm St,Leola,South Dakota,57456,,
Top AG,+1 618-424-7736,info@topag.net,,http://www.topag.net/,Grain elevator,75 W Front St,Addieville,Illinois,62214,https://www.facebook.com/TopAg,https://www.linkedin.com/company/1617558/admin/feed/posts/
Bunge,+1 513-771-4307,,,https://www.bunge.com/,"Grain elevator, Agricultural service",2885 E Sharon Rd,Cincinnati,Ohio,45241,,
Sebastian Cotton & Grain,+1 956-565-2629,,,,Grain elevator,FM 1015,Progreso,Texas,78579,,
West Plains LLC,+1 956-620-2020,,,https://www.westplainsco.com/,Grain elevator,9155 RL Ostos Rd,Brownsville,Texas,78521,,
"Western Grain Marketing, LLC",,,,http://www.westerngrainmarketing.com/,Grain elevator,503 S Philadelphia Rd,Ashland,Illinois,62612,,
Farmers Co-Op,+1 620-635-2394,,,,Grain elevator,,Ashland,Kansas,67831,,
Sunset Dryer,+1 530-934-2330,,,,Grain elevator,8069 Co Rd 48,Glenn,California,95943,,
Alma Co-Op Elevator,+1 785-765-3832,almacoop@earthlink.net,,https://almaco-op.com/grain-elevator-services,Grain elevator,217 Missouri Ave,Alma,Kansas,66401,,
Quality Grain Co,+1 661-832-7989,,,,Grain elevator,20221 Millux Rd,Bakersfield,California,93311,,
Kern Grainery,+1 661-243-9949,,,,Grain elevator,5640 District Blvd #108,Bakersfield,California,93311,,
ADM Snover,+1 810-672-9221,,,,Grain elevator,1337 Elevator St,Snover,Michigan,48472,,
Star of the West Milling Co.,+1 810-627-3402,,,https://www.starofthewest.com/,Grain elevator,4303 Huron St,North Branch,Michigan,48461,https://www.facebook.com/SOTWMilling/,
Wells Grain & Peanut Co,+1 229-937-2820,,,,Grain elevator,210 Old Quebec Rd,Ellaville,Georgia,31806,,
Shasta Elevator Co,+1 775-745-0383,,,,Grain elevator,,Reno,Nevada,89513,,
Beachner Grain Inc,+1 785-448-6808,,,https://www.beachnergrain.com/,Grain elevator,29086 NW Walnut St,Garnett,Kansas,66032,,
Beachner Grain Inc,+1 913-795-2311,info@beachner.com,info@beachnergrain.com,https://www.beachnergrain.com/cbloc-2051,Grain elevator,7803 KS-7,Mound City,Kansas,66056,https://www.facebook.com/beachnergraininc/,
Global Grain,+1 785-338-9631,aaron.sommer@globalgrain.net,aaron.sommer@globalgrain.us,http://www.globalgrain.us/,Grain elevator,3610 NW 16th St,Topeka,Kansas,66618,,
NORAG LLC,+1 913-851-7200,,,http://www.norag-us.com/,"Grain elevator, Agricultural service",20710 Foster Court,Bucyrus,Kansas,66013,,
Jackson Farmers Inc,+1 913-833-2070,,,https://jacksonfarmers.com/,Grain elevator,511 Howard St,Effingham,Kansas,66023,,
Adm Growmark,+1 913-788-7226,,,https://web.grainbridge.com/location/ADM-82,Grain elevator,10520 Wolcott Dr,Kansas City,Kansas,66109,,
"Ag Partners Cooperative, Inc. - Willis, Kansas",+1 785-547-3466,contact@agpartnerscoop.com,,http://agpartnerscoop.com/,"Grain elevator, Agricultural cooperative, Gas station",308 3rd St,Willis,Kansas,66434,https://www.facebook.com/agpartnerscooperative,
Beaver Grain Corporation Inc,+1 620-587-3417,,,,Grain elevator,1905 Main St,Beaver,Kansas,67525,,
Generation Esports,+1 816-683-1002,,,http://www.generationesports.com/,Grain elevator,908 Baltimore Ave FL 2,Kansas City,Missouri,64105,https://facebook.com/joingenesports,https://www.linkedin.com/company/18284215
Amarillo Grain Exchange Inc,+1 580-338-5816,age@amaonline.com,agegy@ptsi.net,http://www.age-inc.com/,Grain elevator,,Guymon,Oklahoma,73942,,
Adm Grain,+1 806-357-2260,,,,Grain elevator,3355 Co Rd 1,Summerfield,Texas,,,
Rees Farmers Elevator,+1 217-882-4003,,,,Grain elevator,302 Main St,Murrayville,Illinois,62668,,
Central MO Agriservice,+1 660-493-2218,,,http://www.cm-as.com/,Grain elevator,215 W Thomas Dr,Waverly,Missouri,64096,,
John B Anderson Peanut & Grain,+1 912-839-3132,,,,Grain elevator,6148 Nevils Daisy Rd,Statesboro,Georgia,30458,,
Agrisource Kimama,+1 208-678-2286,,,https://www.agrisourceinc.com/,Grain elevator,ID-24,Paul,Idaho,83347,,
Driscoll Grain,,,,https://www.driscollbros.com/contact-us/,Grain elevator,220 N Oregon Trail,American Falls,Idaho,83211,,
Busch Agricultural Resources,+1 208-522-5501,,,,Grain elevator,5755 S Yellowstone Hwy,Idaho Falls,Idaho,83402,,
Integrow Malt,+1 208-552-5540,,,,"Grain elevator, Local government office, Store",5005 S 15th W,Idaho Falls,Idaho,83402,,
Ririe Grain & Feed Co-Op,+1 208-538-6712,,,http://ririecoop.com/?utm_source=gmb&utm_medium=referral,Grain elevator,400 Market St,Ririe,Idaho,83443,,
Busch Agricultural Resources,+1 208-829-4242,,,,Grain elevator,2576 ID-25,Hazelton,Idaho,83335,,
Stonington Co-Op Grain Co,+1 217-692-2141,,,,Grain elevator,105 Railroad Ave,Blue Mound,Illinois,62513,,
Viterra Grain,+1 618-426-5275,,,http://viterra.us/,Grain elevator,2130 Little Levee Rd,Rockwood,Illinois,62280,,
Westervelt Elevator,+1 217-738-2321,,,,Grain elevator,105 4th St,Westervelt,Illinois,62565,,
Agri Producers Inc,+1 785-536-4260,,,,Grain elevator,515 E 6th St,Gypsum,Kansas,67448,,
Stafford County Flour Mill,+1 620-458-4121,,,http://www.scfmco.com/,Grain elevator,602 N Main St,Macksville,Kansas,67557,,
Cargill Grain,+1 785-452-3339,,,http://cargillag.com/,Grain elevator,309 N Halstead St,Hutchinson,Kansas,67501,,
Ag Valley Co-op: Grain Facility,+1 785-678-2200,,,http://www.agvalley.com/,Grain elevator,"MPWM+9F, 2549 KS-383",Jennings,Kansas,67643,,
Midwest Grain Products Inc Pump St,+1 816-579-5585,,,,Grain elevator,204 2nd St,Rushville,Missouri,64484,,
Pitchford Elevator Co,+1 618-249-6241,,,,Grain elevator,880 S Locust St,Richview,Illinois,62877,,
Consolidated Grain & Barge Co. (CGB),+1 618-565-2314,,,https://www.cgbgrain.com/,"Grain elevator, Agricultural service",2239 Power Plant Rd,Grand Tower,Illinois,62942,,
Gateway FS Inc,+1 618-279-7251,,,https://www.gatewayfs.com/,Grain elevator,314 S Hirons St,Waltonville,Illinois,62894,,
Consolidated Grain and Barge Co.,+1 618-439-6524,,,http://www.cgbgrain.com/,Grain elevator,300 S Commercial St,Benton,Illinois,62812,,
Maco,+1 618-532-6779,,,,Grain elevator,418 N Oak St,Centralia,Illinois,62801,,
Farmers Cooperative Elevator,+1 507-768-3448,,,https://www.farmerscoopelevator.com/,Grain elevator,1972 510th St,Hanley Falls,Minnesota,56245,,
Chapin Farmers Elevator,+1 217-472-5771,,,,Grain elevator,317 Cooper St,Chapin,Illinois,62628,,
Consolidated Grain and Barge Co.,+1 618-357-9331,,,https://www.cgbgrain.com/,Grain elevator,207 Ozburn St,Pinckneyville,Illinois,62274,,
Country Grain Co-Op,+1 701-763-6264,,,https://www.countrygraincooperative.com/,Grain elevator,302 Front St,Cleveland,North Dakota,58424,,
P & P Grain,+1 608-583-2292,,,,Grain elevator,30326 Co Hwy JJ,Lone Rock,Wisconsin,53556,,
Farmer's Elevator-Fergus Falls,+1 218-583-2857,,,,Grain elevator,529 Douglas Ave,Henning,Minnesota,56551,,
Pro Ag,+1 218-738-2552,melissa.abernathy@proagfarmers.com,jim.hlatky@proagfarmers.com,https://www.proagfarmers.com/markets/cash.php?location_filter=18338,Grain elevator,325 North St E,Eagle Bend,Minnesota,56446,,
CHS Prairie Lakes,+1 320-634-4283,trevor.johnson19@chsinc.com,guy.bray@chsinc.com,http://www.chsprairielakes.com/,"Grain elevator, Agricultural cooperative",516 Florence Ave,Lowry,Minnesota,56349,https://www.facebook.com/CHSIncHerman/,https://www.linkedin.com/company/chs
Gavilon Grain LLC,+1 940-322-1174,,,,Grain elevator,2102 Waurika Fwy,Wichita Falls,Texas,76301,,
Attebury Grain LLC,+1 940-322-1567,,,https://www.attebury.com/,Grain elevator,,Wichita Falls,Texas,76301,,
Stewart Grain,+1 765-986-2254,info@stewartgrain.com,,http://www.stewartgrain.com/,Grain elevator,8217 W 300 N,Williamsport,Indiana,47993,,
Total Grain Marketing,+1 765-397-3200,,,http://www.totalgrainmarketing.com/,Grain elevator,2335 IN-32,Hillsboro,Indiana,47949,https://www.facebook.com/southcentralfs/,
Debuce Grain,+1 918-379-6811,,,,Grain elevator,5150 W Channel Rd,Catoosa,Oklahoma,74015,,
j lyn grains,+1 800-792-5285,,,https://www.jlyngrains.com/markets/stocks.php?article=globenews-2020-9-7-disposable-protective-clothing-market-in-india-to-reach-valuation-143-billion-by-2027-amr,Grain elevator,5933 NE Win Sivers Dr,Portland,Oregon,97220,,
Edon Farmers Co-Op Association Inc,+1 419-272-2121,,,https://edonfarmerscoop.com/,Grain elevator,205 S Michigan St,Edon,Ohio,43518,,
Golden City Grain & Cotton,+1 417-537-0027,frontdesk@goldencitygrain.com,,http://goldencitygrain.com/,Grain elevator,201 F St,Golden City,Missouri,64748,,
"Ag Partners Cooperative, Inc. - Denton, Kansas",+1 785-359-6516,contact@agpartnerscoop.com,,https://www.agpartnerscoop.com/,"Grain elevator, Agricultural cooperative, Gas station",404 Locust St,Denton,Kansas,66017,https://www.facebook.com/agpartnerscooperative,
Bendena AG Inc,+1 785-988-4271,,,,Grain elevator,202 Railroad St,Bendena,Kansas,66008,,
Elbing Grain Co,+1 316-799-2021,,,,Grain elevator,150 2nd St,Elbing,Kansas,67041,,
Two Rivers Co-Op Association,+1 620-782-3621,,,https://www.tworiversks.coop/,Grain elevator,112 S East St,Udall,Kansas,67146,,
Farmers Co-Op Equity Co,+1 620-246-5226,,,https://www.fceisabel.com/,Grain elevator,110 S Main St,Nashville,Kansas,67112,,
Farmers Grain Company,+1 620-438-2314,,,http://www.farmersgraincompany.com/,Grain elevator,318 N Main St,Burden,Kansas,67019,,
Anthony Farmers Co-Op Co,+1 620-254-7245,,,https://www.anthonycoop.com/,Grain elevator,220 Attica Ave,Attica,Kansas,67009,,
CCGP Inc,+1 316-262-3343,,,,Grain elevator,1940 S Topeka St,Wichita,Kansas,67214,,
Kanza Cooperative Association- Clonmel Branch,+1 620-545-7138,tmorgan@kanzacoop.com,mnewell@kanzacoop.com,http://kanzacoop.com/,Grain elevator,7115 S 183rd St W,Viola,Kansas,67149,https://www.facebook.com/KanzaCoop/,https://www.linkedin.com/company/8334765/
Pawnee County Co-Op,+1 620-285-2161,,,http://www.pawneecoop.com/,Grain elevator,650 E Barton County Rd,Great Bend,Kansas,67530,,
Farmers Cooperative Elevator,+1 620-478-2272,,,http://www.gardenplaincoop.com/,Grain elevator,137 N Main St,Norwich,Kansas,67118,,
Adm Grain,+1 618-238-4800,,,,Grain elevator,406 IL-37,Edgewood,Illinois,62426,,
Total Grain Marketing,+1 217-849-2446,,,http://www.totalgrainmarketing.com/,Grain elevator,601 Railroad St,Jewett,Illinois,62436,https://www.facebook.com/southcentralfs/,
Consolidated Grain and Barge Co.,+1 618-963-2316,,,http://www.cgbgrain.com/,Grain elevator,707 Church St,Enfield,Illinois,62835,,
Lynchburg Grain,+1 803-437-2181,,,,Grain elevator,284 W Willow Grove Rd,Lynchburg,South Carolina,29080,,
Cal-Maine Foods Inc,+1 937-337-9576,info@cmfoods.com,,https://calmainefoods.com/,Grain elevator,3078 Washington Rd,Rossburg,Ohio,45362,,https://www.linkedin.com/company/calmainefoods/
Central Valley Ag,+1 402-523-4225,energy@cvacoop.com,info@cvacoop.com,http://www.cvacoop.com/,"Grain elevator, Agricultural cooperative",465 S Railroad St,Seward,Nebraska,68434,https://facebook.com/centralvalleyagcoop,https://www.linkedin.com/company/central-valley-ag-coop/
K & C Grain,+1 402-371-7741,,,,Grain elevator,55403 NE-13,Hadar,Nebraska,68738,,
Southeast Nebraska Co-Op Co,+1 402-228-0202,,,,Grain elevator,4301 B St,Holmesville,Nebraska,68310,,
Straussville Grain Inc,+1 402-883-2612,,,,Grain elevator,301 Oak St,Shubert,Nebraska,68437,,
Clark Grain Company,+1 402-868-3195,clarkgrain@clarkgraincompany.com,,https://clarkgrain.com/,Grain elevator,26 1st St,Johnson,Nebraska,68378,,
Carroll Feed & Grain Co,+1 402-585-4459,,,,Grain elevator,612 Main St,Carroll,Nebraska,68723,,
Dawson Grain Co,+1 402-855-2125,,,,Grain elevator,RR 2,Dawson,Nebraska,68337,,
Shickley Grain Co Inc,+1 402-627-2425,,,http://www.shickleygrain.com/,Grain elevator,301 Market St,Shickley,Nebraska,68436,,
Frontier Cooperative Co,+1 308-773-2225,feedback@frontiercooperative.com,,https://www.frontiercooperative.com/locations/silver-creek-east-elevator,Grain elevator,3221 35th Rd,Silver Creek,Nebraska,68663,https://www.facebook.com/frontiercooperative?fref=ts,https://www.linkedin.com/company/frontier-cooperative
Dinsdale Bros Inc,+1 308-894-2015,,,,Grain elevator,901 Zurich St,Palmer,Nebraska,68864,,
ALCIVIA - Markesan Agronomy and Grain,+1 608-819-3382,,,https://www.alcivia.com/?utm_source=Organic&utm_medium=GMB&utm_term=Markesan+Agronomy+and+Grain,"Grain elevator, Agricultural cooperative",W1705 County Rd S,Markesan,Wisconsin,53946,,
Dunn Grain LLC,+1 641-477-8244,,,,Grain elevator,102 W 3rd St,St Anthony,Iowa,50239,,
"Farmers Grain, LLC",+1 541-372-2201,,,,Grain elevator,255 King Ave,Nyssa,Oregon,97913,,
Northwest Grain Growers,+1 509-525-6510,,,http://nwgrgr.com/,Grain elevator,"360610410006, 4210 Hood Rd",Walla Walla,Washington,99362,,
Northwest Grain Growers,+1 509-525-6510,,,http://nwgrgr.com/,Grain elevator,2249 Detour Rd,Walla Walla,Washington,99362,,
Northwest Grain Growers,+1 509-525-1999,,,http://nwgrgr.com/,Grain elevator,3.61E+11,Walla Walla,WA,99362,,
Farmers Grain-Fillmore,+1 217-538-2496,fillmore1908@gmail.com,grain1908@gmail.com,http://www.lfdfarmers.com/,Grain elevator,317 S Main St,Fillmore,Illinois,62032,https://www.facebook.com/litchfieldfarmersgrain,
Total Grain Marketing,+1 618-326-7448,,,http://www.totalgrainmarketing.com/,Grain elevator,403 S Maple St,Mulberry Grove,Illinois,62262,https://www.facebook.com/southcentralfs/,
M & M Services Co,+1 217-532-3491,,,https://www.mmservice.com/,Grain elevator,530 Water St,Butler,Illinois,62015,https://www.facebook.com/MMServiceCompany/,
Poinsett Rice & Grain Inc,+1 870-336-2268,keith@poinsettrice.com,shon@poinsettrice.com,http://www.poinsettrice.com/,Grain elevator,2713 Paula Dr Ste B,Jonesboro,Arkansas,72404,,
Utica Grain Inc,+1 605-665-0589,,,,Grain elevator,85 State St,Utica,South Dakota,57067,,
Bunge,+1 870-479-3379,,,https://www.bunge.com/,Grain elevator,2235 Tamo River Rd,Grady,Arkansas,71644,,
Gillett Grain Services,+1 870-548-2247,,,,Grain elevator,215 US-165 BUS,Gillett,Arkansas,72055,,
Consolidated Grain & Barge Co.,+1 580-233-5800,,,https://www.cgbgrain.com/,Grain elevator,1710 N 10th St,Enid,Oklahoma,73701,,
Ray Carroll Mayview,+1 800-932-7792,,,http://www.ray-carroll.com/,Grain elevator,110 N Railroad St,Mayview,Missouri,64071,,
Circleville Grain LLC,+1 512-352-6844,,,,Grain elevator,101 FM1331,Taylor,Texas,76574,,
Williamson County Grain Inc,+1 512-281-2109,,,,Grain elevator,15515 Harry Lind Rd,Elgin,Texas,78621,,
Zimmerman Feed & Grain,+1 815-657-8311,,,http://zimmermanfeedandgrain.com/,"Grain elevator, Feed manufacturer",29697 E 825 N Rd,Forrest,Illinois,61741,,
Prairie Central Co-op Saunemin,+1 815-832-4311,,,https://www.prairiecentralcoop.com/,Grain elevator,56 North St,Saunemin,Illinois,61769,https://www.facebook.com/PrairieCentralCoop/?ref=br_tf,
Prairie Central Co-op Emington,+1 815-934-5545,,,,Grain elevator,102 Main St,Emington,Illinois,60934,,
"FS GRAIN, LLC",,,,http://www.fsgrain.com/,Grain elevator,2061 N 5500E Rd,Kankakee,Illinois,60901,,
Balk Grain,+1 815-259-4000,,,http://www.balkgrain.com/markets/cash.php?location_filter=31301,Grain elevator,13155 US-52,Polo,Illinois,61064,,
Kempton Grain & Fertilizer,+1 815-253-6286,,,,Grain elevator,202 Main St,Kempton,Illinois,60946,,
Tri County Grain,+1 641-652-7892,,,,Grain elevator,400 4th St,Eldon,Iowa,52554,,
Farmers Elevator Co,+1 309-456-3600,fgcroseville@mtcnow.net,,https://www.fgcroseville.com/,Grain elevator,101 W Douglas St,Sciota,Illinois,61475,,
Chem Gro Inc,+1 319-469-0016,,,https://chemgroinc.com/,Grain elevator,103 N Cedar St,Hillsboro,Iowa,52630,,
Heartland Co-Op,,,,https://www.heartlandcoop.com/pages/custom.php?id=58897,Grain elevator,2136 Green Bay Rd,Wever,Iowa,52658,,
Gerald Grain Center,+1 419-445-2719,mgoess@saxonfleetservices.com,,https://geraldgrain.com/,Grain elevator,220 N Defiance St,Archbold,Ohio,43502,https://www.facebook.com/geraldgrain/?_rdr=p&fref=ts,
Countyline Cooperative Inc,+1 419-457-2111,,,http://www.countylinecoop.com/,Grain elevator,555 Main St,Risingsun,Ohio,43457,https://www.facebook.com/rcountylinecoop/,
Mid-Wood Inc,+1 419-823-4341,,,https://luckeyfarmers.com/,Grain elevator,1763 Wall St,Tontogany,Ohio,43565,,
Farmers Co-Op Association,+1 580-633-2274,,,http://eldoradocoop.yourgin.com/,Grain elevator,18587 OK-6,Eldorado,Oklahoma,73537,,
Genola Grain Co,+1 320-468-6455,,,,"Grain elevator, Store",,Little Falls,Minnesota,56345,,
J B Bin Co,+1 320-632-2269,,,,Grain elevator,208 13th Ave NW,Little Falls,Minnesota,56345,,
Kellogg Elevator Co,+1 989-584-6543,,,,Grain elevator,818 N Division St,Carson City,Michigan,48811,,
Viterra,+1 308-217-7000,,,http://viterra.us/,Grain elevator,302 E Pacific St,Lexington,Nebraska,68850,,
Perdue AgriBusiness - Upper Dauphin Grain Elevator,+1 717-362-8440,spencer.miller@perdue.com,grain@perdue.com,http://www.perdueagribusiness.com/,Grain elevator,287 Kocher Ln,Elizabethville,Pennsylvania,17023,,
Columbia Grain International Inc,+1 503-224-8624,,,https://www.columbiagrain.com/,Grain elevator,1300 SW 5th Ave #2929,Portland,Oregon,97201,,
Cargill Inc,+1 574-546-2457,,,,Grain elevator,632 N Center St,Bremen,Indiana,46506,,
Independence Grain Llc,,,,https://safer.fmcsa.dot.gov/query.asp?searchtype=ANY&query_type=queryCarrierSnapshot&query_param=USDOT&query_string=2817429,Grain elevator,1803 Gooseneck Dr,Wixon Valley,Texas,77808,,
Harvest Land Co-Op,+1 937-884-5526,,,,Grain elevator,141 Commerce St,Verona,Ohio,45378,,
Corpus Christi Grain Co.,+1 361-289-0782,,,,"Grain elevator, Agricultural service, Exporter",100 Talbert Ln,Corpus Christi,Texas,78406,,
C K Processing Co Inc,+1 785-776-9269,,,,Grain elevator,3490 Swamp Angel Rd,Manhattan,Kansas,66502,,
Columbia Grain,+1 701-755-3207,,,https://columbiagrain.com/,Grain elevator,8840 62nd St NW,Ross,North Dakota,58776,,
Laurelville Grain & Mill Co,+1 740-332-2491,,,,Grain elevator,18769 Main St,Laurelville,Ohio,43135,,
Pandora Grain & Supply Inc,+1 740-983-2600,,,,Grain elevator,3014 Duvall Rd,Lockbourne,Ohio,43137,,
Hostetter Farm Supply Inc,+1 717-632-0402,,,,Grain elevator,4855 Hanover Rd,Hanover,Pennsylvania,17331,,
james valley grain,+1 701-742-5200,,,https://www.jamesvalleygrain.com/pages/contact.php,Grain elevator,200 Elevator Ave,Berlin,North Dakota,58415,,
Austin Bulk Plant,,heat@premierag.com,fuel@premierag.com,https://premierag.com/,"Grain elevator, Service establishment",,,,,https://www.facebook.com/PremierAG.Energy,https://www.linkedin.com/company/premiercompanies-ag-energy/
Johnson Grain Inc,+1 208-538-5500,,,,Grain elevator,250 Hewitt St,Ririe,Idaho,83443,,
Busch Agricultural Resources,+1 208-529-2672,,,,Grain elevator,3421 E County Line Rd,Idaho Falls,Idaho,83401,,
Mennco Grain-Wharton,+1 419-458-3041,info@mennel.com,customerquality@mennel.com,http://www.mennel.com/,Grain elevator,110 Railroad St,Wharton,Ohio,43359,https://www.facebook.com/MennelMilling,https://www.linkedin.com/company/the-mennel-milling-company
Evergreen Grain Co Inc,+1 419-332-0771,,,,"Grain elevator, Animal feed store",957 County Rd 232,Fremont,Ohio,43420,,
Evergreen Grain Co,+1 419-547-0541,,,,Grain elevator,5485 OH-101,Clyde,Ohio,43410,,
United Grain Corporation - Pendleton,+1 541-377-0849,,,http://www.unitedgrain.com/,Grain elevator,501 SE Emigrant Ave,Pendleton,Oregon,97801,,
Little John Grain Inc,+1 217-967-5225,tim.bence@theequity.com,karen.whitt@theequity.com,http://theequity.com/,Grain elevator,620 E State St,Westfield,Illinois,62474,https://www.facebook.com/TheEquityofEffingham,https://www.linkedin.com/company/the-equity-of-effingham/
Taunton Cooperative Elevator,+1 507-872-5292,,,,Grain elevator,201 N Adams St,Taunton,Minnesota,56291,,
Ray Carroll Corder,+1 660-394-8888,,,http://www.ray-carroll.com/,Grain elevator,26194 MO-20,Corder,Missouri,64021,,
United Grain Corporation - PNW Regional Office,+1 541-278-5018,,,http://www.unitedgrain.com/,Grain elevator,775 Beach Access Rd,Umatilla,Oregon,97882,,
Roth Grains,+1 660-217-3365,kaitlin@rothgrain.com,,https://rothgrain.com/,Grain elevator,726 NW 1271 Rd,Urich,Missouri,64788,,
Missouri Valley AG Inc,+1 701-782-4401,,,,Grain elevator,711 65th St SE,Hazelton,North Dakota,58544,,
Heartland Coop,+1 712-642-3982,,,https://www.heartlandcoop.com/,Grain elevator,1590 1st St #1,Missouri Valley,Iowa,51555,,
RCM CO-OP,+1 217-626-1551,,,http://www.rcmcoop.com/richland,Grain elevator,3090 Richland Elevator Rd,Pleasant Plains,Illinois,62677,,
J M Grain Inc,+1 406-268-1028,jpease@jmgrain.com,mflaten@jmgrain.com,https://www.jmgrain.com/,Grain elevator,100 1st Ave S,Great Falls,Montana,59401,,
Shulz Grain & Trading Co,+1 406-727-3855,,,,Grain elevator,600 6th St SW,Great Falls,Montana,59404,,
Heartland Cooperative,+1 712-624-8624,,,https://www.heartlandcoop.com/,Grain elevator,306 W 6th St,Malvern,Iowa,51551,,
Frontier Cooperative Co,+1 402-566-2415,,,https://www.frontiercooperative.com/,"Grain elevator, Convenience store, Agricultural cooperative",141 Maple St,Dwight,Nebraska,68635,,
Heartland Co-Op Modale,+1 712-645-2081,,,http://heartlandcoop.com/,Grain elevator,300 E Martin St,Modale,Iowa,51556,,
Heartland Co-op,+1 712-646-2411,,,http://heartlandcoop.com/,Grain elevator,111 N Main St,Mondamin,Iowa,51557,,
Central Valley Ag,+1 888-343-0323,energy@cvacoop.com,info@cvacoop.com,https://www.cvacoop.com/,"Grain elevator, Agricultural cooperative",407 1st St #0097,Snyder,Nebraska,68664,https://facebook.com/centralvalleyagcoop,https://www.linkedin.com/company/central-valley-ag-coop/
Farmers Cooperative,+1 402-866-4661,sdelong@farmersco-operative.com,rprellwitz@farmersco-operative.com,http://www.farmersco-operative.com/,"Grain elevator, Agricultural cooperative",755 Broadway St,Sterling,Nebraska,68443,https://www.facebook.com/FarmersCooperative,
Central Valley Ag,+1 402-654-3323,energy@cvacoop.com,info@cvacoop.com,https://www.cvacoop.com/,"Grain elevator, Agricultural cooperative",205 W Fulton St,Hooper,Nebraska,68031,https://facebook.com/centralvalleyagcoop,https://www.linkedin.com/company/central-valley-ag-coop/
Mackey Elevator,+1 402-895-4060,,,,Grain elevator,14610 Chandler Rd,Omaha,Nebraska,68138,,
Aberdeen Grain Inspection,+1 605-996-8828,,,,Grain elevator,1800 Elevator Rd,Mitchell,South Dakota,57301,,
Bernard Murrel & Sons Grain Co,+1 618-242-0477,,,,Grain elevator,17327 E Bonnie Rd,Belle Rive,Illinois,62810,,
Consolidated Grain and Barge Co.,+1 309-457-4800,,,https://www.cgbgrain.com/,Grain elevator,1153 County Hwy 15,Gladstone,Illinois,61437,,
Hungerford GROWERS GIN,+1 979-332-3299,,,,Grain elevator,7714 E Bernard Rd,East Bernard,Texas,77435,,
"Blue Creek Milling, LLC",+1 979-758-3847,treythomas08@gmail.com,,https://bluecreekmilling.com/,"Grain elevator, Farm, Feed manufacturer, Animal feed store",1618 Co Rd 113,Nada,Texas,77460,,
Fairchild Farmers Gin Co-Op,+1 979-793-4438,,,,Grain elevator,10119 FM 361 Rd,Richmond,Texas,77469,,
Grain Works,+1 770-980-0081,,,,"Grain elevator, Restaurant",2160 Kingston Ct # H,Marietta,Georgia,30067,,
Evans Grain,+1 806-839-2522,,,,Grain elevator,509 Stevenson Ave,Hale Center,Texas,79041,,
Prairie Grain,+1 989-710-1068,,,,Grain elevator,9530 Bueche Rd,Burt,Michigan,48417,,
Lapeer Grain East Imlay City,+1 810-724-4915,,,,Grain elevator,140 E 2nd St,Imlay City,Michigan,48444,,
"Riceland Foods Inc, Dudley Grain Drier & Warehouse",+1 573-624-5853,,,http://www.riceland.coop/,Grain elevator,10442 South St,Dudley,Missouri,63936,https://www.facebook.com/groups/2647074328718546/,https://www.linkedin.com/company/ricelandfoodsinc/
Lansing Trade Group,+1 757-678-7300,,,,Grain elevator,5293 Newman Ln,Eastville,Virginia,23347,,
West Acres Grain,+1 701-474-5410,,,,Grain elevator,18115 93 1/2 St SE,Fairmount,North Dakota,58030,,
American Edge Grain,+1 612-805-7053,tvw@americanedgegrain.com,,http://www.americanedgegrain.com/,Grain elevator,1555 43rd St S #100,Fargo,North Dakota,58103,,
Plains Grain & Agronomy LLC,+1 701-683-4161,,,https://plainsgrain.com/,Grain elevator,119 Fowler St,Sheldon,North Dakota,58068,,
North Dakota Grain Dealers,+1 701-235-4184,garyu@uqcoop.com,joe.peterson@chsinc.com,https://www.ndgda.org/,Grain elevator,2417 N University Dr suite a,Fargo,North Dakota,58102,https://www.facebook.com/people/Minot-Grain-Inspection-Inc/100034354367778/,
Demson Grain Co Inc,+1 701-474-5536,,,,Grain elevator,18130 93 1/2 St SE,Fairmount,North Dakota,58030,,
Wheaton Dumont Co-Op Elv,+1 701-242-7022,,,,Grain elevator,200 Mill St,Mantador,North Dakota,58058,,
Hatton Farmer's Elevator Co,+1 701-543-3773,,,https://www.northwoodequity.com/,Grain elevator,900 Railroad Ave E,Hatton,North Dakota,58240,,
CHS-Dakota Plains AG Co-Op,+1 701-428-3134,james.altringer@chsinc.com,rhonda.erbes@chsinc.com,https://www.chsdakotaplainsag.com/,Grain elevator,5324 165th Ave SE,Kindred,North Dakota,58051,https://www.facebook.com/CHSDakotaPlainsAg/,https://www.linkedin.com/company/chs
Wheaton Dumont Co-Op,+1 701-242-7543,,,https://www.wdcoop.com/,Grain elevator,106 1st St SE,Hankinson,North Dakota,58041,,
Valley Grain Milling Inc,+1 701-633-6173,,,http://www.valleygrainmilling.com/,Grain elevator,1203 Front St,Wheatland,North Dakota,58079,,
Valley United Co-op Hatton,+1 701-847-2261,,,https://valleyunited.ag/,Grain elevator,1310 Dakota Ave,Hatton,North Dakota,58240,,
Minn-Kota Ag Products,,jobs@mkap.com,,http://www.mkap.com/,Grain elevator,16581 State Rte 13,Mooreton,North Dakota,58061,,
Embden Grain Co,+1 701-633-5438,info@embdengrain.com,,http://www.embdengrain.com/,Grain elevator,4215 145th Ave SE,Embden,North Dakota,58079,,
Clifford Farmers Co-Op,+1 701-488-2513,,,https://www.cliffordfarmerscoop.com/,Grain elevator,1 Garfield Ave,Clifford,North Dakota,58016,,
Farmers Cooperative Elevator - North Plant,+1 701-538-4551,,,,Grain elevator,220 2nd St NE,Lidgerwood,North Dakota,58053,,
Great Bend Grain & Seed,+1 701-545-7572,,,,Grain elevator,89 3rd St,Wahpeton,North Dakota,58075,,
Minn-Kota Ag Products,+1 701-439-2252,jobs@mkap.com,,http://www.mkap.com/,"Grain elevator, Agricultural service",145 1st St,Wyndmere,North Dakota,58081,,
Valley United Co-op Home Office,+1 701-847-2261,,,https://valleyunited.ag/,Grain elevator,322 4th Ave,Reynolds,North Dakota,58275,,
United Ag Port of Victoria,+1 361-578-4674,,,,Grain elevator,1000 FM1432,Victoria,Texas,77905,,
Vic-Cal Grain Co,+1 361-897-1612,,,http://www.viccalgrain.com/,Grain elevator,135 Main St,Placedo,Texas,77977,,
Farmer's Co-Op Elevator Association,+1 940-684-1234,,,,Grain elevator,703 S Main St,Crowell,Texas,79227,,
Kaylor Grain Co,+1 605-583-4228,,,http://www.parkston-kaylorgrain.com/,Grain elevator,180 S Main St,Kaylor,South Dakota,57354,,
Dixon Elevator,+1 402-584-2284,,,,Grain elevator,205 1st St,Dixon,Nebraska,68732,,
Farmers Pride Cooperative,+1 402-373-4343,,,https://www.farmerspridecoop.com/,Grain elevator,229 N Broadway,Bloomfield,Nebraska,68718,,
New Vision Co-Op Ellsworth,+1 507-967-2434,farmstress@state.mn.us,,https://www.newvision.coop/locations/,Grain elevator,177-195 MN-91,Ellsworth,Minnesota,56129,https://www.facebook.com/NewVisionCoop/,https://www.linkedin.com/company/new-vision-co-op/
Farmers Cooperative of Craig,+1 712-278-2031,dschurr@craigcoop.com,cdeboom@craigcoop.com,http://www.craigcoop.com/,Grain elevator,26336 C12,Le Mars,Iowa,51031,,
"AC Grain, LLC",+1 765-665-0135,,,http://www.acgrain.com/,Grain elevator,110 N Willow St,Dana,Indiana,47847,,
Cassidy Grain Co,+1 580-397-2191,,,https://cyrusramsey.com/places/cassidy-grain-co/,Grain elevator,217 Base Line Rd,Manitou,Oklahoma,73555,,
Cassidy Grain Co,+1 580-335-2106,,,,Grain elevator,OK-54,Hollister,Oklahoma,73551,,
Blanchard Valley Farmers Co-Op,+1 419-963-4142,,,,Grain elevator,400 S Main St,Mt Blanchard,Ohio,45867,,
Vista Grain LLC,+1 740-333-5321,,,,Grain elevator,5738 Greenfield Sabina Rd,WSHNGTN CT HS,Ohio,43160,,
Skyland Grain,+1 806-966-5424,,,https://www.skylandgrain.com/location/etter/,Grain elevator,11801 US-287,Dumas,Texas,79029,,
Seven Valleys Grain Co,+1 308-836-2333,,,,Grain elevator,42418 Sand Valley Rd,Callaway,Nebraska,68825,,
Country Partners Co-oP,+1 308-569-2531,,,https://www.countrypartnerscoop.com/,Grain elevator,418 Railroad St,Farnam,Nebraska,69029,https://www.facebook.com/CountryPartnersCooperative/?fref=ts,https://www.linkedin.com/company/countrypartners-cooperative/
Ag Valley Co-op: Feed and Grain Facility,+1 308-362-4228,,,http://www.agvalley.com/,"Grain elevator, Animal feed store",106 N RR St,Maywood,Nebraska,69038,,
Prinz Grain & Feed Inc,+1 402-372-2495,,,,Grain elevator,575 S Main St,West Point,Nebraska,68788,,
Ag Valley Co-op,+1 308-486-3221,,,http://www.agvalley.com/,Grain elevator,113 E Railroad St,Eustis,Nebraska,69028,,
Ag Valley Co-op,+1 308-486-3221,,,http://www.agvalley.com/,Grain elevator,41842 NE-23,Eustis,Nebraska,69028,,
Gavilon Grain LLC,+1 618-847-0800,,,,Grain elevator,202 Factory St,Golden Gate,Illinois,62843,,
Viterra,+1 712-581-5000,,,https://viterra.us/,Grain elevator,303 NW Rd,Shenandoah,Iowa,51601,https://www.facebook.com/ViterraUS/,https://www.linkedin.com/company/viterra-us/
Frontier Cooperative Company,,,,https://www.frontiercooperative.com/,Grain elevator,,Chapman Township,Nebraska,,,
Farmers Co-Op Station,+1 580-582-6250,,,,Grain elevator,204 E0800 Rd,Custer City,Oklahoma,73639,,
Beachner Grain Inc,+1 620-378-2280,,,https://www.beachnergrain.com/,Grain elevator,731 Fillmore St,Fredonia,Kansas,66736,,
Beachner Grain Inc,+1 316-267-2610,,,https://www.beachnergrain.com/,Grain elevator,519 E 20th St N,Wichita,Kansas,67214,,
Central Wa Grain Growers,+1 509-662-7700,info@highlinegrain.com,,http://cwgg.net/,Grain elevator,701 S Wenatchee Ave,Wenatchee,Washington,98801,,
West Plains LLC,+1 308-762-4481,,,http://www.westplainsllc.com/,Grain elevator,2242 Co Rd 61,Alliance,Nebraska,69301,,
West Plains Co,+1 308-762-6745,,,,Grain elevator,1131 E 3rd St,Alliance,Nebraska,69301,,
ADM Hume,+1 217-887-2514,,,https://admadvantage.com/contact-us/?location=Hume~Illinois,Grain elevator,10 Center St,Hume,Illinois,61932,,
Bab Grain,+1 217-627-2315,,,,Grain elevator,23 Heaton St,Nilwood,Illinois,62672,,
Total Grain Marketing,+1 618-664-2497,,,http://www.totalgrainmarketing.com/,Grain elevator,1677 Hookdale Ln,Smithboro,Illinois,62284,https://www.facebook.com/southcentralfs/,
Consolidated Grain and Barge Co.,+1 217-368-5662,,,http://www.cgbgrain.com/,Grain elevator,Co Rd 300,Greenfield,Illinois,62044,,
"Prairieland FS, Inc. - Rees Station Elevator",+1 217-675-2288,,,https://www.prairielandfs.com/Our-Locations/location-detail/rees-station-1,Grain elevator,765 Rees Station Rd,Franklin,Illinois,62638,,
Cargill Inc,+1 217-909-3004,,,http://www.cargillag.com/,Grain elevator,111 Main St,Meredosia,Illinois,62665,,
Adm,+1 217-422-3785,,,,Grain elevator,1000 E N St,Decatur,Illinois,62521,,
Shipman Elevator,+1 618-836-5560,,,,Grain elevator,Prairie St,Shipman,Illinois,62685,,
Archer Daniels Midland Co,+1 217-432-5528,,,,Grain elevator,595 Walnut St,Hull,Illinois,62343,,
"Central Millwright Service, LLC",+1 308-391-1845,renesalazar76@hotmail.com,,http://centralmillwrightservice.com/,Grain elevator,2040 Kent Ave,Grand Island,Nebraska,68803,https://facebook.com/1555823234532238,
AGP Grain Marketing LLC,+1 806-965-2922,,,,Grain elevator,FM145,Muleshoe,Texas,79347,,
Murphy Agri,+1 620-273-6483,,,,Grain elevator,109-115 4th St,Strong City,Kansas,66869,,
Adm I,+1 620-662-0601,,,,Grain elevator,1 N Halstead St,Hutchinson,Kansas,67501,,
Adm Grain,+1 620-662-4721,,,,Grain elevator,1700 N Halstead St,Hutchinson,Kansas,67501,,
MKC,,contactus@mkcoop.com,,https://www.mkcoop.com/locations/canton-terminal,Grain elevator,2454 US-56,Canton,Kansas,67428,https://www.facebook.com/pages/Mid-Kansas-Cooperative/258505330862882,https://www.linkedin.com/company/549602?trk=tyah
Paoli Farmers Elevator,+1 970-774-7234,shawnam@paolifarmerscoop.com,,https://www.paolifarmerscoop.com/,Grain elevator,110 Railroad St,Paoli,Colorado,80746,,
Ridge Farmers Mutual,+1 803-685-5321,,,,Grain elevator,901 W Main St,Ridge Spring,South Carolina,29129,,
Columbia Grain,+1 509-332-1000,,,https://columbiagrain.com/,Grain elevator,20601 State Hwy 195,Pullman,Washington,99163,,
Chambers Grain Elevator PNW,+1 509-334-4632,,,https://www.pnw.coop/cbloc-1215,Grain elevator,Chambers Rd,Pullman,Washington,99163,,
Fallon Elevator PNW,+1 509-878-1832,,,http://www.pnw.coop/cbloc-1221,Grain elevator,946 Fallon Rd,Pullman,Washington,99163,,
Pullman Elevator PNW,+1 509-332-3715,,,https://www.pnw.coop/cbloc-1229,Grain elevator,410 SW State St,Pullman,Washington,99163,,
Wheeler Brothers Grain Co,+1 580-922-7391,,,https://www.wheelerbrothers.com/,"Grain elevator, Store",US-60,Seiling,Oklahoma,73663,,
Consolidated Grain and Barge Co.,+1 580-938-2593,,,https://www.cgbgrain.com/,Grain elevator,"48882 S, S County Rd 212",Mutual,Oklahoma,73853,,
W B Johnston Grain Co Inc,+1 580-698-2224,,,,Grain elevator,201 Main St,Fargo,Oklahoma,73840,,
Consolidated Grain and Barge Co.,+1 580-938-2593,,,https://www.cgbgrain.com/,Grain elevator,105 Miles Ave,Fort Supply,Oklahoma,73841,,
Farmers United Cooperative Pool,+1 580-254-3449,,,,"Grain elevator, Association / Organization",1210 19th St,Woodward,Oklahoma,73801,,
Wheeler Brothers Grain Co,+1 580-328-5669,,,,Grain elevator,305 E Nobel St,Taloga,Oklahoma,73667,,
W B Johnston Grain Co Inc,+1 580-926-3363,,,,Grain elevator,E West Rd 69,Camargo,Oklahoma,73835,,
Consolidated Grain and Barge Co.,+1 580-938-2593,,,https://www.cgbgrain.com/,Grain elevator,310 6th St,Camargo,Oklahoma,73835,,
Hammon Elevator,+1 580-473-2295,,,,Grain elevator,5th St,Hammon,Oklahoma,73650,,
Freedom Farmers Co-Op,+1 580-621-3411,,,,Grain elevator,600 Cimarron Pass,Freedom,Oklahoma,73842,,
Consolidated Grain and Barge Co.,+1 580-938-2593,,,https://www.cgbgrain.com/,Grain elevator,201 S Main St,Fargo,Oklahoma,73840,,
Phillips Grain Co,+1 661-725-1231,,,,Grain elevator,1849 Terrace Dr,Delano,California,93215,,
Beachner Grain,+1 620-439-5600,,,https://www.beachnergrain.com/,Grain elevator,Martindale St,Kincaid,Kansas,66039,,
Scott Co-Op Association,+1 620-872-3082,,,https://www.scottcoop.com/,Grain elevator,4993 N Venison Rd,Scott City,Kansas,67871,,
Beachner Grain Inc,+1 620-354-6424,,,https://www.beachnergrain.com/,Grain elevator,509 S Maple St,Walnut,Kansas,66780,,
Kamo Grain Inc.,+1 620-232-5800,,,,Grain elevator,3708 N Free Kings Hwy,Pittsburg,Kansas,66762,,
Kirk Grain Co,+1 620-872-2855,,,,Grain elevator,206 N Main St,Scott City,Kansas,67871,,
Greenway,+1 507-634-2001,,,,Grain elevator,107 8th Ave SW,Kasson,Minnesota,55944,,
Cargill Inc,+1 785-235-3003,,,http://cargill.com/,Grain elevator,5135 US-24,Topeka,Kansas,66618,,
Cargill Grain,+1 785-357-0861,,,http://www.cargill.com/,Grain elevator,1850 NW Brickyard Rd,Topeka,Kansas,66618,,
Grains Mex,+1 310-591-8787,,,,Grain elevator,6545 Hazeltine Ave,Van Nuys,California,91401,,
Consolidated Grain & Barge Co.,+1 318-559-2200,,,https://www.cgbgrain.com/,Grain elevator,501 Port Rd,Lake Providence,Louisiana,71254,,
grinder tool,(782) 625-1678,,,,Grain elevator,1675 Wilshire Blvd,Los Angeles,California,90017,,
Heartland Co-Op,+1 319-439-5382,,,https://www.heartlandcoop.com/,Grain elevator,207 Railway St,Elberon,Iowa,52225,,
Farmers Cooperative Association,+1 319-657-3661,dkhali@keotafarmerscoop.com,,http://www.keotafarmerscoop.com/,Grain elevator,2952 IA-92,Ainsworth,Iowa,52201,https://www.facebook.com/fca.visionag,https://www.linkedin.com/company/farmers-coop-association-vision-ag-llc/
Connell Grain Growers,+1 509-865-2451,,,,Grain elevator,210 S Track Rd,Toppenish,Washington,98948,,
CHS SunBasin Growers,+1 509-234-0521,,,http://www.connellgg.com/,Grain elevator,1952 Paradise Rd,Connell,Washington,99326,,
Anson Farm Services LLC,,carrah@ansonfarmservices.com,office@ansonfarmservices.com,https://www.ansonfarmservices.com/,Grain elevator,3802 IN-241,Monroe City,Indiana,47557,,
"Williams Gin & Grain, Inc",+1 254-582-5344,,,,Grain elevator,,Hillsboro,Texas,76645,,
Alliance Ag & Grain,+1 620-582-2251,info@aaggllc.com,,http://aaggllc.com/,"Grain elevator, Agricultural cooperative",S Central Ave,Coldwater,Kansas,67029,https://www.facebook.com/aaggllc/,
Home City Grain,+1 785-799-3326,payshince.hcg@gmail.com,brianwullschleger@gmail.com,http://homecitygrain.com/,Grain elevator,200 S Elm St,Home,Kansas,66438,,
Bunge Grain,+1 318-766-3204,,,,Grain elevator,191 LA-3078,St Joseph,Louisiana,71366,,
Central Ohio Farmers Co-Op,+1 419-224-3835,mountvernon@centralohfarm.com,marionoil@centralohfarm.com,https://www.centralohfarm.com/,Grain elevator,901 W Vine St,Lima,Ohio,45804,,
Sutter Basin Growers Co-Op,+1 530-735-6295,,,,Grain elevator,21831 Knights Rd,Knights Landing,California,95645,,
Concord Grain LLC,+1 605-725-3276,,,,Grain elevator,13366 379th Ave,Aberdeen,South Dakota,57401,,
Edon Farmers Co-Op Association Inc,+1 419-272-2415,,,https://edonfarmerscoop.com/,Grain elevator,10226 Co Rd 5,Edon,Ohio,43518,,
Consolidated Grain and Barge Co.,+1 217-746-3771,,,https://www.cgbgrain.com/,Grain elevator,509 Sycamore St,Ferris,Illinois,62336,,
"FS GRAIN, LLC",+1 815-895-8891,,,http://www.fsgrain.com/,Grain elevator,410 N Main St,Sycamore,Illinois,60178,,
Farmers Co-Op Exchange,+1 580-337-6342,,,,Grain elevator,200 S 8th St,Clinton,Oklahoma,73601,,
Farmers Co-Op Association,+1 580-323-1467,,,,Grain elevator,301 1st St,Clinton,Oklahoma,73601,,
SRS Commodities Limited,+1 701-786-3402,,,http://www.srscommodities.com/,Grain elevator,,Portland,North Dakota,58274,,
Milam Grain Co,+1 254-697-6473,,,,Grain elevator,401 S Houston Ave,Cameron,Texas,76520,,
"Cut Above Enterprise, Inc.",+1 509-368-9666,,,,Grain elevator,5401 E Sharp Ave suite a,Spokane Valley,Washington,99212,,
Viterra,+1 952-999-4866,ryan.motl@viterra.com,mallory.goff@viterra.com,https://www.viterra.ca/,Grain elevator,1550 Utica Ave S # 595,St Louis Park,Minnesota,55416,https://www.facebook.com/Viterra-Inc-1006030982783342/,https://ca.linkedin.com/company/viterra
Cooperative Grain & Supply,+1 620-628-4459,,,https://www.cgsmc.com/,Grain elevator,209 S Main St,Canton,Kansas,67428,,
MKC,+1 620-434-5328,contactus@mkcoop.com,,http://www.mkcoop.com/,Grain elevator,169 S Chicaskia Rd,Mayfield,Kansas,67103,https://www.facebook.com/pages/Mid-Kansas-Cooperative/258505330862882,https://www.linkedin.com/company/549602?trk=tyah
Randall Farmers Co-Op Union,+1 785-428-3444,info@randallcoop.com,,https://www.randallcoop.com/,Grain elevator,620 N Sheridan St,Jewell,Kansas,66949,https://facebook.com/157476194291947,https://www.linkedin.com/shareArticle?mini=true&url=https://www.facebook.com/157476194291947_1183919400413307
Two Rivers Co-Op,+1 620-741-8060,,,,Grain elevator,100 Grain Ave,Geuda Springs,Kansas,67051,,
Farmers Cooperative Elevator,+1 620-463-2320,,,http://www.farmerscoopelevator.com/,Grain elevator,20920 SW 84th St,Burrton,Kansas,67020,,
Kanza Cooperative Association- Garden Plain Elevator,+1 316-535-2221,,,http://www.kanzacoop.com/,Grain elevator,401 N Main St,Garden Plain,Kansas,67050,,
Kanza Cooperative Assn,+1 316-772-5141,tmorgan@kanzacoop.com,mnewell@kanzacoop.com,http://kanzacoop.com/,Grain elevator,343 SW 125th St,Sedgwick,Kansas,67135,https://www.facebook.com/KanzaCoop/,https://www.linkedin.com/company/8334765/
Co-Alliance Reynolds Feed,+1 219-984-5682,,,https://www.co-alliance.com/,"Grain elevator, Feed manufacturer",646 S Meridian Rd #8055,Reynolds,Indiana,47980,https://www.facebook.com/KeystoneCooperativeInc,https://www.linkedin.com/company/keystone-cooperative
Impact Cooperative Inc,+1 765-947-5139,,,,"Grain elevator, Farmers' market, Store",310 E RR St,Kempton,Indiana,46049,,
Andersons Plant Nutrient,+1 765-768-6206,,,,Grain elevator,4678 S 1100 W,Dunkirk,Indiana,47336,,
"Western Grain Marketing, LLC",+1 217-997-5538,,,http://www.westerngrainmarketing.com/,"Grain elevator, Agricultural service",501 W Main St,Arenzville,Illinois,62611,,
Fullerton Farmers Elevator,+1 701-375-7251,,,http://www.fullertonelevator.net/,Grain elevator,202 Minneapolis Ave,Fullerton,North Dakota,58441,,
Consolidated Grain and Barge Co.,+1 217-852-6012,,,http://www.cgbgrain.com/,Grain elevator,377 W 1st St,Dallas City,Illinois,62330,,
Countryside Feed Grain,+1 608-623-2223,,,,Grain elevator,2232 US-18,Dodgeville,Wisconsin,53533,,
Topflight Grain Co,+1 217-687-4540,,,,Grain elevator,202 N Main St,Seymour,Illinois,61875,,
Premier Cooperative Inc,+1 217-489-2251,,,http://www.premiercooperative.net/index.cfm?show=11&mid=3&theLocation=7&layout=1048,Grain elevator,1008 Cass St,Mansfield,Illinois,61854,,
Kent Grain,+1 812-674-7300,,,,Grain elevator,40 Main St,Plainville,Indiana,47568,,
Primient Grain,+1 217-234-2755,joshua.green@primient.com,peopleservices@primient.com,https://primientgrain.com/,Grain elevator,7278 E County Rd 550 N,Mattoon,Illinois,61938,,
Western Grain & Milling,+1 559-875-9300,,,,Grain elevator,1489 K St,Sanger,California,93657,,
Agtegra Cooperative Andover,+1 605-846-1698,,,https://www.agtegra.com/,Grain elevator,13701 U.S. 12,Andover,South Dakota,57422,https://www.facebook.com/agtegra,https://www.linkedin.com/company/agtegracooperative/
Mid Kansas Co-Op Association,+1 316-283-6928,,,,Grain elevator,3501 S Woodlawn Rd,Newton,Kansas,67114,,
Agri Trails Co-op,+1 620-732-3123,,,http://www.agritrails.com/,Grain elevator,211 5th St,Durham,Kansas,67438,,
The DeLong Co. Inc.,+1 815-436-8600,,,http://www.delongcompany.com/,"Grain elevator, Agricultural service",25520 W Black Rd,Joliet,Illinois,60404,,
Port Elevator-Brownsville Lc,+1 956-831-8245,,,,Grain elevator,9155 RL Ostos Rd,Brownsville,Texas,78521,,
Heartland Co-op,+1 515-225-1334,,,http://www.heartlandcoop.com/,"Grain elevator, Agrochemicals supplier, Feed manufacturer, Propane supplier",2829 Westown Pkwy Suite 350,West Des Moines,Iowa,50266,,
Colorado Commodities,+1 970-351-0070,,,,Grain elevator,1826 1st Ave,Greeley,Colorado,80631,,
Busch Agricultural Resources,+1 920-682-8291,,,,Grain elevator,605 Washington St,Manitowoc,Wisconsin,54220,,
Farmers Cooperative Elevator Co,+1 712-689-2296,grain@faccooperative.com,,https://www.faccooperative.com/,Grain elevator,12543 190th St,Arcadia,Iowa,51430,https://www.facebook.com/FACCooperative/,
Humphreys Cooperative,+1 580-667-5251,,,,Grain elevator,100 SW 4th St,Tipton,Oklahoma,73570,,
Tillman Producers Co-Op,+1 580-568-2267,,,,Grain elevator,306 Locust St,Davidson,Oklahoma,73530,,
Geneva AG Center/Grain,+1 260-368-7744,,,,"Grain elevator, Store",500 E Shackley St,Geneva,Indiana,46740,,
Mobile Methanol Terminal,+1 251-434-0335,,,,Grain elevator,500 Cochrane Cswy,Mobile,Alabama,36604,,
Fgdi LLC,+1 251-438-5588,,,,Grain elevator,200 Dunlap Cir,Mobile,Alabama,36610,,
Perdue AgriBusiness - Elnora Grain Elevator,+1 812-257-3020,spencer.miller@perdue.com,grain@perdue.com,http://www.perdueagribusiness.com/,Grain elevator,13966 County Rd 550 E,Elnora,Indiana,47529,,
United Grain Corporation - Mayville Uptown,+1 701-786-4263,,,http://www.unitedgrain.com/,Grain elevator,151 2nd Ave SE,Mayville,North Dakota,58257,,
Annapolis Grain Co,+1 618-563-4442,mason@annapolisgrainco.com,peggy@annapolisgrainco.com,http://annapolisgrainco.com/,Grain elevator,101 Walnut St,Hutsonville,Illinois,62433,,
Littlejohn Grain,+1 217-826-8357,,,http://www.littlejohngrain.com/,Grain elevator,9510 IL-1,West Union,Illinois,62477,,
Consolidated Grain and Barge Co.,+1 812-845-2384,,,http://www.cgbgrain.com/,Grain elevator,10500 Mulkey Rd,Cynthiana,Indiana,47612,,
Robinson Grain-Riverside,+1 812-882-8134,,,,Grain elevator,5708 S 6th Street Rd,Vincennes,Indiana,47591,,
Mont Eagle Mills,+1 618-586-2141,,,http://monteaglemills.com/,Grain elevator,301 N Pike St,Palestine,Illinois,62451,,
Mont Eagle Mills Inc,+1 618-584-3223,,,,Grain elevator,204 N Main St,Flat Rock,Illinois,62427,,
Adm Growmark,+1 812-422-1513,,,,Grain elevator,814 E Uhlhorn St,Evansville,Indiana,47710,,
Viterra,,,,http://viterra.us/,Grain elevator,7646 County Rd 125 E,Shelburn,Indiana,47879,,
Growers Cooperative,+1 812-882-3835,,,,Grain elevator,3440 Old Decker Rd,Vincennes,Indiana,47591,,
Consolidated Grain and Barge Co.,+1 270-285-6023,,,http://www.cgbgrain.com/,Grain elevator,325 3rd St,Uniontown,Kentucky,42461,,
Attebury Grain LLC,+1 806-637-0173,,,https://www.attebury.com/,Grain elevator,903 W Broadway St,Brownfield,Texas,79316,,
Attebury Grain Inc,+1 806-637-0585,,,https://www.attebury.com/,Grain elevator,,Brownfield,Texas,79316,,
Attebury Grain Elevator,+1 806-637-0173,,,,Grain elevator,1114 W Reppto St,Brownfield,Texas,79316,,
ADM Ohio St.,+1 812-424-3581,admgrainmarketingservices@adm.com,,https://admfarmview.com/cash-bids/bids/evansville,Grain elevator,2000 Ohio St,Evansville,Indiana,47712,,
Rocky Farmers Co-Op Inc,+1 580-666-2440,,,,Grain elevator,105 Main St,Rocky,Oklahoma,73661,,
Wheeler Brothers Grain,+1 580-674-3147,,,,Grain elevator,Hwy 152,Dill City,Oklahoma,73641,,
Farmers Cooperative Association,+1 580-738-5453,,,,Grain elevator,Old Hwy 62,Headrick,Oklahoma,73549,,
Sentinel Farmers Co-Op,+1 580-393-4372,,,,Grain elevator,100 Howell St,Sentinel,Oklahoma,73664,,
Wheeler Brothers Grain Co,+1 580-661-3501,,,https://www.wheelerbrothers.com/,Grain elevator,121 1st St,Thomas,Oklahoma,73669,,
Country Visions Cooperative,+1 920-775-4145,,,https://www.countryvisionscoop.com/,Grain elevator,110 Lincoln St,Whitelaw,Wisconsin,54247,,
Finley Farmers Grain & Elevator,+1 701-524-1500,,,https://www.finleyfarmerselevator.com/,Grain elevator,203 Broadway Ave,Finley,North Dakota,58230,,
Jensen Seed & Grain Inc,+1 541-327-2293,,,,Grain elevator,387 Church St,Jefferson,Oregon,97352,,
Davis Grain & Fertilizer,+1 940-928-2123,,,,Grain elevator,114 FM 1288,Bellevue,Texas,76228,,
Hemmelgarn Grain Inc,+1 937-968-6251,,,,Grain elevator,210 E Elm St,Union City,Ohio,45390,,
Sunbird Seed (Elevator - Load Out),+1 605-353-1321,,,,Grain elevator,252 Wyoming Ave SW,Huron,South Dakota,57350,,
Waldron Grain & Fuel,+1 517-286-6202,,,http://www.waldrongrain.com/,Grain elevator,13900 Coman Rd,Waldron,Michigan,49288,,
Howlett Farms - Crocker Facility,+1 585-226-8340,mhowlett@howlettfarms.com,,http://howlettfarms.com/,"Grain elevator, Service establishment",,,,,https://www.facebook.com/howlettfarms/,
Marshall Warehouses Inc,+1 208-324-4315,,,,Grain elevator,946 W Main St,Jerome,Idaho,83338,,
Lewis Clark Terminal Inc,+1 208-746-9685,,,http://www.portoflewiston.com/,Grain elevator,1534 3rd Ave N,Lewiston,Idaho,83501,,
Snake River Terminal PNW,+1 509-397-4653,,,,Grain elevator,301 Almota Docks Rd,Colfax,Washington,99111,,
Columbia Grain,+1 208-924-5911,,,https://columbiagrain.com/,Grain elevator,121 N Division St,Craigmont,Idaho,83523,,
Johnson Elevator PNW,+1 509-229-3315,,,https://www.pnw.coop/cbloc-1226,Grain elevator,8201 Johnson Rd,Colton,Washington,99113,,
Palouse Trading,+1 509-332-1535,,,https://www.palousebrand.com/,Grain elevator,74 W Spokane St,Palouse,Washington,99161,,
Glenwood Elevator,+1 509-397-3300,,,,Grain elevator,3002 Glenwood Rd,Colfax,Washington,99111,,
Pottratz Processing,+1 509-283-2324,,,,Grain elevator,39152 WA-27,Latah,Washington,99018,,
Cargill East Elevator,+1 952-984-7500,,,,Grain elevator,12101 Lynn Ave,Savage,Minnesota,55378,,
Winema Elevators Inc,+1 541-798-5726,,,,Grain elevator,22911 Malone Rd,Merrill,Oregon,97633,,
"Cereal Arsenal, LLC",+1 509-237-1663,,,,Grain elevator,16145 Rd 3 NW,Quincy,Washington,98848,,
CHS,+1 509-787-3511,,,https://www.chssunbasingrowers.com/,Grain elevator,10555 Rd O NW,Quincy,Washington,98848,,
Agtegra Cooperative - Willow Lake Agronomy & Grain,+1 605-846-1315,,,https://www.agtegra.com/locations,Grain elevator,111 Elevator Rd,Willow Lake,South Dakota,57278,,
Lott Elevator Inc,+1 517-546-4202,,,,"Grain elevator, Pet supply store",1495 W Cohoctah Rd,Howell,Michigan,48855,,
"Inco Grain, Ltd.",+1 219-233-5975,office@inco-grain.com,,http://www.inco-grain.com/,Grain elevator,4463 US-24,Goodland,Indiana,47948,,
Wheat Field Grain Co,+1 219-285-2055,,,https://www.wheatfieldgrain.com/markets/cash.php,Grain elevator,312 E State St,Morocco,Indiana,47963,,
Co-Alliance,+1 219-297-3108,,,http://www.co-alliance.com/,Grain elevator,4463 US-24,Goodland,Indiana,47948,https://www.facebook.com/KeystoneCooperativeInc,https://www.linkedin.com/company/keystone-cooperative
Farmers Cooperative Elevator - South Plant,+1 701-538-4617,,,http://www.fcelidgerwood.com/,Grain elevator,301 2nd Ave SE,Lidgerwood,North Dakota,58053,,
ADM Grain,+1 618-748-9208,,,http://web.grainbridge.com/adm/moundcity,Grain elevator,100 Ohio Ave,Mound City,Illinois,62963,https://www.facebook.com/getbushel,https://www.linkedin.com/company/bushel-ag
Colton Grain Elevator PNW,+1 509-229-3475,,,https://www.pnw.coop/cbloc-1218,Grain elevator,1200 Depot St,Colton,Washington,99113,,
Perdue AgriBusiness - Easton Grain Elevator,+1 410-822-3000,spencer.miller@perdue.com,grain@perdue.com,http://www.perdueagribusiness.com/,Grain elevator,501 Brookletts Ave,Easton,Maryland,21601,,
Kanza Cooperative Association- Dillwyn Branch,+1 620-549-3852,tmorgan@kanzacoop.com,mnewell@kanzacoop.com,https://www.kanzacoop.com/locations/dillwyn/,Grain elevator,725 NW 10th St,Macksville,Kansas,67557,https://www.facebook.com/KanzaCoop/,https://www.linkedin.com/company/8334765/
Temple Cooperative Inc,+1 580-342-6635,,,,Grain elevator,103 N Cherry Ave,Temple,Oklahoma,73568,,
River Valley Co-Op,+1 309-852-0236,,,https://www.rivervalleycoop.com/,Grain elevator,24667 Red Adams Rd,Kewanee,Illinois,61443,,
Consolidated Grain and Barge Co.,+1 806-434-0808,,,https://www.cgbgrain.com/,Grain elevator,11951 Co Rd J,Perryton,Texas,79070,,
Consolidated Grain and Barge Co.,+1 806-434-0808,,,https://www.cgbgrain.com/,Grain elevator,11850 FM759,Perryton,Texas,79070,,
Consolidated Grain and Barge Co.,+1 573-655-2281,,,https://www.cgbgrain.com/,"Grain elevator, Agricultural service",401 Main St,La Grange,Missouri,63448,,
Otis Elevator Co,+1 706-322-4305,,,https://www.otis.com/,Grain elevator,233 12th St Suite 002,Columbus,Georgia,31901,,
Lloyd Kelchen Grain Ltd,+1 563-928-6907,,,https://kelchengrain.com/,Grain elevator,2137 102nd St,Edgewood,Iowa,52042,,
Total Grain Marketing,+1 217-342-9256,,,http://www.totalgrainmarketing.com/,"Grain elevator, Agricultural cooperative",410 S Willow St,Effingham,Illinois,62401,https://www.facebook.com/southcentralfs/,
Pineland Milling Co Inc,+1 910-863-3325,,,,"Grain elevator, Store",15379 NC-131 Hwy,Bladenboro,North Carolina,28320,,
Consolidated Grain and Barge Co.,+1 563-964-2651,,,http://www.cgbgrain.com/,Grain elevator,23510 Great River Rd,Clayton,Iowa,52049,,
"Delmar Grain Service, Inc",+1 563-674-4261,,,http://www.delmargrain.com/,Grain elevator,502 1/2 Main St,Delmar,Iowa,52037,,
Silver Edge Co-Op,+1 563-928-6419,,,https://www.silveredgecoop.com/,"Grain elevator, Store",39999 Hilton Rd,Edgewood,Iowa,52042,https://www.facebook.com/silveredgecoop,
Attebury Grain LLC,+1 806-322-1004,,,https://www.attebury.com/,Grain elevator,203 SE 46th Ave,Amarillo,Texas,79118,,
Viterra,+1 806-381-0331,,,https://viterra.us/,Grain elevator,620 N Marrs St,Amarillo,Texas,79107,https://www.facebook.com/ViterraUS/,https://www.linkedin.com/company/viterra-us/
"Delmar Grain Service, Inc",,,,https://www.delmargrain.com/,Grain elevator,23 N Mitchell St,Preston,Iowa,52069,,
JFS Milling,+1 812-324-2022,,,,Grain elevator,5167 IN-67,Bruceville,Indiana,47516,,
Attebury Grain Lakeside,,,,https://www.attebury.com/,Grain elevator,,Amarillo,Texas,79107,,
Attebury Grain LLC,+1 806-226-2251,,,https://www.attebury.com/locations,Grain elevator,301 Richmond St,Claude,Texas,79019,,
ATTEBURY GRAIN HOLLYWOOD,,,,http://www.attebury.com/,Grain elevator,1730 Hollywood Rd,Amarillo,Texas,79118,,
Attebury Grain LLC,+1 806-335-1639,,,http://www.attebury.com/,Grain elevator,2025 S Hughes St Suite 100,Amarillo,Texas,79109,,
Attebury Grain,,,,https://www.attebury.com/,Grain elevator,202 S Hughes St,Amarillo,Texas,79109,,
L&R Rusch Farms 15th Street Grain Elevator,+1 812-882-4452,,,,Grain elevator,20 W 15th St,Vincennes,Indiana,47591,,
Blue Grass Grain,+1 859-396-7118,,,,Grain elevator,333 Henry St,Lexington,Kentucky,40508,,
Big Burley,+1 859-233-9944,,,,Grain elevator,573 Angliana Ave,Lexington,Kentucky,40508,,
North Central AG,+1 541-467-2283,,,,Grain elevator,65131 Boyd Market Rd,Dufur,Oregon,97021,,
Mid-Iowa Cooperative,+1 319-266-0775,,,http://www.midiowacoop.com/,Grain elevator,1520 Rail Wy,Cedar Falls,Iowa,50613,,
Farmers Cooperative Co,+1 319-983-2259,,,,Grain elevator,705 Packwaukee St,Cedar Falls,Iowa,50613,,
Pleasant valley skyland,+1 620-952-2993,,,,Grain elevator,3140 Rd 9,Liberal,Kansas,67901,,
"Tettens Grain, Inc.",+1 815-625-6119,info.tettens@gmail.com,bryce.tettens@gmail.com,http://www.tettensgrain.com/,Grain elevator,1684 Nachusa Rd,Dixon,Illinois,61021,,
Grainstore Elevators,+1 309-596-2112,,,,Grain elevator,2696 IL-17,Viola,Illinois,61486,,
CHS Inc,+1 218-610-0141,tyler.aandal@chsinc.com,matthew.howell@chsinc.com,https://chsnortherngrain.com/grain/cash-bids/,Grain elevator,106 Csah 83,Callaway,Minnesota,56521,https://www.facebook.com/chsnortherngrain,https://www.linkedin.com/company/chs
Farmers Pride Cooperative,+1 605-286-3297,bctech@farmerspridecoop.com,,http://www.farmerspridecoop.com/,Grain elevator,104 E Railway St,Avon,South Dakota,57315,https://facebook.com/farmerspridecoop?_rdr,https://www.linkedin.com/company/farmers-pride?trk=nav_account_sub_nav_company_admin
Vita Plus Corporation,+1 989-674-2150,,,https://www.vitaplus.com/,Grain elevator,370 W Dickerson Rd,Unionville,Michigan,48767,,
Midwest Grain LLC,+1 309-664-5413,,,,Grain elevator,402 N Hershey Rd,Bloomington,Illinois,61704,,
Mid Columbian Producers Inc,+1 541-442-5235,,,,Grain elevator,68070 Sandon Rd,Wasco,Oregon,97065,,
Earth Grain Co,+1 719-547-4328,,,,"Grain elevator, Store",130 E Industrial Blvd,Pueblo West,Colorado,81007,,
Busch Agricultural Resources,+1 970-221-5622,,,,Grain elevator,3515 Richards Lake Rd,Fort Collins,Colorado,80524,,
West Plains Co,+1 970-674-1154,,,,Grain elevator,1200 Ash St # C,Windsor,Colorado,80550,,
Country Grain Co-Op,+1 701-763-6147,,,https://www.countrygraincooperative.com/,Grain elevator,525 2nd St S,Eldridge,North Dakota,58401,,
Atwater Elevator Inc,+1 320-974-8884,,,,Grain elevator,405 Pacific Ave W,Atwater,Minnesota,56209,,
Kanza Cooperative Association- Coats Branch,+1 620-893-2322,,,http://www.kanzacoop.com/,Grain elevator,507 Main St,Coats,Kansas,67028,,
"Stockholm Grain, LLC",+1 785-852-5010,,,http://www.stockholmgrain.com/,Grain elevator,419 S Gardner St,Sharon Springs,Kansas,67758,,
Agwrx Cooperative,+1 605-886-8333,,,http://www.agwrxcoop.com/,"Grain elevator, Feed manufacturer",812 20th Ave SW,Watertown,South Dakota,57201,,
Attebury Grain LLC,+1 940-569-1416,,,https://www.attebury.com/,Grain elevator,100 E 2nd St,Burkburnett,Texas,76354,,
United Grain - McNary,+1 541-922-3484,,,http://www.unitedgrain.com/,Grain elevator,Launch Ln,Umatilla,Oregon,97882,,
Mid-Iowa Cooperative Hudson,+1 319-988-3257,,,https://www.midiowacoop.com/,Grain elevator,602 Washington St,Hudson,Iowa,50643,,
ADM Grain Keystone,+1 319-442-3228,,,,Grain elevator,301 Railroad St,Keystone,Iowa,52249,,
Grainstore Elevators,+1 309-344-1044,,,,Grain elevator,,Henderson,Illinois,61439,,
Cooksville Grain,+1 309-725-3214,randy@cooksville-grain.com,teriw@cooksville-grain.com,http://www.cooksville-grain.com/,Grain elevator,103 N Koch St,Cooksville,Illinois,61730,,
Alliance Grain Co,+1 217-745-2336,,,https://www.alliance-grain.com/,Grain elevator,312 W Ohio St,Sibley,Illinois,61773,,
Woodhull Co-Op Grain Co,+1 309-334-2272,,,,Grain elevator,6877 IL-17,Woodhull,Illinois,61490,,
Stronghurst Grain & Merchandise Co,+1 309-924-1271,,,,"Grain elevator, Store",W Maple St,Stronghurst,Illinois,61480,,
Agriway Partners Danville Elevator,+1 319-865-7501,,,http://www.agriwaypartners.com/,Grain elevator,202 US-34 BUS,Danville,Iowa,52623,https://www.facebook.com/AgriWayPartners/?ref=br_rs,
Alliance Ag & Grain,+1 620-227-6651,,,,Grain elevator,11769 Lariat Way,Dodge City,Kansas,67801,,
Alliance Ag & Grain,+1 620-227-3575,info@aaggllc.com,,https://www.aaggllc.com/,Grain elevator,11792 Casey Jones St,Dodge City,Kansas,67801,https://www.facebook.com/aaggllc/,
Pride Ag,+1 620-846-2231,,,http://www.prideag.com/,Grain elevator,10884 102 Rd,Fort Dodge,Kansas,67801,,
Dodge City Co-Op Exchange,+1 620-227-8773,,,https://www.prideag.com/,Grain elevator,10996 Saddle Rd,Dodge City,Kansas,67801,,
Skyland Grain Hickok Elevator,+1 620-356-2212,,,,Grain elevator,7119 US-160,Ulysses,Kansas,67880,,
United Prairie AG,+1 620-356-2212,,,,Grain elevator,7119 US-160,Ulysses,Kansas,67880,,
Pure Line Food Co,+1 419-968-2249,,,,Grain elevator,101 N Mason St,Middle Point,Ohio,45863,,
North Texas Farmers Co-Op,+1 903-989-5129,,,,Grain elevator,,Trenton,Texas,75490,,
Columbia Grain,,,,https://www.columbiagrain.com/,Grain elevator,7400 55th St S,Grand Forks,North Dakota,58201,,
BCTGM Local 167G,+1 701-746-6133,,,,Grain elevator,100 N 3rd St #50,Grand Forks,North Dakota,58203,,
"Gavilon Grain, LLC",+1 701-787-6820,,,,Grain elevator,4256 54th Ave N,Grand Forks,North Dakota,58203,,
Interstate Commodities Inc.,+1 740-862-4075,,,,Grain elevator,8045 Oak St,Thurston,Ohio,43157,,
IFG Export Grain Terminal,+1 337-304-8370,,,,Grain elevator,150 Marine St,Lake Charles,Louisiana,70601,,
Muldon Grain,+1 662-369-9386,,,,Grain elevator,10132 MS-25 S,Aberdeen,Mississippi,39730,,
Harvest Queen Mill & Elevator,+1 806-293-1331,,,,Grain elevator,1208 Columbia St,Plainview,Texas,79072,,
Gavilon Grain LLC,+1 806-221-2822,,,,Grain elevator,N Interstate 27,Plainview,Texas,79072,,
Gavilon Grain LLC,+1 715-319-7000,,,,Grain elevator,400 Main St,Superior,Wisconsin,54880,,
Lester Feed & Grain,+1 712-478-4440,,,http://lesterfeedandgrain.com/,"Grain elevator, Store",206 Clinton St,Lester,Iowa,51242,,
Agvantage FS,+1 563-659-9121,,,,Grain elevator,503 Main St,Welton,Iowa,52774,,
Skyland Grain LLC,,,,https://www.skylandgrain.com/,Grain elevator,PR93+Q5,Belmont,Kansas,67068,,
ATC,+1 785-949-2222,,,http://www.agritrails.com/,Grain elevator,320 Main Ave,Carlton,Kansas,67448,,
Cargill,+1 785-452-3339,,,http://www.cargillag.com/,Grain elevator,1427 E 2nd Ave,Hutchinson,Kansas,67501,,
Adm,+1 920-435-1510,,,,Grain elevator,420 Seymour Ct,Green Bay,Wisconsin,54303,,
Rossie Feed & Grain,+1 712-262-3138,,,,Grain elevator,220 Railway St,Royal,Iowa,51357,,
The Andersons,+1 712-454-1038,,,,Grain elevator,701 N Main St,Everly,Iowa,51338,,
Farmers Cooperative Co,+1 712-448-3412,,,,Grain elevator,141 N Main St,Paullina,Iowa,51046,,
Wheaton Dumont Co-Op Elevator,+1 320-563-8152,,,http://wdcoop.com/pages/contact.php,Grain elevator,22919 710th Ave,Graceville,Minnesota,56240,,
Cooperative Farmers Elevator,+1 712-758-3621,,,http://www.coopfe.com/,Grain elevator,823 Main St,Ocheyedan,Iowa,51354,,
Cooperative Farmers Elevator,+1 712-349-2169,,,http://www.coopfe.com/,Grain elevator,305 S Main St,Harris,Iowa,51345,,
Cooperative Farmers Elevator,+1 712-478-4401,,,http://www.coopfe.com/,Grain elevator,2215 Iowa 9th St,Lester,Iowa,51242,,
Cooperative Farmers Elevator (Admin Building),+1 712-758-3636,,,http://coopfe.com/,Grain elevator,920 Main St,Ocheyedan,Iowa,51354,,
Roberts Grain Co Inc,+1 217-395-2292,cnugent@alliance-grain.com,,http://www.alliance-grain.com/cbloc-1428,Grain elevator,108 N Main St,Roberts,Illinois,60962,https://www.facebook.com/AllianceGrain,
TGM,+1 217-345-7011,,,http://www.totalgrainmarketing.com/,Grain elevator,100 N 5th St,Charleston,Illinois,61920,https://www.facebook.com/southcentralfs/,
Sanderson Farms,,,,https://sandersonfarms.com/,Grain elevator,495 highway 79,Oakwood,Texas,75855,,
Driscoll Grain Co-Op,+1 361-584-5409,,,,Grain elevator,4409 FM 3354,Bishop,Texas,78343,,
Stateline Processors,+1 509-284-4101,,,,Grain elevator,Crosby St,Tekoa,Washington,99033,,
Coop Ag Producers,+1 509-635-1227,,,https://www.agprices.com/elevator/coop-ag-producers-garfield-wa-9f95775508e286bfd9a4b9b63a1dd700,Grain elevator,,Garfield,Washington,99130,,
"HighLine Grain Growers, Inc.",+1 509-683-1111,info@highlinegrain.com,,http://highlinegrain.com/,Grain elevator,8 Airport Rd,Mansfield,Washington,98830,,
Armes Grain & Livestock,+1 812-644-7321,,,,Grain elevator,6345 400 E,Montgomery,Indiana,47558,,
Adm Growmark,+1 812-789-2830,,,,Grain elevator,605 S Oak St,Winslow,Indiana,47598,,
Main Grain,+1 715-532-0210,,,,Grain elevator,N2672 Vine St,Conrath,Wisconsin,54731,,
Clover Leaf Grain LLC,+1 618-493-7757,,,,"Grain elevator, Food store",425 Co Hwy 11,Hoyleton,Illinois,62803,,
Consolidated Grain and Barge Co.,+1 618-748-9272,,,http://www.cgbgrain.com/,Grain elevator,201 Missouri Ave,Mound City,Illinois,62963,,
Gavilon Grain LLC,+1 402-463-8162,,,https://www.viterra.us/,Grain elevator,4935 E J St,Hastings,Nebraska,68901,,
"ALF, LLC",+1 814-327-4530,,,,Grain elevator,1010 Rose Ln,Bedford,Pennsylvania,15522,,
Miller Coors,+1 208-678-3586,,,,Grain elevator,7 N 400 W,Burley,Idaho,83318,,
Monticello Gin & Elevator Co,+1 318-552-8801,,,,Grain elevator,683 LA-577,Lake Providence,Louisiana,71254,,
Consolidated Grain & Barge Co.,,,,https://www.cgbgrain.com/,Grain elevator,683 LA-577,Epps,Louisiana,71237,,
Jessen Wheat Co,+1 307-245-3068,,,http://jessenwheatcompany.com/,Grain elevator,2204 Road 222,Pine Bluffs,Wyoming,82082,,
West Plains,,info@biourja.com,tracy.oconnor@westplainsllc.com,https://www.westplainsco.com/cbloc-477,Grain elevator,220 Freimuth Ave,Lingle,Wyoming,82223,,
La Grange Grain Co,+1 307-834-2228,,,,Grain elevator,604 A St,La Grange,Wyoming,82221,,
Frenchman Valley Farmers Co-Op,+1 307-547-3574,kmcclain@fvcoop.net,,https://www.fvcoop.com/,Grain elevator,419 Coop Rd,Burns,Wyoming,82053,https://www.facebook.com/FrenchmanValleyCoop,https://www.linkedin.com/company/frenchman-valley-coop/
"Cargill, Inc",+1 573-472-2272,,,https://www.cargill.com/,Grain elevator,410 W Malone Ave,Sikeston,Missouri,63801,,
Farmers Co-Op Elevator Association,+1 785-926-3264,morgcoop@outlook.com,,https://www.morganvillecoop.com/,Grain elevator,102 Allen Ave,Morganville,Kansas,67468,,
MKC,+1 316-799-2132,,,https://www.mkcoop.com/,Grain elevator,223 S Ash St,Whitewater,Kansas,67154,,
Central Prairie Co-op,+1 620-534-2145,,,https://www.cpcoop.us/home/locations/alden/,"Grain elevator, Association / Organization",100 Pioneer St,Alden,Kansas,67512,,
Cairo Co-Op Equity Exchange,+1 620-532-5106,,,,Grain elevator,265 Penalosa St,Penalosa,Kansas,67035,,
Hi-Plains Co-Op,+1 785-386-4291,,,https://www.hi-plainscoop.com/,Grain elevator,US-83,Selden,Kansas,67757,,
Farmers Grain Co-Op,+1 316-799-1032,,,,Grain elevator,203 W 1st St,Whitewater,Kansas,67154,,
Stafford County Flour Mill Inc,+1 620-458-4121,,,http://www.scfmco.com/,Grain elevator,118 N Main St,Sylvia,Kansas,67581,,
Kanza Cooperative Association- Belmont Branch,+1 620-297-3911,,,https://www.kanzacoop.com/,Grain elevator,8500 SE Burns Ave,Kingman,Kansas,67068,,
Adm,+1 507-648-3851,,,,Grain elevator,251 Main St,Sanborn,Minnesota,56083,,
Clearbrook Elevator Association,+1 218-776-3511,,,,Grain elevator,103 Center St,Clearbrook,Minnesota,56634,,
Blackduck Co-Op AG Services,+1 218-835-4905,,,https://www.facebook.com/blackduckcoop/,"Grain elevator, Agricultural cooperative, Store",265 Cedar Ave,Blackduck,Minnesota,56630,//www.facebook.com/,
ADM Mt. Auburn,+1 217-676-3811,,,https://admadvantage.com/contact-us/?location=Mt._Auburn~Illinois,Grain elevator,503 S Augur St,Mt Auburn,Illinois,62547,,
MRGA,+1 701-282-4094,,,https://www.mrga.com/,Grain elevator,100 Railroad Ave,Prosper,North Dakota,58042,,
RCM CO-OP,+1 217-968-2211,,,http://www.rcmcoop.com/sweetwater,"Grain elevator, Corporate office",20341 S Engle St,Greenview,Illinois,62642,,
RCM CO-OP,+1 217-364-4621,,,http://www.rcmcoop.com/dawson,Grain elevator,200 Main St,Dawson,Illinois,62520,,
"Okaw Farmers Cooperative, Inc.",+1 217-543-2157,,,http://www.okawcoop.com/,Grain elevator,1545 County Rd 1900 N,Arthur,Illinois,61911,https://www.facebook.com/southcentralfs/,
Alliance Grain Co,+1 217-388-2261,,,https://www.alliance-grain.com/,Grain elevator,101 W Main St,Melvin,Illinois,60952,,
ADM West Gate W1,+1 217-424-5300,,,,Grain elevator,3883 East Faries Parkway,Decatur,Illinois,62526,,
Primient Grain,+1 217-783-2131,elizabeth.wheatley@primient.com,pete.wasiloski@primient.com,https://primient.com/,Grain elevator,100 W Locust St,Cowden,Illinois,62422,https://www.facebook.com/Primient.Global/,https://www.linkedin.com/company/primient/
Total Grain Marketing,+1 618-793-2611,,,http://www.totalgrainmarketing.com/,Grain elevator,17396 N Railroad St,Hidalgo,Illinois,62432,https://www.facebook.com/southcentralfs/,
RCM CO-OP,+1 217-636-7184,,,http://www.rcmcoop.com/barr,Grain elevator,2175 IL-29,Athens,Illinois,62613,,
Okaw Farmers Co-Op,+1 217-728-4131,,,,Grain elevator,1545 County Rd 1200 E,Sullivan,Illinois,61951,,
Lake Region Co-Op Grain,+1 952-955-1925,,,,Grain elevator,190 Jackson Ave SW,Cokato,Minnesota,55321,,
Ozo Grain,+1 318-323-0073,,,,Grain elevator,343 McHenry Gin Rd,Monroe,Louisiana,71202,,
Kennedy Rice Dryers Inc,+1 318-823-2458,,,,Grain elevator,13650 Wilmot Hwy,Bonita,Louisiana,71223,,
Producers Rice Mill Inc,+1 870-674-2383,,,https://www.producersrice.com/,Grain elevator,18995 US-165,Wilmot,Arkansas,71676,,
Greenfield Holdings,+1 318-878-5002,info@gfh.ag,,https://www.gfh.ag/dunn,Grain elevator,17 LA-609,Delhi,Louisiana,71232,,https://www.linkedin.com/company/greenfield-holdings-llc/
"Greenfield Grain, LLC",+1 318-878-5002,info@gfh.ag,,https://www.gfh.ag/,Grain elevator,11 LA-609,Delhi,Louisiana,71232,,https://www.linkedin.com/company/greenfield-holdings-llc/
Kennedy Rice Dryers LLC,+1 318-647-5744,info@kennedyrice.com,,https://www.kennedyricemill.com/,Grain elevator,,Mer Rouge,Louisiana,71261,,
Viserion Grain,+1 318-341-4693,,,,"Grain elevator, Service establishment",,,,,,
Helmreich Ed Farm Supply,+1 660-882-2783,,,,Grain elevator,612 Sonya Dr,Boonville,Missouri,65233,,
Consolidated Grain and Barge Co.,+1 580-533-5800,,,https://www.cgbgrain.com/,Grain elevator,35972 US-81,Medford,Oklahoma,73759,,
Southeast Nebraska Co-Op Co,+1 402-862-2932,sdelong@farmersco-operative.com,rprellwitz@farmersco-operative.com,https://www.farmersco-operative.com/locations/humboldt-seasonal,Grain elevator,808 Railroad St,Humboldt,Nebraska,68376,https://www.facebook.com/FarmersCooperative,
AGP Grain Marketing LLC,+1 402-324-5475,,,,Grain elevator,421 Thayer St,Chester,Nebraska,68327,,
Farmers Cooperative,+1 402-852-2811,sdelong@farmersco-operative.com,rprellwitz@farmersco-operative.com,http://www.farmersco-operative.com/,"Grain elevator, Agricultural cooperative",200 10th St,Pawnee City,Nebraska,68420,https://www.facebook.com/FarmersCooperative,
Cargill,+1 308-647-6221,,,https://cargillag.com/,Grain elevator,2182 Rd 5600,Carleton,Nebraska,68326,,
Farmers Cooperative,+1 402-423-1481,sdelong@farmersco-operative.com,rprellwitz@farmersco-operative.com,http://www.farmersco-operative.com/,"Grain elevator, Agricultural cooperative",15505 A St,Roca,Nebraska,68430,https://www.facebook.com/FarmersCooperative,
Bruning Grain & Feed Co,+1 402-768-7216,,,,Grain elevator,420 C St,Belvidere,Nebraska,68315,,
Farmers Cooperative,+1 402-826-5291,,,https://www.farmersco-operative.com/,Grain elevator,101 S Main Ave,Crete,Nebraska,68333,,
Dunkerton Co-Op Elevator,+1 319-822-4291,wilman@dunkertoncoop.com,asadler@dunkertoncoop.com,http://www.dunkertoncoop.com/,Grain elevator,509 W Dunkerton St,Dunkerton,Iowa,50626,,
MRGA,+1 218-233-4247,,,https://www.mrga.com/,Grain elevator,9749 21st St N,Moorhead,Minnesota,56560,,
C-W Valley Co-op,,,,https://www.cwvalley.com/,Grain elevator,15961 Co Hwy 2,Moorhead,Minnesota,56560,https://facebook.com/cwvalley/,
MRGA,+1 218-979-4162,,,https://www.mrga.com/,Grain elevator,305 1st Ave SW,Rothsay,Minnesota,56579,,
Adams Grain,,info@adamsgrp.com,,https://www.adamsgrp.com/,Grain elevator,1030 East St,Woodland,California,95776,,https://www.linkedin.com/company/adams-vegetable-oils
Gold Eagle Co-op,,,,https://www.goldeaglecoop.com/,Grain elevator,,Wesley,Iowa,50483,,
Gold Eagle Co-Op,+1 515-679-4272,,,http://www.goldeaglecoop.com/,Grain elevator,106 W Main St W,Wesley,Iowa,50483,,
Gold-Eagle Cooperative - Thor,+1 515-378-3314,,,https://www.goldeaglecoop.com/locations,Grain elevator,316 N Ann St,Thor,Iowa,50591,,
Scottsbluff Bean & Elevator Co,+1 308-632-6424,,,,Grain elevator,1101 W 26th St,Scottsbluff,Nebraska,69361,,
Minn-Dak Growers Ltd,+1 701-483-4528,,,https://www.minndak.com/,Grain elevator,393 28th Ave E,Dickinson,North Dakota,58601,,
Planters Cooperative,+1 580-482-7100,,,,Grain elevator,1015 E Cypress St,Altus,Oklahoma,73521,,
Planters Cooperative,+1 580-482-7100,,,,Grain elevator,701 S Lee St,Altus,Oklahoma,73521,,
Heffley's Mill & Grain,+1 979-732-2378,,,,Grain elevator,1010 Austin St,Columbus,Texas,78934,,
Northwest Grain Growers,+1 509-525-6510,,,http://nwgrgr.com/,Grain elevator,336 W 1st St,Waitsburg,Washington,99361,,
Northwest Grain Growers Inc,+1 509-749-2332,,,,Grain elevator,7946 Sheffler Rd,Prescott,Washington,99348,,
CHS SunBasin Growers,+1 509-586-1128,tyson.chick@chsinc.com,,http://www.chssunbasingrowers.com/,Grain elevator,901 E Columbia Dr,Kennewick,Washington,99336,https://www.facebook.com/CHSInc,https://www.linkedin.com/company/chs
Agri Northwest Grn Handling,+1 509-734-5040,,,,Grain elevator,,Plymouth,Washington,99346,,
Northwest Grain Growers Inc,+1 509-525-6510,,,https://www.nwgrgr.com/,Grain elevator,324 Western Farmer Rd,Wallula,Washington,99363,,
Northwest Grain Growers Inc,+1 509-525-6510,rkretschmer@nwgrgr.com,,http://www.nwgrgr.com/,Grain elevator,105 S F St,Prescott,Washington,99348,,
Northwest Grain Growers,+1 509-525-6510,,,http://nwgrgr.com/,Grain elevator,50929 OR-334,Athena,Oregon,97813,,
Horse Heaven Grain LLC,+1 509-384-5411,hhg@gorge.net,horseheavengrain@gmail.com,http://www.horseheavengrain.com/,Grain elevator,60 Railroad Ave,Roosevelt,Washington,99356,,
Rippe Grain,+1 507-235-5593,,,,Grain elevator,620 N North Ave,Fairmont,Minnesota,56031,,
Cargill Inc,+1 507-825-8012,,,https://www.cargillag.com/locations/cargill-fairmont-cah,Grain elevator,1005 Bixby Rd,Fairmont,Minnesota,56031,,
Consolidated Grain and Barge Co.,+1 573-754-6241,,,https://www.cgbgrain.com/,Grain elevator,1035 MO-79,Louisiana,Missouri,63353,,
Barry's Elevator,+1 660-651-4718,,,,Grain elevator,350 E Walnut St,Clarence,Missouri,63437,,
Hamer Grain Elevator,+1 843-774-8201,,,,"Grain elevator, Animal feed store",2959 US-301,Hamer,South Carolina,29547,,
Oakley Grain Inc,+1 870-877-2000,,,http://www.bruceoakley.com/Divisions/River-Ports/Yellow%20Bend,Grain elevator,5522 Levee Rd,Arkansas City,Arkansas,71630,,
Andersons Grain & Ethanol,+1 765-288-1951,,,https://www.andersonsgrain.com/locations/in/oakville/,Grain elevator,500 W Oakville Rd,Oakville,Indiana,47367,,
Scranton Equity Exchange,+1 701-275-8221,ben@scrantonequity.org,,https://scrantonequity.org/,Grain elevator,12 Hamilton St SE,Scranton,North Dakota,58653,https://www.facebook.com/scrantonequityexchange,https://www.linkedin.com/company/scranton-equity-exchange
ELKHART COOP VILAS BRANCH,+1 719-353-2122,,,,Grain elevator,35185 US-160,Vilas,Colorado,81087,,
Starke Co Farm Bureau Co-Op,+1 574-867-2411,,,,Grain elevator,4 Plymouth St,Hamlet,Indiana,46532,,
Elkhart Co-op Dermot,+1 620-593-4833,,,http://www.elkhart.coop/dermot,Grain elevator,2305 County Rd Z Dermot,Rolla,Kansas,67954,https://www.facebook.com/PrideAgResources/,https://www.linkedin.com/company/1903508/admin/
"FS GRAIN, LLC",,,,http://www.fsgrain.com/,Grain elevator,9537 Lisbon Center Rd,Newark,Illinois,60541,,
Scoular,+1 620-450-4160,,,https://www.scoularkansas.com/cbloc-2813,Grain elevator,80492 US-54,Pratt,Kansas,67124,,
ADM Collingwood Grain,+1 620-895-6411,reasonableaccommodations@adm.com,,http://www.adm.com/,Grain elevator,80492 US-54,Pratt,Kansas,67124,,https://www.linkedin.com/company/adm/
Cooperative Farmers Elevator,+1 712-753-4527,,,https://www.coopfe.com/,Grain elevator,409 S Main St,Inwood,Iowa,51240,,
Miller Coors LLC,+1 719-852-3787,,,,Grain elevator,696 Co Rd 36,Monte Vista,Colorado,81144,,
Farmers Coop of Hanska - New Ulm Elevator,+1 507-354-4149,,,,Grain elevator,200 Water St N,New Ulm,Minnesota,56073,,
Consolidated Grain and Barge Co.,+1 318-339-6666,,,https://www.cgbgrain.com/,Grain elevator,151 Book Rd,Jonesville,Louisiana,71343,,
ADM Evansville - Broadway,+1 812-424-3581,admgrainmarketingservices@adm.com,,https://admfarmview.com/cash-bids/bids/evansville,Grain elevator,2350 Broadway Ave,Evansville,Indiana,47712,,
Consolidated Grain and Barge Co. (CGB),+1 309-887-5310,,,https://www.cgbgrain.com/,Grain elevator,1002 N S Main St,Albany,Illinois,61230,,
Viterra,+1 308-708-6000,,,http://viterra.us/,Grain elevator,2610 Grand Ave,Kearney,Nebraska,68847,,
Farmers Co-Op Grain Co Abbyville,+1 620-286-5201,,,,Grain elevator,301 N Ricksecker St,Abbyville,Kansas,67510,,
ADM Ottawa (DCX),+1 815-433-3636,,,https://admadvantage.com/contact-us/?location=Ottawa~Illinois_(DCX),"Grain elevator, Agricultural production",1912 N 2753rd Rd,Ottawa,Illinois,61350,,
Cargill Inc,+1 815-433-5063,,,http://www.cargill.com/,Grain elevator,1585 IL-71,Ottawa,Illinois,61350,,
C&H Ag Solutions,+1 270-445-0959,,,,Grain elevator,700 US HWY 51N,Bardwell,Kentucky,42023,,
Consolidated Grain and Barge Co.,+1 309-371-1559,,,https://www.cgbgrain.com/,Grain elevator,2759 State Hwy 94,Little York,Illinois,61453,,
Englewood Branch-Meade Co-Op,+1 620-539-2005,,,,Grain elevator,3 Mulberry St,Englewood,Kansas,67840,,
Great Plains Co-Op,+1 580-796-2285,,,,Grain elevator,101 1st St,Lahoma,Oklahoma,73754,,
Farmers Grain Co,+1 580-635-2263,,,https://farmersgraincompany.com/,Grain elevator,301 W Broadway Ave,Hillsdale,Oklahoma,73743,,
J E Meuret Grain Co,+1 402-518-3076,jemeuretgrain@jemeuretgrain.com,,https://jemeuretgrain.com/,Grain elevator,101 Franklin St,Brunswick,Nebraska,68720,,
Archer Daniels Midland (ADM),+1 217-483-2442,,,,Grain elevator,5848 Old Rte 54,Berlin,Illinois,62670,,
"Western Grain Marketing, LLC",,,,http://www.westerngrainmarketing.com/,Grain elevator,614 Cooper St,Chapin,Illinois,62628,,
Pisgah Co-Op Grain,+1 217-243-7511,,,,Grain elevator,2538 IL-104,Jacksonville,Illinois,62650,,
ADM Probe Stand,+1 217-330-6110,,,,Grain elevator,V3MR+88,Decatur,Illinois,62526,,
Assumption Cooperative Grain Co,+1 217-526-3114,,,http://www.acoop.com/,Grain elevator,1011 Railroad St,Palmer,Illinois,62556,,
Culver Fancy Prairie,+1 217-636-7268,,,,Grain elevator,2175 IL-29,Athens,Illinois,62613,,
Scoular Co,+1 217-439-7263,,,http://www.scoularwaverly.com/,Grain elevator,31526 IL-111,Palmyra,Illinois,62674,,
ALCIVIA - Hager City Grain,,info@alcivia.com,,https://alcivia.com/,Grain elevator,N1464 770th St,Hager City,Wisconsin,54014,https://www.facebook.com/ALCIVIACOOP,https://www.linkedin.com/company/alciviacoop
Badger Grain,+1 715-632-2319,info@badgergrainsupply.com,,http://www.badgergrainsupply.com/grain-pricing.html,Grain elevator,,Wheeler,Wisconsin,54772,,
Lord's Grain Inc,+1 260-463-7148,,,,Grain elevator,302 E Lafayette St,LaGrange,Indiana,46761,,
Keynes Brothers Inc,+1 740-595-3511,info@mennel.com,customerquality@mennel.com,https://mennel.com/news/keynes-announcement,Grain elevator,3431 Radnor Rd,Radnor,Ohio,43066,https://www.facebook.com/MennelMilling,https://www.linkedin.com/company/the-mennel-milling-company
Northwest Grain Growers,+1 509-648-3316,,,http://nwgrgr.com/,Grain elevator,12593 Rock Lake Rd,St John,Washington,99171,,
Farmers Cooperative Elevator,+1 580-362-2213,,,http://www.gocoopok.com/,Grain elevator,2193 E Kildare Rd,Ponca City,Oklahoma,74604,,
Rabbe Grain,+1 507-639-9051,,,,Grain elevator,691 Main St E,Trimont,Minnesota,56176,,
Gavilon Grain,+1 270-228-0830,,,,Grain elevator,7415 Terminal Rd,Maceo,Kentucky,42355,,
Consolidated Grain and Barge Co.,+1 270-285-6023,,,http://cgbgrain.com/,Grain elevator,R87W+RF,Henderson,Kentucky,42420,,
Aurora Cooperative Elevator Co,+1 308-946-2161,,,https://auroracoop.com/,Grain elevator,1313 13th Ave,Central City,Nebraska,68826,,
Perdue AgriBusiness - Winchester Grain Elevator,+1 859-745-2570,spencer.miller@perdue.com,grain@perdue.com,http://www.perdueagribusiness.com/,Grain elevator,5799 Rockwell Rd,Winchester,Kentucky,40391,,
"EGT, LLC",+1 503-425-8400,,,http://www.bungeag.com/?utm_source=extnet&utm_medium=yext,Grain elevator,150 E Mill Rd,Longview,Washington,98632,,
Equity Exchange,+1 806-624-2311,,,http://myequityexchange.com/,Grain elevator,109 Santa Fe Ave,Darrouzett,Texas,79024,,
Equity Exchange,+1 806-727-4618,,,http://myequityexchange.com/,Grain elevator,517 Santa Fe Trail,Kerrick,Texas,79051,,
East Side Grain,+1 940-862-5651,,,,Grain elevator,6544 TX-79,Elbert,Texas,76372,,
CHS Southwest Grain,+1 701-483-0021,,,https://chssouthwestgrain.com/,Grain elevator,471 Rothschiller St,Gladstone,North Dakota,58630,,
Perdue AgriBusiness - Lakeville Grain Elevator,+1 585-346-3448,spencer.miller@perdue.com,grain@perdue.com,http://www.perdueagribusiness.com/,Grain elevator,3142 Bronson Hill Rd,Livonia,New York,14487,,
Ag Valley Co-op: Grain and Feed Location,+1 785-877-5131,,,http://www.agvalley.com/,Grain elevator,314 W North St,Norton,Kansas,67654,,
United Farmers Cooperative,+1 320-693-6040,,,https://www.ufcmn.com/,"Grain elevator, Agricultural cooperative",106 E Depot St,Litchfield,Minnesota,55355,,
Columbia Grain,+1 701-657-2116,,,https://columbiagrain.com/,Grain elevator,501 5th St,Crystal,North Dakota,58222,,
Columbia Grain,+1 701-657-2107,crystal@columbiagrain.com,,https://columbiagrain.com/location/crystal-nd/,Grain elevator,8214 138th Ave NE,Crystal,North Dakota,58222,https://www.facebook.com/cgicolumbiagraininternational/,https://www.linkedin.com/company/columbia-grain/
Crystal Valley Round Lake,,,,https://crystalvalley.coop/about-us/locations/round-lake,Grain elevator,158-198 Rohrer St,Round Lake,Minnesota,56167,,
Crystal Valley,+1 507-847-4160,,,https://crystalvalley.coop/,Grain elevator,105 Jackson St,Jackson,Minnesota,56143,https://www.facebook.com/CrystalValleyMN/,https://www.linkedin.com/company/crystal-valley-cooperative/
Heritage Cooperative,+1 740-852-0965,,,,Grain elevator,131 S Walnut St,London,Ohio,43140,,
Heritage Cooperative,+1 740-869-3641,membership@heritagecooperative.com,,https://www.heritagecooperative.com/locations,"Grain elevator, Store",11897 London Rd,Derby,Ohio,43117,https://www.facebook.com/heritagecooperative,
The Andersons Grain Elevator,+1 712-362-2625,,,,Grain elevator,Agriculture Ave,Gruver,Iowa,51334,,
United Quality Cooperative Grain Elevator - Ross,+1 701-755-3223,kelseyd@uqcoop.com,,http://www.uqcoop.com/,Grain elevator,308 Railroad Ave,Ross,North Dakota,58776,https://www.facebook.com/uqcoop/,https://www.linkedin.com/company/unitedqualitycooperative/
Co-Op Elevator of Mc Cluskey,+1 701-884-2466,,,,Grain elevator,525 14th Ave NE,Goodrich,North Dakota,58444,,
TriGen Ag Partners,+1 701-679-2400,,,https://trigenag.com/,Grain elevator,101 3rd Ave SE,Max,North Dakota,58759,,
Flasher Farmers Union Elevator Company,+1 701-597-3338,,,,Grain elevator,110 N Main St,Flasher,North Dakota,58535,,
Tronson Grain,+1 701-262-4242,,,,Grain elevator,100 E Railroad Ave,Tolna,North Dakota,58380,,
Modern Grain Inc,+1 701-878-4525,,,,Grain elevator,310 Main Ave,Hebron,North Dakota,58638,,
Co-Op Elevator of Mc Clusky,+1 701-363-2529,,,,Grain elevator,312 Ave A W,McClusky,North Dakota,58463,,
Adm-Benson Quinn,+1 701-794-3780,,,http://www.admhensler.com/,Grain elevator,2764 Highway 200A,Hensler,North Dakota,58530,,
Cooperative Elevator Main Plant,+1 701-363-2354,,,,Grain elevator,ND-200,McClusky,North Dakota,58463,,
Consolidated Grain & Barge Co.,+1 337-824-5010,,,https://www.cgbgrain.com/,Grain elevator,485 Beroid St,Jennings,Louisiana,70546,,
Windriver Grain,+1 620-275-2101,,,https://www.windrivergrain.com/,Grain elevator,2810 E US Hwy 50,Garden City,Kansas,67846,,
Garden City Co-op - Tennis Elevator,+1 620-276-7973,,,https://www.gccoop.com/,Grain elevator,2790 W Tennis Rd,Garden City,Kansas,67846,,
DB Grain Inc,+1 620-255-2327,,,,Grain elevator,12531 Valley Rd,Ford,Kansas,67842,,
ADM Collingwood Grain,+1 620-872-2174,,,,Grain elevator,181 N Front St,Scott City,Kansas,67871,,
Garden City Co Op,+1 620-952-2590,,,,"Grain elevator, Service establishment",,,,,,
ADM Patoka,+1 618-432-7194,,,https://admadvantage.com/contact-us/?location=Patoka~Illinois,Grain elevator,408 S Railroad St,Patoka,Illinois,62875,,
Total Grain Marketing,+1 618-749-5618,,,http://www.totalgrainmarketing.com/,Grain elevator,501 Railroad St,Keyesport,Illinois,62253,https://www.facebook.com/southcentralfs/,
Aurora Cooperative Elevator Co,+1 402-362-3994,,,https://auroracoop.com/,Grain elevator,2512 S Lincoln Ave,York,Nebraska,68467,,
Adm Grain,+1 785-820-8831,,,,Grain elevator,1884A U.S. Hwy 40,New Cambria,Kansas,67470,,
Maxi-Lift Dura-Buket Inc,+1 972-381-1788,,,,Grain elevator,16400 Midway Rd,Addison,Texas,75001,,
Green Plains Grain Co LLC,+1 712-262-3102,,,,Grain elevator,2980 253rd Ave,Spencer,Iowa,51301,,
Craig Grain Co,+1 970-824-6310,,,,Grain elevator,786 Industrial Ave,Craig,Colorado,81625,,
Paris Milling Grain Co,+1 903-784-6656,,,,Grain elevator,1392 S Main St,Paris,Texas,75460,,
Deseret Grain,+1 208-678-1189,,,http://www.deseretgrain.com/,Grain elevator,350 W 700 S,Burley,Idaho,83318,,
Consolidated Grain and Barge Co.,+1 806-435-5377,,,https://www.cgbgrain.com/,Grain elevator,11375 TX-15,Waka,Texas,79093,,
Attebury Grain LLC,+1 806-558-5511,,,https://www.attebury.com/,Grain elevator,202 N Gordon Ave,Happy,Texas,79042,,
Attebury Grain LLC,+1 806-248-7544,,,https://www.attebury.com/locations,Grain elevator,101 Front St,Groom,Texas,79039,,
Etter Grain,+1 806-966-5171,,,,Grain elevator,201 Rabbit Ln,Cactus,Texas,79013,,
Sunray Cooperative,+1 806-966-5424,,,,Grain elevator,Etter,Cactus,Texas,79013,,
Moore Brothers,+1 806-948-4576,,,,Grain elevator,12970 FM119,Sunray,Texas,79086,,
Gavilon Grain LLC,+1 806-966-5510,,,,Grain elevator,US-287,Cactus,Texas,79013,,
The Arthur Companies - KPOD,+1 208-226-2300,,,https://arthurcompanies.com/idaho/,Grain elevator,2955 S Lamb Weston Rd,American Falls,Idaho,83211,,
Abilene AG Tuscola Elevator,+1 325-554-7845,,,,Grain elevator,633 Railroad Ave,Tuscola,Texas,79562,,
"The DeLong Co., Inc.",+1 815-943-7424,,,http://www.delongcompany.com/,Grain elevator,6200 White Oaks Rd,Harvard,Illinois,60033,,
Muncy Elevator,+1 806-652-3100,,,,Grain elevator,1003 FM786,Lockney,Texas,79241,,
Melrose Grain & Elevator Co,+1 575-253-4246,,,https://www.facebook.com/melrose.grain/,Grain elevator,311 Denby Ave,Melrose,New Mexico,88124,//www.facebook.com/,
The Arthur Companies - Schiller,+1 208-226-2300,,,https://arthurcompanies.com/idaho/,Grain elevator,1842 W Elevator Lp S,Pocatello,Idaho,83204,,
Schuyler Cooperative Association,+1 402-562-6700,,,,Grain elevator,310 E Front St,Richland,Nebraska,68601,,
Hunter Grain Co,+1 701-874-2112,,,https://www.huntergrain.com/,Grain elevator,201 Main St,Hunter,North Dakota,58048,,
Dakota AG Co-Op,+1 701-282-0251,,,,Grain elevator,301 Main St,Horace,North Dakota,58047,,
Minn-Kota Ag Products,+1 218-557-8327,jobs@mkap.com,,http://www.mkap.com/,"Grain elevator, Agricultural service",75 Main St,Kent,Minnesota,56553,,
Kragnes Farmers Elevator Co,+1 218-789-7482,,,,Grain elevator,5 Osborn Ave S,Sabin,Minnesota,56580,,
CHS Inc,+1 701-657-2175,,,http://www.chsdrayton.com/,Grain elevator,132 Burlington Ave,Canton City,North Dakota,58241,,
MRGA,+1 701-845-3975,,,https://www.mrga.com/,Grain elevator,3320 121st Ave SE,Valley City,North Dakota,58072,,
Mercer Landmark - Grover Hill,+1 419-587-3334,,,http://www.mercerlandmark.com/,"Grain elevator, Agricultural service, Agricultural cooperative",301 W Jackson St,Grover Hill,Ohio,45849,https://www.facebook.com/MercerLandmark/,https://www.linkedin.com/company/mercer-landmark/
Gage's Fertilizer & Grain.,+1 816-232-8555,,,,Grain elevator,1901 S 6th St,St Joseph,Missouri,64501,,
Northern AG Services Inc,+1 806-938-2180,,,https://www.norag-us.com/,Grain elevator,108 TX-194,Hart,Texas,79043,,
Safe Grain Inc,+1 567-356-4035,info@safegrain.com,,https://www.safegrain.com/,Grain elevator,309 E Wapakoneta St,Waynesfield,Ohio,45896,,https://www.linkedin.com/company/safe-grain-inc
Heartland Co-op,,,,http://www.heartlandcoop.com/,Grain elevator,503 Gardner Ave,Bovina,Texas,79009,,
Prairie AG Partners -Oldham,+1 605-482-8661,,,https://www.prairieagpartners.com/,Grain elevator,100 S Railroad St Ave,Oldham,South Dakota,57051,,
Duluth Lake Port Storage,+1 218-722-0538,robert.maske@bnsf.com,daniel.vandenhouten@chsinc.com,http://www.duluthport.com/docks-duluth-lake-port.php,Grain elevator,602 Helberg Dr,Duluth,Minnesota,55802,,https://www.linkedin.com/company/duluth-seaway-port-authority/
Bruce AG Center,+1 605-627-5677,,,,Grain elevator,918 Railway Ave,Bruce,South Dakota,57220,,
La Belle Adm,+1 660-462-3626,,,,Grain elevator,210 N 7th St,La Belle,Missouri,63447,,
Maher Brothers Inc,+1 573-735-1404,,,,Grain elevator,36157 US-36,Monroe City,Missouri,63456,,
Dickerson Grain Inc,+1 660-793-2765,,,,Grain elevator,104 Railway St,Lucerne,Missouri,64655,,
Ursa Farmers Co-Op - Wayland South,+1 660-964-1981,,,http://ursacoop.com/,Grain elevator,25545 US Hwy 136 Spur,Wayland,Missouri,63472,https://www.facebook.com/UrsaFarmersCooperative,
Fowler Elevator Inc,+1 660-794-5435,,,,Grain elevator,301 E Broadway,Newtown,Missouri,64667,,
Gabe Logsdon & Sons Elevator,+1 660-754-6411,,,,Grain elevator,RR 1 Box 135,Canton,Missouri,63435,,
Ursa Farmers Cooperative - North,+1 660-964-1980,,,http://ursacoop.com/,Grain elevator,W Des Moines St,Wayland,Missouri,63472,https://www.facebook.com/UrsaFarmersCooperative,
Gavilon Grain LLC,+1 219-206-7111,,,,Grain elevator,1201 IN-114,Rensselaer,Indiana,47978,,
Midway Cooperative - Mankato Elevator,+1 785-378-3116,lurayelev@midwaycoop.com,lurelev@midwaycoop.com,https://www.midwaycoop.com/locations/mankato-elevator,Grain elevator,901 N Commercial St,Mankato,Kansas,66956,https://www.facebook.com/MidwayCoopInc/,
Cooperative Elevator Co.,+1 810-356-7080,,,http://www.coopelev.com/,"Grain elevator, Agricultural cooperative, Agricultural service",4290 N Branch Rd,North Branch,Michigan,48461,https://www.facebook.com/CooperativeElevator/,
GettingITGoing,+1 231-709-0888,,,,"Grain elevator, Service establishment",,,,,,
"Stagecoach Ag, LLC.",+1 417-358-6481,,,,Grain elevator,5335 S Garrison Ave,Carthage,Missouri,64836,,
Farmers Cooperative Elevator,+1 806-287-1020,,,http://www.farmerscoopelevator.com/,Grain elevator,308 Pierce St,Whiteface,Texas,79379,,
NEW Cooperative Inc,+1 515-417-6250,,,https://www.newcoop.com/,Grain elevator,1208 Main St,Moorland,Iowa,50566,,
CHS Northern Grain,,justin.haus@chsinc.com,robert.staehnke@chsinc.com,http://www.chsnortherngrain.com/,Grain elevator,27157 290th St SW,Crookston,Minnesota,56716,https://www.facebook.com/chsnortherngrain,https://www.linkedin.com/company/chs
Agland Grain Co,+1 260-824-3820,,,,"Grain elevator, Store",1128 Clark Ave,Bluffton,Indiana,46714,,
Pandora Grain & Supply Inc,+1 419-358-5931,,,,Grain elevator,241 Cherry St,Bluffton,Ohio,45817,,
NEW COOPERATIVE INC.,+1 515-293-7633,,,https://www.newcoop.com/,Grain elevator,302 Cecelia St,Woolstock,Iowa,50599,,
North Iowa Cooperative Elevator,+1 641-998-2711,,,https://www.nicoop.com/,Grain elevator,105 1st St S,Thornton,Iowa,50479,https://www.facebook.com/northiowacoop/,
Chula Farmers Co-Op,+1 660-639-3125,,,http://www.chulacoop.com/,"Grain elevator, Store",215 Manning Ave,Chula,Missouri,64635,,
Smithfield Grain Gilman City,+1 660-876-5812,coconnor@smithfield.com,eholt@smithfield.com,https://smithfieldgrain.com/cbloc-1959,Grain elevator,151 Broadway Ave,Gilman City,Missouri,64642,,
Hoffman & Reed Inc,+1 660-359-2258,,,,Grain elevator,915 Shanklin Ave,Trenton,Missouri,64683,,
Naber Grain Corporation,+1 217-738-2215,,,,Grain elevator,RR 2 Box 318,Shelbyville,Illinois,62565,,
Agtegra Cooperative - Mansfield Grain,+1 605-846-1452,,,https://www.agtegra.com/,Grain elevator,"Center &, 2 Main St",Mansfield,South Dakota,57460,https://www.facebook.com/agtegra,https://www.linkedin.com/company/agtegracooperative/
Farmers Elevator Co,+1 218-736-2894,,,,Grain elevator,406 E Junius Ave,Fergus Falls,Minnesota,56537,,
Total Grain Marketing,+1 217-543-2157,,,http://okawcoop.com/,Grain elevator,1545 County Rd 1900 N,Cadwell,Illinois,61911,,
Tate & Lyle,+1 217-756-8525,joshua.green@primient.com,peopleservices@primient.com,http://www.tateandlylegrain.com/,Grain elevator,309 E South 2nd St,Findlay,Illinois,62534,,
EGT Grain Elevator,+1 406-695-2347,,,https://www.egtservices.com/,Grain elevator,56582 U.S. 2,Frazer,Montana,59225,,
United Grain Corporation - Moccasin,+1 406-423-5610,,,https://ugcpnw.com/,Grain elevator,1366 Harvest Road,Moccasin,Montana,59462,https://www.facebook.com,
Central Montana Co-Op,+1 406-667-2316,,,,"Grain elevator, Store",14011 4th St,Broadview,Montana,59015,,
Columbia Grain Int. LLC,+1 406-708-7000,,,https://www.gavilon.com/location/moore,Grain elevator,117 1st St SW,Moore,Montana,59464,,
Total Grain Marketing,+1 217-349-8221,,,http://www.totalgrainmarketing.com/,Grain elevator,100 RR St PO Box 55,Ashmore,Illinois,61912,https://www.facebook.com/southcentralfs/,
Total Grain Marketing,+1 217-856-2133,,,http://www.totalgrainmarketing.com/,Grain elevator,Elm St,Humboldt,Illinois,61931,https://www.facebook.com/southcentralfs/,
Aurora Cooperative Elevator Co,+1 402-324-4114,,,https://auroracoop.com/,Grain elevator,104 Johnson St,Hubbell,Nebraska,68375,,
Aurora Cooperative Elevator Co,+1 402-224-3395,,,https://auroracoop.com/,Grain elevator,302 S E St,Edgar,Nebraska,68935,,
Aurora Cooperative Elevator Co,+1 308-743-2303,,,https://auroracoop.com/,Grain elevator,435 Railroad St,Axtell,Nebraska,68924,,
Aurora Cooperative Elevator Co,+1 402-284-2284,,,https://auroracoop.com/,Grain elevator,107 Main St,Ong,Nebraska,68452,,
Land O'Lakes Purina Feed,+1 330-264-3766,,,,Grain elevator,505 Palmer St,Wooster,Ohio,44691,,
Mfa Farmer's Elevator & Produce Co,+1 660-465-8523,,,,Grain elevator,Dudley St,Memphis,Missouri,63555,,
Claypool Grain Inc.,+1 417-922-1234,,,,Grain elevator,227 S Broadway,Moundville,Missouri,64771,,
Cotton Growers Co-Op Inc,+1 256-379-2172,,,,Grain elevator,2463 Walker Ln,New Market,Alabama,35761,,
Tyson Foods Local Grain Services - Grayridge,+1 573-283-9051,,,https://www.localgrainservices.com/,Grain elevator,15100 Co Rd 787,Essex,Missouri,63846,,
Grain Contracts & Programs,+1 217-379-4367,,,http://www.ludlowcoop.com/locations-staff/perdueville/,Grain elevator,452 N 1480E Rd,Paxton,Illinois,60957,,
Whiteside - Central Prairie Co-op,+1 620-567-2345,,,https://www.cpcoop.us/home/locations/whiteside/,Grain elevator,3819 S Whiteside Rd,Hutchinson,Kansas,67501,,
AFC Grain,+1 334-696-8034,,,,Grain elevator,State Park Rd,Columbia,Alabama,36319,,
Shellman Peanut & Grain,+1 229-679-5321,,,,Grain elevator,GA-41,Shellman,Georgia,39886,,
AFC Grain,+1 334-696-8034,,,,Grain elevator,103 Alabama State Docks Railroad,Columbia,Alabama,36319,,
Sunray Cooperative,+1 806-384-2164,,,,Grain elevator,4607 US-54,Dalhart,Texas,79022,,
Welch Grain Concrete elevator,+1 806-377-6205,,,,Grain elevator,US-87,Dalhart,Texas,79022,,
United Cooperative,+1 608-762-5976,,,http://www.unitedcooperative.com/,Grain elevator,898 1st Capitol Ave,Belmont,Wisconsin,53510,,
"Ag Partners Cooperative, Inc. - Corning, Kansas",+1 785-868-2040,contact@agpartnerscoop.com,,https://www.agpartnerscoop.com/,"Grain elevator, Agricultural cooperative, Gas station",6209 Warehouse Ave,Corning,Kansas,66417,https://www.facebook.com/agpartnerscooperative,
"Ag Partners Cooperative, Inc. - Belvue, Kansas",+1 785-456-9190,,,http://www.agpartnerscoop.com/,"Grain elevator, Agricultural cooperative",305 Noble Ave,Belvue,Kansas,66407,,
Farmers Co-Op Gin,+1 940-552-6208,,,,Grain elevator,1901 Ackerly St,Vernon,Texas,76384,,
Calhoun Grain LLC,+1 270-825-3799,,,,Grain elevator,645 Nebo Rd,Madisonville,Kentucky,42431,,
Hoye Feed & Grain Inc,+1 712-763-4311,,,,Grain elevator,64208 York Rd,Villisca,Iowa,50864,,
Husker Co-Op,+1 402-563-3636,,,,Grain elevator,2468 33rd Ave,Columbus,Nebraska,68601,,
Smithfield Grain,+1 641-442-2215,communications@landus.ag,,https://landus.ag/,Grain elevator,121 S West St,Davis City,Iowa,50065,https://www.facebook.com/LandusAg/,https://www.linkedin.com/company/landusAg/
Columbia Grain,+1 208-937-2571,,,https://columbiagrain.com/,Grain elevator,810 Pine St,Nezperce,Idaho,83543,,
South Central Grain & Energy,+1 888-531-4888,,,,Grain elevator,720 Hall St,Stewart,Minnesota,55385,,
"CORNERSTONE AG ""C""",+1 785-462-3326,,,,Grain elevator,465 E 8th St,Colby,Kansas,67701,,
Hi Plains Co-Op Association,+1 785-462-8671,,,http://www.hi-plainscoop.com/,Grain elevator,405 E 4th St,Colby,Kansas,67701,,
Farmers Feed & Grain Co Inc,+1 641-228-1351,,,http://www.ffgcoinc.com/index.cfm?show=10&mid=35,Grain elevator,1001 N Main St #2120,Charles City,Iowa,50616,,
Gavilon Grain LLC,+1 608-854-2071,,,,"Grain elevator, Store",524 WI-11,Hazel Green,Wisconsin,53811,,
Warren Grain Inc,+1 217-246-9507,,,,Grain elevator,RR 1 Box 169,Windsor,Illinois,61957,,
Agri-Land Cooperative,+1 920-795-4321,,,,"Grain elevator, Store",County Rd W,Malone,Wisconsin,53049,,
Port of Keota,+1 918-966-3168,,,http://www.muskogeeport.com/,Grain elevator,301 Broadway,Keota,Oklahoma,74941,,
Grain Buyers,+1 325-792-0102,,,,"Grain elevator, Store",509 N Pine St,Brady,Texas,76825,,
Bunge Grain,+1 731-285-1516,,,,Grain elevator,2367 Midway Rd,Finley,Tennessee,38030,,
Grain Inspection Inc,+1 701-252-1290,grain@csicable.net,,https://www.graininspectionservices.com/,Grain elevator,314 2nd St NW,Jamestown,North Dakota,58401,,
Farmers Co-Op Elevator,+1 515-379-1065,,,http://www.ottosenelevator.com/,Grain elevator,71 Brady Ave,Ottosen,Iowa,50570,,
Little Cedar Co-Op Elevator,+1 641-983-4418,,,,Grain elevator,4259 Quail Ave,Little Cedar,Iowa,50454,,
Offerle Coop Bucklin,+1 620-826-3281,,,,Grain elevator,314 East Railroad,Bucklin,Kansas,67834,,
Scoular,+1 620-723-2154,cmcmurry@scoular.com,,https://scoularview.com/cbloc-2814,Grain elevator,15240 183 Hwy,Greensburg,Kansas,67054,,
Freeman Farms LLC,+1 405-590-6843,,,,"Grain elevator, Service establishment",,,,,,
Farmers Grain Terminal,+1 662-827-2037,,,,Grain elevator,401 Sandifer Rd,Hollandale,Mississippi,38748,,
Consolidate Grain and Barge Co.,+1 662-383-2287,,,https://www.cgbgrain.com/,Grain elevator,1500 Port Rd,Friars Point,Mississippi,38631,,
Delta River Grain,+1 662-441-3510,,,,Grain elevator,509 N Sharpe Ave,Cleveland,Mississippi,38732,,
"Prairieland FS, Inc. - Murrayville Elevator",+1 217-882-5221,,,,Grain elevator,302 Main St,Murrayville,Illinois,62668,,
Miller Coors LLC,+1 406-348-3786,,,,Grain elevator,Road 4 S,Huntley,Montana,59037,,
United Grain Corporation - Pompey’s,+1 406-875-2293,,,https://unitedgrain.com/,Grain elevator,3040 Hwy 312,Pompeys Pillar,Montana,59064,https://www.facebook.com,
Gavilon Grain Co,+1 406-665-3403,,,http://www.gavilon.com/location/gavilon-grain-hardin,Grain elevator,206 N Rail Wy St,Hardin,Montana,59034,,
Tri-County Elevator,,,,https://www.agprices.com/elevator/tri-county-feed-service-new-era-mi-873d6689ea9b32bc5049c9ea96dec52d,Grain elevator,4646 1st St,New Era,Michigan,49446,,
AgVantage FS,+1 319-347-6655,,,http://www.agvantagefs.com/,Grain elevator,820 10th St,Aplington,Iowa,50604,,
Come & Save Here Inc,+1 563-238-7421,,,,Grain elevator,101 N Benz St,Lawler,Iowa,52154,,
Nexus,+1 641-212-4986,ddavis@nexus.coop,mruggles@nexus.coop,http://www.nexus.coop/,Grain elevator,504 5th St,Rudd,Iowa,50471,http://www.facebook.com/NexusCooperative,http://www.linkedin.com/company/nexuscooperative
Farmers Co-Op,+1 319-279-3396,,,http://www.readlynshellrockcoop.com/,Grain elevator,223 E 1st St,Readlyn,Iowa,50668,,
Farmers Win Coop,+1 319-275-4394,,,,Grain elevator,408 1st St,Frederika,Iowa,50631,,
Benton Grain Co LLC,+1 319-442-3231,,,,Grain elevator,98 Railroad St,Keystone,Iowa,52249,,
Quad-County Grain Inc,+1 641-673-9731,,,http://www.dfsfeed.com/,Grain elevator,2383 IA-23,Oskaloosa,Iowa,52577,,
ADM Gulfport,+1 319-753-2858,,,https://admadvantage.com/contact-us/?location=Gulfport~Illinois,Grain elevator,100 Broadway St,Carman,Illinois,61425,,
Woodhull Cooperative Grain Co,+1 309-334-2148,,,http://www.woodhullcoop.com/,Grain elevator,611 W 4th Ave,Woodhull,Illinois,61490,,
Viserion Grain Savanna,+1 815-900-7477,,,https://www.viseriongrain.com/,Grain elevator,561 Broderick Dr,Savanna,Illinois,61074,,
Cargill AG Horizons,+1 563-344-5192,,,http://cargillag.com/,Grain elevator,408 1st St,New Boston,Illinois,61272,,
Cargill,,,,http://www.cargillag.com/,Grain elevator,90 IL-17,Keithsburg,Illinois,61442,,
Big River Resources West Burlington,+1 309-795-1700,,,https://www.bigriverresources.com/,Grain elevator,14506 140th St W,Taylor Ridge,Illinois,61284,,
Columbia Grain,+1 406-747-5236,,,https://columbiagrain.com/,Grain elevator,13261 County Rd 354,Fairview,Montana,59221,,
Dakota Mill & Grain,+1 605-895-2531,,,https://www.dakotamill.com/,Grain elevator,307 S 4th St,Aberdeen,South Dakota,57401,,
Georgetown Farmers Elevator,+1 218-861-6545,,,,Grain elevator,,Perley,Minnesota,56574,,
Central Valley Ag,+1 402-643-2616,energy@cvacoop.com,info@cvacoop.com,https://www.cvacoop.com/,"Grain elevator, Animal feed store, Agricultural cooperative",120 Elm St #9140,Bee,Nebraska,68314,https://facebook.com/centralvalleyagcoop,https://www.linkedin.com/company/central-valley-ag-coop/
Farmers Cooperative,+1 402-643-4501,,,https://www.farmersco-operative.com/,"Grain elevator, Agricultural cooperative",1024 Ruby Rd,Milford,Nebraska,68405,,
Trinity Ag,+1 866-262-3067,,,https://www.trinityagllc.com/gretna,Grain elevator,600 E Quail Rd,Phillipsburg,Kansas,67661,,
Gavilon Grain,+1 406-234-6820,,,,Grain elevator,714 Phillips St,Miles City,Montana,59301,,
Mc Curry Brothers Office,+1 316-667-2311,astrogate@hotmail.com,,https://www.mccurrybrothers.com/,Grain elevator,770 S Daily Rd,Mt Hope,Kansas,67108,,
Total Grain Marketing,+1 217-948-5161,,,http://www.totalgrainmarketing.com/,Grain elevator,205 Jefferson St,Kansas,Illinois,61933,https://www.facebook.com/southcentralfs/,
Cotton Growers Co-Op,+1 580-482-3336,,,,Grain elevator,1509 W Broadway St,Altus,Oklahoma,73521,,
AgChoice Emporia Grain and Feed,+1 620-343-7562,,,http://agchoice.net/index.cfm?show=10&mid=19,Grain elevator,302 Oak St,Emporia,Kansas,66801,,
New Vision Co-op - Mankato Location,,,,http://www.newvision.coop/,Grain elevator,3325 3rd Ave,Mankato,Minnesota,56001,,
SITOS GRAIN COMPANY,+1 507-552-1339,,,,Grain elevator,703 Algon St,Albert Lea,Minnesota,56007,,
Kanza Cooperative Association- Randle Branch,+1 620-672-6884,tmorgan@kanzacoop.com,mnewell@kanzacoop.com,http://www.kanzacoop.com/locations/randle/,Grain elevator,17 40th St,Pratt,Kansas,67124,https://www.facebook.com/KanzaCoop/,https://www.linkedin.com/company/8334765/
Associated Growers Co-Op Inc,+1 256-232-0739,,,,Grain elevator,15031 Brownsferry Rd,Athens,Alabama,35611,,
Columbia Grain - Jamestown West,+1 701-252-4102,,,https://www.columbiagrain.com/,Grain elevator,3469 80th Ave SE,Jamestown,North Dakota,58401,,
Agtegra Cooperative - Huron Corn Receiving,+1 605-352-4390,,,https://www.agtegra.com/,Grain elevator,617 W Park Ave NW,Huron,South Dakota,57350,https://www.facebook.com/agtegra,https://www.linkedin.com/company/agtegracooperative/
Grain Commerce Inc,+1 507-947-3119,,,,Grain elevator,21575 T-386,Lake Crystal,Minnesota,56055,,
Northern Plains Grain Inspctn,+1 701-772-2414,,,http://www.npgis.com/,Grain elevator,1110 N 43rd St,Grand Forks,North Dakota,58203,,
Adm Grain,+1 217-935-6394,,,,Grain elevator,14415 Town Hall Rd,Clinton,Illinois,61727,,
"Pegasus Transloading Services, inc.",+1 800-590-6064,,,,Grain elevator,1 Genstar Ln,Joliet,Illinois,60435,,
E B Grain,+1 252-977-0330,,,,Grain elevator,7251 N U.S. 301,Battleboro,North Carolina,27809,,
"Western Grain Marketing, LLC",+1 309-778-2216,,,https://www.westerngrainmarketing.com/,"Grain elevator, Agricultural service",1220 Carter St,Fairview,Illinois,61432,,
Grain Machinery Manufacturing Corporation,+1 305-620-2525,info@grainman.com,,https://www.grainman.com/,Grain elevator,1130 NW 163rd Dr,Miami,Florida,33169,https://www.facebook.com/GrainmanMFG,
Adm Milling Co,+1 620-227-8101,,,,Grain elevator,1901 E Wyatt Earp Blvd,Dodge City,Kansas,67801,,
Kelley Bean Co Inc,+1 308-635-2338,info@kelleybean.com,,https://www.kelleybean.com/,Grain elevator,1520 Ave. B,Scottsbluff,Nebraska,69361,,
Star of the West Milling Co.,+1 989-652-8131,,,https://www.starofthewest.com/,"Grain elevator, Mill",2416 S Gera Rd,Frankenmuth,Michigan,48734,https://www.facebook.com/SOTWMilling/,
Star of the West Milling Co.,+1 989-693-6496,,,https://www.starofthewest.com/,"Grain elevator, Food processing company",462 N Vassar Rd,Fairgrove,Michigan,48733,https://www.facebook.com/SOTWMilling/,
Wood High Grain Elevator,+1 361-573-4828,,,,Grain elevator,2871 Gin Rd,Inez,Texas,77968,,
Consolidated Grain and Barge Co.,+1 314-312-4500,,,http://www.cgbgrain.com/,Grain elevator,3 Cargill Elevator Rd,East St Louis,Illinois,62201,,
Centerra Co-op,+1 419-524-9676,janderson@centerracoop.com,rtrine@centerracoop.com,http://www.centerracoop.com/,Grain elevator,489 N Main St,Mansfield,Ohio,44902,https://www.facebook.com/CenterraCoop/,https://www.linkedin.com/company/centerracoop/
Anoka Co Elevator,+1 763-421-0372,,,,Grain elevator,325 Jackson St,Anoka,Minnesota,55303,,
Cutler-Dickerson Co,+1 517-759-3170,,,,Grain elevator,507 College Ave,Adrian,Michigan,49221,,
GAVILON ETTER,+1 806-966-5510,,,,Grain elevator,9556 FM281,Dumas,Texas,79029,,
The Andersons,+1 419-243-6800,,,https://www.andersonsgrain.com/locations/oh/toledo-kuhlman/,Grain elevator,125 Edwin Dr,Toledo,Ohio,43609,,
Heritage Grain Co-Op,+1 217-874-2392,,,http://www.heritagegrain.com/,Grain elevator,200 W Main St,Dalton City,Illinois,61925,,
Bartlett Grain Co LP,+1 913-367-2853,,,,Grain elevator,828 Main St,Atchison,Kansas,66002,,
Viterra,+1 612-344-5500,,,https://viterra.us/what-we-do/grower-services/US-locations/Red%20Rock,Grain elevator,1061 Red Rock Rd,St Paul,Minnesota,55119,,
Ludlow Cooperative,+1 217-396-4111,,,http://www.ludlowcoop.com/,Grain elevator,100 W Thomas St,Ludlow,Illinois,60949,,
Colon Elevator Co,+1 402-647-2495,,,,Grain elevator,116 West St,Colon,Nebraska,68018,,
Farmers Elevator Company Of Biggs & Easton,+1 309-562-7241,,,,Grain elevator,24145 E Co Rd 1270N,Easton,Illinois,62633,,
Cargill Salt,+1 513-941-7400,,,http://cargill.com/,Grain elevator,5204 River Rd,Cincinnati,Ohio,45233,,
Temco,+1 253-572-3511,,,,Grain elevator,550 Dock St,Tacoma,Washington,98402,,
Waverly Co-Op,+1 785-733-2311,,,https://www.ottawacoop.com/,Grain elevator,103 W 3rd Strret,Waverly,Kansas,66871,,
Prentice Farmers Elevator West,+1 217-243-5457,,,,Grain elevator,2398 Bosier Rd,Jacksonville,Illinois,62650,,
Stenson Pacific Elevator Co,+1 415-826-2050,,,,Grain elevator,676 Toland Place,San Francisco,California,94124,,
Riverside Elevator,+1 916-777-6076,,,,"Grain elevator, Warehouse",14712 CA-160,Isleton,California,95641,,
CHS,+1 218-826-6701,trevor.johnson19@chsinc.com,guy.bray@chsinc.com,http://www.chs-herman.com/,"Grain elevator, Agricultural cooperative, Agricultural service",29338 MN-210,Underwood,Minnesota,56586,https://www.facebook.com/CHSIncHerman/,https://www.linkedin.com/company/chs
Pride AG Resources,+1 620-225-0200,,,https://www.prideag.com/,Grain elevator,11740 Saddle Rd,Dodge City,Kansas,67801,,
ADM,+1 651-292-9796,suzanne.richardson@sharpspring.com,,https://admadvantage.com/contact-us/?location=55102,Grain elevator,575 Drake St,St Paul,Minnesota,55102,https://www.facebook.com/ADMFarmerServices/,
Tyson Elevators,+1 402-426-4133,,,,Grain elevator,200 N 10th St,Blair,Nebraska,68008,,
Norag LLC,+1 402-533-8223,,,https://www.norag-us.com/,Grain elevator,550 Marina Dr,Blair,Nebraska,68008,,
Mathiesen Grain Company,+1 402-426-2662,mathiesengrain@yahoo.com,,http://www.mathiesengrain.com/index.cfm,Grain elevator,1550 Nebraska St,Blair,Nebraska,68008,,
Georgetown Farmers Elevator Co,+1 218-236-6661,,,,Grain elevator,607 US-75,Georgetown,Minnesota,56546,,
Harper Elevator,+1 815-938-3382,,,,Grain elevator,8982 N Mt Vernon Rd,Forreston,Illinois,61030,,
Grain Elevator,+1 270-586-8816,jason.moss@franklingrain.com,,https://www.franklingrain.com/,Grain elevator,210 E Washington St,Franklin,Kentucky,42134,https://www.facebook.com/FranklinGrainKY/,https://www.linkedin.com/company/franklin-grain/
Anderson Harold Elevator Co,+1 757-226-1300,,,,Grain elevator,840 Juniper Crescent # 100,Chesapeake,Virginia,23320,,
Scoular Co,+1 402-375-2845,,,https://www.scoular.com/,Grain elevator,1512 Claycomb Rd,Wayne,Nebraska,68787,https://www.facebook.com/thescoularcompany/,https://www.linkedin.com/company/the-scoular-company
Bartlett,+1 316-838-7421,,,https://bartlettco.com/locations/ks/wichita/,Grain elevator,3311 N Emporia St,Wichita,Kansas,67219,https://www.facebook.com/BartlettCo/,https://www.linkedin.com/company/BartlettCo
Weldon adm,+1 217-736-2291,,,,Grain elevator,405 Maple St,Weldon,Illinois,61882,,
Elkhart Grain Company,+1 217-947-2751,,,http://elkhartgrain.com/,Grain elevator,120 N Old Rte 66,Elkhart,Illinois,62634,,
"Tettens Grain, Inc",+1 815-625-6119,info.tettens@gmail.com,bryce.tettens@gmail.com,http://tettensgrain.com/,Grain elevator,13323 Galt Rd,Sterling,Illinois,61081,,
Consolidated Grain and Barge Co.,+1 815-233-1140,,,http://www.cgbgrain.com/,Grain elevator,300 S Hancock Ave,Freeport,Illinois,61032,,
De Land Farmers Co-Op Grain Co,+1 217-664-3321,info@ndiscovered.com,,https://delandfarmersgrain.com/,Grain elevator,101 S Hwy Ave,De Land,Illinois,61839,,
Hillsdale Co-Op Elevator,+1 309-935-6792,,,http://www.hillsdaleelevator.com/,Grain elevator,303 Dhamers Ave,Annawan,Illinois,61234,,
Consolidated Grain and Barge Co.,+1 815-915-0234,,,https://www.cgbgrain.com/,Grain elevator,928 Walton Rd,Dixon,Illinois,61021,,
Farmers Elevator Co,+1 815-465-6681,,,,Grain elevator,7690 9000 N,Grant Park,Illinois,60940,,
Mott Equity Exchange,+1 701-824-3296,,,,Grain elevator,515 ND-8,Mott,North Dakota,58646,,
The DeLong Co. Inc.,+1 815-828-4450,skranig@delongcompany.com,jtaft@delongcompany.com,http://www.delongcompany.com/,"Grain elevator, Agricultural service",60 US-52,Minooka,Illinois,60447,https://www.facebook.com/delongcompany,http://www.linkedin.com/company/4301399
Topflight Grain Co-operative Atwood Elevator,+1 217-615-1348,,,,Grain elevator,319 E Central Ave,Atwood,Illinois,61913,,
Legacy Farmers Cooperative,+1 419-278-3015,ebowman@legacyfarmers.com,rdigby@legacyfarmers.com,http://legacyfarmers.com/,Grain elevator,114 W Maple St,Deshler,Ohio,43516,https://www.facebook.com/legacyfarmers/,http://www.linkedin.com/company/7143041
Bakker Consulting,+1 712-476-6088,jerryr@bakkerconsultinginc.com,info@bakkerconsultinginc.com,http://www.bakkerconsultinginc.com/,Grain elevator,1002 20th Ave SE,Rock Valley,Iowa,51247,,
ADM Shobonier,+1 618-846-3663,suzanne.richardson@sharpspring.com,,https://admadvantage.com/contact-us/?location=Shobonier~Illinois,Grain elevator,974 E 800 Ave,Shobonier,Illinois,62885,https://www.facebook.com/ADMFarmerServices/,
Viserion Grain Shawneetown,+1 618-269-3154,aaron.taylor@viseriongrain.com,,https://www.viseriongrain.com/,"Grain elevator, Agricultural service",218 Market St,Shawneetown,Illinois,62984,,
Consolidated Grain & Barge Co.,+1 318-339-8555,info@cgbgrain.com,cgbgrainsupport@cgb.com,https://www.cgbgrain.com/,Grain elevator,351 La Hwy 3264,Jonesville,Louisiana,71343,https://www.facebook.com/cgbgrain,https://www.linkedin.com/company/151628
Plains Grain Company,+1 806-298-2521,info@plainsgraincompany.com,,http://www.plainsgraincompany.com/,Grain elevator,701 Texas Ave,Abernathy,Texas,79311,,
Hudson Grain Co,+1 309-726-1671,chris.clayton@dtn.com,jhagstrom@nationaljournal.com,http://www.hudsongrain.com/,Grain elevator,219 Shiner St,Hudson,Illinois,61748,,
Irwinville Peanut & Grain Co,+1 229-831-2115,jmercer@rwgriffin.com,john@rwgriffin.com,https://rwgriffin.com/locations-all/irwinville-peanut-grain/,Grain elevator,1939 GA-32,Irwinville,Georgia,31760,https://www.facebook.com/449048471972074,http://www.linkedin.com/company/6053159
AgChoice - Osage City,+1 785-528-4631,,,http://www.myagchoice.com/,Grain elevator,426 N 3rd St,Osage City,Kansas,66523,,
Farmers Co-Op Mill & Elevator,+1 580-654-1016,farmerscoop@carnegienet.net,,http://www.carnegiecoop.com/,Grain elevator,106 S Broadway Ave,Carnegie,Oklahoma,73015,https://www.facebook.com/257569154388123,
"Horizon Resources, Zahl ND",+1 701-694-4111,jimr@horizonresources.coop,jeffw@horizonresources.coop,https://www.horizonresources.coop/cashbidssingle-,Grain elevator,35 Main St,Zahl,North Dakota,58856,,http://www.linkedin.com/company/6759932
Ancona Grain Co,+1 815-672-8888,,,,Grain elevator,31509 N 1250 E Rd,Blackstone,Illinois,61313,,
Voyce's East Leroy Elevator,+1 269-729-5503,,,https://www.facebook.com/Voyces-East-Leroy-Elevator-167397919943432/,"Grain elevator, Agrochemicals Supplier, Animal feed store, Fertilizer Store, Propane supplier",3985 K Dr S,East Leroy,Michigan,49051,https://www.facebook.com/p/Voyces-East-Leroy-Elevator-100063532302080/,
Mcnabb Grain Co Market Line,+1 815-882-2134,,,,Grain elevator,500 Main St,McNabb,Illinois,61335,,
CHS - SunBasin Growers,+1 509-234-2641,c.bishop@connellgg.com,g.benzel@connellgg.com,http://www.connellgg.com/,Grain elevator,433 N Columbia Ave,Connell,Washington,99326,,
Cargill AG Horizons,+1 785-515-7710,t.manternach@cargillag.com,m.wallace@cargillag.com,https://www.cargillag.com/,Grain elevator,17075 280th Ave,WaKeeney,Kansas,67672.0,https://www.facebook.com/132988303474951,
Kasbeer Farmers Elevator Co-Op,+1 815-875-1601,katie.dehlinger@dtn.com,todd.neeley@dtn.com,http://www.kasbeergrain.com/,Grain elevator,24682 2040 E St,Kasbeer,Illinois,61328,,
Viterra,+1 270-388-9766,ryan.eckstein@viterra.com,jay.priefert@viterra.com,https://viterra.us/,Grain elevator,1020 Old Railroad Rd,Eddyville,Kentucky,42038,https://www.facebook.com/ViterraUS/,
P & H Farms Grain Company: Eddyville Terminal,+1 270-545-3365,cali.pandhfarms@gmail.com,annie.pandfarms@gmail.com,https://www.pandhfarms.com/,Grain elevator,68 Depot Rd,Eddyville,Kentucky,42038,,
"McKaskle Family Farm, LLC",+1 573-752-5001,sales@mckasklefamilyfarm.com,,http://www.mckasklefamilyfarm.com/,Grain elevator,2190 Co Rd 411,Hayti,Missouri,63851,,
Dearwester Grain Services Inc,+1 217-773-9030,adamm@dgsinc.net,jons@dgsinc.net,https://www.dearwestergrain.com/,Grain elevator,921 County Rd 800 E,Mt Sterling,Illinois,62353,,
Ellsworth County Farmer's Co-op Union,+1 785-472-4861,,,,Grain elevator,,Kanopolis,Kansas,67454,,
The Ellsworth Coop,+1 785-472-3261,j.kootz@ellsworthcoop.com,j.hines@ellsworthcoop.com,http://www.ellsworthcoop.com/,Grain elevator,100 N Kansas Ave,Ellsworth,Kansas,67439,https://www.facebook.com/EllsworthCoop/,https://www.linkedin.com/company/the-ellsworth-coop
Key Cooperative,+1 641-236-6565,justin.crocheck@keycoop.com,matt.james@keycoop.com,http://www.keycoop.com/,"Grain elevator, Agricultural cooperative, Feed manufacturer",1006 Industrial Ave,Grinnell,Iowa,50112,,https://www.linkedin.com/company/key-cooperative
Key Cooperative,+1 641-236-6591,justin.crocheck@keycoop.com,matt.james@keycoop.com,http://www.keycoop.com/,"Grain elevator, Agricultural cooperative, Agricultural service, Fertilizer Store, Propane supplier",330 W St S,Grinnell,Iowa,50112,,https://www.linkedin.com/company/key-cooperative
"Michigan Agricultural Commodities, Inc. - MAC",+1 231-652-6017,dave.marr@michag.com,dgeiger@michag.com,http://www.michag.com/locations/newaygo.html,Grain elevator,103 W Water St,Newaygo,Michigan,49337,https://www.facebook.com/MACommodities/,https://www.linkedin.com/company/michigan-agricultural-commodities-inc
"The DeLong Co., Inc.",+1 585-289-4015,skranig@delongcompany.com,jtaft@delongcompany.com,http://www.delongcompany.com/,"Grain elevator, Agricultural service",2 Merrick Cir,Manchester,New York,14504,https://www.facebook.com/delongcompany,http://www.linkedin.com/company/4301399
Jorgensen Farm Elevator,+1 517-655-2121,,,,Grain elevator,2215 Dietz Rd,Williamston,Michigan,48895,,
Martig Farms Inc,+1 330-584-7135,lotusms@outlook.com,,https://birdsluvem.com/,Grain elevator,10210 State Rte 534,Beloit,Ohio,44609,https://www.facebook.com/MartigFarmsInc,
Nagel Farm Service - Wye Mills,+1 410-822-6300,chad@nagelgrain.com,mike@nagelgrain.com,http://www.nagelgrain.com/,Grain elevator,14209 Old Wye Mills Rd,Wye Mills,Maryland,21679,https://www.facebook.com/NagelFarmService/,http://www.linkedin.com/company/4654945
King Milling Co Inc,+1 336-983-5081,,,,Grain elevator,336 E Dalton Rd,King,North Carolina,27021,,
United Prairie AG LLC,+1 620-544-2017,,,,Grain elevator,509 Northwest Ave,Hugoton,Kansas,67951,,
Wellman Produce Co,+1 319-646-6073,,,,Grain elevator,1000 6th St,Wellman,Iowa,52356,,
"SRS Commodities, Ltd",+1 701-786-3402,rick@srscommodities.com,tyge@srscommodities.com,https://www.srscommodities.com/,Grain elevator,101 Main St,Washburn,North Dakota,58577,,
Farmers Union Coop Manchester,+1 563-927-6050,brentr@farmerunion.net,adamk@farmerunion.net,http://www.farmerunion.net/,Grain elevator,919 E Main St,Manchester,Iowa,52057,,
Ursa Farmers Co-Op,+1 573-288-0311,ray@ursacoop.com,truman@ursacoop.com,https://www.ursacoop.com/,Grain elevator,307 Oak St,Canton,Missouri,63435,https://www.facebook.com/UrsaFarmersCooperative/,https://www.linkedin.com/company/ursa-farmers-co-op-co
The DeLong Co. Inc.,+1 262-878-4435,skranig@delongcompany.com,jtaft@delongcompany.com,http://www.delongcompany.com/,"Grain elevator, Agricultural service",1313 S Colony Ave,Union Grove,Wisconsin,53182,https://www.facebook.com/delongcompany,http://www.linkedin.com/company/4301399
Labolt Farmers Grain,+1 605-756-4220,c.steinocker@laboltfarmersgrain.com,dfiala@futuresone.com,http://www.laboltfarmersgrain.com/,Grain elevator,101 Lakeview Ave,South Shore,South Dakota,57263,https://www.facebook.com/105044168686597,
Heartland Cooperative,+1 319-788-6831,janderson@heartlandcoop.com,jjones@heartlandcoop.com,https://www.heartlandcoop.com/,Grain elevator,107 North Pioneer,Reinbeck,Iowa,50669,https://www.facebook.com/HeartlandCoop,http://www.linkedin.com/company/798805
Heartland Cooperative,+1 319-788-6831,janderson@heartlandcoop.com,jjones@heartlandcoop.com,https://www.heartlandcoop.com/,Grain elevator,107 North Pioneer,Reinbeck,Iowa,50669,https://www.facebook.com/HeartlandCoop,http://www.linkedin.com/company/798805
The Jewell Grain Co.,+1 419-497-2101,brentp@jewellgrain.com,bpetersen@jewellgrain.com,http://jewellgrain.com/,Grain elevator,8049 Independence Rd,Defiance,Ohio,43512,https://www.facebook.com/1734859583400289,http://www.linkedin.com/company/4767979
Clarke County Co-Op,+1 601-776-2131,,,,Grain elevator,205 W Donald St,Quitman,Mississippi,39355.0,,
RCM CO-OP,+1 217-629-5971,smith@rcmcoop.com,,http://www.rcmcoop.com/riverton,Grain elevator,8233 Sherman Rd,Riverton,Illinois,62561,,
Cameron Co-Op,+1 816-632-2124,r.wood@cameroncoop.com,rkwood@centurytel.net,http://cameroncoop.com/,Grain elevator,102 S Walnut St,Cameron,Missouri,64429,,
Minn-Kota Ag Products,+1 701-553-8766,jim@mkap.com,michelle@mkap.com,http://www.mkap.com/,"Grain elevator, Agricultural service",7455 181st Ave SE,Wahpeton,North Dakota,58075,https://www.facebook.com/MinnKotaAg/,http://linkedin.com/company/minn-kota-ag-products-inc.
Adm Milling Co,+1 317-783-3321,,,,Grain elevator,854 Bethel Ave,Beech Grove,Indiana,46107,,
Breese Grain Co,+1 618-526-2279,,,,"Grain elevator, Store",700 N 1st St,Breese,Illinois,62230,,
Wheeler Brothers Grain Co.,+1 405-663-2241,cbaptiste@wheelerbrothers.com,mmahoney@wheelerbrothers.com,http://www.wheelerbrothers.com/,Grain elevator,130 Arapaho Ave,Hydro,Oklahoma,73048,https://www.facebook.com/196747084007135,http://linkedin.com/company/wheeler-brothers-inc
Farmer's Cooperative,+1 580-772-7001,,,,Grain elevator,311 E Clark Ave,Weatherford,Oklahoma,73096,,
Harvest Mills,+1 989-288-3302,,,,Grain elevator,5251 S Reed Rd,Durand,Michigan,48429,,
Wolf Lake Feed & Farm Supplies,+1 260-799-5540,,,,Grain elevator,1644 IN-109,Albion,Indiana,46701,,
"Ag Partners Cooperative - Sabetha, KS",+1 785-284-2185,psmith@agpartnerscoop.com,jtammet@agpartnerscoop.com,https://www.agpartnerscoop.com/,"Grain elevator, Agricultural cooperative",2750 Acorn Rd,Sabetha,Kansas,66534,https://www.facebook.com/agpartnerscoopinc/,http://www.linkedin.com/company/6364117
Burgess Brothers Grain Co,+1 270-653-4346,josh.burgess@burgessgrain.com,,http://www.burgessgrain.com/,Grain elevator,29 US-51,Clinton,Kentucky,42031,,
Rugby Farmers Elevator Feed Plant,+1 701-776-7282,,,,"Grain elevator, Petrol Pump",122 S Main Ave,Rugby,North Dakota,58368,,
Farmers Union Elevator,+1 701-776-5214,s.doctor@rugbyfarmers.com,kay@rugbyfarmers.com,https://rugbyfarmers.com/,Grain elevator,105 E Dewey St,Rugby,North Dakota,58368,https://www.facebook.com/RugbyElevator,
Gavilon Grain,+1 620-938-2319,,,,Grain elevator,1270 2nd Rd,Ellinwood,Kansas,67526,,
Cooperative Farmers Elevator,+1 712-928-2945,mfinck@coopfe.com,kflick@coopfe.com,https://www.coopfe.com/,Grain elevator,333 S Central Ave,Hartley,Iowa,51346,https://www.facebook.com/CooperativeFE/photos/?ref=page_internal&mt_nav=0,http://linkedin.com/company/farmers-cooperative-elevator-company
Lothian Grain Elevator,+1 410-442-2337,,,,Grain elevator,6272 Southern Most Rd,Lothian,Maryland,20711,,
Horizon Resources- Watford City Grain Elevator,+1 701-842-2309,tfjeldahl@horizonresources.coop,,https://www.horizonresources.coop/divisions/grain,Grain elevator,508 3rd Ave SW,Watford City,North Dakota,58854,,
CHS Holdrege,+1 308-995-8626,mychs@chsinc.com,managercharles.miller@chsinc.com,http://www.chsholdrege.com/,"Grain elevator, Agricultural cooperative",310 Logan St,Holdrege,Nebraska,68949,https://www.facebook.com/CHSagri/,https://www.linkedin.com/company/chs
Grant Park Co-Op Grain Co,+1 815-465-6551,support@cropsafe.com,,https://www.agprices.com/elevator/grant-park-coop-grant-park-il-47d8683aaac61ebb0f74a92defae2270,Grain elevator,116 S Main St,Grant Park,Illinois,60940,,
Valley United Co-Op Thompson Elevator,+1 701-599-2740,,,,Grain elevator,217 Pacific Ave,Thompson,North Dakota,58278,,
Southland Milling Co,+1 850-674-8448,,,,Grain elevator,21474 SE Coastal St,Blountstown,Florida,32424,,
ICT LITTLEFIELD,+1 806-385-1015,lylev@ictoilfieldproducts.com,jon@ictoilfieldproducts.com,https://www.ictoilfieldproducts.com/,Grain elevator,1861 Farm to Market Rd 54,Littlefield,Texas,79339,,
Hansen-Mueller,+1 715-398-3541,michellep@hansenmueller.com,john@hansenmueller.com,http://www.hansenmueller.com/,Grain elevator,21st Ave E,Superior,Wisconsin,54880,https://www.facebook.com/158908650809378,http://www.linkedin.com/company/883564
Two Rivers Cooperative,+1 641-627-5311,geest@tworivers.coop,nsteinbach@tworiverscoop.net,https://www.tworivers.coop/,"Grain elevator, Agricultural service, Animal feed store, Fertilizer Store, Propane supplier",311 Business Hwy 163,Otley,Iowa,50214,https://www.facebook.com/tworiverscoop,https://www.linkedin.com/company/two-rivers-cooperative
Heartland Feed Services - Celina,+1 419-586-7443,social@heartlandfeedservices.com,,https://heartlandfeedservices.com/,"Grain elevator, Agricultural cooperative, Animal feed store",417 W Market St,Celina,Ohio,45822,https://www.facebook.com/heartlandfeedservices,https://www.linkedin.com/company/heartland-feed-services
Midway Cooperative - Feedmill,+1 785-346-5441,osbss@midwaycoop.com,cnemece@midwaycoop.com,https://www.midwaycoop.com/locations/osborne-feed-mill,Grain elevator,134 S Locust St,Osborne,Kansas,67473,https://www.facebook.com/MidwayCoopInc/,http://www.linkedin.com/company/7098403
Red Lion Grain Center,+1 717-244-6909,rgcc@thewengergroup.com,,https://www.rissergrain.com/,"Grain elevator, Supplier",1000 Delta Rd,Red Lion,Pennsylvania,17356,,
Florida Mineral Salt & Agricultural Products,+1 800-741-5450,info@fmsap.com,,http://floridamineral.com/,"Grain elevator, Farm equipment supplier, Ranch",4014 N 40th St,Tampa,Florida,33610,https://www.facebook.com/Florida-Mineral-Salt-Agricultural-Products-1386915894854387/,
Buckingham Co-Op Co,+1 319-478-2331,support@buckingham.coop,r.reynolds@buckingham.coop,http://www.buckingham.coop/,Grain elevator,1236 Dwan St,Buckingham,Iowa,50612,,
Country Partners Co-Op,+1 308-428-5065,tconnelly@countrypartnerscoop.com,fjasa@countrypartnerscoop.com,https://www.countrypartnerscoop.com/,Grain elevator,101 W O'Neill Ave,Greeley,Nebraska,68842,https://www.facebook.com/CountryPartnersCooperative/,http://www.linkedin.com/company/8574116
Preble Feed & Grain,+1 260-547-4452,,,,Grain elevator,6035 N 400 W,Preble,Indiana,46782,,
Wolfe City Grain,+1 903-496-2254,,,,Grain elevator,300 TX-11,Wolfe City,Texas,75496,,
Rumbold Valley Farm,+1 309-751-4355,,,,Grain elevator,411 N Chestnut St,Kewanee,Illinois,61443,,
Linn Co-Op Oil Co Elevator,+1 319-854-6192,sturn@linncoop.com,moshe@linncoop.com,https://www.linncoop.com/,"Grain elevator, Convenience store, Government",301 Broadway St,Springville,Iowa,52336,https://www.facebook.com/LinnCoopOilCompany,http://www.linkedin.com/company/8251265
"Riegel Feed & Grain, Inc",+1 937-437-4221,,,,Grain elevator,307 N Washington St,New Paris,Ohio,45347,,
Ochsner Grain Co,+1 402-454-3343,b.freudenburg@ochsnergrain.com,,http://www.ochsnergrain.com/,Grain elevator,703 W 3rd St,Madison,Nebraska,68748,,
Farmers Exchange Coop,+1 580-852-3252,,,https://www.farmersexchangecoop.com/,Grain elevator,Kingman St,Helena,Oklahoma,73741,,
Farmers Exchange Coop,+1 580-852-3252,,,https://www.farmersexchangecoop.com/,Grain elevator,Kingman St,Helena,Oklahoma,73741,,
Alabama Farmers Co-Op Inc,+1 256-582-3121,kyle@alafarm.com,fred.cespedes@alafarm.com,http://www.alafarm.com/,Grain elevator,2414 Brown St,Guntersville,Alabama,35976,https://www.facebook.com/alafarm/photos/a.10153231423009489/10153231423094489/?type=3,https://www.linkedin.com/company/alabama-farmers-cooperative-inc-
Cargill,+1 256-582-9900,t.manternach@cargillag.com,m.wallace@cargillag.com,https://www.cargillag.com/,Grain elevator,2930 Lake Guntersville Park Dr,Guntersville,Alabama,35976,https://www.facebook.com/132988303474951,
Clarkson Grain North Plant,+1 217-763-2861,kathy.handley@clarksongrain.com,rick@clarksongrain.com,https://clarksongrain.com/about/our-facilities/profile/cerro-gordo,"Grain elevator, Food products supplier",924 IL-32,Cerro Gordo,Illinois,61818,https://www.facebook.com/clarksongrain/,http://www.linkedin.com/company/6040432
Clarkson Grain Company,+1 217-763-2861,kathy.handley@clarksongrain.com,rick@clarksongrain.com,https://clarksongrain.com/,"Grain elevator, Exporter",320 E South St,Cerro Gordo,Illinois,61818,https://www.facebook.com/clarksongrain/,http://www.linkedin.com/company/6040432
Goldsboro Milling Co,+1 252-566-1411,,,,Grain elevator,553 N Beston Rd,La Grange,North Carolina,28551,,
Southeastern Grain Co LLC,+1 252-566-4086,,,,"Grain elevator, Agricultural service",3318 Willie Measley Rd,La Grange,North Carolina,28551,,
Ritzville Warehouse Co. - Templin Grain Facility,,h.carstesen@ritzwhse.com,j.anderson@ritzwhse.com,https://www.ritzwhse.com/,Grain elevator,1803 E Danekas Rd,Ritzville,Washington,99169,http://www.facebook.com/nationalffa,http://linkedin.com/company/ritzville-warehouse-co.-inc.
Proximity Malt,+1 719-628-0219,malt@proximitymalt.com,dustin@proximitymalt.com,http://www.proximitymalt.com/,Grain elevator,1001 N County Rd 3 E,Monte Vista,Colorado,81144,https://www.facebook.com/ProximityMalt/,https://www.linkedin.com/company/proximity-malt
ADM Seward,+1 815-247-8495,suzanne.richardson@sharpspring.com,,https://admadvantage.com/contact-us/?location=Seward~Illinois,Grain elevator,16100 3rd St,Seward,Illinois,61077,https://www.facebook.com/ADMFarmerServices/,
Mountaire Farms Grain Elevator -- Harrington,+1 302-398-3296,khalsted@mountaire.com,tjohnson@mountaire.com,https://mountaire.com/,Grain elevator,615 Rd 316,Harrington,Delaware,19952,https://www.facebook.com/MountaireFarms,http://linkedin.com/company/mountaire-farms-of-delmarva-inc.
Winnebago Grain & Feed,+1 815-335-2361,,,,Grain elevator,315 W Main St,Winnebago,Illinois,61088,,
Graymont Co-Op Association Grain Elevator,+1 815-743-5321,mjacobs@graymontcoop.com,azehr@graymontcoop.com,http://www.graymontcoop.com/,Grain elevator,403 Main St,Graymont,Illinois,61743,,https://www.linkedin.com/company/graymont-cooperative-assn
CHS Southwest Grain - Durum Terminal,+1 701-483-6781,patron.equities@chsinc.com,dustin.elkins@chsinc.com,https://www.chssouthwestgrain.com/about/locations/,"Grain elevator, Fertilizer Store",1519 W Broadway St,Dickinson,North Dakota,58601,https://www.facebook.com/paybackdickinson/,https://www.linkedin.com/company/chs
Goodwine Co-Op Grain Company,+1 815-889-4422,,,,Grain elevator,1982 County Rd 1020 N,Milford,Illinois,60953,,
Havestland Cooperative,+1 765-332-2125,,,,Grain elevator,477 S County Rd 600 E,New Castle,Indiana,47362,,
Nitty Gritty Grains of Vermont,+1 802-425-4544,dkenyon@nittygrittygrain.com,ckenyon@nittygrittygrain.com,http://nittygrittygrain.com/,"Grain elevator, Food manufacturer, Organic farm",4458 Lake Rd,Charlotte,Vermont,05445,http://www.facebook.com/nittygrittygrain,
Blount County Farmer Co-Op,+1 205-274-2185,kyle@alafarm.com,fred.cespedes@alafarm.com,http://www.alafarm.com/,Grain elevator,810 2nd Ave E,Oneonta,Alabama,35121,https://www.facebook.com/alafarm/photos/a.10153231423009489/10153231423094489/?type=3,https://www.linkedin.com/company/alabama-farmers-cooperative-inc-
AgVantage FS - Dewar,+1 319-234-1392,matthewhillesland@agvantagefs.com,bbahe@agvantagefs.com,http://www.agvantagefs.com/,Grain elevator,5901 1st St,Dewar,Iowa,50623,https://www.facebook.com/agvantagefs/,http://www.linkedin.com/company/4634522
AgVantage FS - Dewar,+1 319-234-1392,matthewhillesland@agvantagefs.com,bbahe@agvantagefs.com,http://www.agvantagefs.com/,Grain elevator,5901 1st St,Dewar,Iowa,50623,https://www.facebook.com/agvantagefs/,http://www.linkedin.com/company/4634522
Dawson Grain Co-Op,+1 320-769-2929,m.willand@dawsongrain.com,dgc@frontiernet.net,https://www.dawsongrain.com/,Grain elevator,1099 Diagonal St,Dawson,Minnesota,56232,,
Yoakum Grain Inc,+1 361-293-3521,,,https://yoakumgrain.com/,Grain elevator,915 W Gonzales St,Yoakum,Texas,77995,https://www.facebook.com/yoakumgraininc/,
Bottlinger Grain,+1 254-386-3128,,,,Grain elevator,460 County Road 932,Hamilton,Texas,76531,,
MFA Agri Services,+1 660-584-3676,dmoore@mfa-inc.com,skoch@mfa-inc.com,https://mfa-inc.com/,Grain elevator,105 W 22nd St,Higginsville,Missouri,64037,https://www.facebook.com/mfaincorporated,https://www.linkedin.com/company/mfa-incorporated
Rock River Lumber & Grain,+1 815-772-4820,joerosengren@rockriverag.com,g.forward@rockriverag.com,http://rockriverag.com/,Grain elevator,13024 Lincoln Rd,Morrison,Illinois,61270,,http://www.linkedin.com/company/6361612
Link Feed Ingredients Black,+1 806-360-3886,raylene@linkfeedingredients.com,john@linkfeedingredients.com,http://linkfeedingredients.com/,Grain elevator,2480 US-60,Friona,Texas,79035,,
Nexus,+1 507-242-0109,ddavis@nexus.coop,mruggles@nexus.coop,http://www.nexus.coop/,Grain elevator,742 Hwy Ave S,Blooming Prairie,Minnesota,55917,http://www.facebook.com/NexusCooperative,https://www.linkedin.com/company/nexuscooperative
Farmers Elevator Co of Lowder,+1 217-965-4004,,,,Grain elevator,,Lowder,Illinois,62662,,
"Western Grain Marketing, LLC",+1 217-323-2815,trouse@westerngrainmarketing.com,rmiller@westerngrainmarketing.com,http://www.westerngrainmarketing.com/,"Grain elevator, Agricultural service",7517 S Bluff Springs Rd,Bluff Springs,Illinois,62622,https://www.facebook.com/165466153480477,http://www.linkedin.com/company/4264512
Key Cooperative,+1 641-637-4097,justin.crocheck@keycoop.com,matt.james@keycoop.com,http://www.keycoop.com/,"Grain elevator, Agricultural cooperative, Agricultural service, Animal feed store, Fertilizer Store, Propane supplier",1380 US-63,New Sharon,Iowa,50207,,https://www.linkedin.com/company/key-cooperative
Litchfield Grain Co,+1 517-542-2328,,,http://litchfield-co.keeq.io/,Grain elevator,113 Stock St,Litchfield,Michigan,49252,https://www.facebook.com/163241447034402,
Freeland Bean & Grain Inc,+1 989-695-9131,j.hupfer@freelandbeanandgrain.com,dfiala@futuresone.com,http://www.freelandbeanandgrain.com/,Grain elevator,1000 E Washington Rd,Freeland,Michigan,48623,https://www.facebook.com/819682654832390,
Assumption Co-Op Grain Co,+1 217-226-3213,tbressner@acoop.com,tlush@acoop.com,http://www.acoop.com/,Grain elevator,104 W North St,Assumption,Illinois,62510,https://www.facebook.com/342975482418239,
Perdue AgriBusiness - Exmore Grain Elevator,+1 757-551-4003,j.wright@perdueagribusiness.com,t.ferguson@perdueagribusiness.com,http://www.perdueagribusiness.com/,Grain elevator,11430 Oakland Dr,Exmore,Virginia,23350,https://www.facebook.com/160327367324124,http://www.linkedin.com/company/8877712
Perdue AgriBusiness - Roberts Grain Elevator,+1 410-758-1183,j.wright@perdueagribusiness.com,t.ferguson@perdueagribusiness.com,http://www.perdueagribusiness.com/,Grain elevator,133 Brierleys Mill Rd,Church Hill,Maryland,21623,https://www.facebook.com/160327367324124,http://www.linkedin.com/company/8877712
Farmers Grain Co of Central Il,+1 217-672-3213,,,,Grain elevator,215 S Lincoln St,Warrensburg,Illinois,62573,,
Bucyrus Elevator Division,+1 419-562-7565,jauch@mennel.com,crams@mennel.com,https://mennel.com/,Grain elevator,970 Nevada Rd,Bucyrus,Ohio,44820,https://www.facebook.com/MennelMilling,https://www.linkedin.com/company/the-mennel-milling-company
AgState,+1 712-434-2297,slovin@agstate.org,cherih@agpartners.com,http://www.agstate.org/,Grain elevator,100 Main St,Aurelia,Iowa,51005,https://www.facebook.com/AgStateLLC,
Viserion Grain Caruthersville,+1 573-333-4121,aaron.taylor@viseriongrain.com,,https://www.viseriongrain.com/,Grain elevator,100 Ward Ave,Caruthersville,Missouri,63830,,
"Mundy Inc, Est 1907, Grain Elevator, Cotton Gin, Grain Marketing",+1 706-554-2177,,,,"Grain elevator, Cotton mill",529 Corker Rd,Waynesboro,Georgia,30830,,
The Arthur Companies - Page Elevator,+1 701-997-6103,jholder@arthurcompanies.com,jmelland@arthurcompanies.com,http://www.arthurcompanies.com/,"Grain elevator, Fertilizer Store, Agricultural Seed Store",109 Young Ave,Page,North Dakota,58064.0,https://www.facebook.com/ArthurCompanies,http://www.linkedin.com/company/220697
GREAT NORTHERN AG,+1 701-497-3082,michael@greatnorthernag.com,jarrod@greatnorthernag.com,http://www.greatnorthernag.com/,Grain elevator,6373 39th St NW #9790,Plaza,North Dakota,58771.0,https://www.facebook.com/1495022664153868,https://www.linkedin.com/company/great-northern-ag
"Michigan Agricultural Commodities, Inc - MAC",+1 517-486-2171,dave.marr@michag.com,dgeiger@michag.com,http://www.michag.com/contact/blissfield/,Grain elevator,10895 US-223,Blissfield,Michigan,49228,https://www.facebook.com/MACommodities/,https://www.linkedin.com/company/michigan-agricultural-commodities-inc
The Arthur Companies - Harvey Bird Food,+1 701-712-2613,,,,Grain elevator,110 7th St E,Harvey,North Dakota,58341,,
The Arthur Companies - Harvey Prairie Towers,+1 701-712-2610,jholder@arthurcompanies.com,jmelland@arthurcompanies.com,http://www.arthurcompanies.com/,"Grain elevator, Fertilizer Store, Agricultural Seed Store",3259 US-52,Harvey,North Dakota,58341,https://www.facebook.com/ArthurCompanies,http://www.linkedin.com/company/220697
"Grain Vacs, Inc.",+1 641-357-7333,ray.guscette@grainvacsinc.com,r_guscette@grainvacsinc.com,http://www.grainvacsinc.com/,"Grain elevator, Agricultural service, Farm Equipment Repair Shop, Farm equipment supplier, Pneumatic tools supplier",1411 N 36th Pl,Clear Lake,Iowa,50428,,
Brink Brothers Grain & Trucking Inc,+1 618-247-8230,,,,"Grain elevator, Agricultural service, Trucking company",29433 US-50,Sandoval,Illinois,62882,,
Viserion Grain Lettsworth,+1 225-492-3218,aaron.taylor@viseriongrain.com,,https://www.viseriongrain.com/about-viserion-grain/,Grain elevator,17783 LA-418,Lettsworth,Louisiana,70753,,
CHS,+1 217-435-9023,mychs@chsinc.com,randall.broady@chsinc.com,https://www.chsshipman.com/about-us/locations/,Grain elevator,10955 North St,Waverly,Illinois,62692,https://www.facebook.com/chsshipman/,https://www.linkedin.com/company/chs
Martin Farms - Certified Public Scale,+1 209-835-5258,,,,Grain elevator,12067 S Lammers Rd,Tracy,California,95304,,
"The DeLong Co., Inc.",+1 847-683-2428,skranig@delongcompany.com,jtaft@delongcompany.com,http://www.delongcompany.com/,Grain elevator,47W725 Allen Rd,Hampshire,Illinois,60140,https://www.facebook.com/delongcompany,http://www.linkedin.com/company/4301399
Farmers Grain Terminal Inc,+1 662-887-5610,,,,Grain elevator,368 N Martin Luther King Jr Ave,Indianola,Mississippi,38751,,
Ruleville-Drew Grain Elevator,+1 662-745-8787,,,,Grain elevator,3887 Highway 49,Drew,Mississippi,38737,,
Prairie Central Co-Op Fairbury,+1 815-692-4353,,,,Grain elevator,301 E Locust St,Fairbury,Illinois,61739,,
O'Neill Grain Co,+1 402-336-4947,,,,Grain elevator,406 S Tenth St,O'Neill,Nebraska,68763,,
Cargill Inc,+1 402-395-5206,angela_taulbee@cargill.com,christian_butler@cargill.com,http://cargill.com/,Grain elevator,87087 494th Ave,O'Neill,Nebraska,68763,https://www.facebook.com/CargillCares/,https://www.linkedin.com/company/cargill
Cadott Grain Services,+1 715-289-4056,todd.neeley@dtn.com,,http://www.cadottgrain.com/index.cfm,Grain elevator,22939 Co Hwy X,Cadott,Wisconsin,54727,,
Minier Cooperative Grain Co,+1 309-392-2424,dtyler@grainlandcooperative.com,jgrilli@grainlandcooperative.com,http://www.grainlandcooperative.com/,Grain elevator,101 N Main Ave,Minier,Illinois,61759,https://www.facebook.com/106959101711836,https://www.linkedin.com/company/grainland-cooperative
Christian County F/S,+1 217-562-2363,mbuialta@christiancountyfs.com,mike.buialta@christiancountyfs.com,http://www.christiancountyfs.com/,Grain elevator,117 Clay St,Rosamond,Illinois,62083,,https://www.linkedin.com/company/christian-county-fs
Loudonville Farmers Equity Co,+1 419-994-4186,custserv@loudonvilleequity.com,r.stitzlein@loudonvilleequity.com,https://loudonvilleequity.com/,"Grain elevator, Agricultural cooperative, Animal feed store",514 W Main St,Loudonville,Ohio,44842,https://www.facebook.com/LoudonvilleFarmersEquity,https://www.linkedin.com/company/loudonville-farmers-equity-co
Gregory Farmers Elevator Co,+1 605-835-9207,,,,Grain elevator,121 S Main St,Gregory,South Dakota,57533,,
Reinke Grain Co,+1 208-652-7449,,,,Grain elevator,301 Main St,Ashton,Idaho,83420,,
St Olaf AG Sales & Services,+1 563-783-2626,,,,Grain elevator,101 E Hill St,St Olaf,Iowa,52072,,
Farmward Cooperative,+1 507-723-7350,jhennen@farmward.net,chebrink@farmward.net,http://www.farmward.net/,Grain elevator,36609 US-14,Springfield,Minnesota,56087,https://www.facebook.com/farmwardcoop/,https://www.linkedin.com/company/farmward-cooperative
Perdue AgriBusiness - Belhaven Grain Elevator,+1 252-943-9914,j.wright@perdueagribusiness.com,t.ferguson@perdueagribusiness.com,http://www.perdueagribusiness.com/,Grain elevator,431 W Main St,Belhaven,North Carolina,27810,https://www.facebook.com/160327367324124,http://www.linkedin.com/company/8877712
Chester County Grain,+1 731-989-4011,,,,Grain elevator,198 W 3rd St,Henderson,Tennessee,38340,,
Beachner Grain Inc,+1 620-431-0200,t.rasmussen@beachnergrain.com,d.schmidt@beachnergrain.com,https://www.beachnergrain.com/,Grain elevator,401 W Twenty First St,Chanute,Kansas,66720,https://www.facebook.com/beachnergraininc/,
Texhoma Wheat Growers - Guymon Location,+1 580-338-4586,tblain@wheatgrowersinc.com,,http://www.wheatgrowersinc.com/,Grain elevator,3205 County Road W,Guymon,Oklahoma,73942,https://www.facebook.com/162859673874187,
MN Valley Grain,+1 507-357-6841,todd.neeley@dtn.com,,http://www.mnvalleygrain.com/,Grain elevator,392 W Derrynane St,Le Center,Minnesota,56057,,
Kanza Cooperative Association- Andale Branch,+1 316-444-2141,,,,Grain elevator,219 Main St,Andale,Kansas,67001,,
La Harpe Elevator,+1 217-659-7736,d.mcmillen@roquettegrain.com,todd.hultman@dtn.com,http://www.roquettegrain.com/,Grain elevator,201 Toledo Peoria and Western Railroad,La Harpe,Illinois,61450,,
Central Farm Service Kenyon,+1 507-789-5151,ehopp@cfscoop.com,mnims@cfscoop.com,https://www.cfscoop.com/,"Grain elevator, Agricultural service",806 2nd St,Kenyon,Minnesota,55946,https://www.facebook.com/CentralFarmService/,https://www.linkedin.com/company/central-farm-service
Soda Springs Elevator Inc,+1 208-547-3595,,,,Grain elevator,,Soda Springs,Idaho,,,
Farmers Elevator,+1 406-377-8312,mcgowan25@hotmail.com,dkhagen@bigfoot.com,https://www.chsfarmerselevator.com/,Grain elevator,320 MT-16,Glendive,Montana,59330,https://www.facebook.com/CHS-Farmers-Elevator-215313368517117/,https://www.linkedin.com/company/chs
Clark Specialty Grains,+1 308-537-2004,jim.clark@clarkspecialtygrains.com,team@latofonts.com,https://clarkspecialtygrains.com/,"Grain elevator, Food manufacturer",22530 S Banner Rd,Gothenburg,Nebraska,69138.0,,
Irsik & Doll Sublette Elevator,+1 620-675-2207,rkenyon@irsikanddoll.com,jbuckley@irsikanddoll.com,http://www.irsikanddoll.com/,Grain elevator,1534 US-56,Sublette,Kansas,67877.0,https://www.facebook.com/irsikanddoll/,http://linkedin.com/company/irsik-&-doll-feed-services-inc.
Adm Grain,+1 620-675-8520,,,,Grain elevator,1892 US-83,Sublette,Kansas,67877.0,,
Idaho Milling & Grain,+1 208-766-2206,,,,Grain elevator,430 W 445 N,Malad City,Idaho,83252.0,,
"United Equity, Inc - Grain and HQ",+1 419-692-0811,justin@unitedequityinc.com,delkins@unitedequities.com,https://unitedequityinc.com/,"Grain elevator, Farm equipment supplier, Animal feed store",104 S Main St,Delphos,Ohio,45833,https://www.facebook.com/unitedequityinc/,
Nortana Grain Co,+1 406-774-3331,,,,Grain elevator,101 1st Ave SW,Lambert,Montana,59243,,
Graymont Co-Op Association Feed Mill,+1 815-743-5747,,,,Grain elevator,401 Main St,Graymont,Illinois,61743,,
Kahle Supply & Feed Mill Inc,+1 419-532-3305,,,,Grain elevator,120 E Main St,Kalida,Ohio,45853,,
Top AG Co-Op,+1 618-243-5293,dalet@topag.net,shawnm@topag.net,http://www.topag.net/,Grain elevator,702 S Elevator St,Okawville,Illinois,62271,https://www.facebook.com/TopAg/,https://www.linkedin.com/company/top-ag-coop-inc
Farmers Coop Society of Stamford/Radium,+1 325-773-3341,,,,Grain elevator,504 S Swenson St,Stamford,Texas,79553,,
Kaytee Products Inc,+1 570-385-1530,,,,Grain elevator,55 N Sillyman St,Cressona,Pennsylvania,17929,,
Grelton Elevator Inc,+1 419-256-6381,,,https://www.greltonelevator.com/,Grain elevator,6944 Co Rd M,Grelton,Ohio,43523,,
Grelton Elevator Inc,+1 419-256-6381,,,https://www.greltonelevator.com/,Grain elevator,6944 Co Rd M,Grelton,Ohio,43523,,
Farmers Cooperative Elevator,+1 308-282-0225,bart.moseman@farmcoop.com,fm.hou@farmcoop.com,http://www.farmcoop.com/,"Grain elevator, Store",201 E Orin St,Gordon,Nebraska,69343,https://www.facebook.com/pages/,http://linkedin.com/company/farmers-co-op-elevator-co
AgrowStar LLC,+1 478-922-2204,jredmon@agrowstar.com,dbrown@agrowstar.com,http://www.agrowstar.com/bonaire,Grain elevator,801 GA-247,Bonaire,Georgia,31005,https://www.facebook.com/1441572222762778,https://www.linkedin.com/company/agrowstar-llc
Poulin Grain,,pmartin@poulingrain.com,mtetreault@poulingrain.com,https://www.poulingrain.com/,Grain elevator,2938 Dartmouth College Hwy,North Haverhill,New Hampshire,03774,https://www.facebook.com/Thehayloftcoram/,http://www.linkedin.com/company/1762455
CHS Inc,+1 601-797-3410,cynthia.clanton@chsinc.com,nanci.lilja@chsinc.com,https://www.chsinc.com/,Grain elevator,4556 US 49,Mt Olive,Mississippi,39119,https://www.facebook.com/CHS-Inc-1704140756493533/,https://www.linkedin.com/company/chs/
AgBest Cooperative,+1 765-348-1254,martyc@agbest.com,paulah@agbest.com,https://agbest.com/,Grain elevator,1746 E 200 N,Hartford City,Indiana,47348,,http://www.linkedin.com/company/6310204
Hostetter Grain Inc - Oxford,+1 610-932-4484,w.hostetter@hostettergrain.com,jarrett@hostettergrain.com,http://www.hostettergrain.com/,Grain elevator,481 Limestone Rd,Oxford,Pennsylvania,19363,http://www.facebook.com/pages/,
Ludlow Co-Op Grain Elevator Co,+1 217-379-4366,bruce.bastert@ludlowcoop.com,cevans@ludlowcoop.com,http://www.ludlowcoop.com/,Grain elevator,1055 N Railroad Ave,Paxton,Illinois,60957,https://www.facebook.com/Ludlow-Coop-Elevator-Company-102676933142708/,http://linkedin.com/company/midwest-grain-llc
Pender Grain,+1 402-385-3003,,,,"Grain elevator, Animal feed store",214 north 3rd St,Pender,Nebraska,68047,,
Southern Milling Co,+1 731-587-2219,info@blakesatsouthernmilling.com,,https://www.blakesatsouthernmilling.com/,"Grain elevator, Store",109 S Lindell St,Martin,Tennessee,38237,https://www.facebook.com/blakesatsouthernmilling/,
Luckey Farmers,+1 419-837-5457,mwilson@luckeyfarmers.com,jbratton@luckeyfarmers.com,https://luckeyfarmers.com/,Grain elevator,23615 Lemoyne Rd,Lemoyne,Ohio,43441,https://www.facebook.com/luckeyfarmers,http://www.linkedin.com/company/6944005
CHS Inc,+1 406-377-8311,mcgowan25@hotmail.com,dkhagen@bigfoot.com,https://www.chsfarmerselevator.com/grain/cash-bids/,"Grain elevator, Safety equipment supplier",12 MT-16,Glendive,Montana,59330,https://www.facebook.com/CHS-Farmers-Elevator-215313368517117/,https://www.linkedin.com/company/chs
ADM Stateline,+1 580-652-2623,,,,Grain elevator,rte 3 box 41 9837th mile Hooker,Hooker,Oklahoma,73945,,
Total Grain Marketing,+1 217-345-6486,b.brown@totalgrainmarketing.com,j.ham@totalgrainmarketing.com,http://www.totalgrainmarketing.com/,Grain elevator,16249 E County Rd 1400 N,Charleston,Illinois,61920,https://www.facebook.com/southcentralfs/,https://www.linkedin.com/company/total-grain-marketing-llc
Glasgow MFA,+1 660-338-2251,david.monnig@glasgowmfa.com,dowell@glasgowmfa.com,http://www.glasgowmfa.com/,Grain elevator,402 10th St,Glasgow,Missouri,65254,https://www.facebook.com/442028265907534,
AG Processing Inc,+1 515-448-4711,mcaswell@agp.com,jhills@agp.com,https://www.agp.com/,Grain elevator,500 N Commercial Ave,Eagle Grove,Iowa,50533,https://www.facebook.com/439967499366884,https://www.linkedin.com/company/ag-processing-inc
ADM Tuscola,+1 217-253-3389,suzanne.richardson@sharpspring.com,,https://admadvantage.com/contact-us/?location=Tuscola~Illinois,Grain elevator,920 US-36,Tuscola,Illinois,61953,https://www.facebook.com/ADMFarmerServices/,
Crop Production Services Inc,+1 910-628-6380,,,,Grain elevator,200 Center St,Fairmont,North Carolina,28340,,
Cargill Animal Nutrition,+1 573-564-2292,,,,Grain elevator,1006 Industrial Park Dr,Montgomery City,Missouri,63361,,
Dakota Mill & Grain,+1 605-381-5357,tlien@dakotamill.com,aberihu@dakotamill.com,http://www.dakotamill.com/,"Grain elevator, Agricultural service, Feed manufacturer",426 Omaha St,Rapid City,South Dakota,57701,https://www.facebook.com/dakotamillandgrain/,
Farmers Co-Op Equity Co,+1 620-886-5656,mike@fceisabel.com,justin@fceisabel.com,https://www.fceisabel.com/,Grain elevator,1447 River Rd,Medicine Lodge,Kansas,67104,https://www.facebook.com/thefarmerscooperativeequityco/,
Farmers Co-Op Equity Co,+1 620-886-5656,mike@fceisabel.com,justin@fceisabel.com,https://www.fceisabel.com/,Grain elevator,1447 River Rd,Medicine Lodge,Kansas,67104,https://www.facebook.com/thefarmerscooperativeequityco/,
Tremont Cooperative Grain Co,+1 309-925-4981,info@tremont.coop,,http://www.tremont.coop/,Grain elevator,14697 Baer Rd,Tremont,Illinois,61568,,
"Geary Grain, Inc",+1 877-838-4177,joe.hund@gearygrain.com,,http://gearygrain.com/,Grain elevator,340 E 13th St,Junction City,Kansas,66441,,
Farmward Cooperative,+1 320-523-1811,jhennen@farmward.net,chebrink@farmward.net,https://farmward.net/,Grain elevator,706 E Lincoln Ave,Olivia,Minnesota,56277,https://www.facebook.com/farmwardcoop/,https://www.linkedin.com/company/farmward-cooperative
Gold'n Plump Poultry Feed Mill,+1 320-251-9330,,,https://www.gnpcograin.com/,"Grain elevator, Feed manufacturer",607 Lark Rd NW,Sauk Rapids,Minnesota,56379,,
ADM Hoopeston,+1 217-283-5147,tech-3668700@admfarmview.com.whoisprivacyservice.org,,https://www.admfarmview.com/cash-bids/bids/hoopeston,Grain elevator,837 N Market St,Hoopeston,Illinois,60942,,
DeLong Company,+1 608-676-3040,skranig@delongcompany.com,jtaft@delongcompany.com,https://www.delongcompany.com/,Grain elevator,"N, 545 Salt Box Rd",Sharon,Wisconsin,53585,https://www.facebook.com/delongcompany,http://www.linkedin.com/company/4301399
The DeLong Co. Inc.,+1 855-479-6818,skranig@delongcompany.com,jtaft@delongcompany.com,http://www.delongcompany.com/,"Grain elevator, Agricultural service","Route 23 and, US-30",Waterman,Illinois,60556,https://www.facebook.com/delongcompany,http://www.linkedin.com/company/4301399
Hardy Grain Company,+1 602-309-8174,,,,Grain elevator,7113 Shabbona Grove Rd,Waterman,Illinois,60556,,
Ag Producers Co-op Olton Elevator,+1 806-285-2638,lynngiessel@skylandgrain.com,stevearnold@skylandgrain.com,https://www.skylandgrain.com/location/olton/,Grain elevator,910 1st St,Olton,Texas,79064,https://www.facebook.com/Skylandgrain/,http://www.linkedin.com/company/4704307
Carson Grain Co,+1 319-849-1118,carsongrain@hotmail.com,cpcarsongrain@hotmail.com,https://carsongrain.com/,Grain elevator,905 Central Ave,Center Point,Iowa,52213,https://www.facebook.com/122618574461453,
Cargill Animal Nutrition,+1 970-522-6136,angela_taulbee@cargill.com,christian_butler@cargill.com,https://www.cargill.com/,"Grain elevator, Store",219 Right of Way Rd,Sterling,Colorado,80751,https://www.facebook.com/CargillCares/,https://www.linkedin.com/company/cargill
Cargill Animal Nutrition,+1 970-522-6136,angela_taulbee@cargill.com,christian_butler@cargill.com,https://www.cargill.com/,"Grain elevator, Store",219 Right of Way Rd,Sterling,Colorado,80751,https://www.facebook.com/CargillCares/,https://www.linkedin.com/company/cargill
Colorado Agri Products,+1 970-522-2222,ray.lightle@coloradoagriproducts.com,alex.krebsbach@coloradoagriproducts.com,http://www.coloradoagriproducts.com/,"Grain elevator, Store",450 Angus Ave,Sterling,Colorado,80751,,
Coastal Plains Farmers Co-Op,+1 229-263-7564,payton@cpfcag.com,,https://www.coastalplainsfarmerscoopinc.com/,Grain elevator,501 Oglesby Ave,Quitman,Georgia,31643,,
CHS Garrison,+1 701-463-2251,cody.schulz@chsinc.com,mychs@chsinc.com,https://www.chsgarrison.com/,"Grain elevator, Garden center",21 Railroad St,Garrison,North Dakota,58540,https://www.facebook.com/CHS-Inc-1704140756493533/,https://www.linkedin.com/company/chs
Consolidated Grain and Barge Co.,+1 573-359-0036,info@cgbgrain.com,cgbgrainsupport@cgb.com,http://www.cgbgrain.com/,Grain elevator,2073 Co Rd 337,Caruthersville,Missouri,63830,https://www.facebook.com/cgbgrain,https://www.linkedin.com/company/151628
Anchor Ingredients - Buffalo Plant,+1 701-551-7980,rebecca.lahlum@anchoringredients.com,brad.lindemann@anchoringredients.com,https://anchoringredients.com/,Grain elevator,80 Main St,Buffalo,North Dakota,58011,https://www.facebook.com/anchoringredients/,https://www.linkedin.com/company/anchor-ingredients
CHS Inc,+1 701-347-4171,,,,"Grain elevator, Store",81 Great Northern Ave W,Casselton,North Dakota,58012,,
The DeLong Co. Inc.,+1 815-568-8312,skranig@delongcompany.com,jtaft@delongcompany.com,http://www.delongcompany.com/,"Grain elevator, Agricultural service",21602 W Railroad St,Marengo,Illinois,60152,https://www.facebook.com/delongcompany,http://www.linkedin.com/company/4301399
ADM Livingston Point,+1 270-898-8811,suzanne.richardson@sharpspring.com,,https://admadvantage.com/,Grain elevator,1964 Clarks Ferry Rd,Ledbetter,Kentucky,42058,https://www.facebook.com/ADMFarmerServices/,
Fulton Grain Co,+1 662-862-4405,,,,"Grain elevator, Store",109 Harden's Chapel Rd,Fulton,Mississippi,38843,,
Heritage Cooperative,+1 419-981-2312,cellington@heritagecooperative.com,lbaughman@heritagecooperative.com,https://www.heritagecooperative.com/locations/mccutchenville,Grain elevator,8741 OH-53,McCutchenville,Ohio,44844,https://www.facebook.com/heritagecooperative,https://www.linkedin.com/company/1st-choiceenergyservices
Assumption Cooperative Grain Company,+1 217-562-5084,tbressner@acoop.com,tlush@acoop.com,http://www.acoop.com/,Grain elevator,365 N 2500 East Rd,Pana,Illinois,62557,https://www.facebook.com/342975482418239,
Bullocks Inc,+1 563-652-3819,,,,"Grain elevator, Animal feed store",113 E Monroe St,Maquoketa,Iowa,52060,,
Pomeroy Grain Growers Inc,+1 509-843-1694,b.cox@pomeroygrain.com,c.claassen@pomeroygrain.com,https://www.pomeroygrain.com/,Grain elevator,856 Main St,Pomeroy,Washington,99347,https://www.facebook.com/660598271049151,https://www.linkedin.com/company/pomeroy-grain-growers
Cal-Bean & Grain Co-Op Inc,+1 559-757-3581,,,,Grain elevator,464 W Oak Ave,Pixley,California,93256,,
Avilla Grain Inc,+1 260-897-2151,info@chamberofavilla.org,avillachamber@gmail.com,https://chamberofavilla.org/listings/avilla-grain/,Grain elevator,517 Van Scoyoc St,Avilla,Indiana,46710,,
Russell Grain Inc,+1 309-254-3330,a.goodrich@russellgrain.com,matt@totalfarmmarketing.com,http://www.russellgrain.com/,"Grain elevator, Trucking company",101 S Downen St,Industry,Illinois,61440,https://www.facebook.com/RussellGrainInc/,
Dakota Midland Grain,+1 701-728-6430,t.wearham@dakotamidland.com,kayla.burkhart@dakotamidland.com,https://www.dakotamidland.com/,Grain elevator,1200 153rd St NE,Norwich,North Dakota,58768,https://www.facebook.com/DakotaMidland/,
Smithfield Grain (Wilson),+1 252-991-5828,kbass@smithfield.com,mmparker@smithfield.com,https://smithfieldgrain.com/cbloc-1680,Grain elevator,1711 US-301,Wilson,North Carolina,27893,https://www.facebook.com/1835940583377171,
United Quality Cooperative Grain Elevator New Town,+1 701-627-4218,jeremyb@uqcoop.com,garyu@uqcoop.com,http://uqcoop.com/,Grain elevator,222 3rd St S,New Town,North Dakota,58763,https://www.facebook.com/uqcoop/,https://www.linkedin.com/company/61028121/
Sanderson Farms,+1 601-765-8211,justin.mueller@bbdo.com,,https://waynesandersonfarms.com/now-hiring/collins-mississippi/,Grain elevator,1111 N Fir Ave,Collins,Mississippi,39428,https://www.facebook.com/WayneSandersonFarms/,https://www.linkedin.com/company/waynesandersonfarms
Cargill Animal Nutrition,+1 802-868-3232,,,,Grain elevator,149 Jonergin Dr,Swanton,Vermont,05488,,
ADM Logansport,+1 574-753-0561,tech-3668700@admfarmview.com.whoisprivacyservice.org,,http://www.admfarmview.com/,Grain elevator,2626 S Co Rd 275 W,Logansport,Indiana,46947,,
CGB,+1 318-574-2440,deanna.schaefer@bungenorthamerica.com,mscharf@bungenorthamerica.com,http://www.bungenorthamerica.com/,Grain elevator,132 Bunge Road,Tallulah,Louisiana,71282,https://www.facebook.com/Bunge,http://www.linkedin.com/company/8489911
Planter's Co-Op,+1 361-368-4111,bsanders@planterscoop.com,jbell@planterscoop.com,http://www.planterscoop.com/,"Grain elevator, Petrol Pump",200 Voss Ave,Odem,Texas,78370,http://www.facebook.com/nationalffa,http://www.linkedin.com/company/6729844
Savage Riverport LLC,+1 952-890-1010,paul@ceresglobalagcorp.com,cfabisch@ceresglobalagcorp.com,http://ceresglobalagcorp.com/,Grain elevator,12100 Yosemite Ave,Savage,Minnesota,55378,,http://www.linkedin.com/company/4820055
Hudson Grain Company,+1 270-586-4412,franklin@christiancountygrain.com,,https://www.hudsongraincompany.com/,Grain elevator,1865 Springfield Rd,Franklin,Kentucky,42134,,
Beachner Grain Inc,+1 620-325-2616,t.rasmussen@beachnergrain.com,d.schmidt@beachnergrain.com,https://www.beachnergrain.com/,Grain elevator,1004 Mill St,Neodesha,Kansas,66757,https://www.facebook.com/beachnergraininc/,
"Koehl Enterprises, LLC DBA Koehl Bros.",+1 815-692-2326,jluster@koehlbros.com,jpuckett@koehlbros.com,http://www.koehlbros.com/,"Grain elevator, Metal fabricator",502 W Walnut St,Fairbury,Illinois,61739,https://www.facebook.com/WordPresscom,https://www.linkedin.com/company/koehl-bros-inc-
Montana Specialty Mills LLC,+1 406-278-5501,,,,Grain elevator,336 Eagle Dr,Conrad,Montana,59425,,
United Grain Corporation - Conrad,+1 406-278-9183,mheidegger@ugcpnw.com,abassanini@ugcpnw.com,http://www.ugcpnw.com/,Grain elevator,750 Josephine Lane,Conrad,Montana,59425,https://www.facebook.com/ugcpnw/,http://www.linkedin.com/company/2213581
Tyson Foods Local Grain Services - Camilla,,legalprivacy@tyson.com,localgrainservices@tyson.com,https://www.localgrainservices.com/,Grain elevator,300 Industrial Blvd,Camilla,Georgia,31730,,
Stryker Farmer's Exchange,+1 419-682-3251,n.nofziger@strykerfarmers.com,,http://www.strykerfarmers.com/,Grain elevator,114 S West St,Stryker,Ohio,43557,,
Danvers Elevator,+1 309-963-4305,wade@dfefarmpartners.com,jimvierling@dowjones.com,http://www.dfefarmpartners.com/,Grain elevator,200 S West St,Danvers,Illinois,61732,https://www.facebook.com/135097309874226,
ADM Newburgh,+1 812-424-3581,suzanne.richardson@sharpspring.com,,https://admadvantage.com/contact-us/?location=Newburgh~Indiana,"Grain elevator, Legal services",9521 IN-662,Newburgh,Indiana,47630,https://www.facebook.com/ADMFarmerServices/,
Adm,+1 989-868-4315,,,,Grain elevator,2455 W Vassar Rd,Reese,Michigan,48757,,
"Western Grain Marketing, LLC",+1 217-322-3306,,,https://www.westerngrainmarketing.com/,"Grain elevator, Agricultural service",550 Old Macomb Rd,Rushville,Illinois,62681,,
Garcia Grain Trading,+1 956-565-2674,,,,Grain elevator,FM 1015,Progreso,Texas,78579,,
Berwick Grain Co,+1 309-462-3645,,,,Grain elevator,1278 Berwick Rd,Berwick,Illinois,61417,,
Andersons - Delphi,+1 765-564-6133,trayburn@andersonsgrain.com,lhansens@andersonsgrain.com,https://www.andersonsgrain.com/locations/in/delphi/,Grain elevator,3854 N Anderson Dr,Delphi,Indiana,46923,https://www.facebook.com/159968937368912,
Farmers Elevator Co,+1 218-863-1551,farmerselevatorpr@loretel.net,,http://www.prfarmerscoop.com/,Grain elevator,312 1st St SW,Pelican Rapids,Minnesota,56572,https://www.facebook.com/farmerselevatorco/,
Total Grain Marketing,+1 217-923-3118,b.brown@totalgrainmarketing.com,j.ham@totalgrainmarketing.com,https://www.totalgrainmarketing.com/,Grain elevator,515 W Lincoln Dr,Greenup,Illinois,62428,https://www.facebook.com/southcentralfs/,https://www.linkedin.com/company/total-grain-marketing-llc
Mountaire Farms Grain Elevator - Wye Mills,+1 410-364-5800,khalsted@mountaire.com,tjohnson@mountaire.com,http://www.mountaire.com/,Grain elevator,14209 Old Wye Mills Rd,Wye Mills,Maryland,21679,https://www.facebook.com/MountaireFarms,http://linkedin.com/company/mountaire-farms-of-delmarva-inc.
North Iowa Cooperative Elevator,+1 641-357-5274,schaferc@nicoop.com,gobelim@nicoop.com,http://www.nicoop.com/,Grain elevator,914 N 14th St,Clear Lake,Iowa,50428,https://www.facebook.com/northiowacoop/,http://www.linkedin.com/company/6007791
CFC,+1 605-369-2630,,,,Grain elevator,41440 314th St,Springfield,South Dakota,57062,,
Farmers Grain & Milling,+1 843-221-5645,,,http://farmers-grain-milling.poi.place/,Grain elevator,3167 County Line Rd,Andrews,South Carolina,29510,,
"Perdue AgriBusiness - Salisbury Grain Elevator, Oilseed Crush, Oil Refinery, and Feed Mill",+1 866-816-7946,j.wright@perdueagribusiness.com,t.ferguson@perdueagribusiness.com,http://www.perdueagribusiness.com/,"Grain elevator, Feed manufacturer, Oil refinery",6906 Zion Church Rd,Salisbury,Maryland,21804,https://www.facebook.com/160327367324124,http://www.linkedin.com/company/8877712
ADM New Madrid,+1 573-643-0055,support@grainbridge.com,support@bushelpowered.com,http://web.grainbridge.com/adm/newmadrid,Grain elevator,734 New Madrid County Port Rd,Portageville,Missouri,63873,,
Elbow Lake Co-Op Grain Co,+1 218-685-5331,al.mashek@elbowlakecoopgrain.com,donald.holte@elbowlakecoopgrain.com,http://elbowlakecoopgrain.com/,Grain elevator,109 1st St SE,Elbow Lake,Minnesota,56531,,
Currituck Grain,+1 252-435-6311,,,,Grain elevator,461 Caratoke Hwy,Moyock,North Carolina,27958,,
The Andersons,,trayburn@andersonsgrain.com,lhansens@andersonsgrain.com,https://www.andersonsgrain.com/locations/mi/standish/,Grain elevator,4198 S Huron Rd,Standish,Michigan,48658,https://www.facebook.com/159968937368912,
Central Commodities,+1 660-783-2167,makenzie.gage@cencommodities.com,,https://www.cencommodities.com/,"Grain elevator, Feed manufacturer",105 High St,Stanberry,Missouri,64489,,
"Michigan Agricultural Commodities, Inc. - MAC",+1 810-346-2711,dave.marr@michag.com,dgeiger@michag.com,http://www.michag.com/contact/brown-city/,"Grain elevator, Agricultural service, Marketing consultant",7115 Maple Valley Rd,Brown City,Michigan,48416,https://www.facebook.com/MACommodities/,https://www.linkedin.com/company/michigan-agricultural-commodities-inc
Millington Elevator & Supply,+1 989-871-2171,,,,Grain elevator,8457 Elevator,Millington,Michigan,48746,,
Flint Hills Grain LLC,+1 785-263-7275,ryan.eckstein@viterra.com,jay.priefert@viterra.com,http://viterra.us/,Grain elevator,513 W 1st St,Abilene,Kansas,67410,https://www.facebook.com/ViterraUS/,
United Grain Corporation - Mayville (Uptown) (Mayport Farmers Co-Op),+1 701-935-5203,info@unitedgrain.com,trussell@unitedgrain.com,http://www.unitedgrain.com/,Grain elevator,945 3rd St SE,Mayville,North Dakota,58257,https://www.facebook.com/ugcpnw/,
Mayport Farmers Co-Op,+1 701-786-4263,richardm@mayportfarmers.com,tadm@mayportfarmers.com,http://www.mayportfarmers.com/,"Grain elevator, ATM, Convenience store",217 3rd St SE,Mayville,North Dakota,58257,https://www.facebook.com/mpfarmerscoop/,
Pandora Grain & Supply,+1 419-643-4135,g.luginbill@pandoragrain.com,g.luginvill@pandoragrain.com,http://pandoragrain.com/,Grain elevator,305 S Jefferson St,Pandora,Ohio,45877,https://www.facebook.com/123126771078460,
Waukomis Co-Op,+1 580-758-3239,rhigh@oklandruncoop.net,,http://www.oklandruncoop.net/waukomis,Grain elevator,306 E Euclid St,Waukomis,Oklahoma,73773,,
"Prairie Creek Grain Company, Inc.",+1 815-423-6604,carol@pcgrain.com,melissa@pcgrain.com,http://www.pcgrain.com/,Grain elevator,29400 IL-53,Elwood,Illinois,60421,,
The DeLong Co. Inc. Elwood,+1 815-521-9499,skranig@delongcompany.com,jtaft@delongcompany.com,http://www.delongcompany.com/,"Grain elevator, Agricultural service",2131 Logistics Dr,Elwood,Illinois,60421,https://www.facebook.com/delongcompany,http://www.linkedin.com/company/4301399
AG Plus-Churubusco AG Center,+1 260-693-2161,dreichhart@agplusinc.com,jmize@agplusinc.com,http://agplusinc.com/,Grain elevator,9325 IN-205,Churubusco,Indiana,46723,https://www.facebook.com/agplusinc/,http://www.linkedin.com/company/4018325
Blair AG LLC,+1 402-426-5101,info@blairagllc.com,amyprokop@blairagllc.com,https://blairagllc.com/,Grain elevator,450 Industrial Park Dr,Blair,Nebraska,68008,,
Central Missouri Agri Service,+1 660-886-3377,gaber@cm-as.com,barbb@cm-as.com,http://www.cm-as.com/,"Grain elevator, Agricultural service, Animal feed store",465 W Marion St,Marshall,Missouri,65340,https://www.facebook.com/200981614052548,http://www.linkedin.com/company/5824312
ADM Animal Nutrition,+1 229-273-7400,,,,Grain elevator,2201 E 13th Ave,Cordele,Georgia,31015,,
"Premier Grain, Sabina",+1 937-584-2411,,,http://premiergrainllc.com/,"Grain elevator, Railroad contractor",292 Howard St,Sabina,Ohio,45169,https://www.facebook.com/Premier-Grain-LLC-113421368701326/,
Newellton Elevator Co,+1 318-467-5101,,,,Grain elevator,905 Verona St,Newellton,Louisiana,71357,,
H & H Feed & Grain Inc,+1 269-649-0764,corn@handhfarms.com,,https://www.handhfarms.com/about.html,"Grain elevator, Store",14093 Portage Rd,Vicksburg,Michigan,49097,,
Two Rivers Cooperative,+1 641-628-4167,geest@tworivers.coop,nsteinbach@tworiverscoop.net,https://tworivers.coop/,"Grain elevator, Agricultural service, Alternative fuel station, Animal feed store, Fertilizer Store, Petrol Pump, Propane supplier",109 South St,Pella,Iowa,50219,https://www.facebook.com/tworiverscoop,https://www.linkedin.com/company/two-rivers-cooperative
CHS,+1 779-201-5345,derek.kahl@chsinc.com,joseph.huebener@chsinc.com,https://www.chs-illinois.com/,"Grain elevator, Fertilizer Store",1 Cooperatve Way,Peru,Illinois,61354,https://www.facebook.com/CHSInc,https://www.linkedin.com/company/chs
Genoa Grain,+1 315-497-2274,,,,"Grain elevator, Real estate agency",934 NY-34,Genoa,New York,13071,,
"Southeastern Grain Company, Red Springs NC",+1 910-843-3682,,,,Grain elevator,1108 Daniel McLeod Rd,Red Springs,North Carolina,28377,,
Perdue AgriBusiness - Tappahannock Grain Elevator,+1 804-443-4391,j.wright@perdueagribusiness.com,t.ferguson@perdueagribusiness.com,http://www.perdueagribusiness.com/,Grain elevator,1000 Granary Rd,Tappahannock,Virginia,22560,https://www.facebook.com/160327367324124,http://www.linkedin.com/company/8877712
"Michigan Agricultural Commodities, Inc. - MAC",+1 989-842-3104,dave.marr@michag.com,dgeiger@michag.com,http://www.michag.com/contact/breckenridge/,Grain elevator,216 Eastman St,Breckenridge,Michigan,48615,https://www.facebook.com/MACommodities/,https://www.linkedin.com/company/michigan-agricultural-commodities-inc
Michigan Agricultural Commodities - MAC (Ransom Rd),+1 989-842-3104,dave.marr@michag.com,dgeiger@michag.com,http://www.michag.com/contact/breckenridge/,Grain elevator,7575 E Monroe Rd,Breckenridge,Michigan,48615,https://www.facebook.com/MACommodities/,https://www.linkedin.com/company/michigan-agricultural-commodities-inc
ADM Shelbina,+1 573-588-7629,suzanne.richardson@sharpspring.com,,https://admadvantage.com/contact-us/?location=Shelbina~Missouri,Grain elevator,308 E Chestnut St,Shelbina,Missouri,63468,https://www.facebook.com/ADMFarmerServices/,
Farmers Cooperative Association,+1 580-569-2342,,,http://www.snyderfarmerscoop.com/,"Grain elevator, Garden center",411 E St,Snyder,Oklahoma,73566,https://www.facebook.com/snydercoop,
Cologne Milling Co,+1 952-466-5518,,,,Grain elevator,206 Mill St E,Cologne,Minnesota,55322,,
Gateway FS Inc,+1 618-939-6151,jherzog@gatewayfs.com,dschrader@gatewayfs.com,http://www.gatewayfs.com/,Grain elevator,417 Flower St,Waterloo,Illinois,62298,https://www.facebook.com/GatewayFS.Inc/,http://linkedin.com/company/gateway-fs-inc.
Moweaqua Farmers Co-Op Grain,+1 217-768-4416,fjack@legacygrain.com,fruenger@legacygrain.com,http://legacygrain.com/,Grain elevator,129 W Main St,Moweaqua,Illinois,62550,https://www.facebook.com/1670568789866981,https://www.linkedin.com/company/legacy-grain-cooperative-company
Coteau Grain & Seed,+1 701-349-5316,,,,Grain elevator,44 Main St,Ellendale,North Dakota,58436,,
"Michigan Agricultural Commodities, Inc. - MAC",+1 989-635-3578,dave.marr@michag.com,dgeiger@michag.com,http://www.michag.com/contact/marlette/,Grain elevator,3346 Main St,Marlette,Michigan,48453,https://www.facebook.com/MACommodities/,https://www.linkedin.com/company/michigan-agricultural-commodities-inc
Klossner Elevator,+1 507-359-4519,,,,Grain elevator,40137 577th Ln,New Ulm,Minnesota,56073,,
"Heinbeck Farms, LLC",+1 616-383-9901,jeff@musgrovegrain.com,joel@musgrovegrain.com,http://www.musgrovegrain.com/,Grain elevator,7351 Vinton Ave NW,Comstock Park,Michigan,49321,,
Cooper Farms - Cooper Grain & Feed,+1 419-399-2766,dennisg@cooperfarms.com,lindseyl@cooperfarms.com,http://www.cooperfarmsgrain.com/,Grain elevator,325 W Caroline St,Paulding,Ohio,45879,,
Ag Producers Coop,+1 806-733-2481,lynngiessel@skylandgrain.com,stevearnold@skylandgrain.com,https://www.skylandgrain.com/ag-producers-co-op-membership-application/,Grain elevator,221 TX-15,Gruver,Texas,79040,https://www.facebook.com/Skylandgrain/,http://www.linkedin.com/company/4704307
SKYLAND GRAIN South Elevator,+1 806-733-2481,lynngiessel@skylandgrain.com,stevearnold@skylandgrain.com,https://www.skylandgrain.com/,Grain elevator,206 McCree Ave,Gruver,Texas,79040,https://www.facebook.com/Skylandgrain/,http://www.linkedin.com/company/4704307
Pride Ag Resources Feedmill,+1 620-227-8671,bboyd@prideag.com,gfriesen@prideag.com,http://www.prideag.com/,Grain elevator,,Dodge City,Kansas,67801,https://www.facebook.com/PrideAgResources/,https://www.linkedin.com/company/pride-ag-resources
Adm Grain,+1 620-227-7316,,,,Grain elevator,701 E Trail St,Dodge City,Kansas,67801,,
G & R Grain & Feed Inc,+1 701-947-5714,,,,Grain elevator,1001 3rd Ave S,New Rockford,North Dakota,58356,,
Hansen-Mueller Toledo Elevator,+1 419-625-3777,michellep@hansenmueller.com,john@hansenmueller.com,http://hansenmueller.com/,"Grain elevator, Mill",1800 Water St,Toledo,Ohio,43611,https://www.facebook.com/158908650809378,http://www.linkedin.com/company/883564
The DeLong Co. Inc.,+1 608-676-2255,skranig@delongcompany.com,jtaft@delongcompany.com,http://www.delongcompany.com/,"Grain elevator, Agricultural service",513 Front St,Clinton,Wisconsin,53525,https://www.facebook.com/delongcompany,http://www.linkedin.com/company/4301399
The DeLong Co. Inc.,+1 608-676-2255,skranig@delongcompany.com,jtaft@delongcompany.com,http://www.delongcompany.com/,"Grain elevator, Agricultural service",601 Delco Dr,Clinton,Wisconsin,53525,https://www.facebook.com/delongcompany,http://www.linkedin.com/company/4301399
The DeLong Co. Inc.,+1 608-676-2255,skranig@delongcompany.com,jtaft@delongcompany.com,http://www.delongcompany.com/,"Grain elevator, Agricultural service","X, Co Hwy W",Clinton,Wisconsin,53525,https://www.facebook.com/delongcompany,http://www.linkedin.com/company/4301399
"MAC - Michigan Agricultural Commodities, Inc.",+1 989-236-7263,dave.marr@michag.com,dgeiger@michag.com,http://www.michag.com/contact/middleton/,Grain elevator,306 N Caroline St,Middleton,Michigan,48856,https://www.facebook.com/MACommodities/,https://www.linkedin.com/company/michigan-agricultural-commodities-inc
Moore's Seed & Grain Farms Inc,+1 706-629-6929,,,,Grain elevator,1000 Fite Bend Rd NE,Resaca,Georgia,30735,,
Arizona Grain Inc,+1 520-836-8228,ewilkey@arizonagrain.com,kdouglas@arizonagrain.com,http://www.arizonagrain.com/,Grain elevator,601 E Main Ave,Casa Grande,Arizona,85122,https://www.facebook.com/155477944488532,http://linkedin.com/company/arizona-grain-inc-
Farmers Cooperative Co,+1 219-279-2115,,,http://www.fccwolcott.com/,Grain elevator,203 W Market St,Wolcott,Indiana,47995,https://www.facebook.com/111200918942361,
Frenchman Valley Farmers Co-Op,+1 308-352-4651,edittler@fvcoop.com,jkler@fvcoop.com,https://www.fvcoop.com/,Grain elevator,79589 Rd 329,Grant,Nebraska,69140,https://www.facebook.com/FrenchmanValleyCoop,https://www.linkedin.com/company/frenchman-valley-coop
Perdue AgriBusiness - Linkwood Grain Elevator,+1 410-376-3141,j.wright@perdueagribusiness.com,t.ferguson@perdueagribusiness.com,https://www.perdueagribusiness.com/,Grain elevator,3827 Vincent Rd,Linkwood,Maryland,21835,https://www.facebook.com/160327367324124,http://www.linkedin.com/company/8877712
North Bend Grain Co,+1 402-652-8173,support@cropsafe.com,,https://www.agprices.com/elevator/north-bend-grain-north-bend-ne-5d3b6c15a2519645cd8d62914ac012d3,Grain elevator,539 N Main St,North Bend,Nebraska,68649,,
Farm City Elevator Inc,+1 262-728-9010,roger@farmcityelevator.com,randall@farmcityelevator.com,https://farmcityelevator.com/,Grain elevator,104 Wisconsin St,Darien,Wisconsin,53114,https://www.facebook.com/farmcityelevator,https://www.linkedin.com/company/farm-city-elevator
Columbia Grain,+1 406-765-2150,mmorgan@columbiagrain.com,jsung@columbiagrain.com,https://columbiagrain.com/,Grain elevator,4458 MT-16,Plentywood,Montana,59254,https://www.facebook.com/cgicolumbiagraininternational/,https://www.linkedin.com/company/columbia-grain
Farmers Cooperative Elevator,+1 515-295-7243,chris.clayton@dtn.com,,http://www.ottosenelevator.com/,Grain elevator,833 S Phillips St,Algona,Iowa,50511,,
Coastal Ag Cooperative,+1 361-387-4539,brian.jackson@coastalagcoop.com,triston.barnes@coastalagcoop.com,http://www.coastalagcoop.com/,Grain elevator,319 Industrial Blvd,Robstown,Texas,78380,,
Evergreen FS,+1 309-874-2771,billb@evergreen-fs.com,jotto@evergreen-fs.com,https://www.evergreen-fs.com/Products-Services/Grain,"Grain elevator, Agricultural cooperative",108 N Enterprise Dr,McLean,Illinois,61754,https://www.facebook.com/EVERGREENFSINC/,http://linkedin.com/company/evergreen-fs
LaBolt Farmers Grain - Nassau,+1 320-668-2323,c.steinocker@laboltfarmersgrain.com,dfiala@futuresone.com,http://www.laboltfarmersgrain.com/,Grain elevator,301 1st Ave,Nassau,Minnesota,56257,https://www.facebook.com/105044168686597,
Frontier Cooperative,+1 402-269-3536,kkazimour@frontiercooperative.com,ldurnal@frontiercooperative.com,https://www.frontiercooperative.com/,Grain elevator,3176 K Rd,Syracuse,Nebraska,68446,https://www.facebook.com/frontiercooperative,http://www.linkedin.com/company/6137354
Frontier Cooperative,+1 402-269-3536,kkazimour@frontiercooperative.com,ldurnal@frontiercooperative.com,https://www.frontiercooperative.com/,Grain elevator,3176 K Rd,Syracuse,Nebraska,68446,https://www.facebook.com/frontiercooperative,http://www.linkedin.com/company/6137354
Midwest Farmers Co-Op,+1 402-269-2313,,,,"Grain elevator, Business related",501 1st St,Syracuse,Nebraska,68446,,
Denis Elevator,+1 325-469-3991,,,,"Grain elevator, Feed manufacturer, Livestock producer",12346 Fort McKavett Rd,Vancourt,Texas,76955,,
CHS High Plains-Byers,+1 303-379-3002,970-854-2254evan.fust@chsinc.com,sueann.schilling@chsinc.com,http://www.chshighplains.com/,Grain elevator,66310 CO-40,Byers,Colorado,80103,https://www.facebook.com/CHSColorado,https://www.linkedin.com/company/chs
Meadowland Farmers Co-Op Elevator,+1 507-637-2914,bneumann@mfcoop.us,mrohlik@mfcoop.us,https://meadowlandfarmerscoop.com/,Grain elevator,120 E Tin St,Redwood Falls,Minnesota,56283,https://www.facebook.com/530019773730696,https://www.linkedin.com/company/meadowland-farmers-co-op
United Ag Bagging Plant and Grain Elevator,+1 979-543-1415,,,,Grain elevator,912 E Jackson St,El Campo,Texas,77437,,
United Ag Hillje Location,+1 979-543-9431,dfiala@futuresone.com,,http://news.unitedag.net/index.cfm,Grain elevator,967 Co Rd 304,El Campo,Texas,77437,https://www.facebook.com/154574621245462,
Nine-Point Grain Inc,+1 979-543-2462,,,https://ninepointgrain.com/,"Grain elevator, Animal feed store, Grocery store",101 August St,El Campo,Texas,77437,,
Key Cooperative,+1 515-232-6515,justin.crocheck@keycoop.com,matt.james@keycoop.com,http://www.keycoop.com/,"Grain elevator, Agricultural cooperative, Agricultural service, Animal feed store, Propane supplier",228 Main St,Gilbert,Iowa,50105,,https://www.linkedin.com/company/key-cooperative
Top Tier Grain & Feed Company,+1 325-468-3333,,,,"Grain elevator, Store",607 US-67,Miles,Texas,76861,,
Macon,+1 870-265-6748,maconaglv@gmail.com,astigma@astigmatic.com,http://www.maconag.com/,"Grain elevator, Agricultural service",243 US-82,Lake Village,Arkansas,71653,,
Consolidated Grain and Barge Co.,+1 563-425-3361,info@cgbgrain.com,cgbgrainsupport@cgb.com,http://www.cgbgrain.com/,Grain elevator,701 King St,Fayette,Iowa,52142,https://www.facebook.com/cgbgrain,https://www.linkedin.com/company/151628
Roanoke Farmers Association,+1 309-923-3841,sales@roanokefarmers.com,m.barisch@roanokefarmers.com,http://www.roanokefarmers.com/,Grain elevator,1861 IL-116,Roanoke,Illinois,61561,,
Goldsboro Milling Company,+1 919-778-3130,,,https://www.facebook.com/GoldsboroMilling/,Grain elevator,938 Millers Chapel Rd,Goldsboro,North Carolina,27534,https://www.facebook.com/goldsboromilling,
Key Cooperative,+1 641-487-7641,justin.crocheck@keycoop.com,matt.james@keycoop.com,http://www.keycoop.com/,"Grain elevator, Agricultural cooperative, Agricultural service, Animal feed store, Propane supplier",102 S Center St,Zearing,Iowa,50278,,https://www.linkedin.com/company/key-cooperative
Farmers Elevator Co,+1 815-468-3461,j.sorensen@fecmanteno.com,a.lamore@fecmanteno.com,http://www.fecmanteno.com/,Grain elevator,51 W 4th St,Manteno,Illinois,60950,https://www.facebook.com/pages/,
Columbia Grain,+1 406-357-2360,mmorgan@columbiagrain.com,jsung@columbiagrain.com,http://www.columbiagrain.com/,Grain elevator,40355 US-2,Chinook,Montana,59523,https://www.facebook.com/cgicolumbiagraininternational/,https://www.linkedin.com/company/columbia-grain
Beachner Grain Inc,+1 913-757-4567,t.rasmussen@beachnergrain.com,d.schmidt@beachnergrain.com,https://www.beachnergrain.com/,Grain elevator,210 S Commercial St,Lacygne,Kansas,66040,https://www.facebook.com/beachnergraininc/,
Grainfields USA LLC,+1 718-788-8783,,,,"Grain elevator, Food products supplier",451 6th Ave,Brooklyn,New York,11215,,
Mid Valley Grain Co-Op,+1 218-281-2881,kent.bergerson@chsinc.com,justin.haus@chsinc.com,https://chsnorthlandgrain.com/,Grain elevator,1111 S Main St,Crookston,Minnesota,56716,,
Colorado Agri Products,+1 970-848-3055,ray.lightle@coloradoagriproducts.com,alex.krebsbach@coloradoagriproducts.com,http://www.coloradoagriproducts.com/,Grain elevator,38480 County Rd H,Yuma,Colorado,80759,,
ADM Grain,+1 812-838-4303,,,,Grain elevator,1000 Old Hwy 69 S,Mt Vernon,Indiana,47620,,
Consolidated Grain and Barge Co.,+1 812-838-6651,info@cgbgrain.com,cgbgrainsupport@cgb.com,http://www.cgbgrain.com/,Grain elevator,2701 Bluff Rd,Mt Vernon,Indiana,47620,https://www.facebook.com/cgbgrain,https://www.linkedin.com/company/151628
Deerfield Ag Services,+1 330-584-4715,info@deerfieldagservices.com,bill.wallbrown@deerfieldagservices.com@deerfieldagservices.com,https://deerfieldagservices.com/,Grain elevator,411 Oberlin Ave SW,Massillon,Ohio,44647,https://www.facebook.com/DeerfieldAgServices,http://www.linkedin.com/company/2615713
Deerfield Ag Services,+1 330-584-4715,info@deerfieldagservices.com,bill.wallbrown@deerfieldagservices.com@deerfieldagservices.com,https://deerfieldagservices.com/,Grain elevator,411 Oberlin Ave SW,Massillon,Ohio,44647,https://www.facebook.com/DeerfieldAgServices,http://www.linkedin.com/company/2615713
Meyer Brothers Grain,+1 715-879-5586,graindesk@meyerbrothersgrain.com,,http://meyerbrothersgrain.com/,"Grain elevator, Agricultural service, Farm, Trucking company",University St,Elk Mound,Wisconsin,54739,,
Hankins Grain Co,+1 660-885-5334,,,,Grain elevator,1315 N 2nd St,Clinton,Missouri,64735,,
All American Grain Co LLC,+1 760-348-2600,rail@allamericangrain.net,,http://www.imperialvalleyrail.com/,Grain elevator,305 Yocum Rd,Calipatria,California,92233,,
Farmers Win Coop,+1 563-547-3660,rtorgerson@farmerswin.com,true@farmerswin.com,http://www.farmerswin.com/,"Grain elevator, Feed manufacturer",120 5th St W,Cresco,Iowa,52136,https://www.facebook.com/farmerswin/,http://www.linkedin.com/company/8250626
Mathews Elevator Co,+1 989-593-2111,,,,Grain elevator,135 N Bath St,Fowler,Michigan,48835,,
Attebury Grain LLC,+1 806-995-4146,lteague@attebury.com,dclark@attebury.com,https://www.attebury.com/locations,Grain elevator,1202 NW 5th St,Tulia,Texas,79088,https://www.facebook.com/Attebury-Grain-LLC-642771309115795/,https://www.linkedin.com/company/attebury-grain-llc
Uvalde Producers Feed LLC,+1 830-278-5646,info@indiantypefoundry.com,uvaldeproducers@yahoo.com,https://uvaldeproducers.com/,Grain elevator,1704 Milam St,Uvalde,Texas,78801,,
Hale County Compress,+1 806-296-6326,,,,Grain elevator,710 E 7th St,Plainview,Texas,79072,,
Northwestern Ohio Grain Co,+1 419-538-6182,,,,Grain elevator,12062 Rd M-10,Ottawa,Ohio,45875,,
ADM Webberville,+1 517-521-3400,tech-3668700@admfarmview.com.whoisprivacyservice.org,,https://www.admfarmview.com/cash-bids/bids/webberville,Grain elevator,2700 M-52,Webberville,Michigan,48892,,
Premier Cooperative Inc,+1 217-485-3133,pburgett@premiercooperative.net,virginiasinnes@premiercooperative.net,http://www.premiercooperative.net/,Grain elevator,949 County Rd 700 N,Tolono,Illinois,61880,https://www.facebook.com/1711654382408886,https://www.linkedin.com/company/premier-cooperative-inc-
Premier Cooperative Inc,+1 217-485-6630,pburgett@premiercooperative.net,virginiasinnes@premiercooperative.net,https://www.premiercooperative.net/,Grain elevator,1 S Calhoun St,Tolono,Illinois,61880,https://www.facebook.com/1711654382408886,https://www.linkedin.com/company/premier-cooperative-inc-
Kontny Elevator,+1 970-474-2537,,,,Grain elevator,102 Oak St,Julesburg,Colorado,80737,,
Cargill Inc,+1 217-784-1980,t.manternach@cargillag.com,m.wallace@cargillag.com,https://www.cargillag.com/locations/gilman-cah,Grain elevator,830 S Crescent St,Gilman,Illinois,60938,https://www.facebook.com/132988303474951,
Star of the West Milling Co,+1 989-868-4146,ryan.green@starofthewest.com,debbie.lackowski@starofthewest.com,https://www.starofthewest.com/,Grain elevator,9778 Center St,Reese,Michigan,48757,https://www.facebook.com/Star-of-the-West-Milling-Company-66596276711/,https://www.linkedin.com/company/star-of-the-west-milling-co
Bowman Grain Inc.,+1 701-523-3173,,,https://bowmangrain.com/,Grain elevator,16 4th St NE,Bowman,North Dakota,58623,,
Keystone Commodities,+1 717-898-9144,rebeccalinkedin@ampliz.com,jenni@ampliz.com,https://www.ampliz.com/company/keystone-commodities/98291364,Grain elevator,1041 Spoon Ave,Landisville,Pennsylvania,17538,https://www.facebook.com/AmplizSuite/,https://www.linkedin.com/company/game_of_funnels
MFA Agri Services,+1 660-332-7312,emily.unglesbee@dtn.com,katie.dehlinger@dtn.com,http://www.laplatamfa.com/,Grain elevator,29098 July Rd,La Plata,Missouri,63549,,
Cargill AG Horizons,+1 563-263-3556,t.manternach@cargillag.com,m.wallace@cargillag.com,https://www.cargillag.com/,Grain elevator,700 Oregon St,Muscatine,Iowa,52761,https://www.facebook.com/132988303474951,
Heartland Co-op,,janderson@heartlandcoop.com,jjones@heartlandcoop.com,http://www.heartlandcoop.com/,Grain elevator,770 Co Rd DD,Farwell,Texas,79325,https://www.facebook.com/HeartlandCoop,http://www.linkedin.com/company/798805
Anchor Ingredients - Hillsboro West Plant,+1 701-499-7839,rebecca.lahlum@anchoringredients.com,brad.lindemann@anchoringredients.com,http://www.anchoringredients.com/,Grain elevator,803 Boeddeker Drive N,Hillsboro,North Dakota,58045,https://www.facebook.com/anchoringredients/,https://www.linkedin.com/company/anchor-ingredients
Luckey Farmers,+1 419-874-3525,mwilson@luckeyfarmers.com,jbratton@luckeyfarmers.com,https://luckeyfarmers.com/,Grain elevator,11330 Avenue Rd,Perrysburg,Ohio,43551,https://www.facebook.com/luckeyfarmers,http://www.linkedin.com/company/6944005
Bonanza Grain Co Inc,+1 507-725-2044,,,,Grain elevator,506 MN-44,Caledonia,Minnesota,55921,,
Rolwing-Moxley Co,+1 573-683-3741,,,,Grain elevator,1 E Mill St,Charleston,Missouri,63834,,
Smithfield Grain,+1 910-445-0030,kbass@smithfield.com,mmparker@smithfield.com,http://www.smithfieldgrain.com/,Grain elevator,612 S Brown St,Chadbourn,North Carolina,28431,https://www.facebook.com/1835940583377171,
Kalama Export Co LLC,+1 360-673-3900,,,,Grain elevator,2211 N Hendrickson Dr,Kalama,Washington,98625,,
LeRoy Coop,+1 785-489-2521,lyle@leroycoop.coop,dspecht@leroycoop.coop,http://www.leroycoop.coop/,"Grain elevator, Storage facility",610 Warne St,Westphalia,Kansas,66093,https://www.facebook.com/leroycooperative/,https://www.linkedin.com/company/leroy-coop
Le Roy Co-Op Association Inc,+1 620-836-2860,lyle@leroycoop.coop,dspecht@leroycoop.coop,https://www.leroycoop.coop/?redirect=0,Grain elevator,312 Main St,Gridley,Kansas,66852,https://www.facebook.com/leroycooperative/,https://www.linkedin.com/company/leroy-coop
Valley Grain Milling Inc,+1 701-873-4413,whitney.nottestad@valleygrainmilling.com,beulah@valleygrainmilling.com,http://www.valleygrainmilling.com/,Grain elevator,220 1st Ave SW,Beulah,North Dakota,58523,,
PREMIER COOPERATIVE,+1 309-928-2185,pburgett@premiercooperative.net,virginiasinnes@premiercooperative.net,http://www.premiercooperative.net/,Grain elevator,901 N Plum St,Farmer City,Illinois,61842,https://www.facebook.com/1711654382408886,https://www.linkedin.com/company/premier-cooperative-inc-
Grainland Cooperative,+1 970-854-2254,mychs@chsinc.com,thom.simpson@chsinc.com,https://www.chsgrainland.com/,Grain elevator,249 W Denver St,Holyoke,Colorado,80734,https://www.facebook.com/CHS-Grainland-1377998599110681,https://www.linkedin.com/company/chs
Mississippi Rice & Grain Co,+1 662-745-6681,,,,Grain elevator,235 S 3rd St,Drew,Mississippi,38737,,
California Corn Growers,+1 559-665-5775,,,,Grain elevator,625 S Front St,Chowchilla,California,93610,,
Farmers Grain Co-Op,+1 940-422-4822,,,,Grain elevator,140 E Dallas St,Munday,Texas,76371,,
AG-Land FS,+1 309-742-2711,bielma@aglandfs.com,tim.bennett@aglandfs.com,https://www.aglandfs.com/,Grain elevator,215 S Magnolia St,Elmwood,Illinois,61529,https://www.facebook.com/Ag-Land-FS-572525409486343/,http://linkedin.com/company/ag-land-fs-inc
"Ag Partners Cooperative, Inc. - Tarkio, Missouri",+1 660-736-4145,psmith@agpartnerscoop.com,jtammet@agpartnerscoop.com,https://www.agpartnerscoop.com/,"Grain elevator, Agricultural cooperative",101 N 1st St,Tarkio,Missouri,64491,https://www.facebook.com/agpartnerscoopinc/,http://www.linkedin.com/company/6364117
Countyline Co-Op Inc,+1 419-287-3241,chalfin@countylinecoop.com,m.schaller@countylinecoop.com,http://www.countylinecoop.com/,Grain elevator,425 E Front St,Pemberville,Ohio,43450,,
Earlville Farmers Co-Op,+1 815-246-8461,lzinke@earlcoop.com,sgunier@earlcoop.com,http://www.earlcoop.com/,"Grain elevator, Fertilizer Store, Fuel supplier, Propane supplier",602 W Railroad St,Earlville,Illinois,60518,https://www.facebook.com/Earlville-Farmers-Cooperative-1133333946848023/,
Michigan Agricultural Commodities - MAC (Wheeler),+1 989-842-3104,dave.marr@michag.com,dgeiger@michag.com,http://www.michag.com/contact/breckenridge/,Grain elevator,8570 Saginaw St,Wheeler,Michigan,48662,https://www.facebook.com/MACommodities/,https://www.linkedin.com/company/michigan-agricultural-commodities-inc
Rudy's Inc,+1 937-698-4501,anessa@rudyinc.com,brian@rudyinc.com,http://rudyinc.com/,Grain elevator,149 Hayes St,West Milton,Ohio,45383,https://www.facebook.com/465703086919883,http://www.linkedin.com/company/5413578
ADM Edible Bean Specialties,+1 320-523-1637,media-eu@adm.com,alan.marsh@adm.com,https://www.adm.com/en-us/products-services/services/farmer-services/seedwest-edible-bean-seeds/,Grain elevator,,Olivia,Minnesota,56277,https://www.facebook.com/ADMCorporate/posts/way-to-go-adm-clinton-ia/1842744839336138/,https://www.linkedin.com/company/adm
Ramsey Grain Co,+1 217-498-7213,,,,Grain elevator,9376 IL-29,Rochester,Illinois,62563,,
Nebraska distillers Products LLC,+1 308-730-2994,,,,Grain elevator,48188 811th Rd,Ord,Nebraska,68862,,
FS GRAIN,+1 815-705-0900,brrader@fsgrain.com,,https://www.fsgrain.com/,Grain elevator,104 E Waverly St,Morris,Illinois,60450,,
FS GRAIN,+1 815-705-0900,brrader@fsgrain.com,,https://www.fsgrain.com/,Grain elevator,104 E Waverly St,Morris,Illinois,60450,,
Pacific Northwest Farmers Co-Op,+1 509-478-3881,justin@pnw.coop,tim@pnw.coop,https://www.pnw.coop/cbloc-1232,Grain elevator,4801 Old Thornton Hwy,Thornton,Washington,99176,,http://www.linkedin.com/company/8797008
Cashup Grain Elevator PNW,+1 509-478-3931,justin@pnw.coop,tim@pnw.coop,http://www.pnw.coop/,Grain elevator,1551 Klaveano Rd,Thornton,Washington,99176,,http://www.linkedin.com/company/8797008
Goodwine Co-Op Grain Company,+1 815-457-2880,support@cropsafe.com,,https://www.agprices.com/elevator/goodwine-coop-goodwine-il-350f74a45b2b41d78ef634a7c0bb5bfc,Grain elevator,554 N 1800 East Rd E,Goodwine,Illinois,60939,,
CHS Inc,+1 405-375-5900,cynthia.clanton@chsinc.com,nanci.lilja@chsinc.com,http://www.chsinc.com/,Grain elevator,1 Coop Way,Kingfisher,Oklahoma,73750,https://www.facebook.com/CHS-Inc-1704140756493533/,https://www.linkedin.com/company/chs/
Wheeler Brothers Grain Co,+1 405-375-5545,cbaptiste@wheelerbrothers.com,mmahoney@wheelerbrothers.com,https://www.wheelerbrothers.com/,Grain elevator,760 W Robberts Ave,Kingfisher,Oklahoma,73750,https://www.facebook.com/196747084007135,http://linkedin.com/company/wheeler-brothers-inc
Primient Grain Fowler,+1 765-884-1250,rosario.hiser@primient.com,peopleservices@primient.com,http://primientgrain.com/,Grain elevator,7052 State Rd 18,Fowler,Indiana,47944,,
ADM Swanington,+1 765-884-0290,media-eu@adm.com,alan.marsh@adm.com,http://www.adm.com/,Grain elevator,2349 E 154 S,Fowler,Indiana,47944,https://www.facebook.com/ADMCorporate/posts/way-to-go-adm-clinton-ia/1842744839336138/,https://www.linkedin.com/company/adm
Columbia Grain - New Rockford,+1 701-947-2560,mmorgan@columbiagrain.com,jsung@columbiagrain.com,https://www.columbiagrain.com/,Grain elevator,6776 18th St NE,New Rockford,North Dakota,58356,https://www.facebook.com/cgicolumbiagraininternational/,https://www.linkedin.com/company/columbia-grain
Summitville Grain & Feed,+1 931-728-0303,summitvillegrain@outlook.com,,https://summitvillegrain.com/,Grain elevator,219 Clark Rd,Summitville,Tennessee,37382,https://www.facebook.com/Summitville-Grain-Feed-Company-198869947381817/,
Farmers Grain Co,+1 318-574-0564,,,,Grain elevator,330 Farmers Grain Rd,Tallulah,Louisiana,71282,,
ADM Grain Company,+1 217-824-5579,suzanne.richardson@sharpspring.com,,https://admadvantage.com/contact-us/?location=Taylorville~Illinois,Grain elevator,"north 1463, 1463 IL-48",Taylorville,Illinois,62568,https://www.facebook.com/ADMFarmerServices/,
River Valley Cooperative - Galva Feed,+1 309-714-4279,,,,Grain elevator,200 SW 4th Ave,Galva,Illinois,61434,,
MFA Elevator,+1 573-588-7847,,,,Grain elevator,200 W Chestnut St,Shelbina,Missouri,63468,,
Coshocton Grain Co,+1 740-622-0941,rcrown@coshoctongrain.net,d.gilmore@coshoctongrain.net,http://coshoctongrain.net/,Grain elevator,475 Browns Ln,Coshocton,Ohio,43812,,
Gerald Grain Center,+1 419-445-2451,aaron.schnitkey@geraldgrain.com,bridgette.brady@geraldgrain.com,https://www.geraldgrain.com/,Grain elevator,3265 Co Rd 24,Archbold,Ohio,43502,https://www.facebook.com/geraldgrain/,https://www.linkedin.com/company/gerald-grain-center-inc
J & D-Lancaster Inc,+1 803-286-8426,don.hinson@jdfeeds.com,,https://www.jdfeeds.com/,Grain elevator,602 S Main St,Lancaster,South Carolina,29720,,
Perdue AgriBusiness - Chesapeake Grain Elevator and Oilseed Crush,+1 757-494-5564,j.wright@perdueagribusiness.com,t.ferguson@perdueagribusiness.com,http://www.perdueagribusiness.com/,Grain elevator,501 Barnes Rd,Chesapeake,Virginia,23324,https://www.facebook.com/160327367324124,http://www.linkedin.com/company/8877712
Smithfield Grain,+1 804-834-3990,kbass@smithfield.com,mmparker@smithfield.com,https://smithfieldgrain.com/cbloc-1691,Grain elevator,27404 Cabin Point Rd,Waverly,Virginia,23890,https://www.facebook.com/1835940583377171,
Murphy-Brown,+1 804-834-3990,,,,Grain elevator,27404 Cabin Point Rd,Waverly,Virginia,23890,,
Starke County Farm Co-Op,+1 574-772-4590,mshireman@starkecountycoop.com,rpumphr@starkecountycoop.com,http://www.starkecountycoop.com/,Grain elevator,2451 N Peabody St,Knox,Indiana,46534,https://www.facebook.com/starkecountycoop,
Caledonia Farmers Elevator Co,+1 616-374-8061,sbuche@cfeco.com,dshellenbarger@cfeco.com,https://www.cfeco.com/,"Grain elevator, Car Dealers",1018 3rd Ave,Lake Odessa,Michigan,48849,https://www.facebook.com/214540265234726,http://www.linkedin.com/company/6761010
Alliance Grain Co,+1 217-784-4284,cmr@alliance-grain.com,cab@alliance-grain.com,http://www.alliance-grain.com/,Grain elevator,1306 W 8th St,Gibson City,Illinois,60936,https://www.facebook.com/AllianceGrain,https://www.linkedin.com/company/alliance-grain-company
Cargill - Gibson City,+1 217-784-1980,t.manternach@cargillag.com,m.wallace@cargillag.com,https://www.cargillag.com/locations/gibson-city-cah,Grain elevator,IL-47,Gibson City,Illinois,60936,https://www.facebook.com/132988303474951,
Anderson grain.,,trayburn@andersonsgrain.com,lhansens@andersonsgrain.com,https://www.andersonsgrain.com/locations/id/buhl/,Grain elevator,4114 N 1600 E,Buhl,Idaho,83316,https://www.facebook.com/159968937368912,
ADM Morris,+1 815-539-7491,suzanne.richardson@sharpspring.com,,https://admadvantage.com/contact-us/?location=Morris~Illinois_(East),Grain elevator,280 Calhoun St,Morris,Illinois,60450,https://www.facebook.com/ADMFarmerServices/,
Viterra,+1 660-786-7001,,,,Grain elevator,21799 E Ave,Rock Port,Missouri,64482,,
Union Grain Co,+1 308-687-6311,,,,Grain elevator,302 Spruce St,St Libory,Nebraska,68872,,
Midland Marketing Co-Op Yocemento,+1 785-625-6440,vance.westhusin@midlandmarketing.org,harvey@midlandmarketing.org,https://www.midlandmarketing.org/locations,Grain elevator,1558 Yocemento Ave,Hays,Kansas,67601,https://www.facebook.com/mm1915/,http://www.linkedin.com/company/4455655
Greckel Farms LLC,+1 402-360-0943,info@deliverone.com,contact@mynft.com,https://sites.google.com/view/greckel-farms,"Grain elevator, Livestock producer",88111 545th Ave,Bloomfield,Nebraska,68718,https://www.facebook.com/russ.rentler,
The DeLong Co. Inc.,+1 913-884-5151,skranig@delongcompany.com,jtaft@delongcompany.com,http://www.delongcompany.com/,"Grain elevator, Agricultural service",32612 W 191st St,Edgerton,Kansas,66021,https://www.facebook.com/delongcompany,http://www.linkedin.com/company/4301399
Apex Grain Co LLC,+1 254-582-5311,kevin@apexgrain.com,,http://www.apexgrain.com/,Grain elevator,504 S Waco St,Hillsboro,Texas,76645,,
Langeland Farms,+1 812-593-6286,,,http://www.lfgrain.com/,Grain elevator,4084 S Co Rd 550 E,Greensburg,Indiana,47240,,
Producers Co-Op Elevator,+1 806-983-2821,seth@pcefloydada.com,marty@pcefloydada.com,http://www.pcefloydada.com/,"Grain elevator, ATM, Diesel fuel supplier, Oil change service, Tire shop",301 E Missouri St,Floydada,Texas,79235,,
Lone Star Grain,+1 254-983-2021,lsg@lonestargrain.com,,http://www.lonestargrain.com/,Grain elevator,5580 Avenue F,Heidenheimer,Texas,76533,,
United Grain Corporation - Bucyrus,+1 701-567-6751,mheidegger@ugcpnw.com,abassanini@ugcpnw.com,http://www.ugcpnw.com/,Grain elevator,305 6th St NW,Hettinger,North Dakota,58639,https://www.facebook.com/ugcpnw/,http://www.linkedin.com/company/2213581
F J Krob & Co Elevator,+1 319-624-3770,dave.krob@fjkrob.com,walker@fjkrob.com,http://www.fjkrob.com/,Grain elevator,1003 Stinocher St,Solon,Iowa,52333,https://www.facebook.com/161470543876057,https://www.linkedin.com/company/f.-j.-krob-&-company
"ZFS Ithaca, LLC",+1 989-449-6100,receptionist@zfsinc.com,,http://www.zfsithaca.com/,Grain elevator,1266 E Washington Rd,Ithaca,Michigan,48847,https://www.facebook.com/zfsinc/,https://www.linkedin.com/company/850878
Eichelberger Milling,+1 319-256-5100,jparsons@eichfarms.com,coswald@eichfarms.com,http://www.eichfarms.com/,Grain elevator,1054-1022 Pearl St,Wayland,Iowa,52654,https://www.facebook.com/1721467354739617,http://www.linkedin.com/company/4444361
Eichelberger Milling,+1 319-256-5100,jparsons@eichfarms.com,coswald@eichfarms.com,http://www.eichfarms.com/,Grain elevator,408 North Dr,Wayland,Iowa,52654,https://www.facebook.com/1721467354739617,http://www.linkedin.com/company/4444361
Missouri Valley Ag,+1 701-387-4447,,,,Grain elevator,30749 5th Ave NE,Sterling,North Dakota,58572,,
Farmers Grain Co,+1 217-488-3105,info@gfai.org,,https://web.gfai.org/CityTown/The-Farmers-Grain-Co-of-New-Berlin-5009,Grain elevator,202 N Locust St,New Berlin,Illinois,62670,,
The Arthur Companies - Blackfoot Elevator,+1 208-785-4460,jholder@arthurcompanies.com,jmelland@arthurcompanies.com,https://arthurcompanies.com/idaho/,Grain elevator,467 US-26,Blackfoot,Idaho,83221,https://www.facebook.com/ArthurCompanies,http://www.linkedin.com/company/220697
Woodall Grain Company,+1 931-968-1070,info@woodallgrain.com,j.woodall@woodallgrain.com,http://woodallgrain.com/,"Grain elevator, Store",406 1st Ave N,Decherd,Tennessee,37324,https://www.facebook.com/WoodallGrain,
Stockland Grain Co,+1 815-889-4855,,,,Grain elevator,1034 IL-1,Milford,Illinois,60953,,
Salisbury AG Center Inc,+1 660-388-6448,,,,Grain elevator,202 E Front St,Salisbury,Missouri,65281,,
Bartlett,+1 620-872-3456,info@bartlettandco.com,jeffhymas@savageservices.com,https://bartlettco.com/locations/ks/scott-city/,Grain elevator,305 W Bellevue Ave,Scott City,Kansas,67871,https://www.facebook.com/BartlettCo,https://www.linkedin.com/company/bartlettco
Scott Cooperative Association,+1 620-872-5383,steve@scottcoop.com,doug@scottcoop.com,https://www.scottcoop.com/,Grain elevator,481 W Rd 75,Scott City,Kansas,67871,https://www.facebook.com/ScottCoopAssn/,http://linkedin.com/company/scott-cooperative-association
"The Andersons, Inc.",+1 830-709-3684,trayburn@andersonsgrain.com,lhansens@andersonsgrain.com,https://www.andersonsgrain.com/locations/tx/lytle/,Grain elevator,20615 I-35,Lytle,Texas,78052,https://www.facebook.com/159968937368912,
Poinsett Rice & Grain,+1 870-523-8085,randy@poinsettrice.com,scott@poinsettrice.com,http://www.poinsettrice.com/,Grain elevator,3501 N Main St,Newport,Arkansas,72112,,http://linkedin.com/company/poinsett-rice-and-grain-inc.
Adm Grain Co,+1 308-536-2233,,,,Grain elevator,52551 NE-14,Fullerton,Nebraska,68638,,
Nortana Grain Co,+1 406-433-3014,,,,Grain elevator,415 9th Ave NE,Sidney,Montana,59270,,
Oakfield Elevator Co Inc,+1 920-583-3330,,,,Grain elevator,280 N Main St,Oakfield,Wisconsin,53065,,
CHS Farmers Alliance,+1 605-996-9200,mychs@chsinc.com,,https://www.chsfarmersalliance.com/,Grain elevator,1800 Elevator Rd,Mitchell,South Dakota,57301,https://www.facebook.com/CHSfarmersalliance,https://www.linkedin.com/company/chs
Rice Belt Warehouse--Ganado TX,+1 361-771-3371,ricebelt@ricebelt.com,k.tegeler@ricebelt.com,https://www.ricebelt.com/,Grain elevator,211 E York St,Ganado,Texas,77962,,http://linkedin.com/company/rice-belt-warehouse-inc.
Midwest Grain & Barge Co,+1 573-651-0988,ram@midwestagri-chemico.com,clape@midwestagri-chemico.com,https://midwestagri-chemico.com/mgb/home/,Grain elevator,94 Airport Rd,Scott City,Missouri,63780,,
Evergreen FS Holder,+1 309-724-8312,billb@evergreen-fs.com,jotto@evergreen-fs.com,https://www.evergreen-fs.com/Products-Services/Grain,"Grain elevator, Agricultural cooperative",11418 Oak St,Downs,Illinois,61736,https://www.facebook.com/EVERGREENFSINC/,http://linkedin.com/company/evergreen-fs
Perdue AgriBusiness - Plymouth Grain Elevator,+1 252-793-9119,j.wright@perdueagribusiness.com,t.ferguson@perdueagribusiness.com,http://www.perdueagribusiness.com/,Grain elevator,1789 US-64 E,Plymouth,North Carolina,27962,https://www.facebook.com/160327367324124,http://www.linkedin.com/company/8877712
Glynn Dodson Inc,+1 972-635-2421,,,,Grain elevator,207 S Elm St,Royse City,Texas,75189,,
agri trails co-op,+1 620-767-5105,ckremeier@agritrails.com,ddillon@agritrails.com,https://www.agritrails.com/locations/council-grove,Grain elevator,1216 Old Hwy 56,Council Grove,Kansas,66846,,
Legacy Cooperative,+1 701-477-3650,sean.slowinski@legacy-cooperative.com,alexis.disher@legacy-cooperative.com,http://www.legacy-cooperative.com/,Grain elevator,17 Front St NE,Rolla,North Dakota,58367,https://www.facebook.com/Legacy-Cooperative-1416274575295490/,
ALCIVIA - Burlington Grain,+1 262-767-2018,cdl.examiner@alcivia.com,mark.handel@alcivia.com,https://www.alcivia.com/wisconsin-grain-services/,"Grain elevator, Agricultural cooperative, Propane supplier",638 S Kane St,Burlington,Wisconsin,53105,https://www.facebook.com/ALCIVIACOOP,https://www.linkedin.com/company/alciviacoop
Merrell Grain,+1 765-647-5512,,,,Grain elevator,7205 Johnson Fork Rd,Brookville,Indiana,47012,,
Kanza Cooperative Association- St. John Branch,+1 620-549-3441,,,,Grain elevator,418 S Monroe St,St John,Kansas,67576,,
Insight FS,+1 920-324-2781,steve.hellenbrand@insightfs.com,crasmussen@insightfs.com,https://insightfs.com/Our-Locations/Location-Detail/waupun/,"Grain elevator, Agricultural cooperative, Agricultural service, Agrochemicals Supplier, Fertilizer Store",W7197 WI-49,Waupun,Wisconsin,53963,https://www.facebook.com/insightfsWI/,https://www.linkedin.com/company/insight-fs
Big River Resources West Burlington LLC,+1 309-734-8423,ronda.corzatt@bigriverresources.com,ljanssen@bigriverresources.com,https://www.bigriverresources.com/,Grain elevator,903 S Sunny Ln,Monmouth,Illinois,61462,https://www.facebook.com/Big-River-Resources-LLC-181368415222259/,https://www.linkedin.com/company/big-river-resources-llc
"Hartmann Farms, LLC",+1 608-592-3764,howardhartmann@hartmannfarmsgrain.com,todd.neeley@dtn.com,http://www.hartmannfarmsgrain.com/index.cfm,"Grain elevator, Trucking company",W12148 WI-60 Trunk,Lodi,Wisconsin,53555,https://www.facebook.com/HartmannFarms/,
"Obion Grain Co., LLC",+1 731-536-6251,w.miller@obiongrain.com,rcochran@obiongrain.com,https://www.obiongrain.com/,Grain elevator,328 E Main Ave,Obion,Tennessee,38240,,https://www.linkedin.com/company/obion-grain-co-inc
Walters Co-Op Elevator Association,+1 580-875-3344,r.kindred@walterscoop.com,j.krasser@walterscoop.com,https://www.walterscoop.com/,"Grain elevator, Store",409 W Missouri Ave,Walters,Oklahoma,73572,,
Ramirez Feeds,+1 956-355-0226,,,,Grain elevator,423 E 4th St,Elsa,Texas,78543,,
Farmers Cooperative Association,+1 580-735-2533,,,,Grain elevator,322 E Harper St,Buffalo,Oklahoma,73834,,
CDR Farms,+1 715-559-5803,cdrfarmsllc@gmail.com,,https://www.cdrfarmsllc.com/,Grain elevator,,Bloomer,Wisconsin,54724,,
Adm Grain,+1 580-652-3761,,,,Grain elevator,102 Glaydas St,Hooker,Oklahoma,73945,,
Rabideau Grain & Lumber Inc,+1 815-694-2339,h.guy@rabideaugrain.com,rabideaugrain@gmail.com,http://www.rabideaugrain.com/,"Grain elevator, Chemical plant, Fertilizer Store, Lumber store",745 S Elliott St,Clifton,Illinois,60927,https://www.facebook.com/1589777651278793,
SC Farm Bureau Grain Elevator,+1 864-226-6248,tarascfbgrainelevator@gmail.com,,http://www.scfbgrainelevator.com/,"Grain elevator, Feed manufacturer, Animal feed store, Fertilizer Store, Agricultural Seed Store",1306 Whitehall Rd,Anderson,South Carolina,29625,https://www.facebook.com/340792843082363,
Farmers Elevator,+1 406-487-2271,,,,Grain elevator,7 Main St,Scobey,Montana,59263,,
J-Ham Farms & Grain Inc.,+1 910-865-3792,,,,Grain elevator,112 E Armfield St,St Pauls,North Carolina,28384,,
Russell Grain,+1 217-322-4417,a.goodrich@russellgrain.com,matt@totalfarmmarketing.com,https://www.russellgrain.com/,Grain elevator,221 W Washington St,Rushville,Illinois,62681,https://www.facebook.com/RussellGrainInc/,
Perdue Montross,,j.wright@perdueagribusiness.com,t.ferguson@perdueagribusiness.com,http://www.perdueagribusiness.com/,Grain elevator,212 Grainery Rd,Montross,Virginia,22520,https://www.facebook.com/160327367324124,http://www.linkedin.com/company/8877712
Dummer's Grain Services,+1 608-526-9277,kathy@dummersgrain.com,bob@dummersgrain.com,http://www.dummersgrain.com/,Grain elevator,N6673 County Rd XX,Holmen,Wisconsin,54636,https://www.facebook.com/gotgrain/,
Hopkinsville Elevator Co,+1 270-886-5191,,,https://www.hopelevator.com/,Grain elevator,1040 Skyline Dr,Hopkinsville,Kentucky,42240,,
Cassens' Mill Corporation,+1 641-622-2206,,,,Grain elevator,108 Ringgold St,Sigourney,Iowa,52591,,
Star of the West Milling Co.,+1 701-397-5261,ryan.green@starofthewest.com,debbie.lackowski@starofthewest.com,https://www.starofthewest.com/,Grain elevator,4082 22nd Ave NE,Larimore,North Dakota,58251,https://www.facebook.com/Star-of-the-West-Milling-Company-66596276711/,https://www.linkedin.com/company/star-of-the-west-milling-co
CHS AG Services,+1 701-343-2340,d.meshefski@chsagservices.com,t.andersen@chsagservices.com,https://chsagservices.com/,Grain elevator,40 Barrett Ave,Larimore,North Dakota,58251,,https://www.linkedin.com/company/chs
Dakota Mill & Grain,+1 605-223-2557,tlien@dakotamill.com,aberihu@dakotamill.com,https://www.dakotamill.com/,Grain elevator,507 Elevator Rd,Fort Pierre,South Dakota,57532,https://www.facebook.com/dakotamillandgrain/,
"Ag Partners Cooperative - Lathrop, Missouri",+1 816-528-4255,psmith@agpartnerscoop.com,jtammet@agpartnerscoop.com,http://www.agpartnerscoop.com/,"Grain elevator, Agricultural cooperative, Animal feed store",402 Locust St,Lathrop,Missouri,64465,https://www.facebook.com/agpartnerscoopinc/,http://www.linkedin.com/company/6364117
"Paterson Grain, LLC",+1 701-228-3250,info@patersongrainusa.com,info@patersongrainusa.com,http://www.patersongrainusa.com/,Grain elevator,1 Paterson Dr,Bottineau,North Dakota,58318,,
ADM,+1 870-753-9260,,,,Grain elevator,445 Phillips 400 Rd,Helena,Arkansas,72342,,
Perdue AgriBusiness - Bridgeville Grain Elevator and Feed Mill,+1 302-855-5690,j.wright@perdueagribusiness.com,t.ferguson@perdueagribusiness.com,http://www.perdueagribusiness.com/,"Grain elevator, Feed manufacturer",16447 Adams Rd,Bridgeville,Delaware,19933,https://www.facebook.com/160327367324124,http://www.linkedin.com/company/8877712
Four Farmers Grain Inc,+1 972-853-0174,,,,Grain elevator,315 S Farm To Market 1138,Nevada,Texas,75173,,
Farmers Cooperative Elevator Company,+1 507-423-6235,stephanieh@farmerscoopelevator.com,scott.dubbelde@farmerscoopelevator.com,https://www.farmerscoopelevator.com/,Grain elevator,90 Railway St,Cottonwood,Minnesota,56229,https://www.facebook.com/fcecompany/,http://www.linkedin.com/company/6523259
Farmers Cooperative Elevator Company,+1 507-423-6235,stephanieh@farmerscoopelevator.com,scott.dubbelde@farmerscoopelevator.com,https://www.farmerscoopelevator.com/,Grain elevator,90 Railway St,Cottonwood,Minnesota,56229,https://www.facebook.com/fcecompany/,http://www.linkedin.com/company/6523259
Tampico Grain,+1 812-358-4300,info@tampicograin.com,,http://tampicograin.com/,Grain elevator,10726 E County Rd 400 S,Crothersville,Indiana,47229,,
Perdue AgriBusiness - Marietta Grain Elevator,+1 717-426-5268,j.wright@perdueagribusiness.com,t.ferguson@perdueagribusiness.com,http://www.perdueagribusiness.com/,Grain elevator,1609 River Rd,Marietta,Pennsylvania,17547,https://www.facebook.com/160327367324124,http://www.linkedin.com/company/8877712
"Inland Empire Milling Company, Inc.",+1 509-648-3366,j.schauble@iemc.com,iemc@stjohncable.com,http://www.iemc.com/,Grain elevator,4 N Pk St,St John,Washington,99171,,
Farmers Co-Op Elevator,+1 316-835-2261,,,,Grain elevator,222 E 1st St,Halstead,Kansas,67056,,
Perdue AgriBusiness - Kinsale Grain Elevator,+1 804-472-3200,j.wright@perdueagribusiness.com,t.ferguson@perdueagribusiness.com,http://www.perdueagribusiness.com/,Grain elevator,82 Steamboat Landing,Kinsale,Virginia,22488,https://www.facebook.com/160327367324124,http://www.linkedin.com/company/8877712
D E Bondurant Grain Go Inc,+1 785-798-3322,nancypfannenstiel@bondurantgrain.com,vickischuler@bondurantgrain.com,http://www.bondurantgrain.com/index.cfm?show=16&mid=6,Grain elevator,223 S Iowa Ave,Ness City,Kansas,67560,,
Douglas County Farmers Co-op Grain Plant,+1 541-673-0604,melvinburke@douglascountyfarmerscoop.com,dparks@landolakes.com,https://douglascountyfarmerscoop.com/,Grain elevator,7585 OR-99,Wilbur,Oregon,97494,https://www.facebook.com/Douglas-County-Farmers-Co-op-134935906554549/,
Terra Products Company,+1 319-338-2280,jbuline@terraproco.com,info@terraproco.com,https://terraproco.com/,"Grain elevator, Agricultural Product Wholesaler, Agricultural production, Agricultural service, Farm shop",2144 Old Hwy 218 S,Iowa City,Iowa,52246,https://www.facebook.com/terraproco,http://www.linkedin.com/company/9423098
Mountaire Farms Grain Elevator - Ridgely,+1 410-634-2655,khalsted@mountaire.com,tjohnson@mountaire.com,https://mountaire.com/,Grain elevator,23501 Henry Rd,Ridgely,Maryland,21660,https://www.facebook.com/MountaireFarms,http://linkedin.com/company/mountaire-farms-of-delmarva-inc.
"Southeastern Grain Company, Lake City SC",+1 843-389-3792,,,,Grain elevator,808 S Scurry Rd,Lake City,South Carolina,29560,,
Turner Grain Services Inc,+1 309-347-5444,,,,Grain elevator,706 S Front St,Pekin,Illinois,61554,,
Parkston Grain & Feed,+1 605-928-3354,kaylorgrain@goldenwest.net,parkgrain@santel.net,http://www.parkston-kaylorgrain.com/,Grain elevator,204 N Depot St,Parkston,South Dakota,57366,https://www.facebook.com/Parkston-Kaylor-Grain-Feed-879841105469949,
Visser Elevator Inc,+1 712-722-0661,kris.visser@visserelevator.com,,http://www.visserelevator.com/,Grain elevator,412 3rd Ave NW,Sioux Center,Iowa,51250,,https://www.linkedin.com/company/visser-elevator-inc
Mont Eagle Mills Inc,+1 618-592-4211,eeubank@monteaglemills.com,tjohnson@monteaglemills.com,http://www.monteaglemills.com/,Grain elevator,804 W Main St,Oblong,Illinois,62449,https://www.facebook.com/737099083100969,http://www.linkedin.com/company/4064032
KAAPA Ethanol Ravenna,+1 308-452-3900,,,http://www.kaapaethanolravenna.com/,Grain elevator,35955 Navaho Rd,Ravenna,Nebraska,68869,,
Goldsboro Milling Grain Co,+1 252-746-2154,,,,Grain elevator,4101 East Ave,Ayden,North Carolina,28513,,
Jersey County Grain Co,+1 618-498-2183,tom@jerseycountygrain.com,brizzetta@jerseycountygrain.com,http://www.jerseycountygrain.com/,Grain elevator,426 E Exchange St,Jerseyville,Illinois,62052,,
Tyson Foods Local Grain Services - Dyer,+1 731-692-2389,legalprivacy@tyson.com,localgrainservices@tyson.com,http://www.localgrainservices.com/,"Grain elevator, Agricultural service",347 S Main St,Dyer,Tennessee,38330,,
Central Farmers Coop,+1 605-589-3303,djacobson@cenfarmcoop.com,dkoch@cenfarmcoop.com,http://www.cenfarmcoop.com/,Grain elevator,210 E 17th Ave,Tyndall,South Dakota,57066,https://www.facebook.com/Central-Farmers-Cooperative-1196323993725616/,http://www.linkedin.com/company/5531599
CHS Inc Omega Branch,+1 405-729-4250,,,,Grain elevator,,Omega,Oklahoma,73764,,
AGT Foods USA,+1 701-751-1623,skilincci@agtfoods.com,wthompson@agtfoods.com,http://www.agtfoods.com/,Grain elevator,1611 E Century Ave # 102,Bismarck,North Dakota,58503,https://www.facebook.com/agtfoodsretail,http://www.linkedin.com/company/1400294
Mid-Iowa Cooperative Jesup North,+1 319-827-6226,mkistenmacher@midiowacoop.com,jberrey@midiowacoop.com,https://www.midiowacoop.com/,"Grain elevator, Feed manufacturer, Animal feed store",661 Douglas St,Jesup,Iowa,50648,,http://www.linkedin.com/company/4713562
Heskin Grain Processing Inc,+1 701-302-0653,,,,Grain elevator,19 1st St N,New Rockford,North Dakota,58356,,
Star of the West Milling Co.,+1 585-293-3030,ryan.green@starofthewest.com,debbie.lackowski@starofthewest.com,https://www.starofthewest.com/locations/churchville-ny/,"Grain elevator, Food Processing Company",35 S Main St,Churchville,New York,14428,https://www.facebook.com/Star-of-the-West-Milling-Company-66596276711/,https://www.linkedin.com/company/star-of-the-west-milling-co
Gateway FS Inc,+1 618-497-2135,jherzog@gatewayfs.com,dschrader@gatewayfs.com,https://www.gatewayfs.com/,Grain elevator,207 W Almond St,Percy,Illinois,62272,https://www.facebook.com/GatewayFS.Inc/,http://linkedin.com/company/gateway-fs-inc.
Premier Cooperative,+1 217-748-6222,pburgett@premiercooperative.net,virginiasinnes@premiercooperative.net,https://www.premiercooperative.net/,Grain elevator,309 Maple St,Rossville,Illinois,60963,https://www.facebook.com/1711654382408886,https://www.linkedin.com/company/premier-cooperative-inc-
Goldsboro Milling Grain Co,+1 252-753-5457,,,,Grain elevator,3628 S Fields St,Farmville,North Carolina,27828,,
Duffy Grain Inc.,+1 920-623-4160,norri.brozek@duffygrain.com,pat.duffy@duffygrain.com,http://www.duffygrain.com/,"Grain elevator, Trucking company","N, 3867 Baden St",Columbus,Wisconsin,53925,https://www.facebook.com/duffygrain/,http://www.linkedin.com/company/6476209
MB Bell Jr. Grain & Fertilizer Inc.,+1 256-638-3666,,,,"Grain elevator, Animal feed store, Fertilizer Store",10028 Blue Pond Blvd W,Sylvania,Alabama,35988,,
"Pendleton Grain Growers, Inc.",+1 541-276-7611,,,,"Grain elevator, Agricultural Seed Store, Store",4600 McKennon Rd,Pendleton,Oregon,97801,,
West Slope Farm and Ranch - Delta,+1 970-874-7689,westslopefarmandranch.kelson@gmail.com,,http://www.westslopefarmandranch.com/,Grain elevator,551 W 5th St,Delta,Colorado,81416,https://www.facebook.com/people/West-Slope-Farm-and-Ranch-LLC/100077114647947/,
Alliance Grain,+1 815-426-2231,cmr@alliance-grain.com,cab@alliance-grain.com,https://www.alliance-grain.com/,Grain elevator,11 N Main St,Herscher,Illinois,60941,https://www.facebook.com/AllianceGrain,https://www.linkedin.com/company/alliance-grain-company
Premier Cooperative,+1 217-776-2255,pburgett@premiercooperative.net,virginiasinnes@premiercooperative.net,https://www.premiercooperative.net/,Grain elevator,24935 1st Ave,Collison,Illinois,61831,https://www.facebook.com/1711654382408886,https://www.linkedin.com/company/premier-cooperative-inc-
FS Grain LLC,+1 815-427-8171,brrader@fsgrain.com,,http://fsgrain.com/,Grain elevator,151 E Station St,St Anne,Illinois,60964,,
South Milford Grain Inc,+1 260-351-2421,ashley@smgrain.com,,http://www.smgrain.com/,Grain elevator,7570 790 E,South Milford,Indiana,46786,,
Kerber Milling Co,+1 712-852-2712,hr@kerbercompanies.com,,http://www.kerbercompanies.com/,Grain elevator,1817 Main St,Emmetsburg,Iowa,50536,,
Tichnor Dryer,+1 870-548-2240,,,,Grain elevator,1030 AR-44,Tichnor,Arkansas,72166,,
ALCIVIA - Baldwin Energy and Grain,+1 715-684-3371,cdl.examiner@alcivia.com,mark.handel@alcivia.com,https://www.alcivia.com/,"Grain elevator, Propane supplier",930 10th Ave,Baldwin,Wisconsin,54002,https://www.facebook.com/ALCIVIACOOP,https://www.linkedin.com/company/alciviacoop
Greensburg Soy Processors,+1 812-663-6150,c.fogg@greensburgsoy.com,amrhoades2@yahoo.com,http://www.greensburgsoy.com/,"Grain elevator, Store",1015 W Main St,Greensburg,Indiana,47240,https://www.facebook.com/Greensburg-Soy-Processors-473210672878010/,
Pettisville Grain Co,+1 419-924-8050,jbeck@pettisvillegrain.com,pgrainco@live.com,https://www.pettisvillegrain.com/,Grain elevator,1101 Oak St,West Unity,Ohio,43570,https://www.facebook.com/466034273577220,http://www.linkedin.com/company/4520489
Hereford Grain Corporation,+1 806-364-2922,,,,Grain elevator,100 S Main St,Hereford,Texas,79045,,
McNairy Farmers Co-Op,+1 731-645-7690,pbinkley@ourcoop.com,parnette@ourcoop.com,https://www.ourcoop.com/locations/mid-south-farmers-selmer,"Grain elevator, Store",TN-142,Selmer,Tennessee,38375,http://www.facebook.com/TennesseeFarmersCooperative,https://www.linkedin.com/company/tennessee-farmers-cooperative
The Cooperative Elevator & Supply Co. dba Meade Coop,+1 620-873-2161,lynn@meadecoop.com,alanb@bruglermktg.com,https://www.meadecoop.com/,Grain elevator,801 N Fowler St,Meade,Kansas,67864,https://www.facebook.com/1513176925677978,
ADM Silver Grove,+1 859-781-2175,suzanne.richardson@sharpspring.com,,https://admadvantage.com/contact-us/,Grain elevator,5321 Mary Ingles Hwy,Silver Grove,Kentucky,41085,https://www.facebook.com/ADMFarmerServices/,
New Century FS,+1 319-342-3057,hgrandin@newcenturyfs.com,jchristie@newcenturyfs.com,https://www.newcenturyfs.com/Our-Locations/Location-Detail/la-porte-city-location,Grain elevator,106 Cedar St,La Porte City,Iowa,50651,https://www.facebook.com/newcenturyfs/,http://www.linkedin.com/company/3900366
Farmers Grain,+1 260-244-5155,,,,"Grain elevator, Service establishment",,,,,,
Cain A M Bickley LLC,+1 478-967-2291,john@ambickley.com,,http://www.ambickley.com/,Grain elevator,211 Camellia Blvd,Marshallville,Georgia,31057,,
Stockland Grain Co,+1 815-984-4700,,,,Grain elevator,2813 E 300 North Rd,Wellington,Illinois,60973,,
Walinga Of Kansas,+1 785-726-3503,pdfdonmcelroy@macksvacs.com,,https://macksvacs.com/contact-us,Grain elevator,1830 110th Ave,Ellis,Kansas,67637,,
Production Sales Co,+1 402-643-3661,,,,Grain elevator,2707 Progressive Rd,Seward,Nebraska,68434,,
Lake County Co-Op,+1 219-663-0912,,,,Grain elevator,5315 E 141st Ave,Crown Point,Indiana,46307,,
Cando Farmers Grain & Oil,+1 701-968-4446,,,,Grain elevator,401 Elevator Rd,Cando,North Dakota,58324,,
Heartland Feed Services - Minster,+1 419-628-2367,social@heartlandfeedservices.com,,https://heartlandfeedservices.com/,"Grain elevator, Agricultural cooperative, Animal feed store",292 W 4th St,Minster,Ohio,45865,https://www.facebook.com/heartlandfeedservices,https://www.linkedin.com/company/heartland-feed-services
Andress Grain Co,+1 269-694-4645,,,,Grain elevator,1175 19th St,Otsego,Michigan,49078,,
Arizona Grain,+1 520-568-2242,ewilkey@arizonagrain.com,kdouglas@arizonagrain.com,http://www.arizonagrain.com/index.cfm?show=10&mid=8,"Grain elevator, Animal feed store, Agricultural Seed Store",811 N 1st St,Buckeye,Arizona,85326.0,https://www.facebook.com/155477944488532,http://linkedin.com/company/arizona-grain-inc-
Schaefer Grain,+1 402-582-4487,,,,Grain elevator,210 9th St,Plainview,Nebraska,68769,,
Mountaire Farms Grain Elevator -- Painter,+1 757-443-7300,khalsted@mountaire.com,tjohnson@mountaire.com,http://www.mountaire.com/,Grain elevator,35070 Lankford Hwy,Painter,Virginia,23420,https://www.facebook.com/MountaireFarms,http://linkedin.com/company/mountaire-farms-of-delmarva-inc.
Elm Creek Grain LLC,+1 325-365-2050,,,,Grain elevator,306 Hutchings Ave,Ballinger,Texas,76821,,
Miami Valley Feed & Grain Co.,+1 937-845-3568,,,,Grain elevator,812-962 Jefferson St,New Carlisle,Ohio,45344,,
Bryant Grain Co,+1 800-441-9782,info@bryantgrain.com,kasey@kwdesigngroup.com,https://bryantgrainco.com/,Grain elevator,300 N Front St,Aledo,Texas,76008,https://www.facebook.com/Bryant-Grain-Company-314318585253566/,
Midway Coop - Osborne Station,+1 785-346-5812,osbss@midwaycoop.com,cnemece@midwaycoop.com,https://www.midwaycoop.com/locations/osborne-service-station,Grain elevator,707 N 1st St,Osborne,Kansas,67473,https://www.facebook.com/MidwayCoopInc/,http://www.linkedin.com/company/7098403
Beachner Grain Inc,+1 620-473-2233,t.rasmussen@beachnergrain.com,d.schmidt@beachnergrain.com,https://www.beachnergrain.com/,Grain elevator,1400 Central St,Humboldt,Kansas,66748,https://www.facebook.com/beachnergraininc/,
Interstate Grain Corporation,+1 361-289-5651,,,,Grain elevator,"1201, 5700 Up River Rd",Corpus Christi,Texas,78407,,
Columbia Grain and Agronomy,+1 701-343-6273,mmorgan@columbiagrain.com,jsung@columbiagrain.com,https://columbiagrain.com/location/,Grain elevator,218 Elevator St,Arvilla,North Dakota,58214,https://www.facebook.com/cgicolumbiagraininternational/,https://www.linkedin.com/company/columbia-grain
Enfield Grain & Fertilizer Co,+1 252-445-5011,,,,Grain elevator,1245 S Dennis St,Enfield,North Carolina,27823,,
Jackson Farmers Inc,+1 785-364-3161,darlal@jacksonfarmers.com,gsimms@jacksonfarmers.com,https://jacksonfarmers.com/,"Grain elevator, Tire shop",509 Lowell Ave,Holton,Kansas,66436,https://www.facebook.com/430569400473633,
"Kokomo Grain Co., Inc. - Winamac",+1 574-946-6101,jjameson@kokomograin.com,sortman@kokomograin.com,http://www.kokomograin.com/,Grain elevator,1700 S 50 E,Winamac,Indiana,46996,http://www.facebook.com/pages/Kokomo-Grain/373881009288896,http://www.linkedin.com/company/8718976
"The Mill,Inc.",+1 641-228-3141,john@themillinc.com,bstruther@agvantagefs.com,http://www.themillinc.com/,"Grain elevator, Animal feed store",1300 Hildreth St,Charles City,Iowa,50616,https://www.facebook.com/1645781869028185,
"The Andersons, Inc. - Hemlock",+1 989-642-5291,trayburn@andersonsgrain.com,lhansens@andersonsgrain.com,https://www.andersonsgrain.com/locations/mi/hemlock/,Grain elevator,485 S Hemlock Rd,Hemlock,Michigan,48626,https://www.facebook.com/159968937368912,
The Jewell Grain Company,+1 419-542-6287,brentp@jewellgrain.com,bpetersen@jewellgrain.com,https://www.jewellgrain.com/,Grain elevator,259 E High St,Hicksville,Ohio,43526,https://www.facebook.com/1734859583400289,http://www.linkedin.com/company/4767979
The Jewell Grain Co Hicksville agronomy,+1 419-542-6643,brentp@jewellgrain.com,bpetersen@jewellgrain.com,https://www.jewellgrain.com/,Grain elevator,501 Factory St,Hicksville,Ohio,43526,https://www.facebook.com/1734859583400289,http://www.linkedin.com/company/4767979
Jersey Farmers Elevator Inc,+1 618-498-2191,,,,Grain elevator,421 Harbert St,Jerseyville,Illinois,62052,,
Quality Grain Co Inc,+1 909-591-3800,,,,"Grain elevator, Animal feed store",13619 12th St STE A,Chino,California,91710,,
Le Mars Agri-Center Inc.,+1 712-546-4127,brianag@premieronline.net,paige@premieronline.net,http://www.lemarsagricenter.com/,"Grain elevator, Animal feed store, Fertilizer Store, Agricultural Seed Store",205 1st Ave SW,Le Mars,Iowa,51031,,
Consolidated Grain and Barge Co.,+1 815-732-2066,info@cgbgrain.com,cgbgrainsupport@cgb.com,http://www.cgbgrain.com/,"Grain elevator, Animal feed store",202 Railroad Ave,Chana,Illinois,61015,https://www.facebook.com/cgbgrain,https://www.linkedin.com/company/151628
Heartland Coop,+1 712-642-2801,janderson@heartlandcoop.com,jjones@heartlandcoop.com,https://www.heartlandcoop.com/,Grain elevator,220 Lincoln Hwy,Missouri Valley,Iowa,51555,https://www.facebook.com/HeartlandCoop,http://www.linkedin.com/company/798805
Heartland Coop,+1 712-642-2801,janderson@heartlandcoop.com,jjones@heartlandcoop.com,https://www.heartlandcoop.com/,Grain elevator,220 Lincoln Hwy,Missouri Valley,Iowa,51555,https://www.facebook.com/HeartlandCoop,http://www.linkedin.com/company/798805
Carolina Eastern,+1 803-793-3746,blynch@carolinaeastern.com,,http://cropexcellence.com/,Grain elevator,16477 Heritage Hwy,Denmark,South Carolina,29042,,
Smith Fertilizer & Grain,+1 641-828-8500,robm@sfgiowa.com,melissa@sfgiowa.com,http://www.sfgiowa.com/,"Grain elevator, Animal feed store",601 N Sherman St,Knoxville,Iowa,50138,http://www.facebook.com/pages/Smith-Fertilizer-Grain/228119380584390,https://www.linkedin.com/company/smith-fertilizer-&-grain
CBH CO-OP Gillette Elevator,+1 307-682-4772,ldecarlo@cbhcoop.com,acrist@cbhcoop.com,http://cbhcoop.com/,"Grain elevator, Agricultural cooperative, Agrochemicals Supplier, Farm equipment supplier, Animal feed store, Fence supply store, Fertilizer Store, Agricultural Seed Store, Water Testing Laboratory",207 E 1st St,Gillette,Wyoming,82716,//www.facebook.com/cbhcoop,
Still Gin & Grain,+1 573-695-2518,,,,Grain elevator,110 Michie St,Steele,Missouri,63877,,
Heritage Cooperative,+1 800-762-6915,cellington@heritagecooperative.com,lbaughman@heritagecooperative.com,http://www.heritagecooperative.com/,"Grain elevator, Agricultural cooperative, Agricultural service",140 S Main St,Mechanicsburg,Ohio,43044,https://www.facebook.com/heritagecooperative,https://www.linkedin.com/company/1st-choiceenergyservices
Pro Cooperative Manson Elevator,+1 515-890-5409,cpohl@procooperative.com,brianb@procooperative.com,https://www.procooperative.com/,"Grain elevator, Diesel fuel supplier, Animal feed store, Propane supplier",1303 9th Ave,Manson,Iowa,50563,https://www.facebook.com/ProCooperative,http://www.linkedin.com/company/8433300
Rickett Grain Co,+1 309-597-2331,clay@rickettgrain.com,katthy@rickettgrain.com,https://www.rickettgrain.com/,"Grain elevator, Animal feed store",300 S Broadway St,Manito,Illinois,61546,https://www.facebook.com/rickettgrain/,
Columbia Grain International,+1 701-742-2982,mmorgan@columbiagrain.com,jsung@columbiagrain.com,https://columbiagrain.com/,Grain elevator,10990 Arlen Lee Dr,Oakes,North Dakota,58474,https://www.facebook.com/cgicolumbiagraininternational/,https://www.linkedin.com/company/columbia-grain
Simons Er & Co,+1 989-465-1581,,,,Grain elevator,108 E Railway St,Coleman,Michigan,48618,,
Poinsett Rice & Grn Osceola,+1 870-622-0204,randy@poinsettrice.com,scott@poinsettrice.com,http://www.poinsettrice.com/,Grain elevator,718 Port Rd,Osceola,Arkansas,72370,,http://linkedin.com/company/poinsett-rice-and-grain-inc.
Farmer's Co-Op Shop,+1 580-654-1382,farmerscoop@carnegienet.net,,http://www.carnegiecoop.com/,Grain elevator,17 1st St,Carnegie,Oklahoma,73015,https://www.facebook.com/257569154388123,
Farmers Cooperative Elevator Co,+1 605-763-2108,stephanieh@farmerscoopelevator.com,scott.dubbelde@farmerscoopelevator.com,https://www.farmerscoopelevator.com/,Grain elevator,101 East St,Beresford,South Dakota,57004,https://www.facebook.com/fcecompany/,http://www.linkedin.com/company/6523259
Farmers Cooperative Elevator Co,+1 605-763-2108,stephanieh@farmerscoopelevator.com,scott.dubbelde@farmerscoopelevator.com,https://www.farmerscoopelevator.com/,Grain elevator,101 East St,Beresford,South Dakota,57004,https://www.facebook.com/fcecompany/,http://www.linkedin.com/company/6523259
Riverside Grain & Feed Co,+1 319-648-2341,,,,Grain elevator,130 E 1st St,Riverside,Iowa,52327,,
Crossroads Cooperative,+1 308-262-0187,rich@crossroadscoop.com,joe@crossroadscoop.com,http://www.crossroadscoop.com/,Grain elevator,10120 US-385,Bridgeport,Nebraska,69336,http://www.facebook.com/crossroadscoop,http://www.linkedin.com/company/4551133
Grain Store Elevators,+1 309-462-2976,,,,Grain elevator,306 Knox Rd 650 N,Abingdon,Illinois,61410,,
