Company Name,Category,Street_Address,City,State_Parsed,ZIP_Parsed,Lat / Long,Capacity
Pride Ag Resources,Grain,103 Texcoco,Montezuma,KS,67867,,"2,316,000 bus up."
Archer Daniels Midland Co.,Grain,115 Bluff St.,Rhineland,MO,65069,,"450,000 bus up"
Archer Daniels Midland Co.,Grain,320 Short St.,Montgomery City,MO,63361,,"597,035 bus up"
"Viterra Usa Grain, Llc",Grain,2102 Waurika Freeway ,Wichita Falls,TX,76305,,"2,700,000 bus up"
Ardent Mills,Flour mills,3750 Wynkoop ,Denver,CO,80216,,"4,000 cwts"
Ardent Mills,Specialty Mills,3750 Wynkoop ,Denver,CO,80216,,
The Birkett Mills,Flour mills,1 E Main St,Penn Yan,NY,14527,,800 cwts
The Birkett Mills,Specialty Mills,1 E Main St,Penn Yan,NY,14527,,600 cwts
The Birkett Mills,Specialty Mills,1 E Main St,Penn Yan,NY,14527,,
The Birkett Mills,Mix Plants,1 E Main St,Penn Yan,NY,14527,,
"Premier Cooperative, Inc.",Grain,1 Main St,Dewey,IL,61840,,"5,688,000 bus up; 952,000 bus"
The Mennel Milling Co.,Flour mills,1 W. Front St.,Logan,OH,43138,,"8,600 cwts"
Archer Daniels Midland Co.,Grain,10 Center St,Hume,IL,61932,,"1,052,384 bus up."
Archer Daniels Midland Co.,Grain,10 N. Teeter St.,Oakland,IL,61943,,"2,950,000 bus up."
Archer Daniels Midland Co.,Grain,10 Pitzman Ave.,Sauget,IL,62201,,"320,000 bus up."
Hansen-Mueller Co.,Grain,100 24th Ave.,Council Bluffs,IA,51501,,"864,000 bus up"
Corbion,Mix Plants,100 Adams Dr.,Totowa,NJ,7512,,
Archer Daniels Midland Co.,Grain,100 Broadway St.,Gulfport,IL,61425,,"274,000 bus up."
Archer Daniels Midland Co.,Grain,100 Brunner St.,Peru,IL,61354,,"87,000 bus up"
"Mgp Ingredients, Inc.",Grain,"100 Commercial St., P.O. Box 130",Atchison,KS,66002,,"750,000 bus up."
"Mgp Ingredients, Inc.",Specialty Mills,"100 Commercial St., P.O. Box 130",Atchison,KS,66002,,
"Mgp Ingredients, Inc.",Specialty Mills,"100 Commercial St., P.O. Box 130",Atchison,KS,66002,,
"Cargill, Incorporated",Grain,"100 E. Atchison, P.O. Box 238",Cunningham,KS,67035,,"203,000 bus up"
Grain Craft,Grain,100 E. First Ave.,Rome,GA,30161,,"670,000 bus up."
Grain Craft,Flour mills,100 E. First Ave.,Rome,GA,30161,,"5,000 cwts"
Grain Craft,Specialty Mills,100 E. First Ave.,Rome,GA,30161,,
"Attebury Grain, Inc. (Burkburnett)",Grain,"100 E. Second, P.O. Box 938",Burkburnett,TX,76354,,"1,098,000 bus up"
Adm Benson Quinn,Grain,100 Elevator Ave.,Rogers,ND,58479,,"3,500,000 bus up"
"Columbia Grain International, Llc",Grain,100 Elevator Ave.,Rogers,ND,58479,,"4,666,000.00"
Archer Daniels Midland Co.,Grain,"100 Front St., P.O. Box 287",Macon,IL,62544,,"3,334,032 bus up."
Manildra Milling Corp.,Specialty Mills,100 George St.,Hamburg,IA,51640,,
Manildra Milling Corp.,Specialty Mills,100 George St.,Hamburg,IA,51640,,
Ardent Mills,Grain,100 Grain St.,Albany,NY,12201,,"4,500,000 bus up"
The Krusteaz Co.,Flour mills,100 Krusteaz Way,Hopkinsville,KY,42266,,
The Krusteaz Co.,Mix Plants,100 Krusteaz Way,Hopkinsville,KY,42266,,
"New Cooperative, Inc.",Grain,100 N. Hood St.,Clare,IA,50524,,"3,212,000 bus up; 3,133,000 bus fl."
Landus Cooperative,Grain,"100 Railway St., P.O. Box 308",Bayard,IA,50029,,"2,495,000 bus up; 976,000 bus fl."
"Riceland Foods, Inc.",Grain,100 S College St,Stuttgart,AR,72160,,
Agwrx Cooperative,Grain,100 S. Commercial St.,Clark,SD,57225,,
Agstate,Grain,100 S. Main St.,Aurelia,IA,51005,,"3,170,000 bus up; 990,000 bus fl."
Corpus Christi Grain Co.,Grain,100 Talbert Lane,Corpus Christi,TX,78406,,"3,831,000 bus up."
Landus Cooperative,Grain,100 Walnut St.,Gowrie,IA,50543,,"3,201,000 bus up; 1,497,000 bus fl."
"Ag Processing, Inc.",Specialty Mills,"1000 300th St., P.O. Box 187",Manning,IA,51455,,
"Perdue Agribusiness Grain, Llc",Grain,1000 Granary Rd,Tappahannock,VA,22560,,"2,850,000 bus up"
Treehouse Foods,Specialty Mills,1000 Italian Way,Excelsior Springs,MO,64024,,"11,500 cwts."
"Cargill, Incorporated",Grain,1000 Uniontown Rd.,Mount Vernon,IN,47620,,"1,812,000 bus up."
"Specialty Rice, Inc.",Specialty Mills,1000 W. First St.,Brinkley,AR,72021,,500 cwts.
Ingredion,Specialty Mills,1001 Bedford Ave.,North Kansas City,MO,64116,,
Ingredion,Specialty Mills,1001 First St. S.W.,Cedar Rapids,IA,52404,,
"Perdue Agribusiness Grain, Llc",Grain,1001 Nanticoke Rd.,Seaford,DE,19973,,"1,100,000 bus up."
Pride Ag Resources,Grain,1001 Prairie St.,Ford,KS,67842,,"828,000 bus up"
Rcher Daniels Midland Co.,Grain,1001 Wesley Rd.,Creve Coeur,IL,61611,,"1,200,000 bus up."
"Busch Agricultural Resources, Llc",Grain,1002 Main Ave. W.,West Fargo,ND,58078,,"5,007,000 bus up"
Consolidated Grain & Barge Co.,Grain,1002 N. Main,Albany,IL,61230,,"4,946,000 bus up."
"Kokomo Grain Co., Inc.",Grain,1002 W. Morgan St.,Kokomo,IN,46901,,"4,700,000 bus up; 7,200,000 bus fl"
"Riceland Foods, Inc.",Grain,10032 AR-86,Holly Grove,AR,72069,,"828,000 bus up."
"Bartlett Grain Company, Lp",Grain,1005 S.W. Lower Lake Rd.,St. Joseph,MO,64504,,"3,880,000 bus up."
Central Valley Ag,Grain,"1007 County Rd. O, P.O. Box 125",Oakland,NE,68045,,"6,000,000 bus up"
"Premier Cooperative, Inc.",Grain,1008 Cass St.,Mansfield,IL,61854,,"2,550,000 bus up."
"Mfa, Inc.",Grain,1009 Fourth St.,Jefferson City,MO,65101,,"226,000 bus up."
Consolidated Grain & Barge Co.,Grain,101 Arkansas St,Helena,AR,72342,,"1,882,000 bus up."
Landus Cooperative,Grain,101 Audubon St.,Aredale,IA,50605,,"567,000 bus up."
United Cooperative,Grain,101 Clinton St.,Horicon,WI,53032,,"4,553,823 bus up"
Alliance Grain Co.,Grain,101 E. Melvin St.,Melvin,IL,60952,,"775,000 bus up."
Archer Daniels Midland Co.,Grain,101 N County Road 2 #1/2,Leoti,KS,67861,,"520,000 bus up"
"Cargill, Incorporated",Grain,"101 N. Water St., P.O. Box 65",Lacon,IL,61540,,"440,000 bus up."
Ardent Mills,Grain,101 Normanskill St.,Albany,NY,12202,,"996,000 bus up."
Ardent Mills,Flour mills,101 Normanskill St.,Albany,NY,12202,,"23,500 cwts"
"Premier Cooperative, Inc.",Grain,101 Railroad St.,Royal,IL,61871,,"6,500,000 bus up."
Pride Ag Resources,Grain,101 S.,Main Beeler,KS,67518,,"931,000 bus up"
Archer Daniels Midland Co.,Grain,101 S. Progressive Rd.,Hereford,TX,79045,,"3,845,000 bus up"
Ardent Mills,Grain,101 Water St.,Chester,IL,62233,,"1,000,000 bus up."
Ardent Mills,Flour mills,"101 Water St., P.O. Box 369",Chester,IL,62233,,"10,000 cwts"
"The Andersons, Inc.",Grain,101-267 Edwin Dr.,Toledo,OH,43609,,"6,732,000 bus up."
"Columbia Grain International, Llc",Grain,1010 Hill St.,Grangeville,ID,83530,,"2,900,000 bus up."
Assumption Co-Op Grain Co.,Grain,1011 Railroad St.,Palmer,IL,62556,,"1,156,000 bus up; 1,045,000 bus fl."
"Producers Rice Mill, Inc.",Grain,1014 W 2nd St,DeWitt,AR,72042,,"2,079,000 bus up."
"Attebury Grain, Inc. (Enid)",Grain,1015 N.,Van Buren Enid,OK,73702,,"3,078,000 bus up."
Agwrx Cooperative,Grain,102 7th Ave.,Wallace,SD,57272,,
"Riceland Foods, Inc.",Grain,102 E. Darden,Grubbs,AR,72431,,"2,849,000 bus up."
Landus Cooperative,Grain,102 First Ave. N.,Altoona,IA,50009,,"1,022,000 bus up."
Landus Cooperative,Grain,"102 Lincoln St. N.E., P.O. Box 9",Bondurant,IA,50035,,"4,470,000 bus up; 948,000 bus fl."
Landus Cooperative,Grain,102 Maple St.,Buckeye,IA,50006,,"1,792,000 bus up."
Pride Ag Resources,Grain,102 N. Main,Ingalls,KS,67853,,"996,000 bus up"
"Supreme Rice, Llc",Specialty Mills,102 S. 13th St.,Mermentau,LA,70556,,
"Viterra Usa Grain, Llc",Grain,1020 Port Authority Rd.,Eddyville,KY,42038,,"71,000 bus up"
Landus Cooperative,Grain,1023 Fifth Ave. S.,Denison,IA,51442,,"664,000 bus up"
Landus Cooperative,Grain,103 E. Sherman St.,Casey,IA,50048,,"3,432,000 bus up"
Deland Farmer’S Coop Grain,Grain,103 Lane St.,Lane,IL,61750,,"994,002 bus up."
"Columbia Grain International, Llc",Grain,103 N. L Street,Lind,WA,99341,,"10,000,000 bus up"
Alliance Grain Co.,Grain,"103 S. Main, P.O. Box 57",Cropsey,IL,61731,,"2,223,000 bus up."
"Michigan Agricultural Commodities, Inc.",Grain,"103 Water St., P.O. Box 547",Newaygo,MI,49337,,"3,300,000 bus up"
"Bartlett Grain Company, Lp",Grain,1030 Ave. L,Council Bluffs,IA,51503,,"2,282,000 bus up"
Consolidated Grain &Barge Co.,Grain,10305 Hwy. 79 S.,Louisiana,MO,63353,,"2,059,000 bus up"
Hansen-Mueller Co.,Grain,1031 N.,Topping Kansas City,MO,64120,,"4,268,000 bus up."
The Scoular Company,Grain,10333 N.E. 30th St.,Pratt,KS,67124,,"5,500,000 bus up"
Gilster Mary Lee Corp.,Mix Plants,"1037 State St., P.O. Box 227",Chester,IL,62233,,
Cpi,Grain,"104 Main St., P.O. Box 98",Funk,NE,68940,,"2,529,000 bus up; 2,883,000 bus fl."
Aurora Cooperative Elevator Co.,Grain,"104 S. Dakota, P.O. Box 401",Superior,NE,68978,,"1,800,000 bus up"
The Scoular Company,Grain,104 S. Freeman,Oakley,KS,67748,,"2,119,000 bus up."
"Viterra Usa Grain, Llc",Grain,"104 S. Front St., P.O. Box 96",Joice,IA,50446,,"2,486,300 bus up; 2,801,700 bus fl."
Assumption Co-Op Grain Co.,Grain,104 W. North St.,Assumption,IL,62510,,"2,058,000 bus up; 265,000 bus fl."
"Hopkinsville Elevator Co., Inc.",Grain,1040 Skyline Dr,Hopkinsville,KY,42240,,"2,845,000 bus up"
"Honeyville, Inc.",Flour mills,1040 W. 600 N.,Ogden,UT,84404,,"2,880 cwts."
"Honeyville, Inc.",Specialty Mills,1040 W. 600 N.,Ogden,UT,84404,,
"Honeyville, Inc.",Specialty Mills,1040 W. 600 N.,Ogden,UT,84404,,
"Honeyville, Inc.",Specialty Mills,1040 W. 600 N.,Ogden,UT,84404,,
"Honeyville, Inc.",Specialty Mills,1040 W. 600 N.,Ogden,UT,84404,,"84,000 cwts"
"Honeyville, Inc.",Specialty Mills,1040 W. 600 N.,Ogden,UT,84404,,
"Honeyville, Inc.",Specialty Mills,1040 W. 600 N.,Ogden,UT,84404,,
"Honeyville, Inc.",Specialty Mills,1040 W. 600 N.,Ogden,UT,84404,,"72,000 cwts."
"Honeyville, Inc.",Specialty Mills,1040 W. 600 N.,Ogden,UT,84404,,
"Honeyville, Inc.",Mix Plants,1040 W. 600 N.,Ogden,UT,84404,,
"Riceland Foods, Inc.",Grain,10442 South St,Dudley,MO,63936,,"1,632,000 bus up"
Consolidated Grain & Barge Co.,Grain,1047 S. 15th,Louisville,KY,40210,,"2,297,000 bus up"
Archer Daniels Midland Co. (Adm Grain Co.),Grain,"105 E. Harrison, P.O. Box 209",Attica,IN,47918,,"2,021,546 bus up"
Landus Cooperative,Grain,"105 Fourth Ave. S.W., P.O. Box 47",Dayton,IA,50530,,"825,000 bus up; 936,000 bus fl."
Assumption Co-Op Grain Co.,Grain,105 Fourth St.,Westervelt,IL,62565,,"1,695,000 bus up; 90,000 bus fl."
Landus Cooperative,Grain,"105 Garfield Ave., P.O. Box 35",Farnhamville,IA,50538,,"7,284,000 bus up"
Mennel Grain – Nevada,Grain,105 S. Main St.,Nevada,OH,44849,,"905,000 bus up."
La Crosse Milling Co.,Specialty Mills,"105 State Hwy. 35, P.O. Box 86",Cochrane,WI,54622,,
La Crosse Milling Co.,Specialty Mills,"105 State Hwy. 35, P.O. Box 86",Cochrane,WI,54622,,
"Viterra Usa Grain, Llc",Grain,105 Towles,Henderson,KY,42420,,"2,554,000 bus up."
"Viterra Usa Grain, Llc",Grain,1050 Kerper Blvd.,Dubuque,IA,52001,,"697,000 bus up"
"Michigan Agricultural Commodities, Inc.",Grain,"1050 Ogden St., P.O. Box 218",Jasper,MI,49248,,"850,000 bus up; 325,000 bus fl."
Archer Daniels Midland Co.,Grain,10520 Wolcott Dr.,Kansas City,KS,66109,,"2,526,000 bus up"
"Cargill, Incorporated",Grain,106 E. Depot St.,Litchfield,MN,55355,,"475,000 bus up."
Consolidated Grain & Barge Co.,Grain,106 Hwy. 131 S.,Vidalia,LA,71373,,"2,085,000 bus up."
"Riceland Foods, Inc.",Grain,106 Jones Island Rd,Griffithville,AR,72060,,"1,078,000 bus up."
Heartland Co-Op,Grain,106 Main St.,Boonville,IA,50038,,"2,217,000 bus up."
Pride Ag Resources,Grain,106 N.,Broadway Hanston,KS,67489,,"1,549,000 bus up"
Poinsett Rice & Grain,Grain,106 Walden Landing,Helena,AR,72342,,
"Viterra Usa Grain, Llc",Grain,1061 Red Rock Rd. St.,Paul,MN,55119,,"273,000 bus up."
"Producer Ag, Llc",Grain,1063 W. 10th Ave.,Milan,KS,67105,,"3,000,000 bus up; 4,500,000 bus fl."
"Cargill, Incorporated",Grain,"1065 28th Rd., P.O. Box 341",Minden,NE,68959,,"3,163,000 bus up."
"New Cooperative, Inc.",Grain,"107 Fifth St. N.W., Box 156",Britt,IA,50423,,
Landus Cooperative,Grain,"107 Front St., P.O. Box 10",Dike,IA,50624,,"1,216,000 bus up."
"Cargill, Incorporated",Grain,107 S. Hickory Rte. 1,Langdon,KS,67583,,"156,000 bus up"
Heartland Co-Op,Grain,107 Second St.,Malcom,IA,50157,,"3,359,000 bus up; 615,000 bus fl."
"Brill, Inc.",Mix Plants,10741 Miller Rd.,Dallas,TX,75238,,
Wheat Montana Mill & Bakery,Flour mills,"10778 Hwy. 287, P.O. Box 1270",Three Forks,MT,59752,,
Wheat Montana Mill & Bakery,Specialty Mills,"10778 Hwy. 287, P.O. Box 1270",Three Forks,MT,59752,,
Wheat Montana Mill & Bakery,Specialty Mills,"10778 Hwy. 287, P.O. Box 1270",Three Forks,MT,59752,,
Wheat Montana Mill & Bakery,Mix Plants,"10778 Hwy. 287, P.O. Box 1270",Three Forks,MT,59752,,
Consolidated Grain & Barge Co.,Grain,1079 N. Second St.,Memphis,TN,38109,,"1,874,000 bus up"
Alliance Grain Co.,Grain,"108 N. Main St., P.O. Box 8",Roberts,IL,60962,,"1,675,000 bus up."
Archer Daniels Midland Co.,Grain,108 Railroad St.,Patoka,IL,62875,,"1,559,000 bus up; 1,112,000 bus fl"
Stafford County Flour Mills Co.,Flour mills,108 S. Church St.,Hudson,KS,67545,,"4,000 cwts"
Stafford County Flour Mills Co.,Mix Plants,108 S. Church St.,Hudson,KS,67545,,
Northern Country Coop,Grain,"108 S. Everett St., P.O. Box 120",LeRoy,MN,55951,,"1,698,000 bus up."
Pride Ag Resources,Grain,10884 102 Rd.,Howell,KS,67801,,"1,704,000 bus up"
"Michigan Agricultural Commodities, Inc.",Grain,"10895 E. U.S. 223, P.O. Box 96",Blissfield,MI,49228,,"3,890,000 bus up; 1,300,000 bus fl."
"Riceland Foods, Inc.",Grain,109 Cross St #819,Earle,AR,72331,,"3,104,000 bus up."
Archer Daniels Midland Co.,Grain,109 N. Chestnut St.,Farina,IL,62838,,"4,577,517 bus up; 6,500,000 bus fl."
Agtegra Cooperative,Grain,"109 Railroad Ave., P.O. Box 640",McLaughlin,SD,57642,,"4,700,000 bus up"
Farmers Cooperative,Grain,1090 S. Court St.,Florence,AL,35630,,"3,267,000 bus up."
Landus Cooperative,Grain,1095 T Ave.,Boone,IA,50036,,"6,563,000 bus up; 3,088,000 bus fl."
Mars Foods Usa,Specialty Mills,1098 N. Broadway St.,Greenville,MS,38702,,
"Columbia Grain International, Llc",Grain,10990 Arlen Lee Dr.,Oakes,ND,58474,,"6,271,000 bus up."
Prairie Flour Mills Ltd.,Flour mills,"11 Janzen Rd., P.O. Box 301",Elie,MB,R0H 0H0,,"8,000 cwts"
Prairie Flour Mills Ltd.,Specialty Mills,"11 Janzen Rd., P.O. Box 301",Elie,MB,R0H 0H0,,
Mennel Milling & Bakery Mix,Flour mills,11 N. Brady Ave.,Newton,NC,28658,,"8,500 cwts"
Mennel Milling & Bakery Mix,Specialty Mills,11 N. Brady Ave.,Newton,NC,28658,,"12,000 bus."
Mennel Milling & Bakery Mix,Mix Plants,11 N. Brady Ave.,Newton,NC,28658,,
Alliance Grain Co.,Grain,"11 S. Main, P.O. Box 208",Herscher,IL,60941,,"1,773,000 bus up."
"Greenfield Holdings, Llc",Grain,11 State Hwy. 609,Delhi,LA,71232,,"1,600,000 bus up."
Landus Cooperative,Grain,"110 Audubon St., P.O. Box 67",Adair,IA,50002,,"6,318,000 bus up; 944,000 bus fl."
Adm Milling Co.,Grain,110 E. 12th St.,Mendota,IL,61342,,
Archer Daniels Midland Co.,Grain,110 E. 12th St.,Mendota,IL,61342,,"4,200,000 bus up; 1,800,000 bus fl"
Adm Milling Co.,Flour mills,110 E. 12th St.,Mendota,IL,61342,,"30,000 cwts"
Archer Daniels Midland Co.,Grain,110 Locust St.,Paducah,KY,42001,,"225,000 bus up"
"Ray-Carroll County Grain Growers, Inc.",Grain,110 N. Railroad,Mayview,MO,64071,,"34,000 bus up."
Landus Cooperative,Grain,110 Railroad St.,Woodward,IA,50276,,"1,570,000 bus up; 1,564,000 bus fl."
Mennel Grain – Wharton,Grain,110 Railroad St.,Wharton,OH,43359,,"847,000 bus up."
"Arrowhead Mills, Inc.",Flour mills,"110 S. Lawton, P.O. Box 2059",Hereford,TX,79045,,260 cwts
"Arrowhead Mills, Inc.",Specialty Mills,"110 S. Lawton, P.O. Box 2059",Hereford,TX,79045,,30 cwts
"Arrowhead Mills, Inc.",Specialty Mills,"110 S. Lawton, P.O. Box 2059",Hereford,TX,79045,,30 cwts
"Arrowhead Mills, Inc.",Specialty Mills,"110 S. Lawton, P.O. Box 2059",Hereford,TX,79045,,30 cwts.
"Arrowhead Mills, Inc.",Specialty Mills,"110 S. Lawton, P.O. Box 2059",Hereford,TX,79045,,"12,000 bus"
"Arrowhead Mills, Inc.",Specialty Mills,"110 S. Lawton, P.O. Box 2059",Hereford,TX,79045,,30 cwts
"Arrowhead Mills, Inc.",Specialty Mills,"110 S. Lawton, P.O. Box 2059",Hereford,TX,79045,,30 cwts.
"Arrowhead Mills, Inc.",Specialty Mills,"110 S. Lawton, P.O. Box 2059",Hereford,TX,79045,,10 cwts.
"Arrowhead Mills, Inc.",Specialty Mills,"110 S. Lawton, P.O. Box 2059",Hereford,TX,79045,,200 cwts
"Arrowhead Mills, Inc.",Specialty Mills,"110 S. Lawton, P.O. Box 2059",Hereford,TX,79045,,"240,000 bus"
"Arrowhead Mills, Inc.",Mix Plants,"110 S. Lawton, P.O. Box 2059",Hereford,TX,79045,,
Knappen Milling Co.,Flour mills,"110 S. Water St., P.O. Box 245",Augusta,MI,49012,,"4,800 cwts."
Knappen Milling Co.,Specialty Mills,"110 S. Water St., P.O. Box 245",Augusta,MI,49012,,"2,000 cwts"
Knappen Milling Co.,Specialty Mills,"110 S. Water St., P.O. Box 245",Augusta,MI,49012,,
Knappen Milling Co.,Specialty Mills,"110 S. Water St., P.O. Box 245",Augusta,MI,49012,,
Sunrise Cooperative,Grain,1100 Burkholder Rd.,Clyde,OH,43410,,"8,200,000 bus up."
Ingredion,Specialty Mills,1100 Green Valley Rd.,London,ON,N6N 1E3,,
"Cargill, Incorporated",Specialty Mills,1100 Indianapolis Blvd.,Hammond,IN,46320,,
"Attebury Grain, Inc.",Grain,1100 Kell Blvd.,Wichita Falls,TX,76301,,"1,784,000 bus up"
Ardent Mills,Grain,1100 S. Main St.,Galena Park,TX,77547,,"720,000 bus up."
Ardent Mills,Flour mills,1100 S. Main St.,Galena Park,TX,77547,,"11,000 cwts."
Frenchman Valley Farmers Co-Op,Grain,"1101 S. Hwy. 71, P.O. Box 520",Kimball,NE,69145,,"1,800,000 bus up; 3,500,000 bus fl"
"Riceland Foods, Inc.",Grain,1101 W Riceland St,Hazen,AR,72064,,"4,042,000 bus up."
"Bunge North America, Llc",Grain,1102 W. 18th St.,Indianapolis,IN,46202,,"3,173,000 bus up; 3,813,000 bus fl."
Grain Craft,Grain,"11040 Lombard St., Municipal Terminal No. 4",Portland,OR,97203,,"368,000 bus up."
Grain Craft,Flour mills,11040 N. Lombard St.,Municipal Terminal No. Four Portland,OR,97203,,"8,700 cwts"
Archer Daniels Midland Co.,Grain,11077 River Rd,Ama,LA,70031,,"5,785,000 bus up."
Archer Daniels Midland Co.,Grain,11079 River Rd,Ama,LA,70031,,"5,785,000 bus up."
Landus Cooperative,Grain,"111 First St., P.O. Box 296",Newell,IA,50568,,"2,597,000 bus up."
"Cargill, Incorporated",Grain,111 Main St.,Meredosia,IL,62665,,"2,172,000 bus up."
Agp,Grain,111 S.,Wooding Aberdeen,WA,98520,,"3,000,000 bus up"
Siemer Milling Co.,Grain,"111 W. Main St., P.O. Box 670",Teutopolis,IL,62467,,"3,620,000 bus up."
Siemer Milling Co.,Flour mills,"111 W. Main St., P.O. Box 670",Teutopolis,IL,62467,,"10,500 cwts"
Siemer Milling Co.,Specialty Mills,"111 W. Main St., P.O. Box 670",Teutopolis,IL,62467,,"3,000 cwts."
"Riceland Foods, Inc.",Grain,111 Wooten St,Corning,AR,72422,,"4,733,000 bus up."
"Bruce Oakley, Inc.",Grain,1110 Hwy. 9,Morrilton,AR,72110,,"509,000 bus up."
"Attebury Grain, Inc. (Pullman)",Grain,11101 S.E.,Third Amarillo,TX,79118,,"1,297,000 bus up;"
"Viterra Usa Grain, Llc",Grain,"1111 Bedke Blvd., P.O. Box 1089",Burley,ID,83318,,"1,005,000 bus up; 1,082,000 bus fl."
The Krusteaz Co.,Flour mills,1111 Kretschmer Dr.,Manhattan,KS,66502,,
The Krusteaz Co.,Mix Plants,1111 Kretschmer Dr.,Manhattan,KS,66502,,
"Cargill, Incorporated",Grain,"1112 N. Halstead Rd., P.O. Box 2623",Salina,KS,67402,,"30,289,000 bus up"
Archer Daniels Midland Co.,Grain,1120 County Rd.,Clarkfield,MN,56223,,"7,171,000 bus up"
Adm Milling Co.,Grain,1120 King St.,Chattanooga,TN,37403,,"2,000,000 bus up"
Adm Milling Co.,Flour mills,1120 King St.,Chattanooga,TN,37403,,"13,500 cwts."
Butte County Rice Growers Association,Grain,"1121 Richvale Hwy., P.O. Box 128",Richvale,CA,95974,,"5,500,000 bus up; 5,000,000 bus fl."
Heartland Co-Op,Grain,114 East Gardner,Bovina,TX,79009,,"6,500,000 bus up."
"Attebury Grain, Inc.",Grain,11410 Energy Center Rd.,Pampa,TX,79065,,"1,100,000 bus up"
"Perdue Agribusiness Grain, Llc",Grain,11430 Oakland Dr.,Exmore,VA,23350,,"200,000 bus up"
"Viterra Usa Grain, Llc",Grain,11477 County Rd 550 E,Ladoga,IN,47954,,"6,095,000 bus up."
Landus Cooperative,Grain,"115 Main St., P.O. Box 79",Lytton,IA,50561,,"630,000 bus up; 936,000 bus fl."
King Milling Co.,Flour mills,115 S.,Broadway Lowell,MI,49331,,"17,000 cwts"
"Keller Grain, Inc.",Grain,1150 Hwy. 90 E.,Castroville,TX,78009,,"473,000 bus up."
"Kokomo Grain Co., Inc.",Grain,11505 S. Rd. 800 E.,Amboy,IN,46911,,"4,080,000 bus up; 11,000,000 bus fl."
"Perdue Agribusiness Grain, Llc",Grain,11545 Lynch Rd.,Lynch,MD,21678,,"1,400,000 bus up."
Adm Benson Quinn,Grain,"1155 Riverview Dr., P.O. Box 105",Winona,MN,55987,,"270,000 bus up"
"Columbia Grain International, Llc",Grain,"116 S. Dakota St., P.O. Box 606",Conrad,MT,59425,,"941,000 bus up."
"Perdue Agribusiness Grain, Llc",Grain,"11612 Molly Pitcher Hwy. S., P.O. Box 358",Greencastle,PA,17225,,"40,000 bus up."
"Columbia Grain International, Llc",Grain,117 First St. S.W.,Moore,MT,59646,,"4,400,000 bus up."
"Viterra Usa Grain, Llc",Grain,"117 S.W. First St., P.O. Box 61",Moore,MT,59464,,
Farmers Cooperative,Grain,117 Signal Point Rd.,Guntersville,AL,35976,,"1,827,000 bus up."
"Cofco International Grains Usa, Llc",Grain,11700 S. Torrence Ave.,Chicago,IL,60617,,"11,283,000 bus up; 1,084,000 bus fl."
"Perdue Agribusiness Grain, Llc",Grain,1174 E. Ramsey Rd.,Vincennes,IN,47591,,"1,269,000 bus up"
Agwrx Cooperative,Grain,118 E. Main St.,Florence,SD,57235,,
"Premier Cooperative, Inc.",Grain,"118 E. Market, P.O. Box 19",Sadorus,IL,61872,,"2,248,415 bus up; 86,585 bus fl."
Landus Cooperative,Grain,"118 N. Vankirk St., P.O. Box 568",Latimer,IA,50452,,"1,941,000 bus up; 1,405,000 bus fl."
"Topflight Grain Coop, Inc.",Grain,118 S. Main St.,Milmine,IL,61855,,"7,552,500 bus up."
Heartland Co-Op,Grain,118 S.E. 18th St.,Des Moines,IA,50317,,"1,664,000 bus up"
Small Valley Milling,Flour mills,1188 Mountain House Rd.,Halifax,PA,17032,,16 cwts
Small Valley Milling,Specialty Mills,1188 Mountain House Rd.,Halifax,PA,17032,,"50,000 cwts"
Small Valley Milling,Specialty Mills,1188 Mountain House Rd.,Halifax,PA,17032,,
Small Valley Milling,Specialty Mills,1188 Mountain House Rd.,Halifax,PA,17032,,
Small Valley Milling,Specialty Mills,1188 Mountain House Rd.,Halifax,PA,17032,,
"Pioneer Frozen Foods South Carolina, Llc",Mix Plants,11891 C.R. Koon Hwy.,Prosperity,SC,29127,,
Madison Farmers Elevator Co.,Grain,"119 N. Farmers Ave., P.O. Box 228",Madison,SD,57042,,"7,450,000 bus up"
The Scoular Company,Grain,119044 German Gulch Rd.,Silver Bow (Butte),MT,59750,,"980,000 bus up"
Thresher Artisan Wheat — Rockford,Grain,1193 W. Hwy. 39,Blackfoot,ID,83221,,"1,978,000 bus up; 1,000,000 bus fl."
"Viterra Usa Grain, Llc",Grain,11997 Hwy. 287,Etter,TX,79013,,"4,555,600 bus up."
"New Cooperative, Inc.",Grain,"12 First Ave. S.E., P.O. Box 49",West Bend,IA,50597,,"5,460,000 bus up"
Agwrx Cooperative,Grain,12 Railway Ave.,Garden City,SD,57236,,
"Bunge North America, Llc",Grain,120 E. Broadway St.,Morristown,IN,46161,,"3,323,000 bus up."
"Cargill, Incorporated",Grain,120 Kiesel Ave.,Alpha,MN,56111,,"600,000 bus up."
Landus Cooperative,Grain,120 Third St.,Beaver,IA,50031,,"1,405,000 bus up; 517,000 bus fl."
"F.M. Brown'S Sons, Inc.",Flour mills,"120 W. Main St., P.O. Box 153",Fleetwood,PA,19522,,"5,000 cwts"
Stateline Cooperative,Grain,"120 Walnut St., P.O. Box 67",Burt,IA,50522,,"1,600,000 bus up; 2,700,000 bus fl."
"The Andersons, Inc.",Grain,"1200 E. 2850 N., P.O. Box 409",Mansfield,IL,61854,,"704,000 bus up."
"Bunge North America, Llc",Grain,1200 N. Second St.,Decatur,IN,46733,,"15,305,000 bus up."
Ardent Mills,Specialty Mills,1200 Putman Ave,Yuba City,CA,95991,,
Ardent Mills,Specialty Mills,1200 Putman Ave,Yuba City,CA,95991,,
Adm Milling Co.,Grain,"1200 S. Mill Rd., P.O. Box 958",Arkansas City,KS,67005,,"1,100,000 bus up."
Adm Milling Co.,Flour mills,"1200 S. Mill Rd., P.O. Box 958",Arkansas City,KS,67005,,"12,000 cwts"
"Attebury Grain, Inc.",Grain,1200 S.W.,Second Tulia,TX,79088,,"1,000,000 bus up"
The Krusteaz Co.,Flour mills,1200 Stevens Ave.,Effingham,IL,62401,,
The Krusteaz Co.,Mix Plants,1200 Stevens Ave.,Effingham,IL,62401,,
"Viterra Usa Grain, Llc",Grain,1201 W. State Rd. 114,Rensselaer (Pleasant Ridge),IN,47978,,"2,212,000 bus up; 1,014,000 bus fl"
"Gulf Rice Milling, Inc.",Specialty Mills,12010 Taylor Rd.,Houston,TX,77041,,"8,500 cwts"
"Attebury Grain, Inc.",Grain,1202 N.W. Fifth St.,Tulia,TX,79088,,"19,761,500 bus up"
"Viterra Usa Grain, Llc",Grain,1205 S.,Farragut Bay City,MI,48708,,"1,303,000 bus up."
"Attebury Grain, Inc.",Grain,1205 S.W.,Second Tulia,TX,79088,,"4,343,000 bus up"
"New Cooperative, Inc.",Grain,1208 Main St.,Moorland,IA,50566,,"3,604,000 bus up; 1,000,000 bus fl."
Landus Cooperative,Grain,"1209 North St., P.O. Box 80",Yale,IA,50277,,"2,360,000 bus up; 2,278,000 bus fl."
Star Of The West Milling Co.,Grain,121 E. Tuscola St.,Frankenmuth,MI,48734,,"18,040,893 bus up."
Star Of The West Milling Co.,Flour mills,121 E. Tuscola St.,Frankenmuth,MI,48734,,"5,960 cwts"
Star Of The West Milling Co.,Specialty Mills,121 E. Tuscola St.,Frankenmuth,MI,48734,,"1,500 cwts."
"Columbia Grain International, Llc",Grain,121 N. Division Ave.,Craigmont,ID,83523,,"3,000,000 bus up."
Alliance Grain Co.,Grain,"121 N. Maple St., P.O. Box 296",Cullom,IL,60929,,"2,439,000 bus up."
"Producers Rice Mill, Inc.",Grain,121 S. Kansas St.,Pine Bluff,AR,71601,,"1,964,000 bus up."
"Cargill, Incorporated",Grain,12100 Dakota Ave.,Savage,MN,55378,,"16,515,000 bus up."
Consolidated Grain & Barge Co.,Grain,12100 Yosemite Ave.,Savage,MN,55378,,
Savage Riverport,Grain,12100 Yosemite Ave.,Savage,MN,55378,,"9,276,000 bus up."
"Cargill, Incorporated",Grain,12101 Lynn Ave. S.,Savage,MN,55378,,
"The Andersons, Inc.",Grain,"1211 W. Hwy. 6, P.O. Box 128",Fairmont,NE,68354,,"712,000 bus up."
Archer Daniels Midland Co.,Grain,1213 Fifth St.,Henderson,KY,42420,,"615,871 bus up"
Sunrise Fs,Grain,1216 S. Water,Havana,IL,62644,,"1,185,000 bus up."
Archer Daniels Midland Co.,Grain,12170 River Rd.,Destrehan,LA,70047,,"6,432,000 bus up."
Central Milling Co.,Flour mills,122 E. Center St.,Logan,UT,84321,,"1,000 cwts."
Central Milling Co.,Mix Plants,122 E. Center St.,Logan,UT,84321,,
Pride Ag Resources,Grain,122 S. Main,Cimarron,KS,67835,,"1,255,000 bus up."
Pride Ag Resources,Grain,1220 S. Main,Jetmore,KS,67854,,"1,452,000 bus up"
"West Plains, Llc",Grain,1230 Ohio St.,Omaha,NE,68110,,"830,000 bus up."
"Harvest Rice, Inc.",Specialty Mills,1232 High St.,McGehee,AR,71654,,"9,765 cwts"
Agtegra Cooperative,Grain,"124 King Ave. N.E., P.O. Box 283",Highmore,SD,57345,,"3,500,000 bus up"
"Heartland Mill, Inc.",Flour mills,124 N. Hwy. 167,Marienthal,KS,67863,,"1,128 cwts"
"Heartland Mill, Inc.",Specialty Mills,124 N. Hwy. 167,Marienthal,KS,67863,,"1,128 cwts."
"Heartland Mill, Inc.",Specialty Mills,124 N. Hwy. 167,Marienthal,KS,67863,,700 cwts
"Heartland Mill, Inc.",Specialty Mills,124 N. Hwy. 167,Marienthal,KS,67863,,
"Heartland Mill, Inc.",Specialty Mills,124 N. Hwy. 167,Marienthal,KS,67863,,
"Heartland Mill, Inc.",Specialty Mills,124 N. Hwy. 167,Marienthal,KS,67863,,700 cwts
"Heartland Mill, Inc.",Specialty Mills,124 N. Hwy. 167,Marienthal,KS,67863,,
"Heartland Mill, Inc.",Specialty Mills,124 N. Hwy. 167,Marienthal,KS,67863,,700 cwts
"Bunge North America, Inc.",Grain,12442 River Rd.,Destrehan,LA,70047,,"6,421,000 bus up."
Heartland Co-Op,Grain,125 High St.,Kellogg,IA,50135,,"2,388,000 bus up; 1,246,000 bus fl."
Ardent Mills,Grain,125 S. Broad St.,Fremont,NE,68025,,"1,200,000 bus up."
"Riceland Foods, Inc.",Grain,125 soy dr,Stuttgart,AR,72160,,"7,498,000 bus up."
The Scoular Company,Grain,12501 W. Hwy. 50,Coolidge,KS,67836,,"6,500,000 bus up."
Mennel Grain – Jeffersonville,Grain,12574 State Rte. 41,Jeffersonville,OH,43128,,"1,200,000 bus up."
Almota Elevator Co.,Grain,"126 S. Main St., P.O. Box 617",Colfax,WA,99111,,"2,660,000 bus up"
Tyson Foods Local Grain Services (Commodity Purchasing Group),Grain,1262 U.S. Hwy. 17 S.,Elizabeth City,NC,27909,,"1,800,000 bus"
"California Cereal Products, Inc.",Specialty Mills,1267 14th St.,Oakland,CA,94607,,
"California Cereal Products, Inc.",Specialty Mills,1267 14th St.,Oakland,CA,94607,,"1,000 cwts"
"California Cereal Products, Inc.",Specialty Mills,1267 14th St.,Oakland,CA,94607,,
"California Cereal Products, Inc.",Specialty Mills,1267 14th St.,Oakland,CA,94607,,
"Perdue Agribusiness Grain, Llc (Grain & Oilseed)",Grain,1268 U.S. Hwy. 17 S.,Elizabeth City,NC,27909,,"1,750,000 bus up"
"The Andersons, Inc.",Grain,"1283 Conant St., P.O. Box 119",Maumee,OH,43537,,"2,240,000 bus up."
"Pioneer Flour Mills, Llc",Flour mills,129 E. Guenther St.,San Antonio,TX,78204,,"5,000 cwts."
"Pioneer Flour Mills, Llc",Specialty Mills,129 E. Guenther St.,San Antonio,TX,78204,,
"Pioneer Flour Mills, Llc",Mix Plants,129 E. Guenther St.,San Antonio,TX,78204,,
Consolidated Grain & Barge Co.,Grain,"13 Commerce St., P.O. Box 185",Nauvoo,IL,62354,,"3,632,000 bus up; 578,000 bus fl."
Northern Country Coop,Grain,"13 Commerce St., P.O. Box 337",Adams,MN,55909,,"1,677,000 bus up."
Agstate,Grain,13 N. Main,Alta,IA,51002,,"4,344,000 bus up; 3,883,000 bus fl."
"Efco Products, Inc.",Mix Plants,130 Smith St.,Poughkeepsie,NY,12601,,
Archer Daniels Midland Co.,Grain,1301 Miami St.,Toledo,OH,43605,,"9,795,000 bus up."
Adm Milling Co.,Flour mills,1301 N 4th St,Enid,OK,73701,,"15,000 cwts"
Adm Milling Co.,Grain,"1301 N. Fourth St., P.O. Box 1388",Enid,OK,73702,,"2,500,000 bus up."
P&H Milling Group,Flour mills,1301 Second Ave. S. Lethbridge,AB,,T1J 0E8,,"7,500 cwts"
P&H Milling Group,Specialty Mills,"1301 Second Ave. S., Lethbridge",AB,,T1J 0E8,,"3,900 cwts."
P&H Milling Group,Specialty Mills,"1301 Second Ave. S., Lethbridge",AB,,T1J 0E8,,300 cwts
Cargill Aghorizons,Grain,13020 127th Ave. Edmonton,AB,,T5L 4Z5,,"2,200,000 bus up"
Archer Daniels Midland Co.,Grain,13029 Nine Rd.,Plains,KS,67869,,"1,000,000 bus up"
"Ew Cooperative, Inc.",Grain,"1304 River Ave. S., P.O. Box 186",Belmond,IA,50421,,"6,972,000 bus up"
Alliance Grain Co.,Grain,1306 W. Eighth St.,Gibson City,IL,60936,,"7,070,000 bus up."
"Bartlett Milling Co., Lp",Flour mills,1307 Maple St.,Coffeyville,KS,67337,,"11,000 cwts"
Byrnes & Kiefer Co.,Mix Plants,131 Kline Ave.,Callery,PA,16024,,
Thresher Artisan Wheat —,Grain,131 N. 740,West Moreland,ID,83256,,"500,000 bus up."
"Zfs Creston, Llc",Specialty Mills,1310 E. Howard St.,Creston,IA,50801,,
"Bartlett Grain Company, Lp",Grain,1310 Fairfax Trafficway,Kansas City,KS,66115,,"10,732,000 bus up"
"Sanford Milling Co., Inc.",Flour mills,"1310 S. Nicholas St., P.O. Box 290",Henderson,NC,27536,,"1,000 cwts"
Consolidated Grain & Barge Co.,Grain,"132 Bunge Rd., Rte. 1",Tallulah,LA,71282,,"2,747,000 bus up."
Hansen-Mueller Co.,Grain,1321 Lewis Blvd.,Sioux City,IA,51105,,"2,764,976 bus up; 1,024,024 bus fl"
Hansen-Mueller Co.,Grain,1321 Lewis Blvd.,Sioux City,IA,51105,,"840,000 bus up"
"Columbia Grain International, Llc",Grain,13261 County Rd 354,Fairview,MT,59221,,"337,000 bus up"
Agtegra Cooperative,Grain,13264 392nd Ave.,Aberdeen,SD,57401,,"4,330,000 bus up."
"Viterra Usa Grain, Llc",Grain,1327 US-60,Clovis,NM,88101,,"3,992,000 bus up"
"Perdue Agribusiness Grain, Llc",Grain,133 Brierleys Mill Rd,Church Hill,MD,21623,,"1,175,000 bus up"
"Riceland Foods, Inc.",Grain,133 Dennis St,Wheatley,AR,72392,,"8,768,000 bus up."
"Brolite Products Co., Inc.",Mix Plants,1335 Schiferl Rd.,Bartlett,IL,60103,,
Archer Daniels Midland Co.,Grain,1337 W. Elevator St.,Snover,MI,48476,,"492,000 bus up"
Farmers Cooperative,Grain,134 S. Burlington Ave.,Exeter,NE,68351,,"1,792,369 bus up."
Agtegra Cooperative,Grain,13438 363rd Ave.,Craven,SD,57451,,"2,500,000 bus up."
Landus Cooperative,Grain,"1349 75th St., P.O. Box 17",Bradford,IA,50041,,"1,623,000 bus up; 1,934,000 bus fl."
Adm Corn Processing Division,Specialty Mills,"1350 Waconia Ave. S.W., P.O. Box 1445",Cedar Rapids,IA,52406,,
"The Andersons, Inc.",Grain,"13600 Anderson Rd., P.O. Box 248",White Pigeon,MI,49099,,"5,135,000 bus up; 460,000 bus fl."
Bay State Milling Co.,Specialty Mills,13643 CR 1307,Sterling,CO,80751,,
Agtegra Cooperative,Grain,13701 U.S. Hwy. 12,Andover,SD,57422,,"2,800,000 bus up."
"Cargill, Incorporated",Grain,"1387 N. Second St., P.O. Box 70155",Memphis,TN,38107,,
Azteca Milling,Specialty Mills,"1388 County Rd. U, P.O. Box 620",Plainview,TX,79072,,
Brant Flour Mills Ltd.,Specialty Mills,"14 Brant Mill Rd., P.O. Box 190",Scotland,ON,N0E 1R0,,700 cwts
Brant Flour Mills Ltd.,Specialty Mills,"14 Brant Mill Rd., P.O. Box 190",Scotland,ON,N0E 1R0,,400 cwts
Brant Flour Mills Ltd.,Specialty Mills,"14 Brant Mill Rd., P.O. Box 190",Scotland,ON,N0E 1R0,,
Star Of The West Milling Co.,Grain,14 Church St.,Quincy,MI,49082,,"1,545,000 bus up."
Star Of The West Milling Co.,Flour mills,14 Church St.,Quincy,MI,49082,,"3,400 cwts"
P&H Milling Group,Flour mills,140 King St. W.,Cambridge,ON,N3H 4T3,,"10,300 cwts"
P&H Milling Group,Specialty Mills,140 King St. W.,Cambridge,ON,N3H 4T3,,
"Brill, Inc.",Mix Plants,1400 W. 2700 N.,Pleasant View,UT,84404,,
"Bunge Milling, Inc.",Grain,1405 Norman St.,Crete,NE,68333,,"1,894,000 bus up"
Bunge Milling,Specialty Mills,1405 Norman St.,Crete,NE,68333,,"50,000 bus or more"
Bunge Milling,Specialty Mills,1405 Norman St.,Crete,NE,68333,,"5,500 cwts."
"Producer Ag, Llc",Grain,1407 25th Ave.,Canton,KS,67428,,"3,000,000 bus up; 6,000,000 bus fl."
Montana Gluten Free,Flour mills,141 Andrea Dr.,Belgrade,MT,59714,,
Montana Gluten Free,Specialty Mills,141 Andrea Dr.,Belgrade,MT,59714,,
Montana Gluten Free,Specialty Mills,141 Andrea Dr.,Belgrade,MT,59714,,
Montana Gluten Free,Specialty Mills,141 Andrea Dr.,Belgrade,MT,59714,,
Montana Gluten Free,Mix Plants,141 Andrea Dr.,Belgrade,MT,59714,,
"Cargill, Incorporated",Grain,1427 E. Second St.,Hutchinson,KS,67501,,
Byrd Mill,Flour mills,14471 Washington Hwy.,Ashland,VA,23005,,350 cwts
Byrd Mill,Specialty Mills,14471 Washington Hwy.,Ashland,VA,23005,,"12,000 bus"
Byrd Mill,Mix Plants,14471 Washington Hwy.,Ashland,VA,23005,,
"Mid-Columbia Producers, Inc.",Grain,1449 Bargeway Rd.,The Dalles,OR,97058,,"360,000 bus up."
Ardent Mills,Flour mills,145 W.,Broadway Alton,IL,62002,,"21,800 cwts"
Ardent Mills,Specialty Mills,145 W.,Broadway Alton,IL,62002,,
Ardent Mills,Specialty Mills,145 W.,Broadway Alton,IL,62002,,
Ardent Mills,Specialty Mills,145 W.,Broadway Alton,IL,62002,,
Ardent Mills,Grain,145 W. Broadway,Alton,IL,62002,,"2,500,000 bus up."
"Commerce City Grain, Llc",Grain,1451 Cargill Dr.,Denver,CO,80221,,"2,085,000 bus up."
"Perdue Agribusiness Grain, Llc",Grain,1461 Swindell Rd.,Pantego,NC,27860,,"800,000 bus up"
Archer Daniels Midland Co.,Grain,1463 N. Rte. 48,Taylorville,IL,62568,,"4,009,853 bus up; 1,587,576 bus fl."
Riverside Elevators Ltd.,Grain,"14712 State Hwy. 160, P.O. Box 668",Isleton,CA,95641,,"1,333,320 bus up."
Consolidated Grain & Barge Co.,Grain,1477 Meekers Landing Rd.,Burlington,IA,52601,,"643,000 bus up."
"Bartlett Grain Company, Lp",Grain,15 N.E. 60 Ave.,Great Bend,KS,67530,,"10,238,000 bus up"
The Scoular Company,Grain,15 Quail Run,Adrian,MO,64720,,"1,250,000 bus up."
Landus Cooperative,Grain,1500 N. Mulberry St.,Jefferson,IA,50129,,"8,852,000 bus up; 1,465,000 bus fl."
Consolidated Grain & Barge Co.,Grain,1500 Port Rd.,Friars Point,MS,38631,,"2,345,000 bus up."
Consolidated Grain & Barge Co.,Grain,1500 River Grain Rd.,Mayersville,MS,39113,,"1,401,000 bus up; 632,000 bus fl."
"The Andersons, Inc.",Grain,1500 S. Main St.,Galena Park,TX,77547,,"6,362,000 bus up."
Tyson Foods Local grain Services,Grain,15100 Co Rd. 785,Essex,MO,63846,,"1,000,000 bus"
Kerry,Mix Plants,1515 Park St.,Evansville,IN,47710,,
Ingredion,Specialty Mills,1515 S. Drover St.,Indianapolis,IN,46221,,"600,000 bus."
Ardent Mills (A Mill),Grain,1521 N. 16th St.,Omaha,NE,68110,,"525,000 bus up"
Ardent Mills (North Mill),Flour mills,1521 N. 16th St.,Omaha,NE,68110,,"7,000 cwts"
"Lewis-Clark Terminal, Inc.",Grain,1534 Third Ave. N.,Lewiston,ID,83501,,"6,000,000 bus up; 3,900,000"
The Scoular Company,Grain,"15379 Jasmine Rd., P.O. Box 48",Waverly,IL,62692,,"10,000,000 bus up."
"Pizza Blends, Llc",Mix Plants,1541 Vernon St.,North Kansas City,MO,64116,,
"Cargill, Incorporated",Grain,1545 N. Cable Rd.,Lima,OH,45805,,"2,091,000 bus up."
Agtegra Cooperative,Grain,15467 387th Ave.,Mellette,SD,57461,,"4,300,000 bus up"
Adm Milling Co. (Adm Agri-Industries Co.),Specialty Mills,155 Iberia Ave.,Candiac,QC,J5R 3H1,,"7,700 cwts"
"Sunwest Milling Co., Inc.",Specialty Mills,"1550 Drew Ave., Suite 150",Davis,CA,95618,,
"Sunwest Milling Co., Inc.",Specialty Mills,"1550 Drew Ave., Suite 150",Davis,CA,95618,,"8,000,000 cwts."
Port Of Portland Terminals,Grain,15660 N. Lombard,Portland,OR,97203,,"5,237,000 bus up."
Landus Cooperative,Grain,15695 Main St.,Kesley,IA,50649,,"667,000 bus up; 1,186,000 bus fl."
Azteca Milling,Specialty Mills,"15700 Hwy. 41 N, P.O. Box 23550",Evansville,IN,47724,,"13,333 bus."
Central Valley Ag,Grain,158 Webster St #4514,Monroe,NE,68647,,"2,000,000 bus up; 5,000,000 bus fl."
"Bunge Milling, Inc.",Specialty Mills,1580 Grinnell Rd.,Suite A Kankakee,IL,60901,,
"Bunge Milling, Inc.",Grain,"1580 Grinnell Rd., Suite A",Kankakee,IL,60901,,"1,073,000 bus up."
"Bunge Milling, Inc.",Specialty Mills,"1580 Grinnell Rd., Suite A",Kankakee,IL,60901,,
"Maple River Grain & Agronomy, Llc",Grain,"1581 First Ave. S., P.O. Box 568",Casselton,ND,58012,,"4,250,000 bus up;"
"Cargill, Incorporated",Grain,1585 E. Illinois Rte. 71,Ottawa,IL,61350,,"1,452,000 bus up."
"Co-Alliance, Llp",Grain,16 S. County Rd. 1100E,Frankfort,IN,46041,,"3,500,000 bus up; 3,000,000 bus fl."
"Perdue Agribusiness Grain, Llc",Grain,1601 Campbell St.,Hopkinsville,KY,42240,,"498,873 bus up"
Adm Rice,Specialty Mills,1603 Old Hwy. 99 W.,Arbuckle,CA,95912,,
"Ag Processing, Inc.",Specialty Mills,"1605 19th St. S.W., P.O. Box 1068",Mason City,IA,50401,,
"Mfa, Inc.",Grain,"1605 Radio Hill Rd., P.O. Box 6",Boonville,MO,65233,,"2,274,000 bus up."
"Perdue Agribusiness Grain, Llc",Grain,1609 River Rd.,Marietta,PA,17547,,"1,300,000 bus up."
"Highland Milling, Llc",Specialty Mills,161 2nd St N,Bancroft,ID,83217,,600 cwts
"Highland Milling, Llc",Specialty Mills,161 2nd St N,Bancroft,ID,83217,,"4,000 cwts"
"Highland Milling, Llc",Specialty Mills,161 2nd St N,Bancroft,ID,83217,,
"Highland Milling, Llc",Specialty Mills,161 2nd St N,Bancroft,ID,83217,,800 cwts
"Highland Milling, Llc",Specialty Mills,161 2nd St N,Bancroft,ID,83217,,600 cwts.
"Highland Milling, Llc",Specialty Mills,161 2nd St N,Bancroft,ID,83217,,600 cwts.
Archer Daniels Midland Co.,Grain,16100 Third St.,Seward,IL,61077,,"3,344,000 bus up."
"Cargill, Incorporated",Grain,"16150 Peninsula St., P.O. Box 220",Houston,TX,77015,,"6,713,000 bus up"
"Sunfoods, Llc",Specialty Mills,"1620 E. Kentucky Ave., P.O. Box 8729",Woodland,CA,95776,,700 cwts.
"Perdue Agribusiness Grain, Llc",Grain,1623 N. Greene St.,Greenville,NC,27834,,"824,000 bus up."
"Grain Millers, Inc.",Specialty Mills,1626 S. Joaquin Dr.,Marion,IN,46953,,
"Grain Millers, Inc.",Specialty Mills,1626 S. Joaquin Dr.,Marion,IN,46953,,
"Grain Millers, Inc.",Specialty Mills,1626 S. Joaquin Dr.,Marion,IN,46953,,
The Scoular Company,Grain,1632 Main St.,Goodland,KS,67735,,"2,000,000 bus up"
Aurora Cooperative Elevator Co.,Grain,"1639 Harvest Dr., P.O. Box 209",Aurora,NE,68818,,"1,600,000 bus up"
"Perdue Agribusiness Grain, Llc",Grain,16447 Adams Rd.,Bridgeville,DE,19933,,"2,390,000 bus up."
Frenchman Valley Farmers Co-Op,Grain,"16515 County Rd. 14, P.O. Box 526",Chappell,NE,69129,,"5,500,000 bus up."
"Viterra Usa Grain, Llc",Grain,1653 S. Fourth Rd.,Huntley,MT,59037,,"800,000 bus up"
"Cargill, Incorporated",Grain,"1657 W. Front St., P.O. Box 558",Buffalo,IA,52728,,"1,036,000 bus up."
"Perdue Agribusiness Grain, Llc",Grain,1671 Waverly Ave.,Kilmarnock,VA,22482,,"600,000 bus up"
Archer Daniels Midland Co.,Grain,1673 Growmark Lane,Naples,IL,62669,,"286,000 bus up."
"Bunge North America, Inc.",Grain,16755 274th Rd.,Atchison,KS,66002,,"10,788,000 bus up."
Bunge Milling,Specialty Mills,16755 274th Rd.,Atchison,KS,62002,,"50,000 or more bus"
Bunge Milling,Specialty Mills,16755 274th Rd.,Atchison,KS,62002,,
Archer Daniels Midland Co.,Grain,"16994 Wright Rd., P.O. Box 416",Grand Ledge,MI,48837,,"4,298,174 bus up."
"Viterra Usa Grain, Llc",Grain,1700 E. Front St.,Fremont,NE,68025,,"1,724,000 bus up."
Phm Brands Co.,Specialty Mills,1700 E. U.S. Hwy 12,Michigan City,IN,46360,,
Landus Cooperative,Grain,1700 S. Pleasant Hill Blvd.,Pleasant Hill,IA,50327,,"1,061,000 bus up."
Tamaki Rice Corp.,Specialty Mills,1701 Abel Rd.,Williams,CA,95987,,
Tom Soya Grain Co.,Grain,1701 Old Hwy. 50,West Point,MS,39773,,"567,000 bus up."
"Cargill, Incorporated",Specialty Mills,1710 16th St. S.E.,Cedar Rapids,IA,52401,,
"Ray-Carroll County Grain Growers, Inc. 17149 Hwy. 24",Grain,17149 Hwy. 24,Brunswick,MO,65236,,"5,885,000 bus up."
Consolidated Grain & Barge Co.,Grain,1716 Levee St.,Vicksburg,MS,39183,,"1,127,000 bus up."
"Cargill, Incorporated",Specialty Mills,1730 W. Michigan St.,Indianapolis,IN,46222,,
"Cargill, Incorporated",Specialty Mills,1730 W. Michigan St.,Indianapolis,IN,46222,,
Northern Country Coop,Grain,"174 First Ave. W., P.O. Box 295",Alden,MN,56009,,"1,116,000 bus up."
Kerry,Mix Plants,1751 Enterprise Dr.,Sturtevant,WI,53177,,
Prairie Central Co-Op,Grain,17553 E. 2000 N.,Pontiac,IL,61764,,"15,245,000 bus up."
"Brill, Inc.",Mix Plants,1765 Yankee Doodle Rd.,St. Paul (Eagan),MN,55121,,
Adm Milling Co.,Flour mills,1770 Barbertown Rd.,Mississauga,ON,L5M 2M5,,"6,200 cwts"
"Topflight Grain Coop, Inc.",Grain,178 900 N,Waynesville,IL,61778,,"1,727,650 bus up."
Agstate,Grain,1800 11th St,Emmetsburg,IA,50536,,"1,186,000 bus up; 117,000 bus fl."
"Beaumont Rice Mills, Inc.",Specialty Mills,1800 Pecos St.,Beaumont,TX,77701,,
Consolidated Grain & Barge Co.,Grain,1800 Riverfront Rd,Van Buren,AR,72957,,"837,000 bus up."
"Perdue Agribusiness Grain, Llc",Grain,1801 Godwin Ave.,Lumberton,NC,28358,,"500,000 bus up."
"Cargill, Incorporated",Specialty Mills,18049 County Rd. 8E,Wahpeton,ND,58075,,
Penny-Newman Grain Co.,Grain,1805 Harbor Rd.,Stockton,CA,95203,,"2,733,306 bus up; 2,533,308 bus fl."
Archer Daniels Midland Co.,Grain,181 N. Front St.,Scott City,KS,67871,,"995,000 bus up."
New Hope Mills,Flour mills,181 York St.,Auburn,NY,13021,,
New Hope Mills,Mix Plants,181 York St.,Auburn,NY,13021,,
Archer Daniels Midland Co.,Grain,"1811 Dock St., P.O. Box 13304",Memphis,TN,38113,,"2,500,000 bus up"
Archer Daniels Midland Co.,Grain,1811 S. Fourth St.,Clinton,IA,52732,,"780,000 bus up"
Adm Corn Processing Division,Specialty Mills,1811 S. Fourth St.,Clinton,IA,52732,,
"Columbia Grain International, Llc",Grain,"1820 12th Ave. N., P.O. Box 1969",Great Falls,MT,59401,,"413,000 bus up"
North Dakota Mill & Elevator Association,Flour mills,1823 Mill Rd.,Grand Forks,ND,58203,,
North Dakota Mill & Elevator Association,Specialty Mills,1823 Mill Rd.,Grand Forks,ND,58203,,"6,000 cwts."
North Dakota Mill & Elevator Association,Specialty Mills,1823 Mill Rd.,Grand Forks,ND,58203,,"3,000 cwts"
Ardent Mills,Grain,1843 Hwy. One S. Port,Allen,LA,70767,,"251,000 bus up. Rec: Barge/Ra"
Ardent Mills,Flour mills,1843 Hwy. One S. Port,Allen,LA,70767,,"5,500 cwts."
"Cargill, Incorporated",Grain,1845 N.W. Gordon St.,Topeka,KS,66618,,"42,414,000 bus up."
"Agrex, Inc.",Grain,"1850 Alabama Docks, Pier D, Eleventh St",Mobile,AL,36603,,"3,500,000 bus up."
Grain Craft,Grain,1861 E. 55th St.,Los Angeles,CA,90058,,"815,000 bus up"
Grain Craft,Flour mills,1861 E. 55th St.,Los Angeles,CA,90058,,"14,800 cwts"
Ardent Mills,Flour mills,1875 Lawrence St.,Denver,CO,80202,,
Ardent Mills,Specialty Mills,1875 Lawrence St.,Denver,CO,80202,,
Ardent Mills,Specialty Mills,1875 Lawrence St.,Denver,CO,80202,,
Ardent Mills,Specialty Mills,1875 Lawrence St.,Denver,CO,80202,,
"Cargill, Incorporated",Grain,1877 Channel Ave.,Memphis,TN,38113,,"5,922,000 bus up"
Archer Daniels Midland Co.,Grain,1884A E. Old Hwy. 40,New Cambria,KS,67470,,"4,100,000 bus up; 1,000,000 bus fl."
Archer Daniels Midland Co.,Grain,1892 N. Hwy. 83,Sublette,KS,67877,,"2,753,290 bus up"
"Perdue Agribusiness Grain, Llc",Grain,1897 River Rd.,Bainbridge,PA,17547,,"1,620,000 bus up."
Champlain Valley Milling Corp.,Flour mills,19 Myers Way,Willsboro,NY,12996,,480 cwts
Champlain Valley Milling Corp.,Specialty Mills,19 Myers Way,Willsboro,NY,12996,,
Champlain Valley Milling Corp.,Specialty Mills,19 Myers Way,Willsboro,NY,12996,,"1,000 bus"
Champlain Valley Milling Corp.,Specialty Mills,19 Myers Way,Willsboro,NY,12996,,
Champlain Valley Milling Corp.,Specialty Mills,19 Myers Way,Willsboro,NY,12996,,400 cwts.
Champlain Valley Milling Corp.,Mix Plants,19 Myers Way,Willsboro,NY,12996,,
Ardent Mills,Grain,1900 Industry Dr.,Culpeper,VA,22701,,"2,100,000 bus up"
Ardent Mills,Flour mills,1900 Industry Dr.,Culpeper,VA,22701,,"12,000 cwts."
Adm Milling Co.,Grain,"1901 E. Wyatt Earp Blvd., P.O. Box 400",Dodge City,KS,67801,,"1,050,000 bus up."
Adm Milling Co.,Specialty Mills,"1901 E. Wyatt Earp Blvd., P.O. Box 400",Dodge City,KS,67801,,"2,400 cwts"
Adm Milling Co.,Specialty Mills,"1901 E. Wyatt Earp Blvd., P.O. Box 400",Dodge City,KS,67801,,"2,400 cwts"
Adm Milling Co.,Specialty Mills,"1901 E. Wyatt Earp Blvd., P.O. Box 400",Dodge City,KS,67801,,"2,800 cwts."
Archer Daniels Midland Co.,Grain,1901 S. Sherman Dr.,Indianapolis (Beech Grove),IN,46203,,"11,576,019 bus up."
United Grain Corp.,Grain,1905 N.W. Harborside Dr.,Vancouver,WA,98660,,"8,000,000 bus up"
Archer Daniels Midland Co.,Grain,1912 N 2753rd Rd,Ottawa,IL,61350,,"107,000 bus up; 500,000 bus fl."
"Perdue Agribusiness Grain, Llc",Grain,19125 Greenbush Rd.,Parksley,VA,23421,,"1,200,000 bus up"
Bay State Milling Co.,Grain,"19150 S.W. Warfield Blvd., P.O. Box 1280",Indiantown,FL,34956,,"850,000 bus up."
Bay State Milling Co.,Flour mills,"19150 S.W. Warfield Blvd., P.O. Box 1280",Indiantown,FL,34956,,"13,200 cwts"
Archer Daniels Midland Co. (Beemer Grain),Grain,1918 12 Rd.,Wisner,NE,68791,,"2,500,000 bus up"
"New Cooperative, Inc.",Grain,1919 Hwy. 141,Sloan,IA,51055,,"4,526,000 bus up; 616,000 bus fl."
Poinsett Rice & Grain,Grain,1926 E. CR718,Osceola Port,AR,72370,,"1,700,000 bus up."
Pride Ag Resources,Grain,19502 U.S. Hwy. 56,Cimarron,KS,67835,,"1,034,000 bus up"
Archer Daniels Midland Co.,Grain,1964 Clarks Ferry Rd,Ledbetter,KY,42058,,"3,002,000 bus up."
Ardent Mills,Grain,19684 Cajon Blvd.,San Bernardino,CA,92407,,"1,000,000 bus up."
Ardent Mills,Flour mills,19684 Cajon Blvd.,San Bernardino,CA,92407,,"18,500 cwts"
"Farmers Grain Terminal, Inc.",Grain,1977 Harbor Front Rd.,Greenville,MS,38701,,"11,360,000 bus up; 700,000 bus fl."
Tate & Lyle,Specialty Mills,198 Blair Bend Dr.,Loudon,TN,37774,,
Sunrise Cooperative,Grain,1981 Fitchville River Rd.,Wakeman,OH,44889,,"8,500,000 bus up."
"Cargill, Incorporated",Grain,"19849 E. Hwy. 30, P.O. Box 460",Shelton,NE,68876,,"4,302,000 bus up"
Ardent Mills,Grain,1B Riverside Lane,Chattanooga,TN,37406,,"1,900,000 bus up"
"Cargill, Incorporated",Grain,"2 miles west of WaKeeney on Old Hwy. 40, P.O. Box 67",WaKeeney,KS,67672,,"645,000 bus up."
Landus Cooperative,Grain,200 E. First St.,Halbur,IA,50441,,"329,000 bus up"
"General Mills, Inc.",Grain,200 Garfield Ave.,Duluth,MN,55802,,"3,796,000 bus up."
Hansen-Mueller Co.,Grain,200 Garfield Ave.,Duluth,MN,55802,,"3,796,000.00"
"The Andersons, Inc.",Grain,200 Hydro Way,Delhi,LA,71232,,"5,725,000 bus up; 6,264,000 bus fl."
"Cargill, Incorporated",Grain,200 N. 19th St.,Tampa,FL,33605,,"1,740,000 bus up."
Ardent Mills,Grain,200 N. Riverfront Dr.,Mankato,MN,56001,,"610,000 bus up."
Ardent Mills,Flour mills,200 N. Riverfront Dr.,Mankato,MN,56001,,"9,900 cwts"
Ardent Mills,Specialty Mills,200 N. Riverfront Dr.,Mankato,MN,56001,,
"Riceland Foods, Inc.",Grain,200 Plum St,Newport,AR,72112,,"1,509,000 bus up; 1,124,000 bus fl."
Alliance Grain Co.,Grain,"200 S. Brook St., P.O. Box 236",Colfax,IL,61728,,"2,200,000 bus up."
"Viterra Usa Grain, Llc",Grain,200 Voorhees St.,Terre Haute,IN,47802,,"2,963,000 bus up"
Archer Daniels Midland Co.,Grain,200 W. Lamb St.,Center,MO,63436,,"900,000 bus up"
Agtegra Cooperative,Grain,200 W. Railway St.,Kennebec,SD,57544,,"4,800,000 bus up"
Treehouse Foods,Specialty Mills,2000 American Italian Way,Columbia,SC,29209,,"11,000 cwts."
"Cargill, Incorporated",Grain,2000 W. Ohio St.,Evansville,IN,47712,,"1,945,000 bus up."
Hopkinsville Milling Co.,Flour mills,2001 S.,Walnut Hopkinsville,KY,42240,,
Hopkinsville Milling Co.,Specialty Mills,2001 S.,Walnut Hopkinsville,KY,42240,,"5,000 bus"
Hopkinsville Milling Co.,Specialty Mills,2001 S. Walnut,Hopkinsville,KY,42240,,"5,000 bus."
Hopkinsville Milling Co.,Mix Plants,2001 S. Walnut,Hopkinsville,KY,42240,,
Rumbold & Kuhn,Grain,20014 N. Rice Rd.,Princeville,IL,61559,,"577,825 bus up; 2,345,175 bus fl."
"Mid-Columbia Producers, Inc.",Grain,2003 Railroad Ave.,Moro,OR,97039,,"1,780,000 bus up."
Ardent Mills,Grain,2005 Vermillion St.,Hastings,MN,55033,,"1,495,000 bus up."
Ardent Mills,Flour mills,2005 Vermillion St.,Hastings,MN,55033,,"26,760 cwts"
Ardent Mills,Specialty Mills,2005 Vermillion St.,Hastings,MN,55033,,"8,500 cwts."
Ardent Mills,Specialty Mills,2005 Vermillion St.,Hastings,MN,55033,,"2,000 cwts"
Ardent Mills,Specialty Mills,2005 Vermillion St.,Hastings,MN,55033,,
Landus Cooperative,Grain,2008 Sixth St.,Harlan,IA,51537,,"188,000 bus up"
Tyson Foods Local Grain Services,Grain,201 E. Church St.,Kenton,TN,38233,,"2,250,000 bus up"
Ritzville Warehouse Co.,Grain,201 E. First Ave.,Ritzville,WA,99169,,"750,000 bus up"
"Perdue Agribusiness Grain, Llc",Grain,201 E. Main,Sudlersville,MD,21668,,"450,000 bus up."
Consolidated Grain & Barge Co.,Grain,201 N. Missouri St.,Mound City,IL,62963,,"3,472,000 bus up; 3,281,000 bus fl"
Adm Milling Co.,Grain,"201 Rte. 23B, P.O. Box 398",Hudson,NY,12534,,"1,000,000 bus up."
Adm Milling Co.,Flour mills,"201 Rte. 23B, P.O. Box 398",Hudson,NY,12534,,"18,000 cwts"
Shawnee Milling Co.,Flour mills,201 S.,Broadway Shawnee,OK,74801,,"7,000 cwts"
Shawnee Milling Co.,Mix Plants,201 S.,Broadway Shawnee,OK,74801,,
Shawnee Milling Co.,Specialty Mills,201 S. Broadway,Shawnee,OK,74801,,"6,500 bus."
Shawnee Milling Co.,Specialty Mills,201 S. Broadway,Shawnee,OK,74801,,
Cfs,Grain,201 W. Main St.,Clarks Grove,MN,56016,,"1,300,000 bus up"
Chelsea Milling Co.,Flour mills,"201 W. North St., P.O. Box 460",Chelsea,MI,48118,,"4,500 cwts."
Chelsea Milling Co.,Mix Plants,"201 W. North St., P.O. Box 460",Chelsea,MI,48118,,
"Attebury Grain, Inc.",Grain,2013 N Ave. N.,Lubbock,TX,79408,,"10,119,000 bus up"
Agtegra Cooperative,Grain,20137 U.S. Hwy. 281,Wolsey,SD,57384,,"4,100,000 bus up"
Cpi,Grain,2014 Rd. 12,Fairmont,NE,68354,,"2,700,000 bus up"
Landus Cooperative,Grain,"202 E. Dow St., P.O. Box 430",Greene,IA,50636,,"716,000 bus up; 2,922,000 bus fl."
"Ray-Carroll County Grain Growers, Inc.",Grain,202 E. Main St.,Hardin,MO,64035,,"5,806,000 bus up."
"Viterra Usa Grain, Llc",Grain,202 Factory St.,Golden Gate,IL,62843,,
Adm Milling Co.,Flour mills,202 First St.,Midland,ON,L4R 3L9,,"12,000 cwts"
"New Cooperative, Inc.",Grain,"202 First St., Box 180",Dickens,IA,51333,,
"Attebury Grain, Inc. (Happy)",Grain,"202 N. Gordon, P.O. Box 37",Happy,TX,79042,,"4,642,000 bus up;"
"Chs, Inc. (Global Grain & Processing)",Specialty Mills,"2020 S. Riverfront Dr., P.O. Box 3247",Mankato,MN,56001,,"4,000 cwts."
Ardent Mills,Grain,2020 Steel Rd.,Colton,CA,92324,,"460,000 bus up."
Ardent Mills,Flour mills,2020 Steel Rd.,Colton,CA,92324,,"11,000 cwts"
Ardent Mills,Grain,20201 Hwy. 97 S.,Klamath Falls,OR,97603,,"668,000 bus up."
"Dawn Food Products, Inc.",Specialty Mills,2021 Micor Dr.,Jackson,MI,49203,,
"Dawn Food Products, Inc.",Mix Plants,2021 Micor Dr.,Jackson,MI,49203,,
"Attebury Grain, Inc. (46Th)",Grain,203 E. 46th,Amarillo,TX,79118,,"3,226,000 bus up"
Northern Country Coop,Grain,"203 E. Spring St., P.O. Box 217",Stacyville,IA,50476,,"2,236,000 bus up"
Consolidated Grain &Barge Co.,Grain,20314 MO-77,East Prairie,MO,63845,,"589,000 bus up"
Archer Daniels Midland Co.,Grain,2032 Hwy. 44,Reserve,LA,70084,,"3,200,000 bus up; 2,000,000 bus fl."
Ruff Brothers Grain,Grain,204 E. Fifth St.,Long Point,IL,61333,,"1,425,000 bus up; 500,000 bus"
Heartland Co-Op,Grain,204 E. Hancock,Runnells,IA,50237,,"273,000 bus up."
Arva Flour Mills Ltd.,Flour mills,2042 Elgin St.,Arva,ON,N0M 1C0,,300 cwts
Arva Flour Mills Ltd.,Specialty Mills,2042 Elgin St.,Arva,ON,N0M 1C0,,300 cwts
Iowa Corn Processors Lc,Specialty Mills,20481 Sycamore Ave.,Glidden,IA,51443,,"21,000 bus"
"New Cooperative, Inc.",Grain,205 E. Center St.,Pomeroy,IA,50575,,"3,242,000 bus up."
Landus Cooperative,Grain,"205 E. First St., P.O. Box 476",Odebolt,IA,51458,,"2,999,000 bus up; 976,000 bus fl."
Ardent Mills,Grain,2050 Market St. N.E.,Decatur,AL,35601,,"2,600,000 bus up."
Ardent Mills,Flour mills,2050 Market St. N.E.,Decatur,AL,35601,,"22,000 cwts"
"Columbia Grain International, Llc",Grain,2051 Wilma Dr.,Clarkston,WA,99403,,"5,000,000 bus up"
Archer Daniels Midland Co.,Grain,"2054 N. 2753 Rd., P.O. Box 546",Ottawa,IL,61350,,"231,414 bus up; 1,188,430 bus fl."
"New Cooperative, Inc.",Grain,206 N. First St.,Vincent,IA,50594,,"5,146,000 bus up; 2,819,000 bus fl."
"Columbia Grain International, Llc",Grain,20601 State Rte. 195,Pullman,WA,99163,,"300,000 bus up"
Shellsburg Elevator,Grain,207 Commercial St.,Shellsburg,IA,52332,,"1,600,000 bus up"
Consolidated Grain & Barge Co.,Grain,207 W.,Ozburn Pinckneyville,IL,62274,,"1,094,000 bus up"
Farmers Cooperative,Grain,208 W.,Depot Dorchester,NE,68343,,"4,654,708 bus up"
Heartland Co-Op,Grain,2081 Nutmeg Ave.,Fairfield,IA,52556,,"4,507,000 bus up"
Farmers Cooperative,Grain,2084 Tumbleweed Rd.,Frankfort,KS,66427,,"4,100,000 bus up"
"The Andersons, Inc.",Grain,20888 Van Slyke Rd.,Greenleaf,ID,83626,,"511,000 bus up; 1,200,000 bus fl."
Jamaica Flour Mills Limited,Mix Plants,209 Windward Rd.,Kingston 2,JM,,,
Jamaica Flour Mills Limited,Specialty Mills,"209 Windward Rd., Kingston",2,JM,,,"2,000 cwts"
Sunrise Cooperative,Grain,"21 Woodward St., P.O. Box R",South Charleston,OH,45368,,"8,900,000 bus up."
Hansen-Mueller Co.,Grain,21-21st Ave. E.,Superior,WI,54880,,"3,200,000 bus up"
Consolidated Grain & Barge Co.,Grain,210 George St.,Aurora,IN,47001,,"1,928,000 bus up"
Archer Daniels Midland Co.,Grain,210 N 7th St,La Belle,MO,63447,,"1,100,000 bus up."
Adm Milling Co.,Specialty Mills,210 N.E. Third St.,Abilene,KS,67410,,"14,200 cwts."
Dm Milling Co.,Grain,"210 N.E. Third St., P.O. Box 338",Abilene,KS,67410,,"2,100,000 bus up"
Adm Milling Co.,Specialty Mills,"210 N.E. Third St., P.O. Box 338",Abilene,KS,67410,,
"Riceland Foods, Inc.",Grain,210 S Front St,Hickory Ridge,AR,72347,,"2,923,000 bus up."
"Cargill, Incorporated",Grain,210 Third St.,Carleton,NE,68326,,"1,482,000 bus up."
Great Plains Commodities,Grain,21080 U.S. Hwy. 62,Altus (Headrick),OK,73549,,"1,414,000 bus up."
Frontier Cooperative Co.,Grain,211 S. Lincoln St.,Brainard,NE,68626,,"2,925,000 bus up; 1,550,000 bus fl."
Thresher Artisan Wheat —,Grain,211 Truck Rte.,Newdale,ID,83436,,"866,000 bus up."
"Cargill, Incorporated",Grain,"2117 W. Hwy. 8, P.O. Box 88",Heartwell,NE,68945,,"2,665,000 bus up."
Landus Cooperative,Grain,212 S. First St.,Dawson,IA,50066,,"1,056,000 bus up; 1,544,000 bus fl."
"Riceland Foods, Inc.",Specialty Mills,"2120 S. Park Ave., P.O. Box 927",Stuttgart,AR,72160,,"18,200,000 cwts"
Busch Agricultural,Grain,2121 W. 145th N.,Idaho Falls,ID,83402,,"4,025,000 bus up."
Archer Daniels Midland Co.,Grain,2122 Navigation Blvd,Corpus Christi,TX,78402,,"4,700,000 bus up."
"General Mills, Inc.",Grain,2125 49th Ave. N.,Minneapolis,MN,55430,,"3,553,000 bus up."
"Viterra Usa Grain, Llc",Grain,2130 Little Levee Rd.,Rockwood,IL,62280,,"1,052,000 bus up."
Consolidated Grain &Barge Co,Grain,2133 E. State Hwy.,ABScott City,MO,63780,,"369,000 bus up"
Consolidated Grain & Barge Co.,Grain,2133 E. State Hwy. 500 Lacruz St.,Cape Girardeau,MO,63703,,"132,000 bus up."
Heartland Co-Op,Grain,2136 Green Bay Rd.,Wever,IA,52658,,"510,000 bus up; 3,490,000 bus fl."
"Cargill, Incorporated",Grain,214 S. Water St.,Havana,IL,62644,,"400,000 bus up."
Consolidated Grain &Barge Co.,Grain,2140 County Hwy.,553Caruthersville,MO,63830,,"387,000 bus up."
"Cornerstone Ag, Llc",Grain,"2148 County Rd. Q, P.O. Box 468",Colby,KS,67701,,"6,895,000 bus up; 2,900,000 bus fl."
"Cargill, Incorporated",Grain,215 Grainery Rd.,Hales Point,TN,38040,,"955,000 bus up"
Consolidated Grain & Barge Co.,Grain,"215 Marine St., P.O. Box 225",Madison,IN,47250,,
"Cargill, Incorporated",Grain,"215 S. Main St., P.O. Box 429",Parker,SD,57053,,"935,000 bus up"
"Central Moagriservice, Llc",Grain,215 W Thomas Dr,Waverly,MO,64096,,"741,000 bus up"
"Cargill, Incorporated",Grain,2154 Hwy. 44,Reserve,LA,70084,,"6,000,000 bus up; 1,500,000 bus fl."
Sunrise Cooperative,Grain,"2155 State, Rte. 598",Galion,OH,44833,,"8,950,000 bus up."
"Greenfield Holdings, Llc",Grain,2159 Hwy. 165 S.,Parkdale,AR,71661,,"7,800,000 bus up."
"Michigan Agricultural Commodities, Inc.",Grain,216 Eastman,Breckenridge,MI,48615,,"11,160,000 bus up; 4,100,000 bus fl."
"Riceland Foods, Inc.",Grain,216 N. Gee St.,Jonesboro,AR,72401,,"7,262,000 bus up; 1,936,000 bus fl."
"Riceland Foods, Inc.",Grain,216 N. Gee St.,Jonesboro,AR,72401,,"5,784,000 bus up; 188,000 bus fl."
"Riceland Foods, Inc.",Specialty Mills,216 N. Gee St.,Jonesboro,AR,72401,,"15,500,000 cwts"
"Gateway Fs, Inc.",Grain,"2161 Levee Rd., P.O. Box 38",Fults,IL,62244,,
Lacey Milling Co.,Flour mills,217 W. Fifth St.,Hanford,CA,93230,,"1,500 cwts"
Heartland Co-Op,Grain,217 W. Front St.,Brooklyn,IA,52211,,"2,660,000 bus up."
"Viterra Usa Grain, Llc",Grain,"21799 E. Ave., P.O. Box 217",Rock Port,MO,64482,,"2,429,000 bus up; 5,940,000 bus fl."
Landus Cooperative,Grain,218 Lincoln Ave.,Ackley,IA,50601,,"487,000 bus up."
The Scoular Company,Grain,218 W. Delta St.,Hancock,IA,51536,,"4,440,000 bus up."
"Southampton Flour Milling, Inc.",Specialty Mills,22 Caroline St. E.,Southampton,ON,N0H 2L0,,992 cwts.
"Snavely'S Mill, Inc.",Flour mills,22 Fishing Creek Rd.,Mill Hall,PA,17751,,"5,600 cwts."
"Snavely'S Mill, Inc.",Specialty Mills,22 Fishing Creek Rd.,Mill Hall,PA,17751,,"2,000 cwts"
Consolidated Grain & Barge Co.,Grain,220 Mengel Rd.,Hickman,KY,42050,,"1,451,000 bus up"
Grain Craft,Grain,220 W. 30th St.,Ogden,UT,84401,,"1,200,000 bus up"
Grain Craft,Flour mills,220 W. 30th St.,Ogden,UT,84401,,"16,400 cwts."
Alliance Grain Co.,Grain,220 W. Eighth St.,Gibson City,IL,60936,,"445,000 bus up."
Tate & Lyle,Specialty Mills,2200 E. Eldorado St.,Decatur,IL,62521,,
"Lawrence Foods, Inc.",Mix Plants,2200 Lunt Ave.,Elk Grove Village,IL,60007,,
Miller Milling Co.,Grain,2201 E. Seventh St.,Oakland,CA,94606,,
Miller Milling Co.,Flour mills,2201 E. Seventh St.,Oakland,CA,94606,,"14,000 cwts"
Miller Milling Co.,Specialty Mills,2201 E. Seventh St.,Oakland,CA,94606,,
"Viterra Usa Grain, Llc",Grain,2203 21st Rd.,Clarks,NE,68628,,"1,287,000 bus up."
"Viterra Usa Grain, Llc",Grain,2205 County Rd. 55,Plainview,TX,79072,,"4,954,000 bus up"
Homestead Mills,Flour mills,"221 N. River St., P.O. Box 1115",Cook,MN,55723,,480 cwts
Homestead Mills,Specialty Mills,"221 N. River St., P.O. Box 1115",Cook,MN,55723,,480 cwts
Homestead Mills,Specialty Mills,"221 N. River St., P.O. Box 1115",Cook,MN,55723,,
Homestead Mills,Specialty Mills,"221 N. River St., P.O. Box 1115",Cook,MN,55723,,480 cwts
Homestead Mills,Specialty Mills,"221 N. River St., P.O. Box 1115",Cook,MN,55723,,240 cwts
Homestead Mills,Mix Plants,"221 N. River St., P.O. Box 1115",Cook,MN,55723,,
Miller Milling Co.,Grain,"221 S. Fairmont, P.O. Box 79440",Saginaw,TX,76179,,"7,000,000 bus up"
Miller Milling Co.,Flour mills,221 S. Fairmount St.,Saginaw,TX,76179,,"24,000 cwts."
Kerry,Mix Plants,221 Salem Rd. S.W.,Calhoun,GA,30701,,
"Kalama Export Company, Llc",Grain,2211 N. Hendrickson Dr.,Kalama,WA,98625,,"5,386,000 bus up"
"Natural Products, Inc.",Flour mills,2211 Sixth Ave.,Grinnell,IA,50112,,
"Natural Products, Inc.",Specialty Mills,2211 Sixth Ave.,Grinnell,IA,50112,,
"Natural Products, Inc.",Specialty Mills,2211 Sixth Ave.,Grinnell,IA,50112,,
"Natural Products, Inc.",Specialty Mills,2211 Sixth Ave.,Grinnell,IA,50112,,
"Natural Products, Inc.",Mix Plants,2211 Sixth Ave.,Grinnell,IA,50112,,
"Cargill, Incorporated",Grain,222 W. Utica St.,Ravenna,NE,68869,,"1,918,000 bus up"
"Mondelez Global, Llc",Flour mills,2221 Front St.,Toledo,OH,43605,,"31,000 cwts"
Farmers’ Rice Cooperative,Specialty Mills,2224 Industrial Blvd.,West Sacramento,CA,95833,,
"Ag Com, Inc.",Flour mills,2224 Oxford Rd.,New Oxford,PA,17350,,"5,000 cwts."
Consolidated Grain & Barge Co.,Grain,2239 Power Plant Rd.,Grand Tower,IL,62942,,"578,000 bus up."
Tate & Lyle,Specialty Mills,"2245 N. Sagamore Parkway N., P.O. Box 1398",Lafayette,IN,47904,,
"Cargill, Incorporated",Grain,"225 E. Briarwood Ave., P.O. Box 357",Dana,IN,47847,,"804,000 bus up."
"Koda Farms, Inc.",Specialty Mills,"22540 Russell Ave., P.O. Box 10",South Dos Palos,CA,93665,,"1,000,000 cwts."
Viobin,Specialty Mills,226 W. Livingston St.,Monticello,IL,61856,,
Viobin,Specialty Mills,226 W. Livingston St.,Monticello,IL,61856,,
Viobin,Specialty Mills,226 W. Livingston St.,Monticello,IL,61856,,
Viobin,Specialty Mills,226 W. Livingston St.,Monticello,IL,61856,,
"Cargill, Incorporated",Grain,"227 Front St., P.O. Box 459",Byers,CO,80103,,"1,725,000 bus up."
Pride Ag Resources,Grain,227 N. Main,Kingsdown,KS,67842,,"861,000 bus up"
Heartland Co-Op,Grain,2285 US-6,Marengo,IA,52301,,"3,065,000 bus up"
Landus Cooperative,Grain,2287 Lark Ave.,Hamlin,IA,50117,,"3,636,000 bus up; 1,504,000 bus fl"
P&H Milling Group,Flour mills,"229 Burlington St. E., Pier 10",Hamilton,ON,L8L 4H2,,"7,300 cwts"
Landus Cooperative,Grain,"2290 Grant Ave., P.O. Box 37",Britt,IA,50423,,"1,173,000 bus up; 923,000 bus fl."
Fairview Mills,Grain,2300 N.W. Menoken Rd.,Topeka,KS,66618,,"800,000 bus up; 1,500,000 bus fl."
"Attebury Grain, Inc. (Ft. Worth D)",Grain,2301 Terminal Rd.,Ft. Worth,TX,76106,,"3,976,000 bus up"
"Busch Agricultural Resources, Llc",Grain,231 Busch Lane,Conrad,MT,59425,,"2,030,000 bus up."
"Riviana Foods, Inc.",Specialty Mills,2314 S.,Lauderdale Memphis,TN,38106,,"3,000,000 cwts"
Archer Daniels Midland Co.,Grain,2315 Old Geneva Rd.,Henderson,KY,42420,,"998,456 bus up"
Agp Grain,Grain,2315 W. Hwy. 6,Hastings,NE,68901,,"4,000,000 bus up; 2,350,000 bus fl."
Howson & Howson Ltd.,Specialty Mills,"232 Westmoreland St., P.O. Box 390",Blyth,ON,N0M 1H0,,"7,500 cwts."
"Columbia Grain International, Llc",Grain,"233 Central Ave., P.O. Box 577",Harlem,MT,59526,,"1,014,000 bus up."
"Bunge North America, Llc",Grain,234 S. Jefferson St.,Delphos,OH,45833,,"1,707,000 bus up."
Landus Cooperative,Grain,2340 Hwy. 71,Early,IA,50535,,"1,570,000 bus up."
Archer Daniels Midland Co.,Grain,2348 E. 154 S.,Fowler,IN,47944,,"797,293 bus up"
Archer Daniels Midland Co.,Grain,2349 E. 154 S.,Fowler,IN,47944,,"1,657,461 bus up; 966,141 bus fl"
"Pennant Ingredients, Inc.",Mix Plants,235 Buffalo Rd.,Rochester,NY,14611,,
Archer Daniels Midland Co.,Grain,2350 Broadway,Evansville,IN,47712,,"1,004,670 bus up."
Mfa Agri Services,Grain,"2350 Monroe, P.O. Box 308",Lexington,MO,64067,,"853,000 bus up."
"Bartlett Grain Company, Lp",Grain,2350 S. Main St.,South Jacksonville,IL,62650,,"7,843,000 bus up."
"The Andersons, Inc.",Grain,2380 Maple Rd.,American Falls,ID,83211,,"1,770,000 bus fl."
Azteca Milling,Specialty Mills,"23865 Ave. 18, P.O. Box 1107",Madera,CA,93638,,
Adm Milling Co.,Grain,240 Preston St.,Jackson,TN,38301,,"430,000 bus up"
Adm Milling Co.,Flour mills,240 Preston St.,Jackson,TN,38301,,
Adm Milling Co.,Specialty Mills,240 Preston St.,Jackson,TN,38301,,"26,000 bus."
Archer Daniels Midland Co.,Grain,2400 Fair St.,Lincoln,NE,68503,,"5,072,000 bus up."
"Cargill, Incorporated",Grain,2401 S. 37th St.,Council Bluffs,IA,51501,,"5,949,000 bus up"
"The Andersons, Inc.",Grain,2404 Lincoln Hwy.,Denison,IA,51442,,"2,500,000"
"Western Foods, Llc",Flour mills,2404 Stagecoach Rd.,Stockton,CA,95215,,
"Western Foods, Llc",Specialty Mills,2404 Stagecoach Rd.,Stockton,CA,95215,,
"Western Foods, Llc",Specialty Mills,2404 Stagecoach Rd.,Stockton,CA,95215,,
"Western Foods, Llc",Specialty Mills,2404 Stagecoach Rd.,Stockton,CA,95215,,
"Western Foods, Llc",Specialty Mills,2404 Stagecoach Rd.,Stockton,CA,95215,,
"Western Foods, Llc",Specialty Mills,2404 Stagecoach Rd.,Stockton,CA,95215,,
"Western Foods, Llc",Specialty Mills,2404 Stagecoach Rd.,Stockton,CA,95215,,
"Western Foods, Llc",Specialty Mills,2404 Stagecoach Rd.,Stockton,CA,95215,,
"Western Foods, Llc",Mix Plants,2404 Stagecoach Rd.,Stockton,CA,95215,,
"Brill, Inc.",Mix Plants,2410 S. Scheidt Lane,Bonner Springs,KS,66012,,
Archer Daniels Midland Co.,Grain,2417 Stockton Rd.,Stevens Point,WI,54482,,"1,800,000 bus up"
"Perdue Agribusiness Grain, Llc",Grain,242 Perdue Rd.,Cofield,NC,27922,,"3,100,000 bus up."
Early Morning Harvest,Flour mills,2425 Willow Ave.,Panora,IA,50216,,40 cwts
Early Morning Harvest,Specialty Mills,2425 Willow Ave.,Panora,IA,50216,,40 cwts
Early Morning Harvest,Specialty Mills,2425 Willow Ave.,Panora,IA,50216,,40 cwts
Early Morning Harvest,Specialty Mills,2425 Willow Ave.,Panora,IA,50216,,40 cwts
Early Morning Harvest,Specialty Mills,2425 Willow Ave.,Panora,IA,50216,,40 cwts.
Archer Daniels Midland Co.,Grain,2430 E. Fourth St.,Hutchinson,KS,67501,,"1,869,000 bus up"
"Busch Agricultural Resources, Llc",Grain,2440 Hwy. 89,Fairfield,MT,59436,,"3,770,000 bus up."
Aurora Cooperative Elevator Co.,Grain,2449 Rd. 4500,Edgar,NE,68935,,"2,500,000 bus up;"
"Panhandle Milling, Llc",Flour mills,245 Rd. 4063,Farmington,NM,87401,,"2,500 cwts"
"Panhandle Milling, Llc (Phm Brands Co.)",Specialty Mills,245 Rd. 4063,Farmington,NM,87401,,
"Attebury Grain, Inc. (Black)",Grain,2480 U.S. Hwy. 60,Friona,TX,79035,,"3,076,000 bus up; 1,492,000 bus fl"
Bakemark,Mix Plants,2480 Viking Way,Richmond,BC,V6V 1N2,,
"General Mills, Inc.",Grain,25 44th Ave. N.E.,Minneapolis,MN,55421,,"4,955,000 bus up."
"General Mills, Inc.",Specialty Mills,25 44th Ave. N.E.,Fridley,MN,55421,,
"Riviana Foods, Inc.",Specialty Mills,"25 W. White Oaks St., P.O. Box 744",Brinkley,AR,72021,,"650,000 cwts."
Adm Milling Co.,Flour mills,250 Ganson St,Buffalo,NY,14203,,"22,600 cwts"
"Duluth Storage, Llc",Grain,250 Garfield Ave.,Duluth,MN,55802,,"12,158,000 bus up."
"Cargill, Incorporated",Grain,"250 Sheridan St., P.O. Box 217",Maynard,MN,56260,,"3,074,000 bus up"
Montana Flour & Grain,Flour mills,"2500 Chouteau St., P.O. Box 517",Fort Benton,MT,59442,,480 cwts
Montana Flour & Grain,Specialty Mills,"2500 Chouteau St., P.O. Box 517",Fort Benton,MT,59442,,480 cwts.
Montana Flour & Grain,Specialty Mills,"2500 Chouteau St., P.O. Box 517",Fort Benton,MT,59442,,400 cwts
Montana Flour & Grain,Specialty Mills,"2500 Chouteau St., P.O. Box 517",Fort Benton,MT,59442,,480
Montana Flour & Grain,Specialty Mills,"2500 Chouteau St., P.O. Box 517",Fort Benton,MT,59442,,
Montana Flour & Grain,Specialty Mills,"2500 Chouteau St., P.O. Box 517",Fort Benton,MT,59442,,
Montana Flour & Grain,Specialty Mills,"2500 Chouteau St., P.O. Box 517",Fort Benton,MT,59442,,100 cwts
"Attebury Grain, Inc.",Grain,2500 E. 37th St.,Lubbock,TX,79404,,"8,039,000 bus up"
"General Mills, Inc.",Grain,2500 Ninth Ave. N.,Great Falls,MT,59401,,"1,600,000 bus up"
"General Mills, Inc.",Flour mills,"2500 Ninth Ave. N., P.O. Box 111",Great Falls,MT,59401,,"12,500 cwts"
"General Mills, Inc.",Specialty Mills,"2500 Ninth Ave. N., P.O. Box 111",Great Falls,MT,59401,,"4,500 cwts."
Archer Daniels Midland Co.,Grain,2502 Hwy. 56,Copeland,KS,67837,,"2,910,000 bus up; 480,000 bus fl."
Archer Daniels Midland Co. (Enid Elevator A),Grain,2502 N. 16th St.,Enid,OK,73701,,"7,700,000 bus up."
Archer Daniels Midland Co. (Enid Elevator B),Grain,2502 N. 16th St.,Enid,OK,73701,,"11,036,000 bus up."
Archer Daniels Midland Co. (Enid Elevator Y),Grain,2502 N. 16th St.,Enid,OK,73701,,"16,007,000 bus up."
Archer Daniels Midland Co. (Enid Elevator Z),Grain,2502 N. 16th St.,Enid,OK,73701,,"15,289,000 bus up."
"Viterra Usa Grain, Llc",Grain,25035 367th Ave.,Kimball,SD,57355,,"2,235,000 bus up"
P&H Milling Group,Flour mills,252 - 14th St.,Hanover,ON,N4N 3C5,,"11,000 cwts"
P&H Milling Group,Specialty Mills,252 - 14th St.,Hanover,ON,N4N 3C5,,
"Zeeland Farm Services, Inc.",Grain,"2525 - 84th Ave., P.O. Box 290",Zeeland,MI,49464,,"4,500,000 bus up."
"Weisenberger Mills, Inc.",Flour mills,"2545 Weisenberger Mill Rd., P.O. Box 215",Midway,KY,40347,,175 cwts.
"Weisenberger Mills, Inc.",Specialty Mills,"2545 Weisenberger Mill Rd., P.O. Box 215",Midway,KY,40347,,500 bus
"Weisenberger Mills, Inc.",Mix Plants,"2545 Weisenberger Mill Rd., P.O. Box 215",Midway,KY,40347,,
United Cooperative,Grain,2550 Clairville Rd.,Oshkosh,WI,54904,,"4,410,000 bus up"
Landus Cooperative,Grain,"256 Main St., P.O. Box 392",Manilla,IA,51454,,"914,000 bus up; 1,541,000 bus fl"
"Columbia Grain International, Llc 25609 U.S. Hwy. 2",Grain,25609 U.S. Hwy. 2,Cut Bank,MT,59427,,"176,000 bus up."
"Columbia Grain International, Llc 25611 Hwy. 2 E.",Grain,25611 Hwy. 2,E.Cut Bank (Meriwether),MT,59427,,"523,000 bus up."
Ardent Mills,Grain,258 Harvest Lane,Pocono Summit,PA,18346,,"1,150,000 bus up."
Mennel Grain – Troy,Grain,2600 N. Dixie Hwy.,Troy,OH,45373,,"3,445,000 bus up."
Mennel Grain – Mexico,Grain,2602 W. Third St.,Mexico,IN,46958,,"1,050,000 bus up"
"Cargill, Incorporated",Grain,"2609 260th St., P.O. Box 190",Albion,NE,68620,,"1,679,000 bus up"
"Semo Milling, Llc",Specialty Mills,261 River Rd.,Scott City,MO,63780,,"less than 36,000 bus"
"Viterra Usa Grain, Llc",Grain,2610 Grand Ave.,Kearney,NE,68847,,"2,269,000 bus up; 5,585,000 bus fl."
"Ray-Carroll County Grain Growers, Inc. 26194 Hwy. 20",Grain,26194 Hwy.,20Corder,MO,65236,,"8,242,000 bus up."
Ursa Farmers Coop,Grain,2625 E. 30th St.,Warsaw,IL,62379,,"4,543,000 bus up."
Ursa Farmers Coop,Grain,2625 E. 30th St.,Warsaw,IL,62379,,"4,543,000 bus up."
"The Andersons, Inc.",Grain,26250 B Dr. N.,Albion,MI,49224,,"1,750,000 bus up; 1,950,000 bus fl."
Archer Daniels Midland Co.,Grain,"2626 S. County Rd. 275 W., P.O. Box 178",Logansport,IN,46947,,"5,387,531 bus up."
"Columbia Grain International, Llc",Grain,263 Rd. 105,Rudyard,MT,59540,,"2,784,000 bus up"
Cpi,Grain,265 N. Showboat Blvd.,Hastings,NE,68902,,"10,063,000 bus up; 8,120,000 bus fl."
Cargill Aghorizons,Grain,2655 Depot St.,Bettendorf,IA,52722,,"470,000 bus up"
Pride Ag Resources,Grain,26870 S.E. 232 Rd.,Hanston,KS,67518,,"524,000 bus up"
"Cargill, Incorporated",Grain,"26949 Holt 290, P.O. Box 158",Forest City,MO,64451,,"1,205,000 bus up."
Archer Daniels Midland Co.,Grain,"2700 N. Stockbridge Rd., P.O. Box 450",Webberville,MI,48892,,"2,325,242 bus up; 2,747,758 bus fl."
Consolidated Grain & Barge Co.,Grain,2701 Bluff Rd,Mt Vernon,IN,47620,,"4,317,000 bus up; 1,002,000 bus fl"
Consolidated Grain & Barge Co.,Grain,271 David Work Dr.,Rosedale,MS,38769,,"3,599,000 bus up."
"Riceland Foods, Inc.",Grain,271 Hwy. 212 E.,Dumas,AR,71639,,"1,716,000 bus up."
D & P Terminal Elevator,Grain,2715 12th Ave. N.,Fargo,ND,58102,,"1,250,000 bus up."
Consolidated Grain & Barge Co.,Grain,2724 Bunge Rd.,Arkansas City,AR,71630,,"124,000 bus up."
Archer Daniels Midland Co.,Grain,2730 Dixie Flyer Rd.,Evansville,IN,47712,,"1,822,232 bus up."
Landus Cooperative,Grain,2751 Perkins Ave.,Sac City,IA,50583,,"704,000 bus up; 748,000 bus fl."
"Ag Processing, Inc.",Specialty Mills,"2753 Port Neal Circle, P.O. Box 200",Sergeant Bluff,IA,51054,,
Adm Benson Quinn,Grain,2764 Hwy. 200A,Hensler,ND,58530,,"1,790,000 bus up."
Ardent Mills,Grain,2780 G Ave.,Ogden,UT,84401,,"2,253,000 bus up"
Ardent Mills,Flour mills,2780 G Ave.,Ogden,UT,84401,,"15,800 cwts"
Ardent Mills,Specialty Mills,2780 G Ave.,Ogden,UT,84401,,
Alliance Grain Co.,Grain,"27896 N. 3300 E. Rd., P.O. Box 118",Campus,IL,60920,,"1,866,000 bus up."
Bay State Milling Co.,Specialty Mills,279 Beaudin Blvd.,Bolingbrook,IL,60440,,715 cwts.
Bay State Milling Co.,Specialty Mills,279 Beaudin Blvd.,Bolingbrook,IL,60440,,715 cwts
Bay State Milling Co.,Specialty Mills,279 Beaudin Blvd.,Bolingbrook,IL,60440,,715 cwts
Bay State Milling Co.,Specialty Mills,279 Beaudin Blvd.,Bolingbrook,IL,60440,,715 cwts.
Bay State Milling Co.,Specialty Mills,279 Beaudin Blvd.,Bolingbrook,IL,60440,,715 cwts.
Bay State Milling Co.,Specialty Mills,279 Beaudin Blvd.,Bolingbrook,IL,60440,,
Bay State Milling Co.,Mix Plants,279 Beaudin Blvd.,Bolingbrook,IL,60440,,
"Producers Rice Mill, Inc.",Grain,2790 Old Hwy 63,Tyronza,AR,72386,,"1,720,000 bus up."
Archer Daniels Midland Co.,Grain,280 S. Calhoun St.,Morris,IL,60450,,"991,392 bus up."
Ardent Mills,Grain,2800 Blackbridge Rd.,York,PA,17402,,"380,000 bus up."
Ardent Mills,Flour mills,2800 Blackbridge Rd.,York,PA,17402,,"5,800 cwts."
Frontier Cooperative Co.,Grain,2800 Leighton Ave.,Lincoln,NE,68504,,"1,250,000 bus up; 300,000 bus fl"
"Ag Processing, Inc.",Specialty Mills,"2801 E. Seventh St., P.O. Box 49",Hastings,NE,68902,,
Cargill Aghorizons,Grain,2801 First Ave. S. Lethbridge,AB,,T1J 4P9,,"1,300,000 bus up"
"Scf Lewis & Clark Terminals, Llc",Grain,2801 Rock Rd.,Granite City,IL,62040,,"70,000 bus up."
Ardent Mills,Grain,2807 Burlington Ave.,Shelby,MT,59474,,"72,000 bus up."
"Windriver Grain, Llc",Grain,2810 E. U.S. Hwy. 50,Garden City,KS,67846,,"3,913,000 bus up"
Lifeline Foods,Grain,2811 S. 11th St.,St. Joseph,MO,64503,,"2,400,000 bus up."
Lifeline Foods,Flour mills,2811 S. 11th St. St.,Joseph,MO,64503,,
Lifeline Foods,Specialty Mills,2811 S. 11th St. St.,Joseph,MO,64503,,"60,000 bus"
Lifeline Foods,Specialty Mills,2811 S. 11th St. St.,Joseph,MO,64503,,"60,000 bus"
Lifeline Foods,Specialty Mills,2811 S. 11th St. St.,Joseph,MO,64503,,
Lifeline Foods,Specialty Mills,2811 S. 11th St. St.,Joseph,MO,64503,,
Ardent Mills,Flour mills,285 Harvest Lane,Pocono Summit,PA,18346,,"21,200 cwts"
Ardent Mills,Specialty Mills,285 Harvest Lane,Pocono Summit,PA,18346,,"2,400 cwts"
Archer Daniels Midland Co.,Grain,28605 12 Rd.,Montezuma,KS,67867,,"3,140,230 bus up; 2,050,000 bus fl."
Landus Cooperative,Grain,29 Beech St.,Boxholm,IA,50040,,"2,037,000 bus up."
Ardent Mills,Grain,2900 C St.,Omaha,NE,68107,,"2,000,000 bus up."
Ardent Mills (South Mill),Flour mills,2900 C St.,Omaha,NE,68107,,"8,150 cwts"
Ardent Mills,Specialty Mills,2900 C St.,Omaha,NE,68107,,1000 cwts.
Malt One,Grain,2901 Fifth St. N.E.,Minneapolis,MN,55418,,"4,100,000 bus up."
Archer Daniels Midland Co.,Grain,2906 S. CR 930 W.,Frankfort,IN,46041,,"2,925,108 bus up."
Miller Milling Co.,Grain,2908 S. Maple Ave.,Fresno,CA,93725,,"3,500,000 bus up."
Miller Milling Co.,Flour mills,2908 S. Maple Ave.,Fresno,CA,93725,,"9,500 cwts"
Miller Milling Co.,Specialty Mills,2908 S. Maple Ave.,Fresno,CA,93725,,"5,500 cwts."
Miller Milling Co.,Specialty Mills,2908 S. Maple Ave.,Fresno,CA,93725,,
"Columbia Grain International, Llc",Grain,291 Central Ferry Rd.,Pomeroy,WA,99347,,"2,000,000 bus up"
"General Mills, Inc.",Grain,"2917 Guinotte Ave., P.O. Box 33555",Kansas City,MO,64120,,"4,097,000 bus up."
"General Mills, Inc.",Flour mills,"2917 Guinotte Ave., P.O. Box 33555",Kansas City,MO,64120,,"27,000 cwts"
"General Mills, Inc.",Mix Plants,"2917 Guinotte Ave., P.O. Box 33555",Kansas City,MO,64120,,
"Farmers Grain Terminal, Inc.",Grain,295 Immigrant Rd.,Lake Village,AR,71653,,"1,465,000 bus up."
Mennel Grain – Morral,Grain,2970 Co Hwy. 74,Morral,OH,43337,,"2,281,000 bus up."
Agstate,Grain,"30 E. Main, P.O. Box 38",Albert City,IA,50510,,"8,046,000 bus up; 969,000 bus fl."
"New Cooperative, Inc.",Grain,300 Agricultural Ave.,Gruver,IA,51344,,"5,236,000 bus up"
Thresher Artisan Wheat —,Grain,300 E.,Hayden Pocatello,ID,83201,,
Ardent Mills,Flour mills,300 E.,Broadway Newton,KS,67114,,"8,000 cwts"
Ardent Mills,Specialty Mills,300 E.,Broadway Newton,KS,67114,,
Ardent Mills,Grain,300 E. Broadway,Newton,KS,67114,,"3,716,000 bus up."
Alliance Grain Co.,Grain,300 East St.,Anchor,IL,61702,,"2,290,000 bus up."
Archer Daniels Midland Co.,Grain,"300 Enterprise St., P.O. Box 138",Mound City,IL,62963,,"1,437,000 bus up."
"Cargill, Incorporated",Grain,"300 Levee Rd., P.O. Box 307",New Madrid,MO,63869,,"3,503,000 bus up."
"Perdue Agribusiness Grain, Llc",Grain,300 New St.,Seaford,DE,19973,,"1,200,000 bus up."
"Viterra Usa Grain, Llc",Grain,300 Osage St.,Creston,IA,50801,,"2,554,400 bus up; 5,061,600 bus fl."
Consolidated Grain & Barge Co.,Grain,300 S. Hancock Ave.,Freeport,IL,61032,,"1,244,000 bus up; 1,414,000 bus fl."
Consolidated Grain & Barge Co.,Grain,300 Three Rivers Parkway,North Bend,OH,45052,,"112,000 bus up."
"Cargill, Incorporated",Grain,300 Upper Wynnburg Lane,Tiptonville,TN,38079,,"385,000 bus up"
"Jackson Farmers, Inc.",Grain,"300 W. Broadway, P.O. Box 68",Lancaster,KS,66041,,"1,602,000 bus up"
Adm Corn Processing Division,Specialty Mills,3000 E. Eighth St.,Columbus,NE,68601,,
Hansen-Mueller Co.,Grain,3001 Cornhusker Hwy.,Lincoln,NE,68504,,"12,592,000 bus up"
"Pacific Northwest Farmers Cooperative, Inc.",Grain,"301 Almota Docks Rd., P.O. Box 151",Colfax,WA,99111,,"687,000 bus up"
"Central Ferry Terminal Association, Inc.",Grain,301 Central Ferry Rd.,Pomeroy,WA,99347,,"3,685,000 bus up"
Sunrise Cooperative,Grain,301 E. Ohio St.,Uniopolis,OH,45888,,"5,400,000 bus up."
"Cargill, Incorporated",Grain,301 Griggs,Morris,IL,60450,,"125,000 bus up."
"Columbia Grain International, Llc",Grain,301 Kilowatt Dr.,Minto,ND,58261,,"700,000 bus up"
"Attebury Grain, Inc. (Claude)",Grain,301 N.,Richmond Claude,TX,79019,,"4,165,000 bus up; 1,560,000 bus fl"
"Premier Cooperative, Inc.",Grain,301 S.,David Sidney,IL,61877,,"4,250,000 bus up; 1,129,300 bus fl."
The Mennel Milling Co. Of Michigan,Flour mills,301 S. Mill St.,Dowagiac,MI,49047,,"5,500 cwts"
The Mennel Milling Co. Of Michigan,Specialty Mills,301 S. Mill St.,Dowagiac,MI,49047,,
"Riviana Foods, Inc.",Specialty Mills,301 Tower St. N.W.,Clearbrook,MN,56634,,
"Riviana Foods, Inc.",Grain,"301 Tower St. N.W., P.O. Box 290",Clearbrook,MN,56634,,"100,000 bus up"
Central Valley Ag,Grain,"301 Water St., P.O. Box 227",St. Edward,NE,68660,,"1,670,000 bus up"
"Viterra Usa Grain, Llc",Grain,302 E. Pacific,Lexington,NE,68850,,"1,120,000 bus up"
Miller Milling Co.,Grain,302 Park Center Dr.,Winchester,VA,22603,,"1,650,000 bus up"
Miller Milling Co.,Flour mills,302 Park Center Dr.,Winchester,VA,22603,,"26,500 cwts"
Miller Milling Co.,Specialty Mills,302 Park Center Dr.,Winchester,VA,22603,,"13,000 cwts."
Landus Cooperative,Grain,"302 Sand St., P.O. Box 248",Churdan,IA,50050,,"1,585,000 bus up."
"Riceland Foods, Inc.",Grain,302 US-65,McGehee,AR,71654,,"2,706,000 bus up."
Shawnee Milling Co.,Flour mills,"302 W. Oklahoma St., P.O. Box 1000",Okeene,OK,73763,,"4,000 cwts"
Shawnee Milling Co. (Okeene Milling Co.),Specialty Mills,"302 W. Oklahoma St., P.O. Box 1000",Okeene,OK,73763,,
Consolidated Grain & Barge Co.,Grain,303 Hwy. 73,Falls City,NE,68355,,"2,227,000 bus up"
"Viterra Usa Grain, Llc",Grain,303 N.W. Rd.,Shenandoah,IA,51601,,"1,480,000 bus up."
"The Andersons, Inc.",Grain,303 W. 19th St.,Kearney,NE,68845,,"350,000 bus up; 215,000 bus fl."
"New Cooperative, Inc.",Grain,30382 Filbert Ave.,Blencoe,IA,51523,,
Archer Daniels Midland Co.,Grain,"304 Grand Ave., P.O. Box 548",Plains,KS,67869,,"3,300,000 bus up; 574,000 bus fl."
Alliance Grain Co.,Grain,"305 E. Melvin St., P.O. Box 167",Bellflower,IL,61724,,"2,035,000 bus up."
Landus Cooperative,Grain,305 Ellen St.,Irwin,IA,51446,,"1,435,000 bus up"
"Viterra Usa Grain, Llc",Grain,305 Herbert Rd.,New Johnsonville,TN,37134,,"758,000 bus up"
"Cargill, Incorporated",Grain,"305 Herbert Rd., P.O. Box 388",New Johnsonville,TN,37134,,"1,485,000 bus up"
"Ray-Carroll County Grain Growers, Inc.",Grain,30537 CR 308,Carrollton,MO,64633,,"504,000 bus up."
Consolidated Grain & Barge Co.,Grain,306 E. 10th St.,Connersville,IN,47331,,"1,198,000 bus up."
"Michigan Agricultural Commodities, Inc.",Grain,"306 N. Caroline, P.O. Box 195",Middleton,MI,48856,,"5,300,000 bus up; 1,300,000 bus fl."
"Conrad Rice Mill, Inc.",Specialty Mills,307 Ann St,New Iberia,LA,70560,,
Ursa Farmers Coop,Grain,307 Elm St.,Canton,MO,63435,,"506,000 bus up; 4,300,000 bus fl."
"Producers Rice Mill, Inc.",Grain,307 Hwy. 49,McCrory,AR,72101,,"3,421,000 bus up."
"The Andersons, Inc.",Grain,3075 E. Lincoln Dr.,Idaho Falls,ID,83401,,"600,000 bus up; 1,200,000 bus fl."
Archer Daniels Midland Co.,Grain,308 E. Chestnut St.,Shelbina,MO,63468,,"200,000 bus up"
"The Andersons, Inc.",Grain,3082 Louisiana 562,Wisner,LA,71378,,"1,800,000 bus up; 4,300,000 bus fl."
Cortez Milling Co.,Flour mills,309 N.,Market Cortez,CO,81321,,"1,000 cwts"
"Cargill, Incorporated",Grain,309 N. Halstead,Hutchinson,KS,67501,,"8,863,000 bus up"
Adm Milling Co.,Grain,309 W. Madison Ave.,Arkansas City,KS,67005,,"1,381,000 bus up."
Adm Milling Co.,Flour mills,309 W. Madison Ave.,Arkansas City,KS,67005,,"9,000 cwts"
"Cargill, Incorporated",Grain,"309 W. Main St., P.O. Box 440",Circleville,OH,43113,,"2,082,000 bus up."
"Riceland Foods, Inc.",Grain,310 E 1st St,Tuckerman,AR,72473,,"2,697,000 bus up; 967,000 bus fl."
"Cargill, Incorporated",Grain,"310 S. Water St., P.O. Box 438",Havana,IL,62644,,"700,000 bus up."
"The Andersons, Inc.",Grain,310 W. Third St.,Oakley,MI,48649,,"5,043,000 bus up"
Mennel Grain – West Point,Grain,3100 Southern Ave.,West Point,VA,23181,,"2,630,000 bus up"
Archer Daniels Midland Co.,Grain,3100 Wharf Rd.,Galveston,TX,77550,,"3,223,000 bus up."
United Grain Corp.,Grain,31005 Launch Lane,Umatilla,OR,97882,,"2,600,000 bus up."
Consolidated Grain & Barge Co.,Grain,31051 E. 3200 N. Rd.,Dwight,IL,60420,,"2,274,000 bus up; 2,141,000 bus"
"Co-Alliance, Llp",Grain,311 W. Kelly Rd.,Frankfort,IN,46041,,"600,000 bus up; 400,000 bus fl."
Heartland Co-Op,Grain,3111 290th St.,Gilman,IA,50106,,"6,285,000 bus up; 1,800,000 bus fl."
Alliance Grain Co.,Grain,"312 W. Ohio, R.R. #1, Box 101K",Sibley,IL,61773,,"1,700,000 bus up. Svc: Dry"
"Cargill, Incorporated",Grain,"3126 174th Ave., P.O. Box 187",Hamburg,IA,51640,,"920,000 bus up."
"Cargill, Incorporated",Grain,"313 Main St., P.O. Box 36",Alberta,MN,56207,,"3,430,000 bus up."
"The Andersons, Inc.",Grain,313 Railroad St.,Riverdale,NE,68870,,"3,205,000 bus up"
"The Andersons, Inc.",Grain,313 S. Anne St.,Reading,MI,49274,,"4,033,000 bus up; 480,000 bus fl."
Landus Cooperative,Grain,314 N. Main St.,Rake,IA,50465,,"2,569,000 bus up; 1,824,000 bus fl."
Kerry,Mix Plants,"3141 W. North Ave., #1108",Melrose Park,IL,60160,,
Howlett Farms,Grain,3142 Bronson Hill Rd.,Livonia,NY,14487,,"703,000 bus up."
Prairie Central Co-Op,Grain,31469N 2550 E. Rd.,Chenoa,IL,61726,,"4,390,000 bus up."
"Grain Millers, Inc.",Specialty Mills,315 Madison St.,Eugene,OR,97402,,
"Grain Millers, Inc.",Specialty Mills,315 Madison St.,Eugene,OR,97402,,
"Grain Millers, Inc.",Specialty Mills,315 Madison St.,Eugene,OR,97402,,
"Grain Millers, Inc.",Specialty Mills,315 Madison St.,Eugene,OR,97402,,
"Grain Millers, Inc. (West Coast Operations)",Specialty Mills,315 Madison St.,Eugene,OR,97402,,
"Grain Millers, Inc. (West Coast Operations)",Specialty Mills,315 Madison St.,Eugene,OR,97402,,
"Grain Millers, Inc.",Mix Plants,315 Madison St.,Eugene,OR,97402,,
"The Andersons, Inc.",Grain,315 N. Auburn,Auburn,MI,48611,,"1,983,000 bus up; 700,000 bus fl."
Siemer Milling Co.,Grain,315 Quintin Court,Hopkinsville,KY,42240,,"4,170,000 bus up"
Siemer Milling Co.,Flour mills,315 Quintin Court,Hopkinsville,KY,42240,,"20,500 cwts"
Consolidated Grain & Barge Co.,Grain,3150 Rinaldo Rd.,Owensboro,KY,42301,,"792,000 bus up."
"Producers Rice Mill, Inc.",Grain,3156 AR-276,DeWitt,AR,72042,,"3,114,000 bus up."
Mgi Grain,Grain,316 Fifth Ave. N.E.,East Grand Forks,MN,56721,,
Mgi Grain,Specialty Mills,316 Fifth Ave. N.E.,East Grand Forks,MN,56721,,"2,400 cwts"
Mgi Grain,Specialty Mills,316 Fifth Ave. N.E.,East Grand Forks,MN,56721,,
Mgi Grain,Specialty Mills,316 Fifth Ave. N.E.,East Grand Forks,MN,56721,,"500,000 cwts."
"Chs, Inc.",Grain,316 W Emma St,Rockford,WA,99030,,"1,800,000 bus up"
Consolidated Grain & Barge Co.,Grain,3164 Southside Ave.,Cincinnati,OH,45204,,"1,795,000 bus up."
Consolidated Grain & Barge Co.,Grain,"3164 Southside, P.O. Box 145525",Cincinnati,OH,45204,,"1,602,000 bus up."
"Ray-Carroll County Grain Growers, Inc.",Grain,317 Centre St.,Sumner,MO,64681,,"543,000 bus up."
Frontier Cooperative Co.,Grain,3176 K Rd.,Syracuse,NE,68446,,"1,840,000 bus up"
"Cargill, Incorporated",Grain,3185 Old Indiana 122,Boston,IN,47324,,"499,000 bus up; 400,000 bus fl."
Morrison Milling Co.,Grain,"319 E. Prairie St., P.O. Box 719",Denton,TX,76202,,"850,000 bus up."
"The Morrison Milling Co., Llc",Flour mills,"319 E. Prairie, P.O. Box 719",Denton,TX,76201,,"5,000 cwts."
"The Morrison Milling Co., Llc",Specialty Mills,"319 E. Prairie, P.O. Box 719",Denton,TX,76201,,"1,200 bus"
"The Morrison Milling Co., Llc",Mix Plants,"319 E. Prairie, P.O. Box 719",Denton,TX,76201,,
The Mennel Milling Co.,Flour mills,320 Findlay St.,Fostoria,OH,44830,,"28,000 cwts"
The Mennel Milling Co.,Specialty Mills,320 Findlay St.,Fostoria,OH,44830,,
The Mennel Milling Co.,Specialty Mills,320 Findlay St.,Fostoria,OH,44830,,
Consolidated Grain & Barge Co.,Grain,"320 Turner St., P.O. Box 90",Uniontown,KY,42461,,"2,541,000 bus up."
"Cargill, Incorporated",Specialty Mills,3201 Needmore Rd.,Dayton,OH,45414,,
Bakemark,Mix Plants,3202 Ninth St. S.E. Calgary,AB,,T2G 3C3,,
"Bunge Milling, Inc.",Grain,321 E. North St.,Danville,IL,61834,,"11,965,000 bus up."
Bunge Milling,Specialty Mills,321 E. North St.,Danville,IL,61834,,
"Cargill, Incorporated",Grain,"321 W. First Rd., P.O. Box 378",LaPaz,IN,46537,,"801,000 bus up."
"Farmers Rice Milling Co., Inc.",Specialty Mills,3211 Hwy. 397 S.,Lake Charles,LA,70615,,"8,000,000 cwts."
The Scoular Company,Grain,3220 Rd. 107,Sidney,NE,69162,,"3,870,000 bus up"
Frontier Cooperative Co.,Grain,3221 35th Rd.,Silver Creek,NE,68663,,"2,437,000 bus up"
Consolidated Grain & Barge Co.,Grain,32211 102nd St.,Hull,IL,62343,,"2,935,000 bus up."
Adm Milling Co.,Flour mills,323 Meridian St.,Carthage,MO,64836,,"8,500 cwts"
Adm Milling Co.,Grain,"323 Meridian St., P.O. Box 427",Carthage,MO,64836,,"850,000 bus up."
Sullivan Grain Co.,Grain,323 N. Hollaway St.,Sullivan,IN,47882,,"2,220,899 bus up"
Landus Cooperativ,Grain,3231 358th St.,Ulmer,IA,51450,,"909,000 bus up"
"Viterra Usa Grain, Llc",Grain,3237 E. State Rd. 236,Roachdale,IN,46172,,"2,102,000 bus up; 1,079,000 bus fl"
"Bartlett Grain Company, Lp",Grain,"324 Riverfront Rd., P.O. Box 378",Atchison,KS,66002,,"4,838,000 bus up."
Agtegra Cooperative,Grain,32450 U.S. Hwy. 12,Bowdle,SD,57428,,"6,900,000 bus up."
Shakopee River Terminal,Grain,3251 E. Hwy. 101,Shakopee,MN,55377,,"3,370,000 bus up."
Prairie Central Co-Op,Grain,32546 N. 2100 E.,Dwight,IL,60420,,"2,216,000 bus up."
Landus Cooperative,Grain,"326 Railway, P.O. Box 66",Templeton,IA,51463,,"2,868,000 bus up; 926,000 bus fl."
Landus Cooperative,Grain,3265 Durant Ave.,Yetter,IA,51433,,"2,657,000 bus up; 506,000 bus fl."
"Viterra Usa Grain, Llc",Grain,3274 Carrollton Rd.,Carrollton,MI,48724,,"3,153,000 bus up"
"Columbia Grain International, Llc",Grain,"329 Wardwell St., Box 7",Arvilla,ND,58214,,"2,392,000 bus up"
"Farmers Grain Terminal, Inc.",Grain,330 Farmers Grain Rd.,Mound,LA,71282,,"3,125,000 bus up"
Tate & Lyle,Specialty Mills,3300 U.S. 52 S.,Lafayette,IN,47902,,
"Brill, Inc.",Mix Plants,3301 Montreal Industrial Way,Tucker,GA,30084,,
"Barilla America, Inc.",Specialty Mills,3311 E. Lincoln Way,Ames,IA,50010,,"12,000 cwts."
"Bartlett Grain Company, Lp",Grain,3311 N. Emporia,Wichita,KS,67219,,"12,080,000 bus up"
"Bruce Oakley, Inc.",Grain,332 Hwy. 212 E.,Dumas,AR,71639,,"4,400,000 bus up."
"Snavely'S Mill, Inc.",Flour mills,333 Snavely Mill Rd.,Lititz,PA,17543,,"10,000 cwts"
"Snavely’S Mill, Inc.",Specialty Mills,333 Snavely Mill Rd.,Lititz,PA,17543,,"1,500 cwts"
"Hopkinsville Elevator Co., Inc.",Grain,333 Watermelon Rd.,Russellville,KY,42276,,"1,444,000 bus up"
"Columbia Grain International, Llc",Grain,"3334 Rural Old 10, P.O. Box 696",Valley City,ND,58072,,"5,543,000 bus up"
Archer Daniels Midland Co.,Grain,3338 Louisiana Hwy. 44,Paulina,LA,70763,,"2,480,000 bus up."
The Scoular Company,Grain,3339 E. Country Club Rd.,Salina,KS,67401,,"10,600,000 bus up."
"Riceland Foods, Inc.",Grain,3342 AR-90,Delaplaine,AR,72425,,"782,000 bus up."
"Michigan Agricultural Commodities, Inc.",Grain,"3346 Main St., P.O. Box 248",Marlette,MI,48453,,"4,500,000 bus up; 950,000 bus fl."
Alliance Grain Co.,Grain,33573 E. 1300 N. Rd.,Chatsworth,IL,60921,,"1,983,000 bus up."
"A. Fiorillo Co., Inc.",Mix Plants,336 Clark St,Milldale,CT,6467,,
"Columbia Grain International, Llc",Grain,3365 Whitlash Rd.,Chester,MT,59522,,"1,082,000 bus up."
"Cargill, Incorporated",Grain,337 Grain Terminal Rd.,Burbank,WA,99323,,"1,000,000 bus up"
Pride Ag Resources,Grain,33760 E. U.S. Hwy. 156,Kalvesta,KS,67856,,"1,239,000 bus up"
Snavely'S Mill,Flour mills,338 N. Railroad St.,Palmyra,PA,17078,,"3,000 cwts."
"The Andersons, Inc.",Grain,3389 W. County Rd. 300 S.,Logansport,IN,46947,,"4,500,000 bus up"
Quaker Foods North America,Specialty Mills,34 Hunter St. E.,Peterborough,ON,K9J 7B2,,"4,000 cwts"
"Producers Rice Mill, Inc.",Grain,340 S Main St,Eudora,AR,71640,,"961,000 bus up."
Hansen-Mueller Co.,Grain,340 S.W. Blvd.,Kansas City,KS,66103,,"4,545,000 bus up"
"Cargill, Incorporated",Grain,340 Southwest Blvd.,Kansas City,KS,66103,,"4,332,000 bus up"
Giusto'S Specialty Foods & Flour Mills,Flour mills,344 Littlefield Ave.,South San Francisco,CA,94080,,"2,000 cwts"
Giusto’S Specialty Foods & Flour Mills,Specialty Mills,344 Littlefield Ave.,South San Francisco,CA,94080,,
Giusto’S Specialty Foods & Flour Mills,Specialty Mills,344 Littlefield Ave.,South San Francisco,CA,94080,,
Giusto’S Specialty Foods & Flour Mills,Specialty Mills,344 Littlefield Ave.,South San Francisco,CA,94080,,
Giusto’S Specialty Foods & Flour Mills,Specialty Mills,344 Littlefield Ave.,South San Francisco,CA,94080,,
Landus Cooperative,Grain,"345 S.W. Second, P.O. Box 400",Earlham,IA,50072,,"1,237,000 bus up; 2,311,000 bus fl."
"Far West Rice, Inc.",Specialty Mills,3455 Nelson Rd.,Nelson,CA,95958,,"1,000,000 cwts."
The Scoular Company,Grain,346 E. Orchard Park Rd.,Dexter,NM,88230,,"900,000 bus up."
"Columbia Grain International, Llc",Grain,3469 80th Ave.,Jamestown,ND,58401,,"5,951,000 bus up."
Grain Craft,Grain,347 Industrial Rd.,Barnesville,GA,30204,,"1,450,000 bus up."
Grain Craft,Flour mills,"347 Industrial Rd., P.O. Box 160",Barnesville,GA,30204,,"16,000 cwts"
Tyson Foods Local Grain Services,Grain,347 S. Main St.,Dyer,TN,38330,,"2,500,000 bus up"
Ardent Mills,Grain,35 Nemco Way,Ayer,MA,1432,,"1,286,000 bus up."
Ardent Mills,Flour mills,35 Nemco Way,Ayer,MA,1432,,"15,000 cwts."
Star Of The West Milling Co.,Grain,35 S. Main St.,Churchville,NY,14428,,"995,000 bus up."
Star Of The West Milling Co.,Flour mills,35 S. Main St.,Churchville,NY,14428,,"5,600 cwts"
Frontier Cooperative Co.,Grain,"351 Cottonwood St., P.O. Box 69",North Bend,NE,68649,,"590,000 bus up; 1,500,000 bus fl."
Pgp International,Specialty Mills,"351 Hanson Way, P.O. Box 2060",Woodland,CA,95776,,
Pgp International,Specialty Mills,"351 Hanson Way, P.O. Box 2060",Woodland,CA,95776,,"14,000 cwts."
Pgp International,Mix Plants,"351 Hanson Way, P.O. Box 2060",Woodland,CA,95776,,
Consolidated Grain & Barge Co.,Grain,351 Hwy. 3264,Jonesville,LA,71343,,"1,530,000 bus up."
Star Of The West Milling Co.,Grain,"3510 State Rte. 103 E., P.O. Box 438",Willard,OH,44890,,"1,200,000 bus up."
Star Of The West Milling Co.,Flour mills,"3510 State Rte. 103 E., P.O. Box 438",Willard,OH,44890,,"10,000 cwts"
"Viterra Usa Grain, Llc",Grain,"354 N. Cleburn, P.O. Box 687",Grand Island,NE,68802,,"788,000 bus up"
"Cargill, Incorporated",Grain,35419 State Hwy. 60,Heron Lake,MN,56137,,"2,058,000 bus up."
Archer Daniels Midland Co.,Grain,3551 County Rd. 89,Hebron,ND,58638,,"2,832,130 bus up"
"Co-Alliance, Llp",Grain,3551 W. County Rd. 800 S.,Union Mills,IN,46382,,"3,000,000 bus up; 750,000 bus"
"Central States Enterprises, Inc.",Grain,"356 Hartzell Rd., P.O. Box 323",New Haven,IN,46774,,"15,900,000 bus up."
Bay State Milling Co.,Grain,360 Hanson Way,Woodland,CA,95776,,
Bay State Milling Co.,Flour mills,360 Hanson Way,Woodland,CA,95776,,720 cwts
Bay State Milling Co.,Specialty Mills,360 Hanson Way,Woodland,CA,95776,,600 cwts.
Bay State Milling Co.,Specialty Mills,360 Hanson Way,Woodland,CA,95776,,720 cwts
Bay State Milling Co.,Specialty Mills,360 Hanson Way,Woodland,CA,95776,,960 cwts.
Bay State Milling Co.,Specialty Mills,360 Hanson Way,Woodland,CA,95776,,
Bay State Milling Co.,Specialty Mills,360 Hanson Way,Woodland,CA,95776,,720 cwts
Bay State Milling Co.,Specialty Mills,360 Hanson Way,Woodland,CA,95776,,"1,440 cwts"
Bay State Milling Co.,Specialty Mills,360 Hanson Way,Woodland,CA,95776,,"1,680 cwts."
Bay State Milling Co.,Specialty Mills,360 Hanson Way,Woodland,CA,95776,,960 cwts.
Bay State Milling Co.,Specialty Mills,360 Hanson Way,Woodland,CA,95776,,960 cwts.
Bay State Milling Co.,Specialty Mills,360 Hanson Way,Woodland,CA,95776,,"1,680 cwts."
Bay State Milling Co.,Mix Plants,360 Hanson Way,Woodland,CA,95776,,
"General Mills, Inc.",Grain,3600 Dight Ave. S.,Minneapolis,MN,55406,,"4,055,000 bus up."
Grain Craft,Flour mills,3601 First Ave. S.,Billings,MT,59101,,"6,400 cwts"
Grain Craft,Grain,"3601 First Ave. S., P.O. Box 30877",Billings,MT,59101,,"562,000 bus up."
Cooperative Elevator Co.,Grain,3615 S. Davis St.,Akron,MI,48701,,"2,500,000 bus up"
Assumption Co-Op Grain Co.,Grain,365 N. 2500 E. Rd.,Pana,IL,62557,,"4,428,000 bus up; 2,031,000 bus fl."
"Perdue Agribusiness Grain, Llc",Grain,37 Delaware Ave.,Hurlock,MD,21643,,"935,000 bus up."
"Bruce Oakley, Inc.",Grain,3700 Lincoln Ave.,North Little Rock,AR,72114,,"2,100,000 bus up."
"Busch Agricultural Resources, Inc.",Grain,3723 CR 905,Jonesboro,AR,72401,,
Adm Milling Co.,Grain,3745 Hiawatha Ave. S.,Minneapolis,MN,55406,,"800,000 bus up"
Adm Milling Co.,Flour mills,3745 Hiawatha Ave. S.,Minneapolis,MN,55406,,"10,000 cwts"
Ardent Mills,Grain,3750 Wynkoop,Denver,CO,80216,,"350,000 bus up."
"Brill, Inc.",Mix Plants,3765 Walden Ave.,Lancaster,NY,14086,,
Consolidated Grain & Barge Co.,Grain,"377 W. First St., P.O. Box 427",Dallas City,IL,62330,,"1,556,000 bus up."
Consolidated Grain & Barge Co.,Grain,379 Phillips 423,Elaine,AR,72333,,
"The Andersons, Inc.",Grain,"3822 State Rte. 120, P.O. Box G",Metamora,OH,43540,,"5,797,000 bus up."
"Perdue Agribusiness Grain, Llc",Grain,3827 Vincent Rd.,Linkwood,MD,21835,,"150,000 bus up."
"Columbia Grain & Ingredients, Inc.",Grain,3830 N.W. Brown Rd.,Lake City,FL,32055,,"560,000 bus up; 10,000 bus fl."
The Scoular Company,Grain,3830 NW Brown Rd.,Lake City,FL,32055,,"570,o00 bus up; 400,000 bus fl."
"The Andersons, Inc.",Grain,3854 N. Anderson Dr.,Delphi,IN,46923,,"2,500,000 bus up; 4,300,000 bus fl."
Consolidated Grain & Barge Co.,Grain,3854 N. Illinois 130,Olney,IL,62450,,"3,836,000 bus up."
Archer Daniels Midland Co.,Grain,38580 190th St.,Hitchcock,SD,57348,,"2,300,000 bus up"
"New Cooperative, Inc.",Grain,"390 E. Fifth St., P.O. Box 127",Garner,IA,50438,,
"Okomo Grain Co., Inc.",Grain,3905 W. 600 N.,Anderson,IN,46011,,"2,750,000 bus up; 6,650,000 bus fl"
Archer Daniels Midland Co.,Grain,391 E. Lewis St.,Niantic,IL,62551,,"4,200,000 bus up"
Ardent Mills,Grain,3939 Producers Dr.,Stockton,CA,95206,,"900,000 bus up."
Ardent Mills,Flour mills,3939 Producers Dr.,Stockton,CA,95206,,"15,000 cwts"
Ardent Mills,Specialty Mills,3939 Producers Dr.,Stockton,CA,95206,,
"Cargill, Incorporated",Grain,3940 N.W. Silverlake Rd.,Topeka,KS,66608,,
Adm Milling Co.,Grain,398 E. San Antonio St.,New Braunfels,TX,78130,,"300,000 bus up"
United Cooperative,Grain,399 Railroad St.,Rock Springs,WI,53961,,"4,441,000 bus up"
"Co-Alliance, Llp",Grain,399 S. State Rd. 49,Valparaiso,IN,46383,,"4,700,000 bus up"
Mennel Grain – Kingston,Grain,4 Railroad St.,Kingston,OH,45644,,"2,309,000 bus up."
"Bartlett Grain Company, Lp",Grain,400 29th Ave.,Council Bluffs,IA,51501,,"1,630,000 bus up."
"Bartlett Grain Company, Lp",Grain,400 29th Ave.,Council Bluffs,IA,51501,,"1,630,000 bus up"
"Louis Dreyfus Company, Llc",Grain,400 Cooper Sand Pit Rd.,West Memphis,AR,72301,,"780,000 bus up."
Alliance Grain Co.,Grain,400 E. Main,Cabery,IL,60919,,"1,288,000 bus up."
"Viterra Usa Grain, Llc",Grain,"400 N. Main St., P.O. Box 937",Superior,WI,54880,,"8,709,000 bus up"
Consolidated Grain & Barge Co.,Grain,400 N. Santa Fe,Shattuck,OK,73858,,"3,240,000 bus up."
Bay State Milling Co.,Grain,"400 Platte St., P.O. Box 1110",Platteville,CO,80651,,"528,000 bus up."
Bay State Milling Co.,Flour mills,"400 Platte St., P.O. Box 1110",Platteville,CO,80651,,"4,900 cwts"
Bay State Milling Co.,Specialty Mills,"400 Platte St., P.O. Box 1110",Platteville,CO,80651,,
Bay State Milling Co.,Specialty Mills,"400 Platte St., P.O. Box 1110",Platteville,CO,80651,,
Bay State Milling Co.,Specialty Mills,"400 Platte St., P.O. Box 1110",Platteville,CO,80651,,"3,500 cwts."
"Cargill, Incorporated",Grain,"400 Riverview Dr., P.O. Box 250",Ord,NE,68862,,"1,120,000 bus up."
"Temco, Llc",Grain,400 Toteff Rd.,Kalama,WA,98625,,"6,400,000 bus up"
Adm Corn Processing Division,Specialty Mills,400 W. Erie Rd.,Marshall,MN,56258,,
"Riviana Foods, Inc.",Specialty Mills,400 W. Main St.,Carlisle,AR,72024,,
Sunrise Cooperative,Grain,400 W. Walnut St.,Botkins,OH,45306,,"4,000,000 bus up."
Adm Milling Co.,Grain,4002 Bonnybrook Rd. S.E. Calgary,AB,,T2G 4M9,,"550,000 bus up"
Adm Milling Co.,Flour mills,4002 Bonnybrook Rd. S.E. Calgary,AB,,T2G 4M9,,"15,300 cwts"
Adm Milling Co.,Specialty Mills,4002 Bonnybrook Rd. S.E. Calgary,AB,,T2G 4M9,,
Adm Milling Co.,Specialty Mills,"4002 Bonnybrook Rd. S.E., Calgary",AB,,T2G 4M9,,400 cwts
Prairie Mill Products,Flour mills,"401 E. Fourth St., P.O. Box 97",Rochester,IN,46975,,
Prairie Mill Products,Specialty Mills,"401 E. Fourth St., P.O. Box 97",Rochester,IN,46975,,"12,000 bus."
Prairie Mill Products,Mix Plants,"401 E. Fourth St., P.O. Box 97",Rochester,IN,46975,,
Ardent Mills,Grain,401 E. Industrial Ave.,Saginaw,TX,76139,,"3,428,000 bus up"
Ardent Mills,Flour mills,401 E. Industrial Ave.,Saginaw,TX,76131,,"27,500 cwts."
"Cargill, Incorporated",Grain,401 River Rd.,Pittsfield,IL,62363,,"1,773,000 bus up."
Consolidated Grain & Barge Co.,Grain,401 S. Main,La Grange,MO,63448,,"960,000 bus up."
Dakotamb,Flour mills,4014 15th Ave. N.W.,Fargo,ND,58102,,"2,400 cwts"
Dakotamb,Specialty Mills,4014 15th Ave. N.W.,Fargo,ND,58102,,960 cwts
Dakotamb,Specialty Mills,4014 15th Ave. N.W.,Fargo,ND,58102,,
Dakotamb,Specialty Mills,4014 15th Ave. N.W.,Fargo,ND,58102,,960 cwts
Dakotamb,Specialty Mills,4014 15th Ave. N.W.,Fargo,ND,58102,,"2,400 cwts"
Dakotamb,Specialty Mills,4014 15th Ave. N.W.,Fargo,ND,58102,,"2,400 cwts"
Dakotamb,Specialty Mills,4014 15th Ave. N.W.,Fargo,ND,58102,,960 cwts.
Dakotamb,Specialty Mills,4014 15th Ave. N.W.,Fargo,ND,58102,,"2,400 cwts."
Dakotamb,Mix Plants,4014 15th Ave. N.W.,Fargo,ND,58102,,
"Mfa, Inc.",Grain,402 10th St.,Glasgow,MO,65254,,"4,137,000 bus up."
Consolidated Grain & Barge Co.,Grain,402 E. Coffeen St.,Homer,IL,61849,,"6,814,000 bus up."
Farmers Cooperative,Grain,403 S.,Third Beatrice,NE,68310,,"3,940,000 bus up"
Bay State Milling Co.,Grain,404 Getty Ave.,Clifton,NJ,7011,,"500,000 bus up"
Bay State Milling Co.,Flour mills,404 Getty Ave.,Clifton,NJ,7011,,"13,500 cwts"
"Ray-Carroll County Grain Growers, Inc.",Grain,4040 Duncan Ave. St.,Louis,MO,63110,,"2,494,000 bus up."
Ingredion,Specialty Mills,4040 James St.,Cardinal,ON,K0E 1E0,,
"Columbia Grain International, Llc",Grain,405 Fifth St. E.,Gildford,MT,57525,,"350,000 bus up"
Landus Cooperative,Grain,406 First St.,Ralston,IA,51459,,
Archer Daniels Midland Co.,Grain,"406 Rte. 37, P.O. Box 182",Edgewood,IL,62426,,"853,000 bus up"
"Cargill, Incorporated",Grain,408 1st St,New Boston,IL,61272,,"137,000 bus up."
"Aurora Mills & Farm, Llc",Flour mills,408 Burton Rd.,Linneus,ME,4730,,60 cwts.
"Aurora Mills & Farm, Llc",Specialty Mills,408 Burton Rd.,Linneus,ME,4730,,
"Aurora Mills & Farm, Llc",Specialty Mills,408 Burton Rd.,Linneus,ME,4730,,
"Aurora Mills & Farm, Llc",Specialty Mills,408 Burton Rd.,Linneus,ME,4730,,
"Aurora Mills & Farm, Llc",Specialty Mills,408 Burton Rd.,Linneus,ME,4730,,
"Southern Rice & Cotton, Llc",Grain,408 Cole St,Harrisburg,AR,72432,,"2,600,000 bus up."
Ardent Mills,Grain,408 E. Magnolia St.,Sherman,TX,75090,,"650,000 bus up"
Ardent Mills,Flour mills,408 E. Magnolia St.,Sherman,TX,75090,,"8,500 cwts"
"Bartlett Grain Company, Lp",Grain,"408 Washington, P.O. Box 157",Hamburg,IA,51640,,"2,358,000 bus up."
Agwrx Cooperative,Grain,409 E. Fourth St.,Webster,SD,57274,,"1,500,000 bus up"
"Chs, Inc.",Grain,"41 Dock St., P.O. Box 518",Superior,WI,54880,,"18,537,000 bus up"
Frontier Cooperative Co.,Grain,"410 E. Third, P.O. Box 154",Mead,NE,68041,,"4,450,000 bus up; 2,200,000 bus fl."
"Cargill, Incorporated",Grain,"410 W. Malone, P.O. Box 340",Sikeston,MO,63801,,"1,753,000 bus up"
"The Andersons, Inc.",Grain,4114 N. 1600 E.,Buhl,ID,83316,,"185,000 bus up; 560,000 bus fl."
"Riceland Foods, Inc.",Grain,413 N.E. Second St.,Bradford,AR,72020,,"418,000 bus up."
Mennel Bakery Mix & Foodservice,Mix Plants,4136 Martel Rd.,Caledonia,OH,43314,,
"Attebury Grain, Inc.",Grain,"415 E. 11th St., P.O. Box 770",Plainview,TX,79073,,"7,086 bus up"
The Mennel Milling Co. Of Illinois,Flour mills,"415 E. Main, P.O. Box 255 Mount",Olive,IL,62069,,"2,400 cwts"
The Mennel Milling Co. Of Illinois,Specialty Mills,"415 E. Main, P.O. Box 255 Mount",Olive,IL,62069,,
Grain Craft,Flour mills,416 N.,Main McPherson,KS,67460,,"7,200 cwts"
Grain Craft,Grain,416 N. Main,McPherson,KS,67460,,"370,000 bus up."
"Cargill, Incorporated",Grain,"416 S. Front St., P.O. Box 1056",LaCrosse,WI,54602,,"155,000 bus up"
Archer Daniels Midland Co.,Grain,"417 E. Water St., P.O. Box 110",Sullivan,IL,61951,,"1,918,000 bus up."
"The Andersons, Inc.",Grain,417 S. Meridian Rd.,Hudson,MI,49247,,"617,000 bus up."
Nature'S Legacy,Flour mills,417 S. Meridian Rd.,Hudson,MI,49247,,480 cwts
Nature'S Legacy,Specialty Mills,417 S. Meridian Rd.,Hudson,MI,49247,,
Nature’S Legacy,Specialty Mills,417 S. Meridian Rd.,Hudson,MI,49247,,
Nature’S Legacy,Specialty Mills,417 S. Meridian Rd.,Hudson,MI,49247,,
Nature’S Legacy (Purity Foods),Specialty Mills,417 S. Meridian Rd.,Hudson,MI,49247,,240 cwts.
Nature’S Legacy,Specialty Mills,417 S. Meridian Rd.,Hudson,MI,49247,,"50,000 cwts."
Nature'S Legacy,Mix Plants,417 S. Meridian Rd.,Hudson,MI,49247,,
Pepsico,Specialty Mills,418 Second St. N.E.,Cedar Rapids,IA,52401,,"20,000 bus."
Pepsico,Specialty Mills,418 Second St. N.E.,Cedar Rapids,IA,52401,,"1,000 cwts"
Pepsico,Specialty Mills,418 Second St. N.E.,Cedar Rapids,IA,52401,,"20,000 cwts"
Pepsico,Grain,"418 Second St. N.E., P.O. Box 1848",Cedar Rapids,IA,52406,,"10,000,000 bus up"
"The Andersons, Inc.",Grain,"4198 S. Huron Rd., P.O. Box 185",Standish,MI,48658,,"3,337,000 bus up"
Ardent Mills,Flour mills,4200 Sullivan Ave.,Columbus,OH,43228,,"7,000 cwts"
Ardent Mills,Grain,4200 Sullivant Ave.,Columbus,OH,43228,,"1,387,000 bus up."
"Cargill, Incorporated",Grain,"4201 S. Rte. 238 N.E., P.O. Box A",Bloomingburg,OH,43106,,"3,386,000 bus up."
Bay State Milling Co.,Grain,421 S. 99th Ave.,Tolleson,AZ,85353,,"2,600,000 bus up."
Bay State Milling Co.,Flour mills,421 S. 99th Ave.,Tolleson,AZ,85353,,"18,800 cwts"
Bay State Milling Co.,Specialty Mills,421 S. 99th Ave.,Tolleson,AZ,85353,,"4,300 cwts."
Bay State Milling Co.,Specialty Mills,421 S. 99th Ave.,Tolleson,AZ,85353,,
Bay State Milling Co.,Specialty Mills,421 S. 99th Ave.,Tolleson,AZ,85353,,
"Bunge-Scf Grain, Llc",Grain,42231 County Hwy. 2,Griggsville,IL,62340,,"7,213,000 bus up; 3,332,000 bus fl."
Cooperative Elevator Co.,Grain,4245 Pigeon Rd.,Elkton,MI,48731,,"5,500,000 bus up."
Landus Cooperative,Grain,"425 Harrison St. N., P.O. Box 45",Thompson,IA,50478,,"912,000 bus up; 913,000 bus fl."
"Viterra Usa Grain, Llc",Grain,425 S.,Fairmount Saginaw,TX,76179,,"15,341,000 bus up"
Mennex,Flour mills,425 S. Union St.,Fostoria,OH,44830,,
Mennex (The Mennel Milling Co. - Bakery & Foodservice Division),Specialty Mills,425 S. Union St.,Fostoria,OH,44830,,
Archer Daniels Midland Co.,Grain,4260 Groves Rd.,Columbus,OH,43232,,"5,850,000 bus up."
"Kaapa Grain, Llc",Grain,4270 Turkey Creek Rd.,Elm Creek,NE,68836,,"1,356,000 bus up"
"Perdue Agribusiness Grain, Llc",Grain,429 W. Main St.,Belhaven,NC,27810,,"500,000 bus up."
Adm Milling Co.,Grain,"430 Central Ave., N.E.",Cleveland,TN,37311,,"113,000 bus up"
Adm Milling Co.,Flour mills,430 E. Central Ave. N.E.,Cleveland,TN,37311,,"6,000 cwts."
"Cargill, Incorporated",Grain,430 S. Front St.,East St. Louis,IL,62201,,"3,302,000 bus up."
"The Andersons, Inc.",Grain,430 W. Oakville Rd.,Oakville,IN,47367,,"4,349,000 bus up; 1,800,000 bus fl."
Cpi,Grain,430 W. Welsch St.,Red Cloud,NE,68970,,"2,400,000 bus up"
"General Mills, Inc.",Flour mills,4309 Fruitland Ave.,Vernon,CA,90058,,"12,500 cwts"
"General Mills, Inc.",Grain,"4309 Fruitland Ave., P.O. Box 58705",Los Angeles,CA,90058,,"778,000 bus up."
"Viterra Usa Grain, Llc",Grain,4330 Seaway Dr.,Saginaw,MI,76179,,"2,451,000 bus up"
"Chs, Inc.",Grain,434 E. Ravenna Rd.,Belle Chasse,LA,70037,,"6,568,000 bus up."
"Harvest Rice (Otwell), Inc.",Specialty Mills,434 Hwy. 158 W.,Weiner,AR,72479,,
Consolidated Grain & Barge Co.,Grain,4344 Everett Lake Rd.,Dyersburg,TN,38030,,"2,298,000 bus up"
"Dawn Food Products, Inc.",Mix Plants,4370 Harvester Rd.,Burlington,ON,L7L 4X2,,
Thresher Artisan Wheat — American Falls,Grain,440 N. Oregon Trail,American Falls,ID,83221,,"1,954,500 bus up; 1,497,500 bus fl."
"Western Foods, Llc",Flour mills,"440 N. Pioneer Ave., Suite 200",Woodland,CA,95776,,
"Western Foods, Llc",Specialty Mills,"440 N. Pioneer Ave., Suite 200",Woodland,CA,95776,,
"Western Foods, Llc",Specialty Mills,"440 N. Pioneer Ave., Suite 200",Woodland,CA,95776,,
"Western Foods, Llc",Specialty Mills,"440 N. Pioneer Ave., Suite 200",Woodland,CA,95776,,
"Western Foods, Llc",Specialty Mills,"440 N. Pioneer Ave., Suite 200",Woodland,CA,95776,,
"Western Foods, Llc",Specialty Mills,"440 N. Pioneer Ave., Suite 200",Woodland,CA,95776,,
"Western Foods, Llc",Specialty Mills,"440 N. Pioneer Ave., Suite 200",Woodland,CA,95776,,
"Western Foods, Llc",Specialty Mills,"440 N. Pioneer Ave., Suite 200",Woodland,CA,95776,,
"Western Foods, Llc",Mix Plants,"440 N. Pioneer Ave., Suite 200",Woodland,CA,95776,,
"The Andersons, Inc.",Grain,441 Kuhlman Dr.,Toledo,OH,43609,,"7,232,000 bus up."
Archer Daniels Midland Co.,Grain,"4410 W. Military Ave., P.O. Box 434",Fremont,NE,68025,,"4,300,000 bus up."
Rogers Foods Ltd.,Flour mills,4420 Larkin Cross Rd.,Armstrong,BC,V0E 1B6,,"3,500 cwts"
Rogers Foods Ltd.,Specialty Mills,4420 Larkin Cross Rd.,Armstrong,BC,V0E 1B6,,
Rogers Foods Ltd.,Specialty Mills,4420 Larkin Cross Rd.,Armstrong,BC,V0E 1B6,,
Rogers Foods Ltd. (Armstrong),Specialty Mills,4420 Larkin Cross Rd.,Armstrong,BC,V0E 1B6,,
Rogers Foods Ltd.,Mix Plants,4420 Larkin Cross Rd.,Armstrong,BC,V0E 1B6,,
"Bruce Oakley, Inc.",Grain,4435 S. Arkansas Ave.,Russellville,AR,72802,,"500,000 bus up."
Rogers Foods Ltd.,Flour mills,44360 Simpson Rd.,Chilliwack,BC,V2R 4B7,,"9,500 cwts"
Rogers Foods Ltd. (Chilliwack),Specialty Mills,44360 Simpson Rd.,Chilliwack,BC,V2R 4B7,,
Archer Daniels Midland Co.,Grain,445 Phillips 400 Rd.,Helena,AR,72342,,"4,550,000 bus up."
"Farmers Grain Terminal, Inc.",Grain,"445 Port Terminal Rd., P.O. Box 669",Rosedale,MS,38769,,"1,924,000 bus up; 2,000,000 bus fl."
"Columbia Grain International, Llc",Grain,4458 Hwy. 16 S.,Plentywood,MT,59254,,"2,136,000 bus up"
"Columbia Grain International, Llc",Grain,4458 Hwy. 16 S.,Plentywood,MT,59254,,"1,641,000 bus up"
"Co-Alliance, Llp",Grain,4463 E. Hwy. 24,Goodland,IN,47948,,"2,400,000 bus up; 2,800,000 bus fl"
Sunnyland Mills,Specialty Mills,4469 E. Annadale Ave.,Fresno,CA,93725,,
Sunnyland Mills,Specialty Mills,4469 E. Annadale Ave.,Fresno,CA,93725,,600 cwts.
Bay State Milling Co.,Grain,"448 N. Main St., P.O. Box 358",Mooresville,NC,28115,,"800,000 bus up."
Bay State Milling Co.,Flour mills,"448 N. Main St., P.O. Box 358",Mooresville,NC,28115,,"10,000 cwts"
Bay State Milling Co.,Specialty Mills,"448 N. Main St., P.O. Box 358",Mooresville,NC,28115,,
P&H Milling Group,Flour mills,45 Church St. W.,Acton,ON,L7J 1K1,,"8,000 cwts"
Archer Daniels Midland Co.,Grain,450 Maple St.,Weldon,IL,61882,,"1,491,803 bus up."
"Dawn Food Products, Inc.",Specialty Mills,4500 Lipan St.,Denver,CO,80211,,
"Dawn Food Products, Inc.",Mix Plants,4500 Lipan St.,Denver,CO,80211,,
Ingredion,Specialty Mills,4501 Overdale Rd.,Winston-Salem,NC,27107,,
Consolidated Grain & Barge Co.,Grain,4510 S. Avalon Dr.,West Memphis,AR,72301,,"599,000 bus up."
"The Andersons, Inc.",Grain,454 Port Elevator Rd.,Tallulah,LA,71282,,"545,000 bus up; 2,100,000 bus fl."
Ardent Mills,Grain,4545 E. 64th Ave.,Commerce City,CO,80022,,"2,000,000 bus up."
Ardent Mills,Flour mills,4545 E. 64th Ave.,Commerce City,CO,80022,,"18,500 cwts"
Ardent Mills,Specialty Mills,4545 E. 64th Ave.,Commerce City,CO,80022,,
Ardent Mills,Specialty Mills,4545 E. 64th Ave.,Commerce City,CO,80022,,"1,800 cwts."
Agri-Way Partners,Grain,458 Hwy. 1 and 92 N.,Washington,IA,52353,,"400,000 bus up"
"Louis Dreyfus Company, Llc",Grain,46 Cargill Elevator Rd.,Cahokia,IL,62206,,"640,000 bus up."
"Commerce City Grain, Llc",Grain,4600 E. 64th Ave.,Commerce City,CO,80022,,"3,100,000 bus up."
Cooperative Elevator Co.,Grain,4600 Ruth Rd.,Ruth,MI,48470,,"3,000,000 bus up"
Cargill Aghorizons,Grain,4615 15th St. S.E. Calgary,AB,,T2G 3M9,,"2,500,000 bus up"
Grain Craft,Grain,463 W. Hwy. 26,Blackfoot,ID,83221,,"1,550,000 bus up."
Grain Craft,Flour mills,463 W. Hwy. 26,Blackfoot,ID,83221,,"16,500 cwts"
Thresher Artisan Wheat — Blackfoot,Grain,467 W. Hwy. 26,Blackfoot,ID,83221,,"2,200,500 bus up; 1,251,500 bus fl."
"Northwest Grain Growers, Inc.",Grain,46729 Mission Rd.,Pendelton,OR,97801,,"1,552,000 bus up."
"Cargill, Incorporated",Grain,"46750 - 70th Rd., P.O. Box 310",Gibbon,NE,68840,,"5,755,000 bus up."
"The Andersons, Inc.",Grain,4678 S. 1100 W.,Dunkirk,IN,47336,,"6,132,000 bus up; 2,100,000 bus fl."
Northern Country Coop,Grain,"4701 Hickory Ave., P.O. Box 156",Toeterville,IA,50481,,"1,657,000 bus up"
Western Consolidated Cooperative,Grain,47229 US Hwy. 12,Twin Brooks,SD,57269,,"8,300,000 bus up"
Consolidated Grain & Barge Co.,Grain,4743 Country Rd. 28,Waterloo,IN,46793,,"4,292,000 bus up"
"Bunge North America, Llc",Grain,480 E. Gings Rd.,Rushville,IN,46173,,"1,162,000 bus up; 1,150,000 bus fl"
"Cargill, Incorporated",Grain,4801 N.E. Birmingham Rd.,Kansas City,MO,64117,,"927,000 bus up."
"Panhandle Milling, Llc",Flour mills,4805 Farm Rd. 809,Dawn,TX,79025,,"5,000 cwts."
"Panhandle Milling, Llc",Specialty Mills,4805 Farm Rd. 809,Dawn,TX,79025,,
"Panhandle Milling, Llc",Specialty Mills,4805 Farm Rd. 809,Dawn,TX,79025,,
"Panhandle Milling, Llc",Specialty Mills,4805 Farm Rd. 809,Dawn,TX,79025,,
"Panhandle Milling, Llc (Phm Brands Co.)",Specialty Mills,4805 Farm Rd. 809,Dawn,TX,79025,,
"Ag Processing, Inc.",Specialty Mills,4815 8th Ave. N.E.,Aberdeen,SD,57401,,
Azteca Milling Amarillo,Specialty Mills,"4819 FM 809, P.O. Box 56",Dawn (Amarillo),TX,79025,,
Consolidated Grain & Barge Co.,Grain,485 Beroid St.,Jennings,LA,70546,,"1,702,000 bus up."
"The Andersons, Inc.",Grain,"485 S. Hemlock Rd., P.O. Box 499",Hemlock,MI,48626,,"4,687,000 bus up; 300,000 bus fl."
"Louis Dreyfus Company, Llc",Grain,489 David Works Dr.,Rosedale,MS,38769,,"2,225,000 bus up."
"Hopkinsville Elevator Co., Inc.",Grain,4895 Pembroke Rd,Hopkinsville,KY,42240,,"10,518,000 bus up"
Archer Daniels Midland,Grain,492 WW Rd.,Copeland,KS,67837,,"1,300,000 bus up"
Taste Maker Foods,Flour mills,495 Vaiden Dr.,Hernando,MS,38632,,"2,000 cwts."
Taste Maker Foods,Mix Plants,495 Vaiden Dr.,Hernando,MS,38632,,
Buffalo Creek Mills,Specialty Mills,"5 Park Avenue, RM of Rhineland Industrial",Park Altona,MB,R0G0B0,,
"Cargill, Incorporated",Grain,"500 E. State Rd. 28, P.O. Box 337",Tipton,IN,46072,,"4,296,000 bus up"
"Viterra Usa Grain, Llc",Grain,500 First Terr.,Nebraska City,NE,68410,,"5,724,000 bus up; 1,417,000 bus fl."
Ardent Mills,Flour mills,500 North St. W.,Harvey,ND,58341,,
Ardent Mills,Specialty Mills,500 North St. W.,Harvey,ND,58341,,"1,440 cwts"
Ardent Mills,Specialty Mills,500 North St. W.,Harvey,ND,58341,,"1,440 cwts"
Ardent Mills,Specialty Mills,500 North St. W.,Harvey,ND,58341,,"1,440 cwts"
Ardent Mills,Specialty Mills,500 North St. W.,Harvey,ND,58341,,"1,440 cwts."
Ardent Mills,Specialty Mills,500 North St. W.,Harvey,ND,58341,,"1,440 cwts"
Ardent Mills,Mix Plants,500 North St. W.,Harvey,ND,58341,,
"Busch Agricultural Resources, Llc",Grain,500 Railroad Ave.,Sutton,ND,58484,,"2,183,000 bus up"
Farmers Cooperative,Grain,500 W. North St.,Hanover,KS,66945,,"4,963,320 bus up"
"Bartlett Milling Co., Lp",Flour mills,5000 Wilson's Mill Rd.,Wilson's Mills,NC,27593,,"20,000 cwts"
Richardson Milling Ltd.,Specialty Mills,5005 Dakota Ave.,South Sioux City,NE,68776,,"6,200 cwts"
"Perdue Agribusiness Grain, Llc",Grain,501 Barnes Rd.,Chesapeake,VA,23324,,"2,200,000 bus up"
Farmers Cooperative,Grain,501 E. Main St.,Plymouth,NE,68424,,"3,660,589 bus up"
"New Cooperative, Inc.",Grain,501 Lake St.,Blairsburg,IA,50034,,"1,667,000 bus up."
"Greenfield Holdings, Llc",Grain,501 Port R.,Lake Providence,LA,71254,,"520,000 bus up. Rec: Truck."
"Agspring, Llc",Grain,501 Port Rd.,Lake Providence,LA,71254,,"473,000 bus up"
"Wheeler Brothers Grain Co., Inc.",Grain,501 Russworm Dr,Watonga,OK,73772,,"1,960,000 bus up."
"Didion Milling, Inc.",Grain,"501 S. Williams St., P.O. Box 495",Cambria,WI,53923,,"4,200,000 bus up"
"Didion Milling, Inc.",Specialty Mills,"501 S. Williams St., P.O. Box 495",Cambria,WI,53923,,"14,000 bus"
"Didion Milling, Inc.",Specialty Mills,"501 S. Williams St., P.O. Box 495",Cambria,WI,53923,,"4,000 cwts."
Grain Craft,Flour mills,501 S.E.,Emigrant Pendleton,OR,97801,,"6,000 cwts"
Grain Craft,Specialty Mills,501 S.E. Emigrant,Pendleton,OR,97801,,
Azteca Milling,Specialty Mills,501 W. Chapin Rd.,Edinburg,TX,78541,,"9,000 bus"
"Cormier Rice Milling Co., Inc.",Specialty Mills,"501 W. Third St., P.O. Box 152",De Witt,AR,72042,,"3,200,000 cwts"
Adm Milling Co.,Grain,5020 Shreve Ave.,St. Louis,MO,63115,,"2,000,000 bus up."
Adm Milling Co.,Flour mills,5020 Shreve Ave. St.,Louis,MO,63115,,"17,500 cwts"
Archer Daniels Midland Co.,Grain,503 S. Auger St. Mount,Auburn,IL,62547,,"3,450,043 bus up; 412,957 bus fl"
"Viterra Usa Grain, Llc",Grain,"505 E. Seventh St., P.O. Box 1480",Dubuque,IA,52001,,"435,000 bus up."
Archer Daniels Midland Co.,Grain,505 N. Fourth,Leoti,KS,67861,,"2,775,000 bus up; 500,000 bus fl."
Bakemark,Mix Plants,5079 N. Blackstock Rd.,Spartanburg,SC,29303,,
Ardent Mills,Grain,508 E. 25th St. N.,Wichita,KS,67214,,"5,000,000 bus up."
"Northwest Grain Growers, Inc.",Grain,50878 Hwy. 334,Athena,OR,97813,,"2,760,000 bus up."
Alliance Grain Co.,Grain,509 S.,Washington Saybrook,IL,61770,,"308,000 bus up."
"Cargill, Incorporated",Grain,5092 26th St. S.E.,Gluek,MN,56260,,"1,139,000 bus up."
"Perdue Agribusiness Grain, Llc",Grain,51 Kentucky Hwy. 2110,Livermore,KY,42352,,"3,000,000 bus up"
"Viterra Usa Grain, Llc",Grain,510 E. Bedford,Dimmitt,TX,79027,,"9,741,000 bus up."
Landus Cooperative,Grain,510 N. Fourth Ave.,Dedham,IA,51440,,"1,511,000 bus up; 236,000 bus fl."
"New Cooperative, Inc.",Grain,511 Miller St.,Mallard,IA,50562,,"4,575,000 bus up; 1,000,000 bus fl."
"Greenfield Holdings, Llc",Grain,5125 Hwy. 17,Winnsboro,LA,71295,,"3,700,000 bus up."
"Flint Hills Grain, Llc",Grain,513 W. First,Abilene,KS,67410,,"8,558,000 bus up."
Consolidated Grain & Barge Co.,Grain,5130 Port Rd.,Jeffersonville,IN,47130,,"3,116,000 bus up"
"Cargill, Incorporated",Grain,5135 N.W. Hwy. 24,Topeka,KS,66608,,
Simplot Grower Solutions,Grain,514 N. Sharpe Ave.,Cleveland,MS,38732,,"520,000 bus up."
"The Andersons, Inc.",Grain,"515 Illinois Ave., P.O. Box 119",Maumee,OH,43537,,"17,039,000 bus up."
Landus Cooperative,Grain,515 Jefferson St,Plainfield,IA,50666,,"1,185,000 bus up."
"The Mennel Milling Co. Of Virginia, Inc.",Flour mills,5185 Benois Rd.,Roanoke,VA,24018,,"10,000 cwts."
"The Mennel Milling Co. Of Virginia, Inc.",Specialty Mills,5185 Benois Rd.,Roanoke,VA,24018,,
Western Consolidated Cooperative,Grain,520 County Rd.,Nine Holloway,MN,56249,,"8,600,000 bus up"
"Louis Dreyfus Company, Llc",Grain,520 Elevator Rd. Port,Allen,LA,70767,,"8,843,000 bus up."
Gilster Mary Lee Corp.,Mix Plants,520 Old St. Mary's Rd.,Perryville,MO,63775,,
"Western Foods, Llc",Flour mills,5215 Industrial Dr. S.,Pine Bluff,AR,71612,,
"Western Foods, Llc",Specialty Mills,5215 Industrial Dr. S.,Pine Bluff,AR,71612,,
"Western Foods, Llc",Specialty Mills,5215 Industrial Dr. S.,Pine Bluff,AR,71612,,
"Western Foods, Llc",Specialty Mills,5215 Industrial Dr. S.,Pine Bluff,AR,71612,,
"Western Foods, Llc",Specialty Mills,5215 Industrial Dr. S.,Pine Bluff,AR,71612,,
"Western Foods, Llc",Specialty Mills,5215 Industrial Dr. S.,Pine Bluff,AR,71612,,
"Western Foods, Llc",Specialty Mills,5215 Industrial Dr. S.,Pine Bluff,AR,71612,,
"Western Foods, Llc",Mix Plants,5215 Industrial Dr. S.,Pine Bluff,AR,71612,,
Archer Daniels Midland Co.,Grain,52551 State Hwy. 14,Fullerton,NE,68638,,"1,450,000 bus up."
The Scoular Company,Grain,529 E. Ave. T,Jerome,ID,83338,,"900,000 bus up; 1,000,000 bus"
Landus Cooperative,Grain,529 Third St.,Rockwell City,IA,50579,,"2,010,000 bus up."
Azteca Milling,Specialty Mills,5301 Industrial Park Dr.,Henderson,KY,42420,,
Lundberg Family Farms,Specialty Mills,"5311 Midway, P.O. Box 369",Richvale,CA,95974,,"10,000 cwts."
Lundberg Family Farms,Specialty Mills,"5311 Midway, P.O. Box 369",Richvale,CA,95974,,
Archer Daniels Midland Co.,Grain,5321 Mary Ingles Hwy,Silver Grove,KY,41085,,"393,000 bus up"
Northern Country Coop,Grain,"53872 270th St., P.O. Box 110",Lansing,MN,55950,,"2,640,000 bus up."
Archer Daniels Midland Co.,Grain,53915 Hwy. 32,Newman Grove,NE,68758,,"1,450,000 bus up."
"General Mills, Inc.",Grain,54 S. Michigan Ave.,Buffalo,NY,14203,,"4,616,000 bus up."
"General Mills, Inc.",Flour mills,54 S. Michigan Ave.,Buffalo,NY,14203,,"16,500 cwts"
Archer Daniels Midland Co.,Grain,54 Stephenson St.,German Valley,IL,61039,,"819,000 bus up."
Adm Milling Co.,Grain,540 South St.,Lincoln,NE,68502,,"3,000,000 bus up"
Adm Milling Co.,Flour mills,"540 South St., P.O. Box 81308",Lincoln,NE,68502,,"10,000 cwts"
Adm Milling Co.,Specialty Mills,"540 South St., P.O. Box 81308",Lincoln,NE,68502,,"10,000 cwts"
"Viterra Usa Grain, Llc",Grain,5410 E. Channel Rd.,Catoosa,OK,74015,,"5,485,000 bus up."
"Viterra Usa Grain, Llc",Grain,54300 Walnut Rd.,New Carlisle,IN,46552,,"1,588,000 bus up; 2,251,000 bus fl."
Archer Daniels Midland Co.,Grain,"546 S. Water St., P.O. Box 560",Havana,IL,62644,,"2,846,000 bus up."
Miller Milling Co.,Grain,5471 Ferguson Dr.,Los Angeles,CA,90022,,"1,100,000 bus up."
Miller Milling Co.,Flour mills,5471 Ferguson Dr.,Commerce,CA,90022,,"1,100,000 cwts"
"Pizza Blends, Llc",Mix Plants,5479 N. Marine Dr.,Portland,OR,97203,,
"Cargill, Incorporated",Grain,5495 River Rd,Cincinnati,OH,45233,,"423,000 bus up."
Bay State Milling Co.,Grain,55 Franklin St.,Winona,MN,55987,,"1,100,000 bus up"
Bay State Milling Co.,Flour mills,55 Franklin St.,Winona,MN,55987,,"24,100 cwts"
Bay State Milling Co.,Specialty Mills,55 Franklin St.,Winona,MN,55987,,"2,500 cwts"
Bay State Milling Co.,Specialty Mills,55 Franklin St.,Winona,MN,55987,,
Bay State Milling Co.,Specialty Mills,55 Franklin St.,Winona,MN,55987,,720 cwts.
Bay State Milling Co.,Mix Plants,55 Franklin St.,Winona,MN,55987,,
Canadian Oats Milling Ltd.,Specialty Mills,"55021 Range Rd., Suite 234A Edmonton",AB,,T5B 4K3,,"4,000 cwts"
"H.R. Wentzel Sons, Inc.",Specialty Mills,5521 Waggoners Gap Rd.,Landisburg,PA,17040,,"6,000 bus."
"Bruce Oakley, Inc.",Grain,5522 Levee Rd. N.,Arkansas City,AR,71630,,"1,800,000 bus up."
Heartland Co-Op,Grain,"5550 S.E. Army Post Rd., P.O. Box A",Carlisle,IA,50047,,"8,538,000 bus up."
Grain Craft,Grain,56 Silver St.,Kansas City,KS,66103,,"466,000 bus up"
Grain Craft,Flour mills,56 Silver St.,Kansas City,KS,66103,,"10,400 cwts"
Minot Milling,Flour mills,5600 Fourth Ave. N.E.,Minot,ND,58703,,"6,000 cwts"
Minot Milling,Specialty Mills,5600 Fourth Ave. N.E.,Minot,ND,58703,,"8,800 cwts."
Interstate Grain Corp.,Grain,"5700 Up River Rd., P.O. Box 9924",Corpus Christi,TX,78469,,"4,500,000 bus up."
"Agrex, Inc. (Western)",Grain,57148 870th Rd.,Laurel,NE,68745,,"1,700,000 bus up; 1,000,000 bus fl"
"The Andersons, Inc.",Grain,5728 Sebring Warner Rd. E.,Greenville,OH,45331,,"3,100,000 bus up."
Adm Benson Quinn,Grain,575 Drake St.,St. Paul,MN,55102,,"2,187,000 bus up."
"Viterra Usa Grain, Llc",Grain,5755 S. Hoover Rd.,Wichita,KS,67215,,"34,827,000 bus up."
"Bartlett Grain Company, Lp",Grain,5801 Birmingham Rd.,Kansas City,MO,64117,,"4,307,000 bus up."
Archer Daniels Midland Co.,Grain,581 N. 43rd St.,Mendota,IL,61342,,"3,962,000 bus up"
Archer Daniels Midland Co.,Grain,5848 Old Rte. 54,New Berlin,IL,62670,,"3,323,000 bus up."
"Perdue Agribusiness Grain, Llc",Grain,5915 Shiloh Camp Rd.,Shiloh,MD,21643,,"1,500,000 bus up."
"Horse Heaven Grain, Llc",Grain,60 Railroad Ave,Roosevelt,WA,99356,,"998,000 bus up"
"Columbia Grain International, Llc",Grain,600 First St. N.,Havre,MT,59501,,"465,000 bus up."
"Frontier Ag, Inc.",Grain,"600 Genessee, P.O. Box 189",Burlington,CO,80807,,"753,000 bus up."
"Heritage Cooperative, Inc.",Grain,600 River Rd.,East Liverpool,OH,43920,,"160,000 bus up."
"Falcon Rice Mill, Inc.",Specialty Mills,"600 S. Ave. D, P.O. Box 771",Crowley,LA,70527,,"4,000 cwts."
"Arizona Grain, Inc.",Grain,601 E. Main Ave.,Casa Grande,AZ,85122,,"2,500,000 bus up; 2,500,000 bus fl."
Adm Milling Co.,Grain,601 First St.,Cheney,WA,99004,,"500,000 bus up"
Adm Milling Co.,Flour mills,"601 First St., P.O. Box 248",Cheney,WA,99004,,"6,000 cwts"
Archer Daniels Midland Co.,Grain,601 W. Division,Altamont,IL,62411,,"2,546,000 bus up; 800,000 bus fl."
Producers Rice Ingredients,Specialty Mills,"603 N. Park Ave., P.O. Box 1248",Stuttgart,AR,72160,,
"The Andersons, Inc.",Grain,604 Blount St.,Lake Providence,LA,71254,,"1,100,000 bus up"
Ardent Mills,Grain,6041 Diana Toledo Almeida Rd.,Gibsonton,FL,33534,,"4,100,000 bus up."
Ardent Mills,Flour mills,6041 Diana Toledo Almeida Rd.,Gibsonton,FL,33534,,"17,500 cwts"
"Riceland Foods, Inc.",Grain,605 E. Commercial St.,Kennett,MO,63857,,"952,000 bus up."
Landus Cooperative,Grain,605 Fourth St.,Somers,IA,50586,,"1,325,000 bus up; 879,000 bus fl."
"Bunge North America, Llc",Grain,605 Goodrich Rd.,Bellevue,OH,44811,,"6,537,000 bus up."
"Grain Millers, Inc.",Specialty Mills,"605 Grain Millers Dr., P.O. Box 399",St. Ansgar,IA,50472,,
"Grain Millers, Inc.",Mix Plants,"605 Grain Millers Dr., P.O. Box 399",St. Ansgar,IA,50472,,
"Grain Millers, Inc.",Specialty Mills,"605 Grain Millers Dr., P.O. Box 399 St.",Ansgar,IA,50472,,
"Grain Millers, Inc.",Specialty Mills,"605 Grain Millers Dr., P.O. Box 399 St.",Ansgar,IA,50472,,
"Grain Millers, Inc.",Specialty Mills,"605 Grain Millers Dr., P.O. Box 399 St.",Ansgar,IA,50472,,
"Grain Millers, Inc.",Specialty Mills,"605 Grain Millers Dr., P.O. Box 399 St.",Ansgar,IA,50472,,
"Chs, Inc.",Grain,605 S. Front St.,Pekin,IL,61554,,"154,000 bus up."
Archer Daniels Midland Co.,Grain,605 S. Oak St.,Winslow,IN,47598,,"704,664 bus up"
"Snavely'S Mill, Inc.",Flour mills,607 Race St.,Mifflinville,PA,18631,,"2,400 cwts."
"Snavely'S Mill, Inc.",Specialty Mills,607 Race St.,Mifflinville,PA,18631,,
"Snavely’S Mill, Inc.",Specialty Mills,607 Race St.,Mifflinville,PA,18631,,
"Snavely’S Mill, Inc.",Specialty Mills,607 Race St.,Mifflinville,PA,18631,,"1,200 cwts"
Archer Daniels Midland Co.,Grain,609 N. S.R. 66,Rockport,IN,47635,,"2,469,334 bus up."
Deseret Mills & Elevators,Flour mills,61 S. 600,West Kaysville,UT,84037,,"1,500 cwts"
Deseret Grain Storage,Grain,61 S. 600 W.,Kaysville,UT,84037,,"1,212,000 bus up"
Deseret Mills & Elevators,Specialty Mills,61 S. 600 West,Kaysville,UT,84037,,900 cwts.
"General Mills, Inc.",Grain,6101 S.E. 52nd St.,Carlisle,IA,50047,,"1,624,000 bus up."
"General Mills, Inc.",Flour mills,6101 S.E. 52nd St.,Avon,IA,50047,,"11,300 cwts"
"General Mills, Inc.",Mix Plants,6101 S.E. 52nd St.,Avon,IA,50047,,
Consolidated Grain &Barge Co.,Grain,613 County Hwy. 434,Portageville,MO,63873,,"2,759,000 bus up"
Adm Milling Co.,Grain,614 W. Second St.,Mount Vernon,IN,47620,,"1,200,000 bus up"
Adm Milling Co.,Flour mills,614 W. Second St. Mount,Vernon,IN,47620,,"15,500 cwts"
"Columbia Grain International, Llc 6155 R. 1071",Grain,6155 Rd 1071,Wolf Point,MT,59201,,"788,000 bus up."
"Columbia Grain International, Llc",Grain,6155 Rd. 1071,Kasa Point,MT,59201,,"1,990,000 bus up."
"Cargill, Incorporated",Specialty Mills,616 Jefferson St.,Paris,IL,61944,,
"Cargill, Incorporated",Specialty Mills,616 Jefferson St.,Paris,IL,61944,,
Landus Cooperative,Grain,6173 158th Ave.,Storm Lake,IA,50588,,"1,635,000 bus fl."
Landus Cooperative,Grain,619 E. Front St.,Lake City,IA,51449,,"93,000 bus up; 898,000 bus fl."
"Viterra Usa Grain, Llc",Grain,620 N. Marrs,Amarillo,TX,79107,,"12,272,000 bus up."
Adm Milling Co.,Grain,620 W. 10th St.,Charlotte,NC,28202,,"1,300,000 bus up"
Adm Milling Co.,Flour mills,"620 W. 10th St., P.O. Box 31155",Charlotte,NC,28202,,"13,500 cwts"
Landus Cooperative,Grain,620 W. Third St.,Carroll,IA,51401,,"1,510,000 bus up."
"Chs, Inc.",Grain,6200 W. Hwy. 13,Savage,MN,55378,,"1,448,000 bus up."
Nutrasun Foods Ltd.,Specialty Mills,6201 E. Primrose Green Dr.,Regina,SK,S4V 3L7,,
Nutrasun Foods Ltd.,Specialty Mills,6201 E. Primrose Green Dr.,Regina,SK,S4V 3L7,,
Consolidated Grain & Barge Co.,Grain,6206 Riverport Rd.,Henderson,KY,42420,,
Heartland Co-Op,Grain,622 Marshall St.,Dexter,IA,50070,,"2,800,000 bus up."
"Attebury Grain, Inc.",Grain,624 Burlington Rd.,Saginaw,TX,76179,,"6,636,000 bus up"
Landus Cooperative,Grain,625 West St.,Bristow,IA,50615,,"515,000 bus up"
United Cooperative,Grain,6250 Borden Rd.,Boscobel,WI,53805,,"4,682,000 bus up"
Anne Arundel County Grain Elevator,Grain,6272 S. Maryland Blvd.,Lothian,MD,20711,,"995,000 bus up."
"Dawn Food Products, Inc.",Specialty Mills,"6303 Kenjoy Dr., P.O. Box 14032",Louisville,KY,40214,,
"Dawn Food Products, Inc.",Mix Plants,"6303 Kenjoy Dr., P.O. Box 14032",Louisville,KY,40214,,
"Cargill, Incorporated",Grain,"632 N. Center St., P.O. Box 39",Bremen,IN,46506,,"747,000 bus up."
Bakemark,Mix Plants,6325 S. Gateway Blvd.,Elyria,OH,44035,,
"Pennant Ingredients, Inc.",Mix Plants,64 Chester St.,Rochester,NY,14611,,
Ingredion,Specialty Mills,6400 S. Archer Ave.,Bedford Park,IL,60501,,
"Mfa, Inc.",Grain,6438 N.E. Nettleton Rd.,Hamilton,MO,64644,,"2,133,095 bus up."
"Co-Alliance, Llp",Grain,646 S. Meridin Rd.,Reynolds,IN,47980,,"1,400,000 bus up; 550,000 bus fl"
"Cargill, Incorporated",Specialty Mills,650 Industrial Park Dr.,Blair,NE,68008,,
Ardent Mills,Grain,6509 77th Ave.,Kenosha,WI,53142,,"960,000 bus up"
Ardent Mills,Flour mills,6509 77th Ave.,Kenosha,WI,53142,,"26,000 cwts"
"Cargill, Incorporated",Grain,"651 81st St., P.O. Box 766",Pipestone,MN,56164,,"1,682,000 bus up."
"Bunge-Scf Grain, Llc",Grain,651 N. Front St.,Fairmont City,IL,62201,,"1,117,000 bus up"
"Cargill, Incorporated",Grain,6526 County Rd. O,Shullsburg,WI,53586,,"5,406,000 bus up"
California Family Foods,Specialty Mills,"6550 Struckmeyer Rd., P.O. Box 1230",Arbuckle,CA,95912,,"4,500,000 cwts."
"Chs, Inc.",Grain,6603 S. Concord St.,Davenport,IA,52802,,"1,000,000 bus up; 3,795,000 bus fl."
"Central States Enterprises, Inc.",Grain,"6627 N. 400 E., P.O. Box 25",Montpelier,IN,47359,,"17,100,000 bus up."
"Cargill, Incorporated",Grain,6640 Ship Dr.,Portage (Burns Harbor),IN,46368,,"7,768,000 bus up"
"Kokomo Grain Co., Inc.",Grain,6672 E. 650 S.,Edinburgh,IN,46124,,"3,500,000 bus up; 8,500,000 bus fl."
Consolidated Grain & Barge Co.,Grain,6720 E Highway K,Charleston,MO,63834,,"146,000 bus up."
"Cargill, Incorporated",Grain,"6761 Kellogg Ave., P.O. Box 30347",Cincinnati,OH,45230,,"440,000 bus up."
"Columbia Grain International, Llc",Grain,6776 18th St. N.E.,New Rockford,ND,58356,,"4,466,000 bus up"
Archer Daniels Midland Co.,Grain,"6801 Memorial Hwy., P.O. Box 252",Ottawa Lake,MI,49267,,"7,342,000 bus up."
"Windmills Rice Co., Llc",Specialty Mills,6875 Hwy. One S.,Jonesboro,AR,72404,,
"Perdue Agribusiness Grain, Llc",Grain,6906 Zion Church Rd.,Salisbury,MD,21804,,"9,400,000 bus up"
"Viterra Usa Grain, Llc",Grain,6979 IL Rte. 78 N.,Warren,IL,61087,,"2,268,000 bus up."
Landus Cooperative,Grain,69866 Hwy. 210,Collins,IA,50055,,"2,261,000 bus up; 968,000 bus fl."
"New Cooperative, Inc.",Grain,700 Eagle St.,Duncombe,IA,50532,,"2,457,000 bus up; 1,398,000 bus fl."
Grain Craft,Grain,700 Milner Dr.,Birmingham,AL,35214,,"1,750,000 bus up."
Grain Craft,Flour mills,700 Milner Dr.,Birmingham,AL,35214,,"18,500 cwts"
"Bunge North America, Llc",Grain,700 N. Rangeline Rd.,Morristown,IN,46161,,"4,744,000 bus up"
"Cargill, Incorporated",Grain,700 Oregon St.,Muscatine,IA,52761,,"1,256,000 bus up"
Archer Daniels Midland Co.,Grain,701 Cash St.,Burlington,IA,52601,,"456,000 bus up; 1,5364,400 bus fl."
Grain Craft,Grain,701 E. 17th St.,Wichita,KS,67214,,"2,000,000 bus up."
Grain Craft,Flour mills,701 E. 17th St.,Wichita,KS,67214,,"19,600 cwts."
"Premier Cooperative, Inc.",Grain,"701 N. Commercial Rd., P.O. Box 69",Thomasboro,IL,61878,,"3,600,000 bus up."
"New Cooperative, Inc.",Grain,701 N. Main St.,Everly,IA,51338,,
"Bartlett Milling Co., Lp",Flour mills,701 S. Center St.,Statesville,NC,28677,,"15,000 cwts"
"Bartlett Milling Co., Lp",Specialty Mills,701 S. Center St.,Statesville,NC,28677,,
"Cargill, Incorporated",Grain,702 Fair St.,Madison,MN,56256,,"1,318,000 bus up."
"Viterra Usa Grain, Llc",Grain,70454 Hwy. 61,Benkelman,NE,69033,,"1,387,000 bus up; 2,839,000 bus fl."
Gilster Mary Lee Corp.,Mix Plants,"705 N. Sparta St., P.O. Box 98",Steeleville,IL,62288,,
Landus Cooperative,Grain,"705 Packwaukee St., P.O. Box 307",New Hartford,IA,50660,,"2,680,000 bus up."
Pride Ag Resources,Grain,706 Bent St.,Ensign,KS,67841,,"4,248,000 bus up"
Siemer Milling Co.,Grain,707 Harrison Brookville Rd.,West Harrison,IN,47060,,"2,227,000 bus up"
Siemer Milling Co.,Flour mills,707 Harrison Brookville Rd.,West Harrison,IN,47060,,"10,500 cwts"
Siemer Milling Co.,Specialty Mills,707 Harrison Brookville Rd.,West Harrison,IN,47060,,
"Riceland Foods, Inc.",Grain,708 Hwy. 11 N.,Des Arc,AR,72040,,"2,778,000 bus up; 300,000 bus fl."
Archer Daniels Midland Co.,Grain,708 Water St,Henry,IL,61537,,"552,000 bus up."
The Scoular Company,Grain,709 Commercial St.,Downs,KS,67437,,"2,200,000 bus up"
Mennel Grain – Farm (Upper Sandusky),Grain,7097 CR 47,Upper Sandusky,OH,43351,,"905,000 bus up."
"Columbia Grain International, Llc",Grain,70th Ave. N.E.,Carrington,ND,58421,,"334,000 bus up"
Pride Ag Resources,Grain,"710 W. Trail St., P.O. Box 610",Dodge City,KS,67801,,"1,837,000 bus up"
"Viterra Usa Grain, Llc",Grain,711 Old Brickyard Rd.,McLeansboro,IL,62859,,"775,000 bus up."
"Michigan Agricultural Commodities, Inc.",Grain,"7115 Maple Valley Rd., P.O. Box 399",Brown City,MI,48416,,"3,600,000 bus up"
United Cooperative,Grain,713 Stanton St.,Ripon,WI,54971,,"7,292,549 bus up"
Farmers Cooperative,Grain,71445-573rd Ave.,Jansen,NE,68377,,"4,465,286 bus up."
Ardent Mills,Flour mills,715 E. 13th St.,Wichita,KS,67214,,"27,000 cwts."
Ardent Mills,Grain,715 E. 13th St. N.,Wichita,KS,67214,,"2,500,000 bus up"
"Lakeside Mills, Inc.",Flour mills,716 W. Main St.,Spindale,NC,28160,,600 cwts
"Lakeside Mills, Inc.",Specialty Mills,716 W. Main St.,Spindale,NC,28160,,"12,000 bus."
"Lakeside Mills, Inc.",Mix Plants,716 W. Main St.,Spindale,NC,28160,,
Frenchman Valley Farmers Co-Op,Grain,71730 Hwy. 17,Culbertson,NE,69024,,"3,500,000 bus up"
"Viterra Usa Grain, Llc",Grain,719 County Rd. 850 N.,Browns,IL,62818,,"1,155,000 bus up; 2,245,000 bus fl"
Superior Ag,Grain,719 Harvest Lane,Princeton,IN,47670,,"2,214,000 bus up."
"Hopkinsville Elevator Co., Inc.",Grain,"720 Barge Point Rd., P.O. Box 2367",Clarksville,TN,37042,,"1,014,000 bus up"
United Cooperative,Grain,720 N. Main St.,Oconto Falls,WI,54154,,"2,598,000 bus up"
Cooperative Elevator Co.,Grain,7211 E. Michigan Ave.,Pigeon,MI,48755,,"7,000,000 bus up."
Smithfield Grain,Grain,"7211 Shawnee, P.O. Box 98",Harpster,OH,43323,,"1,081,000 bus up."
"Perdue Agribusiness Grain, Llc (Grain & Oilseed)",Grain,73 Silverlake Rd.,Bridgeton,NJ,8302,,"1,275,000 bus up"
P&H Milling Group,Flour mills,730 Marginal Rd.,Halifax,NS,B3J 3C4,,"7,700 cwts"
"Cargill, Incorporated",Grain,"73033 L Rd., P.O. Box 468",Holdrege,NE,68949,,"3,075,000 bus up"
Consolidated Grain & Barge Co.,Grain,7305 Illinois Hwy. 26,Princeton,IL,61356,,"1,292,000 bus up; 1,796,000 bus fl"
"Big J Milling & Elevator Co., Inc.",Flour mills,"733 W. Forest, P.O. Box 717",Brigham City,UT,84302,,"1,920 cwts."
Archer Daniels Midland Co.,Grain,734 New Madrid Court,New Madrid,MO,63866,,"1,423,000 bus up."
Bakemark,Mix Plants,7351 Crider Ave.,Pico Rivera,CA,90660,,
"Bunge Milling, Inc.",Grain,7383 N. 100 W.,Worthington,IN,47471,,
Bunge Milling,Specialty Mills,7383 N. 100 W.,Worthington,IN,47471,,"3,333 bus."
"Viterra Usa Grain, Llc",Grain,7415 Terminal Rd.,Owensboro,KY,42355,,"1,445,000 bus up; 1,330,000 bus fl."
Clifton Mill Co.,Flour mills,"75 Water St., P.O. Box 100",Clifton,OH,45316,,400 cwts
Clifton Mill Co.,Specialty Mills,"75 Water St., P.O. Box 100",Clifton,OH,45316,,400 cwts
Clifton Mill Co.,Specialty Mills,"75 Water St., P.O. Box 100",Clifton,OH,45316,,
Clifton Mill Co.,Specialty Mills,"75 Water St., P.O. Box 100",Clifton,OH,45316,,"12,000 bus."
Clifton Mill Co.,Mix Plants,"75 Water St., P.O. Box 100",Clifton,OH,45316,,
"Riceland Foods, Inc.",Grain,755 Main St,Knobel,AR,72435,,"808,000 bus up."
"Cargill, Incorporated",Grain,758 State Hwy.,NCharleston,MO,63834,,"2,615,000 bus up."
The Scoular Company,Grain,75875 Grainton Rd. 351,Wallace,NE,69169,,"2,500,000 bus up."
"Viterra Usa Grain, Llc",Grain,7646 County Rd. 125 E.,Shelburn,IN,47879,,"1,641,000 bus up; 3,108,000 bus fl"
The Scoular Company,Grain,766 E. 20th St. S.,Wellington,KS,67152,,"3,377,000 bus up."
Heartland Co-Op,Grain,770 City Rd. DD,Farwell,TX,79325,,"5,900,000 bus up."
"Lindley Mills, Inc.",Flour mills,7763 Lindley Mill Rd.,Graham,NC,27253,,
"Lindley Mills, Inc.",Specialty Mills,7763 Lindley Mill Rd.,Graham,NC,27253,,
"Lindley Mills, Inc.",Specialty Mills,7763 Lindley Mill Rd.,Graham,NC,27253,,
"Lindley Mills, Inc.",Mix Plants,7763 Lindley Mill Rd.,Graham,NC,27253,,
The Krusteaz Co.,Flour mills,7851 S. 192nd St.,Kent,WA,98032,,
The Krusteaz Co.,Mix Plants,7851 S. 192nd St.,Kent,WA,98032,,
Italgrani Elevator Co.,Grain,7900 Van Buren,St. Louis,MO,63111,,"4,000,000 bus up."
"U.S. Durum Milling, Inc.",Specialty Mills,7900 Van Buren St.,St. Louis,MO,63111,,"30,000 cwts."
"U.S. Durum Milling, Inc. (Italgrani Usa, Inc./Richardson International)",Specialty Mills,7900 Van Buren St.,St. Louis,MO,63111,,"30,000 cwts"
Cpi,Grain,7940 N. Hayland Ave.,Prosser,NE,68883,,"3,506,000 bus up;"
Doguet’S Rice Milling Co.,Specialty Mills,795 S. Major Dr.,Beaumont,TX,77707,,"400,000 cwts"
Archer Daniels Midland Co.,Grain,7979 S State Line Rd,State Line City,IN,47982,,"2,385,858 bus up; 750,00 bus"
Mennel Grain – C&O (Upper Sandusky),Grain,798 Lincoln Way W.,Upper Sandusky,OH,43351,,"1,987,000 bus up."
"Ag Processing, Inc.",Specialty Mills,800 Diagonal St,Dawson,MN,56232,,
Farmers Cooperative,Grain,800 Market St. N.E.,Decatur,AL,35601,,"2,331,000 bus up."
Temco,Grain,800 N. River St.,Portland,OR,97227,,"1,200,000 bus up."
"Viterra Usa Grain, Llc",Grain,800 N. Villa Louis Rd.,Prairie du Chien,WI,53821,,"176,000 bus up"
"The Andersons, Inc.",Grain,801 S. Reynolds Rd.,Toledo,OH,43615,,"1,200,000 bus up."
"Riceland Foods, Inc.",Grain,802 E Harrison St,Stuttgart,AR,72160,,"5,826,000 bus up."
Allen Brothers Milling Co.,Flour mills,804 Gervais St.,Columbia,SC,29201,,"1,000 cwts."
Allen Brothers Milling Co.,Specialty Mills,804 Gervais St.,Columbia,SC,29201,,"2,000 bus."
Allen Brothers Milling Co.,Mix Plants,804 Gervais St.,Columbia,SC,29201,,
"Ag Processing, Inc.",Specialty Mills,"804 Second Ave., P.O. Box 220",Sheldon,IA,51201,,
"Skyland Grain, Llc",Grain,80492 W. Hwy. 54,Pratt,KS,67124,,"1,700,000 bus up"
"Riceland Foods, Inc.",Grain,805 N Front,Gillett,AR,72055,,"864,000 bus up."
"Riceland Foods, Inc.",Grain,809 W Front St,Altheimer,AR,72004,,"1,235,000 bus up."
"Bolton'S Crown Quality, Inc.",Grain,"810 Fannin St., P.O. Box 1539",Vernon,TX,76398,,"1,030,000 bus up"
"Red Wing Grain, Llc",Grain,810 Levee Rd.,Red Wing,MN,55066,,"5,100,000 bus up."
Agwrx Cooperative,Grain,811 Burlington Northern Dr.,Watertown,SD,57201,,"2,625,000 bus up"
"Cargill, Incorporated",Grain,812 S. 250 W.,Aylesworth,IN,46341,,"996,000 bus up"
"The Andersons, Inc.",Grain,81244 Rd. 429,Anselmo,NE,68813,,"2,546,000 bus up"
Archer Daniels Midland Co.,Grain,814 Uhlhorn Ave.,Evansville,IN,47710,,"2,116,211 bus up."
"Cargill, Incorporated",Grain,814 W. Main,Beardstown,IL,62618,,"1,490,000 bus up"
"The Andersons, Inc.",Grain,815 Hwy. 26,Bliss,ID,83314,,"1,400,000 bus up; 7,500,000"
"Riceland Foods, Inc.",Grain,815 W. Third St.,Lonoke,AR,72086,,"4,533,000 bus up."
Archer Daniels Midland Co.,Grain,816 N. Halstead,Hutchinson,KS,67504,,"6,336,000 bus up"
P&H Milling Group,Specialty Mills,817 - 48th St. E.,Saskatoon,SK,S7K 0X5,,
Parrheim Foods,Specialty Mills,817 48th St. E.,Saskatoon,SK,S7K 0X5,,"2,200 cwts."
"Perdue Agribusiness Grain, Llc",Grain,82 Steamboat Landing,Kinsale,VA,22488,,"166,000 bus up"
Morrow County Grain Growers,Grain,82014 Paterson Ferry Rd.,Irrigon,OR,97844,,"3,800,000 bus up."
"Columbia Grain International,",Grain,8214 138th Ave. N.E.,Crystal,ND,58222,,"1,761,000 bus up."
Owensboro Grain Co.,Grain,822 E. Second St.,Owensboro,KY,42303,,"1,600,000 bus up; 1,600,000 bus fl."
Archer Daniels Midland Co.,Grain,822 W. Tinkham,Havana,IL,62644,,"178,000 bus up."
"Cargill, Incorporated",Grain,830 S. Crescent,Gilman,IL,60938,,"10,804,000 bus up."
Hansen-Mueller Co.,Grain,8300 High Level Rd.,Houston,TX,77029,,"6,649,000 bus up"
"Lehi Roller Mills, Llc",Flour mills,"833 E. Main St., P.O. Box 217",Lehi,UT,84043,,"1,000 cwts."
"Lehi Roller Mills, Llc",Mix Plants,"833 E. Main St., P.O. Box 217",Lehi,UT,84043,,
Archer Daniels Midland Co.,Grain,837 N. Market St.,Hoopeston,IL,60942,,"1,943,000 bus up; 2,400,000 bus fl."
"Agrex, Inc.",Grain,83720 553 Ave.,Enola,NE,68701,,"2,320,000 bus up; 1,100,000 bus fl."
Frontier Cooperative Co.,Grain,840 W. 13th St.,Schuyler,NE,68661,,"3,180,000 bus up"
"Attebury Grain, Inc. (Lakeside)",Grain,8501 S.E.,First Amarillo,TX,79118,,"5,481,000 bus up"
Archer Daniels Midland Co.,Grain,8524 Indigo Rd.,St. Cloud,MN,56301,,"3,200,000 bus up."
Adm Milling Co.,Flour mills,854 Bethel Ave,Beech Grove,IN,46107,,"26,400 cwts"
Adm Milling Co.,Grain,"854 Bethel Ave., P.O. Box 610",Beech Grove,IN,46107,,"4,400,000 bus up"
"Cargill, Incorporated",Grain,"858 S.W. Vene, R.R. 3, Box 107",Kingman,KS,67068,,"384,000 bus up"
Central Valley Ag,Grain,"86288 516th Ave., P.O. Box 316",Orchard,NE,68764,,"500,000 bus up."
"Viterra Usa Grain, Llc",Grain,866 N. 600 E.,Rushville (Glenwood),IN,46173,,"895,000 bus up; 799,000 bus fl"
"Cargill, Incorporated",Grain,"87087-494th Ave., P.O. Box 724",O'Neill,NE,68763,,"6,432,000 bus up."
"The Andersons, Inc.",Grain,875 W. Railroad Dr.,Glenns Ferry,ID,83623,,"524,000 bus up."
"Columbia Grain International, Llc",Grain,883 Mountain View Rd.,Carter,MT,59420,,"1,196,000 bus up."
Zen-Noh Grain Corp.,Grain,8886 LA 44,Convent,LA,70723,,"4,000,000 bus up."
Consolidated Grain & Barge Co.,Grain,8902 Trulock Bay Rd.,Sherrill,AR,72152,,"4,687,000 bus up."
Consolidated Grain & Barge Co.,Grain,896 S. Walker St.,West Memphis,AR,72301,,"964,000 bus up."
Grain Craft,Grain,900 16th St. N.,Great Falls,MT,59401,,"1,000,000 bus up; 500,000 bus fl."
"Cargill, Incorporated",Grain,"900 Catlett St., P.O. Box 267",Hickman,KY,42050,,"2,494,000 bus up. Svc: Automat"
"Chs, Inc.",Grain,"900 E. Columbia Dr., P.O. Box 6267",Kennewick,WA,99336,,"1,100,000 bus up; 4,100,000 bus fl."
"Ag Processing, Inc.",Specialty Mills,"900 Lower Lake Rd., P.O. Box 427",St. Joseph,MO,64502,,
Landus Cooperative,Grain,900 W. First St.,Ida Grove,IA,51445,,"4,956,000 bus up; 976,000 bus fl."
"Premier Cooperative, Inc.",Grain,901 N. Plum St.,Farmer City,IL,61842,,"4,270,636 bus up; 917,364 bus fl."
Grain Craft,Flour mills,901 W. 16th St. N.,Great Falls,MT,59401,,"7,500 cwts"
Farmers Cooperative Elevator,Grain,9011 N. A St.,Wellington,KS,67152,,"2,108,000 bus up."
Agtegra Cooperative,Grain,902 Railway Ave.,Alpena,SD,57312,,"2,170,000 bus up."
"Attebury Grain, Inc.",Grain,902 W.,Broadway Brownfield,TX,79316,,"3,623,000 bus up"
"The Andersons, Inc.",Grain,904 Verona Lane,Newellton,LA,71357,,"686,000 bus up"
Ardent Mills,Grain,905 W. Marion St.,Lake City,MN,55041,,"868,000 bus up"
Ardent Mills,Flour mills,905 W. Marion St.,Lake City,MN,55041,,"16,000 cwts"
"West Plains, Llc",Grain,9155 RL Ostos Rd.,Brownsville,TX,78521,,"3,000,000 bus up."
"Mid-Columbia Producers, Inc.",Grain,91589 Bargeway,Biggs,OR,97065,,"1,799,000 bus up."
Archer Daniels Midland Co.,Grain,9179 W. State Rd. 14,Rensselaer,IN,47978,,"4,320,000 bus up."
"Riceland Foods, Inc.",Grain,918 New Madrid County Port,AuthorityMarston,MO,63866,,"2,807,000 bus up"
"Riceland Foods, Inc.",Grain,918 New Madrid County Port,Authority Marston,MO,63866,,"341,000 bus up"
"New Cooperative, Inc.",Grain,92 First Ave. E.,Knierim,IA,50552,,"2,062,000 bus up; 2,998,000 bus fl."
"Cargill, Incorporated",Grain,"920 E. U.S. Hwy. 36, P.O. Box 230",Tuscola,IL,61953,,"7,942,000 bus up."
Aurora Cooperative Elevator Co.,Grain,920 Shady Bend Rd.,Grand Island,NE,68801,,"1,200,000 bus up"
The Scoular Company,Grain,925 Factory St.,Fremont,NE,68025,,"2,080,746 bus up; 2,440,913 bus fl."
"Cargill, Incorporated",Grain,933 River Rd.,Westwego,LA,70094,,"4,733,000 bus up."
Ardent Mills,Grain,9345 Hwy. 127,Fairmount,ND,58030,,"305,000 bus up."
Ardent Mills,Flour mills,9345 Hwy. 127,Fairmount,ND,58030,,"7,600 cwts"
"Cargill, Incorporated",Grain,935 S 4th St W,Cheyenne Wells,CO,80810,,"3,248,000 bus up."
Farmers Cooperative,Grain,940 Calvert St.,Lincoln,NE,68542,,"4,400,000 bus up; 2,000,000 bus fl."
"Bartlett Grain Company, Lp",Grain,940 Kindleberger Rd.,Kansas City,KS,66115,,"10,031,000 bus up"
"Premier Cooperative, Inc.",Grain,949 CR 700 N,Tolono,IL,61880,,"2,200,000 bus up; 1,125,000 bus fl."
Ardent Mills,Specialty Mills,95 33rd St. E.,Saskatoon,SK,S7K 0R8,,"6,700 cwts"
Ardent Mills,Mix Plants,95 33rd St. E.,Saskatoon,SK,S7K 0R8,,
Adm Milling Co.,Specialty Mills,950 rue Mill,Montreal,QC,H3C 1Y4,,"4,400 cwts"
"French Camp Grain Elevators, Llc",Grain,"9504 S. Harlan Rd., P.O. Box 97",French Camp,CA,95231,,"1,000,000 bus up; 300,000 bus fl."
Archer Daniels Midland Co.,Grain,9521 W. S.R. 662,Newburgh,IN,47630,,"2,486,691 bus up."
"Louis Dreyfus Company, Llc",Grain,"955 Alaskan Way W., Pier 86",Seattle,WA,98119,,"4,200,000 bus up"
Corbion,Mix Plants,96 E. Union Ave.,East Rutherford,NJ,7073,,
"Cofco International Grains Usa, Llc",Grain,960 E. Bay St.,Milwaukee,WI,53207,,"3,263,000 bus up"
Mennel Grain – Foraker,Grain,9603 CR 89,Alger,OH,45812,,"880,000 bus up"
"Nunn Milling Co., Inc.",Flour mills,9634 Hedden Rd.,Evansville,IN,47725,,700 cwts
"Nunn Milling Co., Inc.",Specialty Mills,9634 Hedden Rd.,Evansville,IN,47725,,"less than 12,000 bus."
Cooperative Elevator Co.,Grain,969 E. Pine St.,Sebewaing,MI,48759,,"400,000 bus up."
Bucyrus Flour Mill,Flour mills,970 Nevada Rd.,Bucyrus,OH,44820,,"5,000 cwts"
Bucyrus Flour Mill (The Mennel Milling Co.),Specialty Mills,970 Nevada Rd.,Bucyrus,OH,44820,,"5,000 cwts"
Archer Daniels Midland Co. (Hooker),Grain,98-37th,Mile Hooker,OK,73945,,"1,548,000 bus up."
Archer Daniels Midland Co.,Grain,"9808 N. Wood St., P.O. Box 356",Brookston,IN,47923,,"3,557,000 bus up."
"Chs, Inc.",Grain,988 Riverview Dr,Winona,MN,55987,,"354,000 bus up."
Consolidated Grain & Barge Co.,Grain,992 River Grain Rd.,Greenville,MS,38701,,"3,188,000 bus up."
"Perdue Agribusiness Grain, Llc",Grain,9924 Bishop Rd.,Bishopville,MD,21813,,"1,800,000 bus up."
Consolidated Grain & Barge Co.,Grain,AR 198 Hwy.,Osceola,AR,72370,,"609,000 bus up; 3,597,000 bus fl."
Sem-Chi Rice Products Corp.,Specialty Mills,Atlantic Sugar Rd.,Belle Glade,FL,33430,,"1,000,000 cwts."
"Columbia Grain International, Llc",Grain,"Border Rd., R.R. Yard, P.O. Box 607",Sweetgrass,MT,59484,,"1,453,000 bus up"
Consolidated Grain & Barge Co.,Grain,"Church St., P.O. Box 312",Enfield,IL,62835,,"1,215,000 bus up"
Richardson Milling Ltd.,Specialty Mills,Corman Park,No. 344,SK,S0K 2T0,,"10,000 cwts"
Richardson Milling Ltd.,Specialty Mills,County of Barrhead No. 11,AB,,T7N 0H8,,"2,000 cwts"
Richardson Milling Ltd.,Specialty Mills,County of Barrhead No. 11,AB,,T7N 0H8,,
"Cargill, Incorporated",Grain,"County Rd. 1100 N., P.O. Box 117",Linden,IN,47955,,"3,311,000 bus up."
Archer Daniels Midland Co.,Grain,E. 17th,Hutchinson,KS,67501,,"4,071,000 bus up"
Adm Milling Co.,Grain,E. 2301 Trent Ave.,Spokane,WA,99202,,"850,000 bus up"
"Viterra Usa Grain, Llc",Grain,"E. Hwy. 30, P.O. Box 225",Cozad,NE,69130,,"1,101,000 bus up"
Landus Cooperative,Grain,E. Paton St.,Paton,IA,50217,,"770,000 bus up; 344,000 bus fl"
Adm Milling Co.,Flour mills,"East 2301 Trent Ave., P.O. Box 2545",Spokane,WA,99202,,"12,500 cwts"
Adm Milling Co.,Mix Plants,"East 2301 Trent Ave., P.O. Box 2545",Spokane,WA,99202,,
"Ray-Carroll County Grain Growers, Inc.",Grain,First and Cherry,streets Norborne,MO,64668,,"2,026,000 bus up."
Buffalo Creek Mills,Specialty Mills,"Five Park Ave., RM of Rhineland Industrial",Park Altona,MB,R0G0B0,,
Buffalo Creek Mills,Specialty Mills,"Five Park Ave., RM of Rhineland Industrial",Park Altona,MB,R0G0B0,,
Buffalo Creek Mills,Specialty Mills,"Five Park Ave., RM of Rhineland Industrial Park",Altona,MB,R0G0B0,,
"Riceland Foods, Inc.",Grain,Four Country Rd. 503,McCrory,AR,72101,,"2,330,000 bus up."
"Supreme Rice, Llc",Specialty Mills,Four S. Ave. D.,Crowley,LA,70526,,
Farmers Co-Op Association,Grain,"Fourth and Barnes streets, P.O. Box 603",Alva,OK,73717,,"1,000,000 bus up."
Farmers Co-Op Association,Grain,"Fourth and Barnes streets, P.O. Box 603",Alva,OK,73717,,"2,000,000 bus up."
"Cargill, Incorporated",Grain,"Front St., P.O. Box 350",Hennepin,IL,61272,,"100,000 bus up."
"Cargill, Incorporated",Grain,"Gruver Hwy. 15, P.O. Box 265",Spearman,TX,79081,,"6,995,000 bus up"
Archer Daniels Midland Co. (Hooker),Grain,H. 54 County Rd. 42,Hooker,OK,73945,,"2,263,000 bus up."
Kansas State University,Flour mills,"Hal Ross Flour Mill, 1980 Kimball Ave.",Manhattan,KS,66502,,400 cwts
Consolidated Grain & Barge Co.,Grain,"Hwy. 100 and Arkansas River, P.O. Box 425",Webbers Falls,OK,74470,,"1,230,000 bus up."
Western Consolidated Cooperative,Grain,"Hwy. 119 S., 458 Munsterman St.",Appleton,MN,56208,,"3,450,000 bus up."
Archer Daniels Midland Co.,Grain,Hwy. 156 and Hwy. 15,Novelty,MO,63460,,"1,400,000 bus up."
Consolidated Grain & Barge Co.,Grain,Hwy. 164 and Front St.,Oquawka,IL,61469,,"1,593,000 bus up."
"Ray-Carroll County Grain Growers, Inc. Hwy. 24 E., P.O. Box 249",Grain,"Hwy. 24 E., P.O. Box 249",Carrollton,MO,64633,,"3,857,000 bus up."
Agriservices Of Brunswick,Grain,"Hwy. 24 W., P.O. Box 38",Brunswick,MO,65236,,"1,946,000 bus up; 1,900,000 bus fl."
"Cargill, Incorporated",Grain,Hwy. 40 and First St.,Cheyenne Wells,CO,80810,,"20,000 bph"
"Cargill, Incorporated",Grain,"Hwy. 47 S., P.O. Box 31",Gibson City,IL,60936,,
"The Andersons, Inc.",Grain,Hwy. 50 and Addison Ave. E.,Hansen,ID,83334,,"111,000 bus up."
"Cargill, Incorporated",Grain,Hwy. 59 W.,Atchison,KS,66002,,"6,568,000 bus up."
"Producers Rice Mill, Inc.",Grain,"Hwy. 61 S., P.O. Box 246",Wilson,AR,72395,,"742,000 bus up."
"Producers Rice Mill, Inc.",Grain,"Hwy. 61 S., P.O. Box 457",Boyle,MS,38730,,"1,967,000 bus up."
"Producers Rice Mill, Inc.",Grain,Hwy. 82 W. and Producers Dr.,Greenville,MS,38701,,"1,783,000 bus up."
"Producers Rice Mill, Inc.",Specialty Mills,Hwy. 82 W. and Producers Dr.,Greenville,MS,38701,,
Assumption Co-Op Grain Co.,Grain,Hwy. Rte. 29,Owaneco,IL,62555,,"473,500 bus up"
Archer Daniels Midland Co.,Grain,"Illinois Rte. 17, P.O. Box 117",Keithsburg,IL,61442,,"340,000 bus up."
"Riviana Foods, Inc.",Specialty Mills,Junction Hwy. 11 & 70,Hazen,AR,72064,,
Consolidated Grain & Barge Co.,Grain,Lock and Dam Rd. 18,Gladstone,IL,61437,,"710,000 bus up; 909,000 bus fl."
"Attebury Grain, Inc.",Grain,Loop 335 S.,Amarillo,TX,79118,,"6,337,000 bus up"
Consolidated Grain & Barge Co.,Grain,Main and Carroll,streets Naples,IL,62665,,"7,122,000 bus up; 2,010,000 bus fl."
Agwrx Cooperative,Grain,"Main and Second streets, P.O. Box 66",Henry,SD,57243,,"2,500,000 bus up."
"Cargill, Incorporated",Grain,Main St,Vienna,SD,57271,,"2,059,000 bus up"
"Perdue Agribusiness Grain, Llc",Grain,Mechanics Valley Rd.,North East,MD,21901,,"670,000 bus up."
"Producers Rice Mill, Inc.",Grain,N Anna St,Stuttgart,AR,72160,,"12,598,000 bus up; 780,000 bus fl."
"Producers Rice Mill, Inc.",Grain,N Anna St,Stuttgart,AR,72160,,"2,284,000 bus fl."
Consolidated Grain & Barge Co. (Enid),Grain,N. 30th St.,Enid,OK,73702,,"19,507,000 bus up."
Archer Daniels Midland Co.,Grain,"N. River Rd., P.O. Box 352",Morris,IL,60450,,"242,000 bus up."
Ludlow Coop Elevator,Grain,"N. Rte 45, P.O. Box 322",Paxton,IL,60957,,"6,200,000 bus up; 2,150,000 bus fl"
Northern Crops Institute,Flour mills,"NDSU Dept. 7400, P.O. Box 6050",Fargo,ND,58108,,25 cwts
Northern Crops Institute,Specialty Mills,"NDSU Dept. 7400, P.O. Box 6050",Fargo,ND,58108,,25 cwts.
"Agrex, Inc. (Western)",Grain,NE - 8,Superior,NE,68978,,"2,800,000 bus up"
The Scoular Company,Grain,NE-23,Venango,NE,69168,,"2,400,000 bus up"
"Ag Processing, Inc.",Specialty Mills,"North Commercial, Box 85",Eagle Grove,IA,50533,,
Archer Daniels Midland Co.,Grain,"North Prairie St., P.O. Box 39",Lacon,IL,61540,,"189,718 bus up."
Ardent Mills,Flour mills,One B Riverside Lane,Chattanooga,TN,37406,,"18,000 cwts."
"Cargill, Incorporated",Specialty Mills,One Cargill Dr.,Eddyville,IA,52553,,
Archer Daniels Midland Co.,Grain,One E. Grand Ave. St.,Louis,MO,63147,,"1,573,000 bus up."
Grain Millers Canada Corp.,Specialty Mills,"One Grain Millers Dr., P.O. Box 5040",Yorkton,SK,S3N 3Z4,,
Grain Millers Canada Corp.,Specialty Mills,"One Grain Millers Dr., P.O. Box 5040",Yorkton,SK,S3N 3Z4,,
Grain Millers Canada Corp.,Specialty Mills,"One Grain Millers Dr., P.O. Box 5040",Yorkton,SK,S3N 3Z4,,"80,000 cwts."
Adm Milling Co.,Mix Plants,"One King St., P.O. Box 310 Port",Colborne,ON,L3K 4E6,,
The Birkett Mills,Specialty Mills,"One Main St., P.O. Box 440",Penn Yan,NY,14527,,
The Birkett Mills,Specialty Mills,"One Main St., P.O. Box 440",Penn Yan,NY,14527,,
Archer Daniels Midland Co.,Grain,One N. Halstead,Hutchinson,KS,67501,,"18,307,000 bus up"
Edwards Mill & General Store,Flour mills,One Opportunity Ave.,College of the Ozarks Point Lookout,MO,65726,,
Edwards Mill & General Store,Specialty Mills,One Opportunity Ave.,College of the Ozarks Point Lookout,MO,65726,,
Edwards Mill & General Store,Mix Plants,"One Opportunity Ave., College of the Ozarks",Point Lookout,MO,65726,,
Dakota Growers Pasta Co.,Specialty Mills,One Pasta Ave.,Carrington,ND,58421,,"17,000 cwts."
"Mid-Columbia Producers, Inc.",Grain,One Port Island,Arlington,OR,97812,,"769,000 bus up."
The Mennel Milling Co.,Specialty Mills,One W. Front St.,Logan,OH,43138,,
Consolidated Grain & Barge Co.,Grain,P.O. Box 10,Utica,IL,61373,,"3,571,000 bus up"
"Cargill, Incorporated",Grain,P.O. Box 1018,South Sioux City,NE,68776,,"1,506,000 bus up."
"Columbia Grain International, Llc",Grain,P.O. Box 108,Grafton,ND,58237,,"700,000 bus up"
"Riceland Foods, Inc.",Grain,P.O. Box 113,Poplar Bluff,MO,63901,,"2,475,000 bus up."
Ursa Farmers Coop,Grain,P.O. Box 118,Warsaw,IL,62379,,"2,194,000 bus up."
"Producers Rice Mill, Inc.",Specialty Mills,P.O. Box 1248,Stuttgart,AR,72160,,
"Riceland Foods, Inc.",Specialty Mills,P.O. Box 128,New Madrid,MO,63869,,"7,700,000 cwts"
Consolidated Grain & Barge Co.,Grain,P.O. Box 1293,Princeton,IN,47670,,"1,531,000 bus up"
"Riceland Foods, Inc.",Grain,P.O. Box 130,Waldenburg,AR,72475,,
"Riceland Foods, Inc.",Grain,P.O. Box 130,Weiner,AR,72479,,"3,212,000 bus up."
"Riceland Foods, Inc.",Specialty Mills,P.O. Box 130,Waldenburg,AR,72475,,"5,400,000 cwts."
Agtegra Cooperative,Grain,P.O. Box 138,Roscoe,SD,57471,,"1,600,000 bus up"
Adm Corn Processing,Specialty Mills,P.O. Box 1470,Decatur,IL,62525,,
Agstate,Grain,P.O. Box 154,Hartley,IA,51346,,"3,944,000 bus up; 4,354,000 bus fl."
Ardent Mills,Flour mills,"P.O. Box 193, Rte. 611",Martins Creek,PA,18063,,"16,500 cwts"
"Premier Cooperative, Inc.",Grain,P.O. Box 200,Ivesdale,IL,61851,,"3,250,000 bus up."
Consolidated Grain & Barge Co. (Inola Catoosa),Grain,P.O. Box 219,Inola (Catoosa),OK,74036,,"1,840,000 bus up."
Agstate,Grain,P.O. Box 220,Fonda,IA,50540,,"1,688,000 bus up; 1,932,000 bus fl."
"Pomeroy Grain Growers, Inc.",Grain,P.O. Box 220,Pomeroy,WA,99347,,"2,647,000 bus up"
"Lakeside Mills, Inc.",Flour mills,P.O. Box 230,Rutherfordton,NC,28139,,
"Lakeside Mills, Inc.",Specialty Mills,P.O. Box 230,Rutherfordton,NC,28139,,"12,000 bus."
"Lakeside Mills, Inc.",Mix Plants,P.O. Box 230,Rutherfordton,NC,28139,,
"Cargill, Incorporated",Grain,P.O. Box 263,Emery,SD,57332,,"1,416,000 bus up."
Star Of The West Milling Co.,Grain,P.O. Box 31,Ligonier,IN,46767,,"1,955,000 bus up"
Star Of The West Milling Co.,Flour mills,P.O. Box 31,Ligonier,IN,46767,,"8,100 cwts"
"Northwest Grain Growers, Inc.",Grain,P.O. Box 310,Walla Walla,WA,99362,,"2,256,000 bus up"
"Riceland Foods, Inc.",Grain,P.O. Box 335,Weiner,AR,72479,,"5,533,000 bus up."
Jersey County Grain Co.,Grain,P.O. Box 336,Hardin,IL,62047,,"683,000 bus up; 125,000 bus fl."
Agstate,Grain,P.O. Box 399,Alton,IA,51003,,"3,345,000 bus up; 3,675,000."
"Cargill, Incorporated",Grain,P.O. Box 410,Seneca,IL,61360,,"1,594,000 bus up."
"House-Autry Mills, Inc.",Specialty Mills,P.O. Box 460,Four Oaks,NC,27524,,
"House-Autry Mills, Inc.",Mix Plants,P.O. Box 460,Four Oaks,NC,27524,,
Richardson Milling Ltd.,Specialty Mills,P.O. Box 520,Portage La Prairie,MB,R1N 3W1,,"7,400 cwts"
Richardson Milling Ltd.,Specialty Mills,P.O. Box 520,Portage La Prairie,MB,R1N 3W1,,
"Perdue Agribusiness Grain, Llc",Grain,P.O. Box 539,Washington,IN,47501,,"860,000 bus up"
"Producers Rice Mill, Inc.",Grain,P.O. Box 566,Wynne,AR,72396,,"4,149,000 bus up; 1,203,000 bus fl."
"Producers Rice Mill, Inc.",Grain,P.O. Box 6,Wilmot,AR,71676,,"1,379,000 bus up."
"Highline Grain Growers, Inc.",Grain,P.O. Box 649,Waterville,WA,98858,,"2,100,000 bus up"
"Hopkinsville Elevator Co., Inc.",Grain,P.O. Box 669,Guthrie,KY,42234,,"2,224,000 bus up"
"Perdue Agribusiness Grain, Llc (Grain & Oilseed)",Grain,P.O. Box 7,Plymouth,NC,27962,,"1,200,000 bus up"
Archer Daniels Midland Co.,Grain,P.O. Box 734,Ottawa,IL,61350,,"988,000 bus up; 330,000 bus fl."
"Hopkinsville Elevator Co., Inc.",Grain,P.O. Box 767,Hopkinsville,KY,42241,,"1,729,000 bus up."
Essential Eating Sprouted Flours,Flour mills,P.O. Box 771,Waverly,PA,18471,,100 cwts
Essential Eating Sprouted Flours,Specialty Mills,P.O. Box 771,Waverly,PA,18471,,
Essential Eating Sprouted Flours,Specialty Mills,P.O. Box 771,Waverly,PA,18471,,
Essential Eating Sprouted Flours,Specialty Mills,P.O. Box 771,Waverly,PA,18471,,
Essential Eating Sprouted Flours,Mix Plants,P.O. Box 771,Waverly,PA,18471,,
Consolidated Grain & Barge Co.,Grain,P.O. Box 790,Wagoner,OK,74477,,"1,009,000 bus up."
Consolidated Grain & Barge Co.,Grain,P.O. Box 849,Caruthersville,MO,63830,,"850,000 bus up."
"Northwest Grain Growers, Inc.",Grain,P.O. Box 90,Dayton,WA,99328,,"4,124,000 bus up"
"Ag Processing, Inc.",Specialty Mills,P.O. Box 98,Emmetsburg,IA,50536,,
Archer Daniels Midland Co.,Grain,R.R. #1,Shobonier,IL,62885,,"888,812 bus up; 321,000 bus fl."
"Ray-Carroll County Grain Growers, Inc.",Grain,"R.R. 2, Box 4A",Slater,MO,65349,,"6,866,000 bus up."
"Bunge-Scf Grain, Llc",Grain,"R.R. 5, Box 328, Coal Mine Rd.",McLeansboro,IL,62859,,"4,482,000 bus up."
Consolidated Grain & Barge Co.,Grain,"Rte. 2, 703 First St.",Clayton,IA,52049,,"476,000 bus up; 12,567,000 bus fl."
Archer Daniels Midland Co.,Grain,"Rte. 2, Box 194",Beardstown,IL,62618,,"701,476 bus up; 3,200,000 bus fl."
Archer Daniels Midland Co.,Grain,"Rte. 26, P.O. Box 260",Hennepin,IL,61327,,"500,000 bus up."
Ardent Mills,Grain,"Rte. 611, P.O. Box 193",Martins Creek,PA,18063,,"3,910,000 bus up."
Ardent Mills,Specialty Mills,"Rte. 611, P.O. Box 193",Martins Creek,PA,18063,,
Archer Daniels Midland Co.,Grain,"Rte. 89 S., P.O. Box 212",Spring Valley,IL,,,"113,271 bus up."
"Cargill, Incorporated",Grain,"Rte. 89 S., P.O. Box 232",Spring Valley,IL,,,"1,433,000 bus up."
"Cargill, Incorporated",Grain,"Rte. 89 S., P.O. Box 232",Spring Valley,IL,,,"102,000 bus up."
"Cargill, Incorporated",Grain,"Santa Fe Trail, P.O. Box 517",Kerrick,TX,79051,,"1,464,000 bus up"
Tyson Foods Local Grain Services,Grain,Seven Tyson Dr.,Humboldt,TN,38343,,"3,000,000 bus up"
Adm Milling Co.,Grain,"Spangler Rd., P.O. Box 3100",Camp Hill,PA,17011,,"1,000,000 bus up."
Adm Milling Co.,Flour mills,"Spangler Rd., P.O. Box 3100",Camp Hill,PA,17011,,"12,500 cwts"
Consolidated Grain & Barge Co.,Grain,Three Cargill Elevator Rd.,Cahokia,IL,62206,,"899,000 bus up; 1,081,000 bus fl."
Adm Milling Co.,Grain,V47M+34 Buffalo,New York,NY,,,"5,000,000 bus up."
United Cooperative,Grain,W. 13136 County Rd.,KK Ripon,WI,54971,,"1,442,000 bus up"
Archer Daniels Midland Co.,Grain,"W. Hwy. 60, County Rd. 1 P.O. Box 1946",Hereford,TX,79045,,"1,000,000 bus up"
"Riceland Foods, Inc.",Grain,WF3X+WM Mitchellville,Arkansas,AR,,,"3,675,000 bus up."
"Northwest Grain Growers, Inc.",Grain,XMG5+48 Milton-Freewater,Oregon,OR,,,"2,220,000 bus up."
"Premier Cooperative, Inc.",Grain,One S. Calhoun ,Tolono,IL,61880,,"1,811,000 bus up."
"Farmers Grain Terminal, Inc. Hwy. 568, P.O. Box 398",Grain,,Waterproof,LA,71375,,"2,584,000 bus up."
Consolidated Grain & Barge Co.,Grain,Mhoon Landing Parkway ,Tunica,MS,38676,,"609,000 bus up."
"Columbia Grain International, Llc",Grain,,Choteau,MT,59422,,"459,000 bus up."
Ardent Mills,Grain,,,PR,,"18.43256635651203, -66.11170998134057","3,000,000 bus up."
"General Mills, Inc.",Grain,St. Louis Bay ,Superior,WI,,,"13,573,000 bus up"
Ardent Mills,Flour mills,,,PR,,"18.43256635651203, -66.11170998134057","10,000 cwts."
Adm Milling Co.,Flour mills,Seven Higgins Ave. ,Winnipeg,MB,,,"3,200 cwts"
Ardent Mills,Specialty Mills,,,PR,,"18.43256635651203, -66.11170998134057","7,000 bus."
Ardent Mills,Specialty Mills,,,PR,,"18.43256635651203, -66.11170998134057","6,000 cwts"
ADM Red Wing,,,,,,,